OperatorControlNumber,DifficultyDate,SubmissionDate,OperatorDesignator,SubmitterDesignator,SubmitterTypeCode,ReceivingRegionCode,ReceivingDistrictOffice,SDRType,JASCCode,NatureOfConditionA,NatureOfConditionB,NatureOfConditionC,PrecautionaryProcedureA,PrecautionaryProcedureB,PrecautionaryProcedureC,PrecautionaryProcedureD,StageOfOperationCode,HowDiscoveredCode,RegistryNNumber,AircraftMake,AircraftModel,AircraftSerialNumber,AircraftTotalTime,AircraftTotalCycles,EngineMake,EngineModel,EngineSerialNumber,EngineTotalTime,EngineTotalCycles,PropellerMake,PropellerModel,PropellerSerialNumber,PropellerTotalTime,PropellerTotalCycles,PartMake,PartName,PartNumber,PartSerialNumber,PartCondition,PartLocation,PartTotalTime,PartTotalCycles,PartTimeSince,PartSinceCode,ComponentMake,ComponentModel,ComponentName,ComponentPartNumber,ComponentSerialNumber,ComponentLocation,ComponentTotalTime,ComponentTotalCycles,ComponentTimeSince,ComponentSinceCode,FuselageStationFrom,FuselageStationTo,StringerFrom,StringerFromSide,StringerTo,StringerToSide,WingStationFrom,WingStationFromSide,WingStationTo,WingStationToSide,ButtLineFrom,ButtLineFromSide,ButtlineTo,ButtlineToSide,WaterLineFrom,WaterLineTo,CrackLength,NumberOfCracks,CorrosionLevel,StructuralOther,Discrepancy,match_key,match_field,wo_part_number,sdr_year
ASAA2023010441414,2023-01-04,2023-01-05T17:58:35.257-05:00,ASAA,ASAA,A,NM,02,A,3610,O,,,K,,,,IN,O,461AS,BOEING,737990ER,36363,32903,10299,,,,,,,,,,,,CONTROL VALVE,632921461,7361,INOPERATIVE,#1 ENGINE,12236,3586,12236,R,,,,,,,,,,,,,,,,,,,,,,,,,,,,,,,#1 ENGINE PRECOOLER CONTROL VALVE INOP. GROUNDED - YES. REPLACED #1 ENG PRECOOLER CONTROL VALVE LEAK/OPS CHECK GOOD REF B737-900 AMM 36-12-02-400-801.,632921461,PartNumber,63292146-1,2023
ASAA2023010441413,2023-01-04,2023-01-05T17:58:35.160-05:00,ASAA,ASAA,A,NM,02,A,3610,O,,,K,,,,IN,O,461AS,BOEING,737990ER,36363,32903,10299,,,,,,,,,,,,REGULATOR,1074847,17101,INOPERATIVE,#1 ENGINE,23259,7420,2807,R,,,,,,,,,,,,,,,,,,,,,,,,,,,,,,,#1 ENG HIGH STAGE REGULATOR INOP. GROUNDED - YES. REPLACED #1 ENG HIGH STAGE REGULATOR LEAK/OPS CHECK GOOD REF B737-900 AMM 36-11-07-400-801.,1074847,PartNumber,107484-7,2023
ASAA2023010441412,2023-01-04,2023-01-05T17:58:35.050-05:00,ASAA,ASAA,A,NM,02,A,3610,O,,,K,,,,IN,O,461AS,BOEING,737990ER,36363,32903,10299,,,,,,,,,,,,CONTROL VALVE,632921461,7656,INOPERATIVE,#2 ENGINE,11569,3389,11569,R,,,,,,,,,,,,,,,,,,,,,,,,,,,,,,,#2 ENG. PRECOOLER CONTROL VALVE INOP. GROUNDED - YES. REPLACED #2 ENG. PRECOOLER CONTROL VALVE. LEAK/OPS CHECK OK. REF. B737-900 AMM 36-12-02-400-801.,632921461,PartNumber,63292146-1,2023
ASAA2023010441411,2023-01-04,2023-01-05T17:58:34.950-05:00,ASAA,ASAA,A,NM,02,A,3610,O,,,K,,,,IN,O,461AS,BOEING,737990ER,36363,32903,10299,,,,,,,,,,,,REGULATOR,1074847,9907,INOPERATIVE,#2 ENGINE,51719,15453,5129,R,,,,,,,,,,,,,,,,,,,,,,,,,,,,,,,#2 ENG. HIGH STAGE REGULATOR INOP. GROUNDED - YES. REPLACED #2 ENG. HIGH STAGE REGULATOR. OPS/LEAK CHECK OK. REF. B737-900 AMM 36-11-07-400-801.,1074847,PartNumber,107484-7,2023
ASAA2023010341384,2023-01-03,2023-01-04T18:23:19.770-05:00,ASAA,ASAA,A,NM,02,A,3610,J,,,O,,,,NR,9,453AS,BOEING,737990ER,36354,33832,10653,,,,,,,,,,,,REGULATOR,1074847,9295,INOPERATIVE,NR 1 ENGINE,53187,17117,12823,R,,,,,,,,,,,,,,,,,,,,,,,,,,,,,,,"#1 ENG HIGH STAGE REGULATOR INOP. GROUNDED - YES. REPLACED #1 ENG HIGH STAGE REGULATOR , OPS LEAK CHECK OK. REF B737-900 AMM 36-11-07-400-801.",1074847,PartNumber,107484-7,2023
AALA202301069220,2023-01-05,2023-01-06T15:32:26.657-05:00,AALA,AALA,A,SW,23,A,2530,B,,,O,,,,NR,O,341RW,BOEING,737823,44464,6212,2320,,,,,,,,,,,,OVEN,820111000001,,SMOKE,FWD GALLEY,,,,,,,,,,,,,,,,,,,,,,,,,,,,,,,,,,,AIRCRAFT WAS NOT GROUNDED: NUMBER 1 OVEN IN FORWARD GALLEY MISSING BACK FAN COVER AND SMOKES EXCESSIVELY WHEN TURNED ON. REPLACED NUMBER 1 OVEN IAW AMM 25-32-03.,820111000001,PartNumber,8201-11-0000-01,2023
AALA202301208187,2023-01-17,2023-01-20T10:28:44.657-05:00,AALA,AALA,A,SW,23,A,2530,B,,,K,,,,CR,O,820AW,AIRBUS,A319132,1397,67495,30848,,,,,,,,,,,,OVEN,820111000001,,ODOR,ZONE 900 - LAV/G,,,,,,,,,,,,,,,,,,,,,,,,,,,,,,,,,,,AIRCRAFT WAS GROUNDED: ONE HOUR INTO THE FLIGHT A SLIGHT ACRID SMELL IN FLIGHT DECK AT FL370. MAINTENANCE ISOLATED THE SOURCE OF THE ODOR TO THE FORWARD GALLEY OVENS. REPLACED THE FORWARD GALLEY #1 OVEN (AALA202301201664) AND #2 OVEN (AALA202301208187) PER AMM 25-35-19. A SATISFACTORY OPERATIONAL CHECK WAS ACCOMPLISHED.,820111000001,PartNumber,8201-11-0000-01,2023
AALA202301201664,2023-01-17,2023-01-20T10:28:44.363-05:00,AALA,AALA,A,SW,23,A,2530,B,,,K,,,,CR,O,820AW,AIRBUS,A319132,1397,67495,30848,,,,,,,,,,,,OVEN,820111000001,,ODOR,ZONE 900 - LAV/G,,,,,,,,,,,,,,,,,,,,,,,,,,,,,,,,,,,AIRCRAFT WAS GROUNDED: ONE HOUR INTO THE FLIGHT A SLIGHT ACRID SMELL IN FLIGHT DECK AT FL370. MAINTENANCE ISOLATED THE SOURCE OF THE ODOR TO THE FORWARD GALLEY OVENS. REPLACED THE FORWARD GALLEY #1 OVEN (AALA202301201664) AND #2 OVEN (AALA202301208187) PER AMM 25-35-19. A SATISFACTORY OPERATIONAL CHECK WAS ACCOMPLISHED.,820111000001,PartNumber,8201-11-0000-01,2023
ASAA2023010941472,2023-01-09,2023-01-10T18:23:49.643-05:00,ASAA,ASAA,A,NM,02,A,7500,J,,,O,,,,CL,O,413AS,BOEING,737990ER,35205,36479,11495,CFMINT,CFM567B27E,,,,,,,,,,SENSOR,1296663,12721,FAULTED,NR 2 PRECOOLER,48903,18576,9077,R,,,,,,,,,,,,,,,,,,,,,,,,,,,,,,,"NUMBER 2 BLEED TRIP OFF ILLUMINATED AFTER TAKE OFF. FOLLOWED QRH GUIDANCE AND ATTEMPTED A TRIP RESET. BLEED TRIP OFF LIGHT EXTINGUISHED, BUT RE-ILLUMINATED AFTER A FEW SECOND. GROUNDED - YES. REMOVED AND REPLACED PRECOOLER CONTROL VALVE SENSOR & OVER TEMPERATURE SWITCH REF. B737-900 AMM 36-11-08, 36-12-03.",1296663,PartNumber,129666-3,2023
ASAA2023011731535,2023-01-13,2023-01-17T18:00:29.860-05:00,ASAA,ASAA,A,NM,02,A,7220,O,,,K,,,,IN,U,565AS,BOEING,737890,35181,58893,17523,CFMINT,CFM567B27,,,,,,,,,,BLADE,3400010260,DD870147K,DAMAGED,NR 1 ENGINE FAN,19321,15218,19321,R,,,,,,,,,,,,,,,,,,,,,,,,,,,,,,,"WHILE ACCOMPLISHING ASA TASK CARD SBCFM56-7B-72-1033-1, ENGINE #1, S/N 895978, FOUND FAN BLADES AT POSITION #2 AND #17 FAILED ULTRASONIC (UTI) INSPECTION PER ASA SUPPLEMENT 72-21-02, FOR CONVEX (CV) BLADE ROOTS WITH BLADE #2 INDICATION OF 36% 4.3"" FROM THE LEADING EDGE AND BLADE #17 INDICATION OF 30% 4.7"" FROM THE LEADING EDGE. GROUNDED - YES. REMOVED AND REPLACED FAN BLADES #2 AND #17 PER ASA TASK CARD 78472010 AND FAN BLADE #14 AS OPPOSITE PAIR PER TASK CARD 78472010. RESET THE AVVEM BALANCE TO NOMINAL. ALL LOCATIONS P14. FAN BLADES REMAPPED.",3400010260,PartNumber,340-001-026-0,2023
ASAA2023011541539,2023-01-15,2023-01-17T18:00:30.363-05:00,ASAA,ASAA,A,NM,02,A,7220,O,,,K,,,,IN,V,492AS,BOEING,737990ER,44110,26354,8288,CFMINT,CFM567B27E,,,,,,,,,,BLADE,3400010360,DM122323M,WORN,NR 1 ENGINE,26370,8295,26370,R,,,,,,,,,,,,,,,,,,,,,,,,,,,,,,,#1 ENGINE #1 FAN BLADE HAS CU-NI-IN COATING DAMAGE PN: 340-001-036-0 S/N DM122323-M WEIGHT: 212890. GROUNDED - YES. ENGINE #1 REPLACED #1 FAN BLADE ALONG WITH #13 FAN BLADE IN PAIR. BLADES REPLACED IN REF B737-900 AMM TASK 72-21-02-000-802-F00. WHILE ACCOMPLISHING TASK FOUND #1 FAN BLADE SHIM WORN. REPLACED WITH NEW PART. #1 AND #13 FAN BLADES RESULTANT IS LOWER THAN 78 G IN. (200 CM. G).,3400010360,PartNumber,340-001-036-0,2023
ASAA2023011741553,2023-01-17,2023-01-18T17:51:13.777-05:00,ASAA,ASAA,A,NM,02,A,7532,O,,,K,,,,IN,9,478AS,BOEING,737990ER,44105,27851,8810,CFMINT,CFM567B27E,,,,,,,,,,BLEED VALVE,1074847,14562,FAULTED,NR 1 ENGINE,31721,10024,13175,R,,,,,,,,,,,,,,,,,,,,,,,,,,,,,,,WHILE WORKING T/C N8436001 FOUND #1 ENG HIGH STAGE REGULATOR DEFECTIVE FAILED DURING SUBTASK 839-415. REVERSE FLOW TEST. GROUNDED - YES. REMOVED AND REPLACED THE #1 ENG HIGH STAGE REGULATOR REF B737-900 AMM 36-11-07. LEAK CHECK GOOD PER AMM 36-11-07 AND 36-11-00-710-801.,1074847,PartNumber,107484-7,2023
ASAA2023011741554,2023-01-17,2023-01-18T17:51:13.917-05:00,ASAA,ASAA,A,NM,02,A,7532,O,,,K,,,,IN,9,478AS,BOEING,737990ER,44105,27851,8810,CFMINT,CFM567B27E,,,,,,,,,,BLEED VALVE,1074926,17496,FAULTED,NR 1 ENGINE,27851,8810,27851,R,,,,,,,,,,,,,,,,,,,,,,,,,,,,,,,"WHILE WORKING T/C N84360001, FOUND #1 ENG BLEED AIR REGULATOR DEFECTIVE. FAILED DURING SUBTASK 836-201. OVER PRESSURE SWITCH TEST. GROUNDED - YES. REMOVED AND REPLACED THE #1 ENG BLEED AIR REGULATOR REF B737-900 AMM 36-11-03. LEAK CHECK OF THE #1 ENG BLEED AIR REG PER AMM 36-11-03 AND 36-11-00-710-801 GOOD.",1074926,PartNumber,107492-6,2023
ASAA2023011741555,2023-01-17,2023-01-18T17:51:14.017-05:00,ASAA,ASAA,A,NM,02,A,7220,O,,,K,,,,IN,V,492AS,BOEING,737990ER,44110,26374,8296,CFMINT,CFM567B27E,,,,,,,,,,PLATFORM,3400018160,,DAMAGED,NR 1 ENGIEN FAN,,,,,,,,,,,,,,,,,,,,,,,,,,,,,,,,,,,ENG #1 BLADE #24 PLATFORM DAMAGED. GROUNDED - YES. REMOVED AND REPLACED # 24 BLADE PLATFORM ON ENG #1 REF B737-900 AMM 72-21-02-000-801-FOO AND AMM 72-21-02-400-801-FOO.,3400018160,PartNumber,340-001-816-0,2023
ASAA2023011641556,2023-01-16,2023-01-18T17:51:14.127-05:00,ASAA,ASAA,A,NM,02,A,3030,J,,,O,,,,TX,O,563AS,BOEING,737890,35180,58321,17168,,,,,,,,,,,,PITOT HEAD,0851HT1,,FAULTED,VERTICAL STAB,,,,,,,,,,,,,,,,,,,,,,,,,,,,,,,,,,,L ELEV PITOT CAUTION ILLUMINATED AFTER #2 ENGINE START. GROUNDED - YES. REPLACED L ELEVATOR PITOT TUBE. OPS NORMAL REF B737-800 AMM 27-31-94. SYSTEM LEAK TEST GOOD REF AMM 27-31-17.,0851HT1,PartNumber,0851HT1,2023
ASAA2023011981563,2023-01-18,2023-01-19T18:28:31.520-05:00,ASAA,ASAA,A,NM,02,A,3030,J,,,O,,,,TX,O,949AK,BOEING,7379,43356,870,251,,,,,,,,,,,,HEATER,0851HT1,,INOPERATIVE,RT PITOT PROBE,,,,,,,,,,,,,,,,,,,,,,,,,,,,,,,,,,,"AFTER ENGINE START, CAPT PITOT LIGHT ILLUMINATED AND REMAINED ON. GROUNDED - YES. REPLACED CAPT'S PITOT TUBE REF B737-9 AMM 34-11-06, OPS CHECK GOOD, LEAK CHECK GOOD REF AMM 34-11-02.",0851HT1,PartNumber,0851HT1,2023
ASAA2023012081571,2023-01-18,2023-01-20T19:21:42.013-05:00,ASAA,ASAA,A,NM,02,A,3610,J,,,K,,,,CL,V,409AS,BOEING,737990ER,41733,35992,11486,,,,,,,,,,,,REGULATOR,1074847,10534,LEAKING,NR 1 ENGINE,49795,14999,1763,R,,,,,,,,,,,,,,,,,,,,,,,,,,,,,,,"DURING CLIMBOUT, RIGHT DUCT PRESS WAS SPIKING 10 TO 15 PSI ABOVE LEFT DUCT PRESSURE. DURING DESCENT, LEFT DUCT PRESSURE 10 PSI, RIGHT DUCT PRESSURE 30 PSI. GROUNDED - YES. REMOVED AND REPLACED HSR VALVE PER B737-900 AMM 36-11-07-000-801 & 36-11-07400-801. ACCOMPLISHED ENG BLEED AIR CROSSOVER OPERATIONAL TEST REF AMM 36-11-00-710-801 DUCT PRESSURES WITHIN LIMITS.",1074847,PartNumber,107484-7,2023
ASAA2023012041602,2023-01-20,2023-01-23T18:57:23.103-05:00,ASAA,ASAA,A,NM,02,A,7532,J,,,A,,,,CR,V,253AK,BOEING,737990ER,36348,23131,7638,CFMINT,CFM567B27E,,,,,,,,,,BLEED VALVE,1074926,16292,FAILED,#2 ENGINE,15708,1668,15708,R,,,,,,,,,,,,,,,,,,,,,,,,,,,,,,,"30 MIN INTO FLIGHT AT 340 FELT AND HEARD PRESSURIZATION ""PULSING"". OBSERVED DUCT PRESS ON RIGHT DUCT PULSE BETWEEN 8 AND 25 PSI SPLIT FROM LEFT SIDE. CABIN VS WOULD RANGE +/- 500 FPM CONTINUE FOR ENTIRE FLIGHT 2+ HOURS. AT LOWER ALTITUDE SPLIT IN DUCT PRESSURE INCREASE TO 35. GROUNDED - YES. DIVERSION -- REPLACED BLEED AIR REGULATOR IN REF TO B737-900 AMM 36-11-03. COMPLETED ASA T/C NG-36WC-00001 PERFORMED ENGINE BLEED AIR CROSSOVER OPERATION TEST OPS CHECK GOOD IN REF TO AMM 36-11-00.",1074926,PartNumber,107492-6,2023
ASAA2023012541665,2023-01-25,2023-01-26T19:34:50.317-05:00,ASAA,ASAA,A,NM,02,A,7220,O,,,K,,,,IN,V,461AS,BOEING,737990ER,36363,33140,10372,CFMINT,CFM567B27E,,,,,,,,,,BLADE,3400010360,DM091600,WORN,NR 2 ENG FAN,30814,10833,30814,R,,,,,,,,,,,,,,,,,,,,,,,,,,,,,,,"PER ASA T/C 78472010, #2 ENG FAN BLADELUBE, FAN BLADE #6 CUNI-IN COATING MISSING BEYOND LIMIT CC SIDE. GROUNDED - YES. REPLACED #6 ABD #18 FAN BLADES AS A PAIR REF ASA TASK CARD 78472010. COMPLETED VIBRATION SURVEY PER ASA T/C 7847210.",3400010360,PartNumber,340-001-036-0,2023
ASAA2023012641684,2023-01-26,2023-01-30T22:51:24.557-05:00,ASAA,ASAA,A,NM,02,A,7532,J,,,O,,,,TX,O,433AS,BOEING,737990ER,41704,34249,10831,CFMINT,CFM567B27E,,,,,,,,,,BLEED VALVE,32022221,15301,INOPERATIVE,NR 1 ENGINE,32431,10243,32431,R,,,,,,,,,,,,,,,,,,,,,,,,,,,,,,,WHILE ATTEMPTING TO START ENGINE #2 (CROSSBLEED START) WITH DUCT PRESSURE ABOVE 30+ PSI THE START FAILED. EGT FLASHING WHITE BOX. PER PDX LINE MX DIRECTION SWITCH IGN TO LEFT AND ATTEMPTED A SECOND START WITH MORE N1. THAT START ALSO FAILED. GROUNDED - YES. ACCOMPLISHED TSR713743 FOR #2 ENGINE HUNG START. 3 SUCCESSFUL CROSSBLEED STARTS ON #2 ENGINE PER MM 71-00-00. REMOVED AND REPLACED BLEED AIR CHECK VALVE ON #2 ENGINE PER B737-900 AMM 36-11-02. LEAK CHECKED GOOD. #1 ENG 5TH STAGE BLEED AIR CHECK VALVE FAILED INSP CHECK. REMOVED AND REPLACED #1 ENG 5TH STAGE BLEED AIR CHECK VALVE PER MM 36-11-02. 15732 FOUND #1 ENG PRSOV LEAKING. OPENED 2EA CB'S REMOVED AND REPLACED #1 ENG PRSOV. CLOSED 2EA CB'S AND REMOVED TAGS. LEAK AND OPS CK GOOD REF MM 36-11-04. NO FAULTS NOTED.,32022221,PartNumber,3202222-1,2023
AALA202302012675,2023-01-28,2023-02-01T15:46:45.253-05:00,AALA,AALA,A,SW,23,A,3620,J,,,A,D,,,CL,V,927NN,BOEING,737823,31171,28772,12224,,,,,,,,,,,HONEYWELL,REGULATOR,1074926,15132,ABNORMAL,ZONE 400 - NAC/P,,,,,,,,,,,,,,,,,,,,,,,,,,,,,,,,,,,"AIRCRAFT WAS GROUNDED: LEFT ENGINE DUCT PRESSURE INDICATES 0 ON CLIMB AND CRUISE. FLIGHT ATTENDANT REPORT NO AIRFLOW IN CABIN. FLIGHT AIR INTERRUPTED BACK TO MIA. NO EMERGENCY DECLARED. REMOVED AND REPLACED PRESSURE REGULATING SHUT OFF VALVE (AALA202302015650) IAW AMM 36-11-03,REMOVED AND REPLACED PRE-COOLER VALVE (AALA202302018831) IAW AMM 36-12-02. REMOVED AND REPLACED HIGH PRESSURE REGULATOR (AALA202302012675).",1074926,PartNumber,107492-6,2023
AALA202302015650,2023-01-28,2023-02-01T15:46:45.717-05:00,AALA,AALA,A,SW,23,A,3620,J,,,A,D,,,CL,V,927NN,BOEING,737823,31171,28772,12224,,,,,,,,,,,HONEYWELL,REGULATOR VALVE,632921461,10584,ABNORMAL,ZONE 400 - NAC/P,4926,2293,,,,,,,,,,,,,,,,,,,,,,,,,,,,,,,,,"AIRCRAFT WAS GROUNDED: LEFT ENGINE DUCT PRESSURE INDICATES 0 ON CLIMB AND CRUISE. FLIGHT ATTENDANT REPORT NO AIRFLOW IN CABIN. FLIGHT AIR INTERRUPTED BACK TO MIA. NO EMERGENCY DECLARED. REMOVED AND REPLACED PRESSURE REGULATING SHUT OFF VALVE (AALA202302015650) IAW AMM 36-11-03,REMOVED AND REPLACED PRE-COOLER VALVE (AALA202302018831) IAW AMM 36-12-02. REMOVED AND REPLACED HIGH PRESSURE REGULATOR (AALA202302012675).",632921461,PartNumber,63292146-1,2023
ASAA2023020141777,2023-02-01,2023-02-03T19:56:10.570-05:00,ASAA,ASAA,A,NM,02,A,3600,O,,,K,,,,IN,V,462AS,BOEING,737990ER,36362,32320,10225,,,,,,,,,,,,REGULATOR,1074847,5447,INOPERATIVE,#2 ENGINE,72946,26442,10531,R,,,,,,,,,,,,,,,,,,,,,,,,,,,,,,,DURING ASA T/C 1940834 #2 ENG HSR FOUND INOP. GROUNDED - YES. REMOVED AND REPLACED #2 ENG HSR REF B737-900 AMM 36-11-07.,1074847,PartNumber,107484-7,2023
ASAA2023020241778,2023-02-02,2023-02-03T19:56:12.670-05:00,ASAA,ASAA,A,NM,02,A,3600,O,,,K,,,,IN,V,462AS,BOEING,737990ER,36362,32336,10229,,,,,,,,,,,,REGULATOR,1074847,9117,INOPERATIVE,#1 ENGINE,51914,16315,17668,R,,,,,,,,,,,,,,,,,,,,,,,,,,,,,,,#1 ENG HSR FOUND INOP. GROUNDED - YES. REMOVED AND REPLACED #1 ENG HSR REF B737-900 AMM 36-11-07. OPS AND LEAK CHECK GOOD.,1074847,PartNumber,107484-7,2023
AALA202302063736,2023-02-02,2023-02-06T14:14:48.193-05:00,AALA,AALA,A,SW,23,A,2530,B,,,A,O,,,CL,O,148AN,AIRBUS,A300*,6790,22048,8511,,,,,,,,,,,,OVEN,820111000001,,ODOR,ZONE 900 - LAV/G,,,,,,,,,,,,,,,,,,,,,,,,,,,,,,,,,,,AIRCRAFT WAS GROUNDED: AN EMERGENCY WAS DECARED AND THE AIRCRAFT RETURNED TO SMF. SHORTLY AFTER TAKEOFF WE SMELLED A STRONG CHEMICAL FUMES SMELL. FLIGHT ATTENDANTS CONFIRMED ODOR WAS STRONG IN CABIN. RAN FUMES CHECKLIST AND OVERWEIGHT LANDING CHECKLIST. THE AIRCRAFT LANDED SAFELY AT SMF WITHOUT FURTHER INCIDENT. MAINTENANCE ACCOMPLISHED SMOKE/ODOR/FUMES TOUBLESHOOTING TASK CARD 26L00021001 AND FOUND NO EVIDENCE OF SMOKE/ODOR/FUMES. MAINTENANCE SUSPECTED THE FIRST CLASS #2 OVEN HAD A FOUL SMELL AND REPLACED IT PER AMM 25-35-01. A SATISFACTORY OPERATIONAL CHECK WAS ACCOMPLISHED.,820111000001,PartNumber,8201-11-0000-01,2023
ASAA2023020741869,2023-02-07,2023-02-09T17:58:33.377-05:00,ASAA,ASAA,A,NM,02,A,3030,J,,,A,,,,CR,V,558AS,BOEING,737890,35177,59346,17448,,,,,,,,,,,,PROBE,0851HT1,,INOPERATIVE,RIGHT FWD EXT FU,,,,,,,,,,,,,,,,,,,,,,,,,,,,,,,,,,,R ELEV PITOT LIGHT ILLUMINATED 40 MINUTES INFLIGHT. GROUNDED - YES. AIR TURNBACK - REMOVED AND REPLACED RH ELEVATOR PITOT TUBE REF B737-800 AMM 27-31-94. OPS CHECKED.,0851HT1,PartNumber,0851HT1,2023
ASAA2023020841875,2023-02-08,2023-02-09T17:58:34.127-05:00,ASAA,ASAA,A,NM,02,A,7220,O,,,K,,,,IN,V,468AS,BOEING,737990ER,41735,31799,10073,,,,,,,,,,,,BLADE,3400010360,DM079524T,WORN,#1 ENGINE,31799,10073,31799,R,,,,,,,,,,,,,,,,,,,,,,,,,,,,,,,"WHILE ACCOMPLISHING ASA T/C 78472010 FOUND BLADES 21, AND 22 HAVE CU-NI-IN COATING MISSING APRON MEASURING IT IS NOT WITHIN LIMITS BLADES NEED TO REPLACED. GROUNDED - YES. REMOVED & REPLACED BLADES 21 & 9 AS A PAIR IN REF WITH ASA T/C 78472010.",3400010360,PartNumber,340-001-036-0,2023
ASAA2023020841876,2023-02-08,2023-02-09T17:58:34.297-05:00,ASAA,ASAA,A,NM,02,A,7220,O,,,K,,,,IN,V,468AS,BOEING,737990ER,41735,31799,10073,,,,,,,,,,,,BLADE,3400010360,DM0793768,WORN,#1 ENGINE,31799,10073,31799,R,,,,,,,,,,,,,,,,,,,,,,,,,,,,,,,"WHILE ACCOMPLISHING ASA T/C 78472010 FOUND BLADES 21, AND 22 HAVE CU-NI-IN COATING MISSING UPON MEASURING IT IS NOT WITHIN LIMITS BLADES NEED TO REPLACED. GROUNDED - YES. REMOVED AND REPLACED BLADES 22 & 10 AS A PAIR IN REF WITH ASA T/C 78472010.",3400010360,PartNumber,340-001-036-0,2023
ASAA2023020841908,2023-02-08,2023-02-13T17:50:58.213-05:00,ASAA,ASAA,A,NM,02,A,3610,J,,,A,,,,CL,V,408AS,BOEING,737900ER,41732,37271,11799,,,,,,,,,,,,REGULATOR,1074847,12399,FAILED,#1 ENGINE,3187,973,3187,R,,,,,,,,,,,,,,,,,,,,,,,,,,,,,,,"""BLEED TRIP OFF"" ON DEPARTURE, CLIMBING THROUGH 12,000. RAN QRH PROCEDURE.""TRIP RESET "" DID NOT RESET. GROUNDED - YES. AIR TURNBACK -- REMOVED AND REPLACED PRSOV B737-900 AMM 36-12-02. REMOVED AND REPLACED HIGH STAGE REGULATOR AMM 36-11-07.",1074847,PartNumber,107484-7,2023
ASAA2023021241956,2023-02-12,2023-02-16T18:10:26.697-05:00,ASAA,ASAA,A,NM,02,A,3610,O,,,K,,,,IN,O,565AS,BOEING,737890,35181,59151,17622,,,,,,,,,,,,VALVE,32022221,5207,FAULTY,#1 ENGINE,7926,2320,7926,R,,,,,,,,,,,,,,,,,,,,,,,,,,,,,,,FOLLOW UP TO REPORTS OF #1 ENGINE HUNG START. CHECK OF THE #2 ENGINE 5TH STAGE CHECK VALVE. GROUNDED - YES. REPLACED 5TH STAGE CK VALVE PER B737-800 AMM 36-11-02/401 WITH ALL NEW CLAMPS AND E-SEALS.,32022221,PartNumber,3202222-1,2023
AALA202302201111,2023-02-17,2023-02-20T11:02:05.360-05:00,AALA,AALA,A,SW,23,A,2530,B,,,K,,,,UK,O,991NN,BOEING,737823,31242,19203,7938,,,,,,,,,,,,OVEN,820111000001,,ODOR,ZONE 900 - LAV/G,,,,,,,,,,,,,,,,,,,,,,,,,,,,,,,,,,,AIRCRAFT WAS NOT GROUNDED: GALLEY OVEN #1 IN FIRST CLASS EMITTING A BURNING ODOR. REMOVED AND REPLACED GALLEY OVEN #1 PER AMM 25-32-03. ACCOMPLISHED SATISFACTORY OPERATIONAL CHECK.,820111000001,PartNumber,8201-11-0000-01,2023
ASAA2023021641994,2023-02-16,2023-02-20T18:46:36.383-05:00,ASAA,ASAA,A,NM,02,A,3030,O,,,O,,,,NR,9,538AS,BOEING,737890,41188,38735,11332,,,,,,,,,,,,PITOT HEAD,0851HT1,,INOPERATIVE,R FWD FUSELAGE,,,,,,,,,,,,,,,,,,,,,,,,,,,,,,,,,,,"""F/O PITOT"" CAUTION LIGHT ILLUMINATED AFTER ENGINE START. GROUNDED - YES. REMOVED AND REPLACED F/O PITOT PROBE IAW B737-800 AMM 34-11-01. LEAK CHEAK AND HEAT CHECK GOOD IAW AMM 34-11-01.",0851HT1,PartNumber,0851HT1,2023
DALA2023022101279,2023-02-16,2023-02-21T14:01:45.653-05:00,DALA,DALA,A,SO,27,A,3350,O,,,K,,,,IN,O,871DN,BOEING,737900ER,31982,19701,7585,,,,,,,,,,,,LIGHT,9701140001,,DEFECTIVE,,,,,R,,,,,,,,,,,,,,,,,,,,,,,,,,,,,,,(LOG 9919160) DURING INSPECTION FOUND SEAT 19A OVERWING EXIT RED LIGHT ILLUMINATED. R/R LIGHT 10ABC AND PERFORMED PHASE II DATA LOAD. OPS CHK NML.,9701140001,PartNumber,9701-14-0001,2023
ASAA2023022142042,2023-02-21,2023-02-23T18:20:28.360-05:00,ASAA,ASAA,A,NM,02,A,3610,O,,,K,,,,IN,V,409AS,BOEING,737990ER,41733,36276,11576,,,,,,,,,,,,REGULATOR,1074847,5398,FAULTY,#1 ENGINE,74259,26279,1611,R,,,,,,,,,,,,,,,,,,,,,,,,,,,,,,,"WHILE PERFORMING INSTALLATION TEST OF MW0311 HARNESS, ""BLEED AIR REGULATOR OPERATIONAL TEST"", FOUND #1 ENGINE BLEED PSI WOULD NOT GO ABOVE 10 PSI. GROUNDED - YES. PERFORMED #1 ENGINE BLEED AIR SYSTEM HEALTH CHECK PER TASK CARD #NG-36WC-00001, FOUND HIGH STAGE REGULATOR AND HIGH STAGE VALVE FAILED, REMOVED AND REPLACED HSR AND HSV PER B737-900 AMM 36-11-07 AND 36-11-06, OPS CHECK GOOD, HEALTH CHECK SUCCESSFUL, LEAK CHECK GOOD, PER AMM 73-21-06-400-802-F00, PERFORMED PARAGRAPH 5.F (1)(C)2 TO END OF TASK CARD, OPS CHECK NORMAL, ALL PARAMETERS NORMAL.",1074847,PartNumber,107484-7,2023
ASAA2023022642101,2023-02-26,2023-02-28T18:02:15.907-05:00,ASAA,ASAA,A,NM,02,A,3610,O,,,K,,,,NR,V,403AS,BOEING,737900ER,41730,38307,12231,,,,,,,,,,,,REGULATOR,1074926,5130C,FAULTY,#2 ENGINE,67491,38010,3561,R,,,,,,,,,,,,,,,,,,,,,,,,,,,,,,,"FLT CREW REPORTS WITH ALL BLEED VLVS. (APU & #1 & #2 ENGS) R2 DUCT PRESSURE READS 20PSI ALL BLEEDS OFF. GROUNDED - YES. REMOVED AND REPLACED BLEED AIR REGULATOR REF B737-900 AMM 36-11-03 UP TO STEP 3.E.(6). PERFORM LEAK & OPS CHECK ON #2 ENGINE REF. B737-900 FIM 36-10 TASK 802 H. NO LEAK NOTED @ SENSE LINE, OPS CHECK GOOD.",1074926,PartNumber,107492-6,2023
ASAA2023030142141,2023-03-01,2023-03-03T17:36:58.020-05:00,ASAA,ASAA,A,NM,02,A,7220,O,,,K,,,,IN,V,537AS,BOEING,737890,35204,40991,11855,,,,,,,,,,,,BLADE,3400010260,DE9264056,NONE,#1 ENGINE,22861,8379,22861,R,,,,,,,,,,,,,,,,,,,,,,,,,,,,,,,#1 FAN BLADE FAILED INSPECTION DUE TO SHIM WEAR REF ASA T/C 78472010. GROUNDED - YES. REMOVED AND REPLACED BOTH #1 & #13 FAN BLADES REF ASA T/C 78472010.,3400010260,PartNumber,340-001-026-0,2023
AALA202303086372,2023-03-06,2023-03-08T10:51:49.250-05:00,AALA,AALA,A,SW,23,A,3411,J,,,A,,,,CL,V,982AN,BOEING,737823,31067,41221,16870,,,,,,,,,,,ROSEMOUNT,PITOT HEAD,0851HT1,,FAULTY,ZONE 200 - FUSE,,,,,,,,,,,,,,,,,,,,,,,,,,,,,,,,,,,"AIRCRAFT WAS GROUNDED: ON CLIMBOUT AT 12000 MSL, IAS DISAGREE FLAG SHOWED, ALSO ALTITUDE DISAGREE FLAGGED WITH ALTITUDE DIFFERENCE OF 400-500FT. FLIGHT DIVERTED TO SLC LANDING SAFELY. MAINTENANCE ACCOMPLISHED FIM TASK 31-62-00-810-876, FAULT ISOLATION FOR AIRSPEED DISAGREE. FIRST OFFICERÏ¿½S PITOT PROBE A26 REPLACED (AALA202303077654) AND ALTERNATE PITOT PROBE A25 REPLACED (AALA202303086372) PER AMM 34-11-01 DUE TO FAILED RESISTANCE CHECKS. ACCOMPLISHED SATISFACTORY OPERATIONAL AND LEAK CHECKS.",0851HT1,PartNumber,0851HT1,2023
AALA202303087654,2023-03-06,2023-03-08T10:51:49.603-05:00,AALA,AALA,A,SW,23,A,3411,J,,,A,,,,CL,V,982AN,BOEING,737823,31067,41221,16870,,,,,,,,,,,ROSEMOUNT,PITOT HEAD,0851HT1,,FAULTY,ZONE 200 - FUSE,,,,,,,,,,,,,,,,,,,,,,,,,,,,,,,,,,,"AIRCRAFT WAS GROUNDED: ON CLIMBOUT AT 12000 MSL, IAS DISAGREE FLAG SHOWED, ALSO ALTITUDE DISAGREE FLAGGED WITH ALTITUDE DIFFERENCE OF 400-500FT. FLIGHT DIVERTED TO SLC LANDING SAFELY. MAINTENANCE ACCOMPLISHED FIM TASK 31-62-00-810-876, FAULT ISOLATION FOR AIRSPEED DISAGREE. FIRST OFFICERÏ¿½S PITOT PROBE A26 REPLACED (AALA202303077654) AND ALTERNATE PITOT PROBE A25 REPLACED (AALA202303086372) PER AMM 34-11-01 DUE TO FAILED RESISTANCE CHECKS. ACCOMPLISHED SATISFACTORY OPERATIONAL AND LEAK CHECKS.",0851HT1,PartNumber,0851HT1,2023
ASAA2023030342309,2023-03-03,2023-03-13T17:24:45.990-05:00,ASAA,ASAA,A,NM,02,A,3600,O,,,K,,,,IN,V,409AS,BOEING,737990ER,41733,36308,11584,,,,,,,,,,,,REGULATOR,1074926,15230,FAILED,#2 ENGINE,36389,11608,36389,R,,,,,,,,,,,,,,,,,,,,,,,,,,,,,,,FOLLOW-UP TO REPORT OF #2(RH) BLEED PRESSURE ISSUE AND RIGHT BLEED AIR C/W FOUND OPEN. GROUNDED - YES. REMOVED AND REPLACED #2 BLEED AIR REGULATOR REF AMM 36-11-03/401.,1074926,PartNumber,107492-6,2023
ASAA2023031442350,2023-03-14,2023-03-15T17:30:37.770-05:00,ASAA,ASAA,A,NM,02,A,3610,J,,,K,,,,CL,V,579AS,BOEING,737890,35187,57729,16951,,,,,,,,,,,,SENSOR,1296663,19293,FAULTY,LEFT NACELLE STR,24015,10288,8146,R,,,,,,,,,,,,,,,,,,,,,,,,,,,,,,,"DUCT PRESSURE SLIT CLIMBING FL200 LEFT 5PSI, RIGHT 45 PSI, CLIMBING FL 340 LEFT 6PSI, RIGHT 45PSI, LEVEL 370 LEFT 6PSI, RIGHT 43PSI DESCENT FL 310 LEFT 6PSI, RIGHT 20PSI POWER IDLE3, FL 240 LEVEL 6PSI RIGHT 50PSI 15000 RIGHT 25PSI, LEFT 5 PSI, AFTER LANDING AND BLEEDS ESTABLISHED ON APU RIGHT DUCT 25PSI, LEFT DUCT 20PSI. GROUNDED - YES. PERFORMED VISUAL INSP OF PCCV PRSOV AND HSV ALL VALVES ARE IN CORRECT POSITION AND ROTATE FREELY WHEN MANUALLY ENGAGED. REF B737-800 FIM 36-10 TASK 810 STEP F.3. PERFORMED FIM TASK 36-10 TASK 810, NO LEAKS IN SYSTEM FOUND OR DEFECTS NOTED. REMOVED AND REPLACED PRECOOLER CONTROL VALVE 390 SENSOR IN REF TO B737-800 AMM 36-12-03. REMOVED AND REPLACED THERMOSTAT 450 SENSOR IN REF TO AMM 36-11-05. PERFORMED ENG. RUN ENG WITH NO DEFECTS NOTED. DUCT PRESSURES ALL NORMAL.",1296663,PartNumber,129666-3,2023
ASAA2023031142357,2023-03-11,2023-03-15T17:30:38.680-05:00,ASAA,ASAA,A,NM,02,A,7532,J,,,K,,,,CL,V,557AS,BOEING,737890,35176,61208,17793,,,,,,,,,,,,BLEED VALVE,32145526,11409,FAULTED,NR 2 ENGINE,,,,,,,,,,,,,,,,,,,,,,,,,,,,,,,,,,,CLIMB OUT OF 9000' LEFT DUCT PRESSURE WAS 38PSI. RIGHT DUCT 26PSI. FL 360 CRUISE FLT L DUCT 38 RIGHT DUCT 28PSI FL 360 N1 89%. GROUNDED - YES. ON DEFERRAL.,32145526,PartNumber,3214552-6,2023
ASAA2023031542384,2023-03-15,2023-03-17T17:12:55.780-05:00,ASAA,ASAA,A,NM,02,A,7532,J,,,K,,,,NR,V,579AS,BOEING,737890,35187,57731,16952,,,,,,,,,,,,BLEED VALVE,32145526,7840,FAILED,#1 ENGINE,56544,20157,10831,R,,,,,,,,,,,,,,,,,,,,,,,,,,,,,,,"DUCT PRESSURE DIFFERENTIAL DURING FLIGHT GREATER THAN 20 PSI. 5000FT R-40PSI L-5PSI, 10000FT R-45 L-7, 20000FT R-47 L-7, 30000FT R-47 L-8@ 340FL CABIN ALT 7200, DIFF 7.7. GROUNDED - YES. ACCOMPLISHED #1 ENGINE PNEUMATIC SYSTEM HEALTH CHECK REF. TC NG-36WC-0002-1. FOUND PRSOV BAD. REMOVED & REPLACED PRSOV REF. B737-800 AMM 36-11-04.",32145526,PartNumber,3214552-6,2023
ASAA2023031842414,2023-03-18,2023-03-20T17:03:26.623-05:00,ASAA,ASAA,A,NM,02,A,3610,O,,,K,,,,IN,O,557AS,BOEING,737890,35176,61273,17813,,,,,,,,,,,,REGULATOR,1074926,11818,FAULTY,#2 ENGINE,10398,3562,10398,R,,,,,,,,,,,,,,,,,,,,,,,,,,,,,,,PERFORMED TASK CARD NG-36WC-00001 BLEED AIR SYSTEM HEALTH CHECK. FOUND BLEED REGULATOR FAIL AT ENG#2. GROUNDED - YES. R/R ENG 2 BAR IAW B737-800 AMM 36-11-03. OPS CHK GOOD.,1074926,PartNumber,107492-6,2023
AALA202303210479,2023-03-18,2023-03-21T13:22:13.877-05:00,AALA,AALA,A,SW,23,A,2730,F,,,A,,,,TO,O,355PU,BOEING,737823,33348,15209,6583,,,,,,,,,,,MOOG,COMPUTER,162700100,B3301,FAULTY,ZONE 300 - STABS,2746,1301,2746,O,,,,,,,,,,,,,,,,,,,,,,,,,,,,,,,"AIRCRAFT WAS GROUNDED: EXCESS ELEVATOR FORCE REQUIRED ON ROTATION. EMERGENCY DECLARED. FLIGHT RETURNED TO DFW LANDING SAFELY. **SUPPLEMENTAL REPORT FOR AALA202303200479: REPLACED ELEVATOR FEEL COMPUTER PER JOB CARD 08L30027002. ACCOMPLISHED SATISFACTORY OPERATIONAL, LEAK, AND FORCE TESTS.** (CLOSED)",162700100,PartNumber,162700-100,2023
DALA2023032702327,2023-03-22,2023-03-27T09:31:15.320-05:00,DALA,DALA,A,SO,27,A,3350,O,,,K,,,,IN,O,881DN,BOEING,737900ER,31992,17441,6522,,,,,,,,,,,,LIGHT,9701140001,,INOPERATIVE,,,,,R,,,,,,,,,,,,,,,,,,,,,,,,,,,,,,,(LOG 9600584) DURING INSPECTION FOUND OVERWING EXIT DOOR LIGHT 20ABC INOP. R/R LIGHT ASSY AT 20A PER B737 AMM 3321. OPS CHK NML.,9701140001,PartNumber,9701-14-0001,2023
ASAA2023032542578,2023-03-25,2023-03-27T17:04:30.007-05:00,ASAA,ASAA,A,NM,02,A,3610,O,,,K,,,,IN,O,508AS,BOEING,737890,35691,52914,15568,,,,,,,,,,,,VALVE,32145526,7749,LEAKING,#2 ENGINE,64410,25502,15269,R,,,,,,,,,,,,,,,,,,,,,,,,,,,,,,,"FOLLOW-UP TO REPORT OF #2 (RH) BLEED TRIP ISSUE DURING NO-BLEEDS TAKEOFFS, ACCOMPLISH RIGHT ENG PNEUMATIC SYSTEM HEALTH CHECK PER TASK CARD NG-36WC-00002-2 GROUNDED - YES. PERFORMED #2 ENGINE BLEED AIR SYSTEM HEALTH CHECK UP TO AND INCLUDING STEP 04.P ON PAGE 19. UPON HEALTH CK TEST FOUND HIGH STAGE REGULATOR FAILING, REMOVED AND REPLACED HSR PER B737-AMM 36-11-07 AND FOUND PRSOV LEAKING FROM DIAPHRAM REMOVED AND REPLACED PRSOV PER AMM 36-11-04 SIG 15066 03-26-2023 COMPLETED #2 ENG BLEED AIR SYS HEALTH CK PER T/C NG-36WC-00002-2. ENG BLEED AIR CROSSOVER OPERATIONAL TEST CK GOOD. THIS CLEARS TSR714065, NOTIFIED SEAMC MARKUS.",32145526,PartNumber,3214552-6,2023
ASAA2023032342582,2023-03-23,2023-03-27T17:04:32.067-05:00,ASAA,ASAA,A,NM,02,A,7220,O,,,K,,,,IN,V,557AS,BOEING,737890,35176,61324,17836,,,,,,,,,,,,BLADE,3400018160,,UNKNOWN,#2 ENGINE,,,,,,,,,,,,,,,,,,,,,,,,,,,,,,,,,,,WHILE PERFORMING #2 ENGINE BLADE LUBE FOUND #1 SEAL MISSING ON BLACK PLATFORM. GROUNDED - YES. REPLACED BLADE PLATFORM REF. ASA T.C 78472010 SUBTASK 839-033.,3400018160,PartNumber,340-001-816-0,2023
ASAA2023032342583,2023-03-23,2023-03-27T17:04:32.833-05:00,ASAA,ASAA,A,NM,02,A,7220,O,,,K,,,,IN,V,557AS,BOEING,737890,35176,61324,17836,,,,,,,,,,,,BLADE,3400018160,,UNKNOWN,#2 ENGINE,,,,,,,,,,,,,,,,,,,,,,,,,,,,,,,,,,,"WHILE PERFORMING #2 ENGINE BLADE LUBE, FOUND SEAL TORN ON BLADE PLATFORM #21. GROUNDED - YES. REPLACED #2 ENGINE BLADE PLATFORM #21 REF ASA T/C 78472010 SUB TASK 839-033.",3400018160,PartNumber,340-001-816-0,2023
ASAA2023032642588,2023-03-26,2023-03-27T17:04:34.883-05:00,ASAA,ASAA,A,NM,02,A,3610,O,,,K,,,,IN,O,508AS,BOEING,737890,35691,52914,15568,,,,,,,,,,,,REGULATOR,1074847,3824,LEAKING,#2 ENGINE,70992,33477,2165,R,,,,,,,,,,,,,,,,,,,,,,,,,,,,,,,"PER TC NG-36WC-00002-2 STEP L (REVERSE FLOW DIAPHRAGM LEAK CHECK), HIGH STAGE REGULATOR REQUIRES REPLACEMENT. GROUNDED - YES. REMOVED AND REPLACED HSR REF B737-800 AMM 36-11-07 OPS CHECK GOOD.",1074847,PartNumber,107484-7,2023
AALA202303288246,2023-03-18,2023-03-28T13:28:18.533-05:00,AALA,AALA,A,SW,23,A,2530,B,,,K,,,,LD,O,951AA,BOEING,737823,29538,59806,24836,,,,,,,,,,,,OVEN,820111000001,,ODOR,ZONE 900 - LAV/G,,,,,,,,,,,,,,,,,,,,,,,,,,,,,,,,,,,AIRCRAFT WAS GROUNDED: FLIGHT CREW INFORMED MAINTENANCE OF STRONG ELECTRICAL SMELL IN FLIGHTDECK. REMOVED AND REPLACED FORWARD GALLEY OVENS. RIGHT (AALA202303285923) AND LEFT (AALA202303288246).,820111000001,PartNumber,8201-11-0000-01,2023
AALA202303284767,2023-01-27,2023-03-28T13:05:55.663-05:00,AALA,AALA,A,SW,23,A,2530,B,,,K,,,,NR,O,326RP,BOEING,737823,44456,7636,2860,,,,,,,,,,,,OVEN,820111000001,,ODOR,ZONE 900 - LAV/G,,,,,,,,,,,,,,,,,,,,,,,,,,,,,,,,,,,AIRCRAFT WAS NOT GROUNDED: FLIGHT ATTENDANT REPORTED BURNING SMELL COMING FROM NUMBER 1 OVEN IN G1 GALLEY. **SUPPLEMENTAL REPORT FOR AALA202301304767: REMOVED AND REPLACED #1 OVEN IN G1 GALLEY PER AMM 25-32-03. ACCOMPLISHED SATISFACTORY OPERATIONAL CHECK.** (CLOSED),820111000001,PartNumber,8201-11-0000-01,2023
ASAA2023032842618,2023-03-28,2023-03-29T16:34:40.180-05:00,ASAA,ASAA,A,NM,02,A,3030,J,,,D,,,,TX,V,517AS,BOEING,737890,35197,51335,14958,,,,,,,,,,,,PITOT HEAD,0851HT1,,FAILED,RH FWD EXT FUSEL,,,,,,,,,,,,,,,,,,,,,,,,,,,,,,,,,,,"AUX PITOT LIGHT AFTER ENGINE START DURING TAXI OUT. GROUNDED - YES. PER B737-800 FIM 30-31 TASK 801. AUX PITOT HEATER C/B OUT, RESET, TRIED OPS CHECK. AFTER A FEW SECONDS LIGHT CAME BACK ON. C/B REMAINED IN. EXAMINED C/B. CHECK GOOD. AUX PITOT RESISTANCE CHECK FAILED. REMOVED AND REPLACED AUX PITOT PROBE IAW B737-800 AMM 34-11-01.",0851HT1,PartNumber,0851HT1,2023
ASAA2023032842634,2023-03-28,2023-03-30T16:11:26.147-05:00,ASAA,ASAA,A,NM,02,A,7220,O,,,K,,,,IN,V,559AS,BOEING,737890,35178,57489,16982,CFMINT,CFM567B20,,,,,,,,,,BLADE,3400010260,DE1905281,DAMAGED,#2 ENGINE,49002,14656,7252,R,,,,,,,,,,,,,,,,,,,,,,,,,,,,,,,"REF ASA T/C 78472010 FAN BLADE LUBE, #2 ENG #6 BLADE HAS A NICK / SCRATCH ON THE CONVEX SIDE IN THE PLATFORM SEAL AREA APPROX 3 1/2 FROM LEADING EDGE. GROUNDED - YES. DAMAGE FOUND TO BE OUT OF LIMITS REF B737-800 AMM 72-21-02-200-801-F00. REPLACED #2 ENG BLADES #6 AND PAIRED OPPOSITE BLADE #18 REF ASA TASK CARD 78472010. REF ASA LOG PAGE 60549743.",3400010260,PartNumber,340-001-026-0,2023
ASAA2023032842635,2023-03-28,2023-03-30T16:11:26.270-05:00,ASAA,ASAA,A,NM,02,A,7220,O,,,K,,,,IN,V,559AS,BOEING,737890,35178,57489,16982,,,,,,,,,,,,BLADE,3400018160,,UNKNOWN,#2 ENGINE,,,,,,,,,,,,,,,,,,,,,,,,,,,,,,,,,,,"REF ASA T/C 78472010 #2 ENG FAN LUBE FOUND BLADE PLATFORMS 340-001-816-0 IN LOCATION 2,3,4,5,6,7 REST OF ENG PLATFORMS ARE -817-O REF SUBTASK 839-033. GROUNDED - YES. REMOVED AND REPLACED BLADE PLATFORMS REF T/C 78472010 TASK 839-033.",3400018160,PartNumber,340-001-816-0,2023
ASAA2023040242673,2023-04-02,2023-04-03T18:00:48.927-05:00,ASAA,ASAA,A,NM,02,A,3610,J,,,K,,,,IN,V,559AS,BOEING,737890,35178,57524,16991,,,,,,,,,,,,REGULATOR,1074847,6043,FAULTY,#1 ENGINE,1847,665,1847,R,,,,,,,,,,,,,,,,,,,,,,,,,,,,,,,"DURING ENGINE RUN, L/H DUCT PRESSURE WAS 40 PSI AT IDLE, RT DUCT PRESSURE WAS 20 PSI, BOTH PACKS ON, ISOLATION VALVE CLOSED. GROUNDED - YES. REMOVED AND REPLACED #1 ENG HIGH STAGE VALVE AND HIGH STAGE REGULATOR REF B737-800 AMM 32-11-06 AND AMM 36-11-07. .",1074847,PartNumber,107484-7,2023
ASAA2023040342715,2023-04-03,2023-04-05T16:22:29.430-05:00,ASAA,ASAA,A,NM,02,A,3610,O,,,K,,,,IN,V,559AS,BOEING,737890,35178,57521,16989,,,,,,,,,,,,REGULATOR,1074926,6585,DAMAGED,#2 ENGINE,71588,26800,7291,R,,,,,,,,,,,,,,,,,,,,,,,,,,,,,,,#2 ENG BLEED AIR REGULATOR ELECTRICAL RECEPTACLE ATTACH SCREWS ARE LOOSE AND ONE SCREW HEAD BROKEN OFF SCREW HEAD RECOVERED P/N 107492-6. (REF ASA LOG PG 60572655) GROUNDED - YES. REMOVED AND REPLACED THE #2 ENG BLEED AIR REGULATOR PER B737-800 AMM 36-11-03-000/400-801.,1074926,PartNumber,107492-6,2023
ASAA2023040442716,2023-04-04,2023-04-05T16:22:29.570-05:00,ASAA,ASAA,A,NM,02,A,3610,O,,,K,,,,IN,V,559AS,BOEING,737890,35178,57521,16989,,,,,,,,,,,,VALVE,632921461,5507,FAILED,#2 ENGINE,12862,4008,1847,R,,,,,,,,,,,,,,,,,,,,,,,,,,,,,,,"WHILE PERFORMING TAI SOLENOID VALVE TEST FOR MW0311 HARNESS TEST ON #2 ENG , PRECOOLER CONTROL VALVE FAILED TO CLOSE IN AIR MODE TRANSITION. GROUNDED - YES. REMOVED AND REPLACED THE #2 ENG PCV PER B737-800 AMM 36-12-02.",632921461,PartNumber,63292146-1,2023
ASAA2023040742779,2023-04-07,2023-04-10T17:30:55.430-05:00,ASAA,ASAA,A,NM,02,A,7220,O,,,K,,,,IN,O,559AS,BOEING,737890,35178,57521,16989,CFMINT,CFM567B20,,,,,,,,,,BLADE,3400010380,,FAULTY,#2 ENGINE,,,,,,,,,,,,,,,,,,,,,,,,,,,,,,,,,,,"DUE TO ONGOING VIBRATION ISSUES ON #2 ENGINE. REQUEST FAN SET REPLACEMENT. TASK CARD 78472010 FAN BLADE ULTRA INSP REQUIRED. GROUNDED - YES. REMOVED AND REPLACED FAN SET PER B737-800 AMM 72-21-02. ACCOMPLISHED VIBRATION SURVEY AND FAN TRIM BALANCE PROCEDURE. VIBRATION SURVEY GOOD. NO OTHER DEFECTS NOTED. REF TC 78472010, TSR714105, TSR714134, TSR714149.",3400010380,PartNumber,340-001-038-0,2023
DALA2023041603010,2023-04-12,2023-04-16T12:15:55.623-05:00,DALA,DALA,A,SO,27,A,2611,O,,,A,,,,CR,O,915DU,BOEING,737900ER,62783,12968,5184,,,,,,,,,,,,DETECTOR,473925,21327,FIRE WARNING,F,12946,5177,12946,R,,,,,,,,,,,,,,,,,,,,,,,,,,,,,,,"SHIP 3915 - DIV - TO OKC DUE TO FORWARD CARGO FIRE DETECTION MESSAGE. CORRECTIVE ACTION: INSPECTED FORWARD CARGO COMPARTMENT. NO EVIDENCE OF FIRE OR SMOKE DETECTED. FIRE SUPPRESSION SYSTEM PLACED ON MEL. REPLACED FIRE BOTTLE, CEU AND CONTROL PANEL.",473925,PartNumber,473925,2023
AALA202304245344,2023-04-21,2023-04-24T14:39:30.307-05:00,AALA,AALA,A,SW,23,A,2600,O,,,K,,,,IN,V,945AN,BOEING,737823,30085,63307,26801,,,,,,,,,,,KIDDE,PANEL,4739551,,DAMAGED,ZONE 200 - FUSE,,,,,,,,,,,,,,,,,,,,,,,,,,,,,,,,,,,AIRCRAFT WAS GROUNDED: CARGO FIRE DETECTION PANEL SHOWS SIGNS OF WATER CONTAMINATION. REMOVED AND REPLACED THE CARGO FIRE DETECTION PANEL IAW AMM 26-00-02.,4739551,PartNumber,473955-1,2023
ASAA2023042142974,2023-04-21,2023-04-24T18:40:08.730-05:00,ASAA,ASAA,A,NM,02,A,7220,O,,,K,,,,IN,V,464AS,BOEING,737990ER,40714,33940,10515,CFMINT,CFM567B20,,,,,,,,,,BLADE,3400010360,,DAMAGED,#2 ENGINE FAN,33940,10515,33940,R,,,,,,,,,,,,,,,,,,,,,,,,,,,,,,,PER T/C 78472010 #2 ENG FAN BLADE LUBE #24 FAN BLADE CU- NI-IN COATING MISSING BEYOND LIMITS ON C.C SIDE. GROUNDED - YES. REMOVED AND REPLACED #24 AND #12 FAN BLADE IAW TASKCARD 78472010.,3400010360,PartNumber,340-001-036-0,2023
ASAA2023042342975,2023-04-23,2023-04-24T18:40:08.740-05:00,ASAA,ASAA,A,NM,02,A,7310,O,,,K,,,,NR,O,975AK,BOEING,7379,64960,3807,1106,CFMINT,LEAP1B21,,,,,,,,,,FUEL NOZZLE,2085M31G03,,COKED,NR 1 ENG,,,,,,,,,,,,,,,,,,,,,,,,,,,,,,,,,,,GE DIAGNOSTICS REPORTS #1 ENGINE (SN 602946) TREND DATA SHOWS EXCESS COKING OF THE FUEL NOZZLE MAIN ORIFICES. GROUNDED - YES. ACCOMPLISHED FUEL NOZZLE REPLACEMENT PER ASA T/C 73-ASA-02.,2085M31G03,PartNumber,2085M31G03,2023
ASAA2023050343103,2023-05-03,2023-05-04T17:07:21.090-05:00,ASAA,ASAA,A,NM,02,A,7220,O,,,K,,,,IN,V,562AS,BOEING,737890,35091,60420,17811,,,,,,,,,,,,BLADE,3400010360,DM040200B,OUT OF LIMITS,#2 ENGINE,41166,11928,41166,R,,,,,,,,,,,,,,,,,,,,,,,,,,,,,,,REF ASA T/C 78472010 #2 ENG FAN LUBE. FOUND OUT OF LIMITS MISSING CU-N1 COATING IN THE PRESSURE FACE AREA ON THE CONCAVE SIDE BLADE #19. GROUNDED - YES. REPLACED BLADE PAIR PER ASA T.C. 78472010.,3400010360,PartNumber,340-001-036-0,2023
ASAA2023050543157,2023-05-05,2023-05-08T17:50:18.980-05:00,ASAA,ASAA,A,NM,02,A,7220,O,,,K,,,,IN,V,592AS,BOEING,737890,35190,55054,16342,,,,,,,,,,,,BLADE,3400010380,DD8703527,DAMAGED,#1 ENGINE,32806,16979,32806,R,,,,,,,,,,,,,,,,,,,,,,,,,,,,,,,"REF T/C 78472010 #1 ENG FAN LUBE. #2 BLADE HAS OUT OF LIMITS DAMAGE IN AREA H IN THE PLATFORM SEAL AREA ON THE CONCAVE SIDE. GROUNDED - YES. REPLACED #2 FAN BLADE AND OPPOSITE PAIR, #14 BLADE ON #1 ENG REF T/C 78472010.",3400010380,PartNumber,340-001-038-0,2023
AALA202305093433,2023-05-08,2023-05-09T15:33:22.177-05:00,AALA,AALA,A,SW,23,A,3350,O,,,K,,,,UK,V,336SR,BOEING,737823,44482,6592,2524,,,,,,,,,,,,LIGHT,9701140001,,INTERMITTENT,ZONE 200 - FUSE,,,,,,,,,,,,,,,,,,,,,,,,,,,,,,,,,,,AIRCRAFT WAS NOT GROUNDED: SEAT 16A EMERGENCY LIGHT FLICKERING. REMOVED AND REPLACED LAMP ASSEMBLY SEAT ROW 16A .,9701140001,PartNumber,9701-14-0001,2023
I5EA2023051500004,2023-05-13,2023-05-15T13:38:22.210-05:00,I5EA,I5EA,A,WP,07,A,2620,B,J,,A,F,O,,CR,V,624XA,BOEING,73786J,35624,56026,26787,,,,,,,,,,,,CONTROL PANEL,4739551,3690,UNSERVICEABLE,ZONE 300,,,,,,,,,,,,,,,,,,,,,,,,,,,,,,,,,,,"1. FIRE DETECTED IN AFT CARGO COMPARTMENT IN CRUISE FLT AT FL400, AS PER QRH DISCHARGED FIRE SUPPRESSION BOTTLE, DIVERTED TO KELP.  REMOVED AND REPLACED #1 CARGO FIRE CONTROL PANEL IAW AMM 26-00-00 OPS CHECK GOOD.    2. FIRE DETECTED IN AFT CARGO COMPARTMENTON THE GROUND AT KELP ISSUED COMMAND TO EVACUATE, RI SLIDE DEPLOYED.  REPLACED R1 SLIDE AND CARGO FIRE SUPRESSION COMPONENTS ON LP-105800, 104651",4739551,PartNumber,473955-1,2023
AALA202305162596,2023-05-13,2023-05-16T15:53:10.673-05:00,AALA,AALA,A,SW,23,A,3600,J,,,A,,,,CL,V,848NN,BOEING,737823,31103,38258,15871,,,,,,,,,,,HNYWL,REGULATOR VALVE,1074926,12310,UNSERVICEABLE,ZONE 100 - FUSE,,,,,,,,,,,,,,,,,,,,,,,,,,,,,,,,,,,"AIRCRAFT WAS GROUNDED: WHILE CLIMBING TO FL360 CABIN ALTITUDE /DIFFERENTIAL PRESSURE PASSING 32000 WAS 8.95 PSI AND CABIN ALTITUDE WAS 3900 FEET. REQUESTED DESCENT AND LOST PRESSURIZATION RAPIDLY UPON COMMENCING DESCENT. EMERGENCY DECLARED; FIGHT RETURNED TO MIA LANDING SAFELY. MAINTENANCE REPLACED #1 ENGINE BLEED AIR REGULATOR PER AMM 36-11-03 (AALA202305162596); REPLACED OUTFLOW VALVE PER AMM 21-31-00 (AALA202305167395); REPAIRED BROKEN WIRE W6102 AT CONNECTOR D10732 PER WDM 21-32-22 (AALA202305169498); REPLACED BOTH POSITIVE PRESSURE RELIEF VALVES PER AMM 21-32-01 (AALA202305163620, AALA202305162546); REPLACED CABIN PRESSURE CONTROLLER #1 AND CABIN PRESSURE CONTROLLER #2 PER AMM 21-31-00 (AALA202305161692, AALA202305169725). ACCOMPLISHED SATISFACTORY OPERATIONAL AND LEAK CHECKS.",1074926,PartNumber,107492-6,2023
ASAA2023051443232,2023-05-14,2023-05-16T17:22:43.337-05:00,ASAA,ASAA,A,NM,02,A,7532,O,,,K,,,,IN,V,516AS,BOEING,737890,39044,52118,15496,,,,,,,,,,,,BLEED VALVE,32145526,9999,FAULTY,#1 ENGINE,54927,16029,15588,R,,,,,,,,,,,,,,,,,,,,,,,,,,,,,,,"L/H DUCT PRESSURE SHOWING 18 PSI WITH ALL BLEEDS CLOSED, APU OFF AND ISOLATION VALVE CLOSED, BLEED VALVE SWITCH WILL NOT SHUT OFF AIR ON #1 ENG. GROUNDED - YES. REMOVED #1 ENG PRSOV AND REPLACED WITH NEW PRSOV REF B737-800 AMM 36-11-04.RAN #1 ENG, TURNED APU AND #1 ENG BLEED OFF, 0 PSIG ON GUAGE SHOWN. OPS CHECK GOOD.",32145526,PartNumber,3214552-6,2023
ASAA2023051643245,2023-05-16,2023-05-17T17:44:14.170-05:00,ASAA,ASAA,A,NM,02,A,7532,O,,,K,,,,IN,V,570AS,BOEING,737890,35185,58923,17581,,,,,,,,,,,,REGULATOR,1074926,6755,FAULTY,#2 ENGINE,71205,26555,20808,R,,,,,,,,,,,,,,,,,,,,,,,,,,,,,,,FOUND AIR CONDITIONING BLEED AIR VALVE RIGHT C/B POP ON P6-4 B7. GROUNDED - YES. REMOVED AND REPLACED #2 ENGINE BLEED AIR REGULATOR REF B737-800 AMM 36-11-03.,1074926,PartNumber,107492-6,2023
DALA2023051904032,2023-05-17,2023-05-19T13:26:43.060-05:00,DALA,DALA,A,SO,27,A,3610,O,,,K,,,,CR,O,397DA,BOEING,737832,30537,66024,30753,CFMINT,CFM567B262,876175,69787,27713,,,,,,,VALVE,1296663,7864,INOPERATIVE,#1,68974,26063,11745,R,,,,,,,,,,,,,,,,,,,,,,,,,,,,,,,SHIP 3727 -DIV- TO DTW DUE TO LEFT BLEED TRIP AND AUTOPILOT INOP. CORRECTIVE ACTION: MAINTENANCE REPLACED PRECOOLER CONTROL VALVE AND 390 SENSOR PER B737 AMM 36-12.,1296663,PartNumber,129666-3,2023
ASAA2023051943290,2023-05-19,2023-05-22T18:01:06.350-05:00,ASAA,ASAA,A,NM,02,A,2610,L,,,K,,,,IN,C,564AS,BOEING,737890,35103,60736,18039,,,,,,,,,,,,SMOKE DETECTOR,4735975,,FAULTY,FORWARD CARGO CO,,,,,,,,,,,,,,,,,,,,,,,,,,,,,,,,,,,"LOOP ""A"" FWD LOWER CARGO COMPARTMENT FIRE DETECTION INOP. GROUNDED - YES. FOUND FWD CARGO AFT SMOKE DETECTOR, M2239, DEFECTIVE AND THE 2ND SMOKE DETECTOR AFT, DETECTOR M2238, CONNECTOR D13844 WAS DISCONNECTED. RECONNECTED D13844 TO M2238 & REPLACED DETECTOR M2239 WITH SERVICEABLE UNIT, CARGO SMOKE DETECTION SYS OPS CHECKS OK. REF B737-800 AMM 26-16-01 & 26-16-00.",4735975,PartNumber,473597-5,2023
ASAA2023052143322,2023-05-21,2023-05-24T18:29:54.183-05:00,ASAA,ASAA,A,NM,02,A,2611,J,,,K,,,,IN,V,529AS,BOEING,737890,35198,46275,13659,,,,,,,,,,,,SMOKE DETECTOR,4735975,,INOPERATIVE,FWD CARGO COMPAR,,,,,,,,,,,,,,,,,,,,,,,,,,,,,,,,,,,"FWD CARGO FIRE DETECTION INOP. GROUNDED - YES. PERFORMED CEU BITE PROCEDURE REF B737-800 FIM 26-16 TASK 801, FOUND FAULT A1 DETECTOR INOP. REMOVED AND REPLACED A1 FWD CARGO SMOKE DETECTOR REF B737-800 AMM 26-16-01.",4735975,PartNumber,473597-5,2023
ASAA2023052243328,2023-05-22,2023-05-24T18:29:54.250-05:00,ASAA,ASAA,A,NM,02,A,7220,O,,,K,,,,IN,V,532AS,BOEING,737890,36346,46279,13677,,,,,,,,,,,,BLADE,3400010380,DD454949U,OUT OF LIMITS,#2 ENGINE,56686,16845,3720,R,,,,,,,,,,,,,,,,,,,,,,,,,,,,,,,"REF ASA TASK CARD 78472010 #2 ENGINE FAN LUBE DUE TO WEAR OUT OF LIMITS ON 20 FAN BLADES IN AREA W, REQUIRES REPLACEMENT OF ALL FAN BLADES , ALL PLATFORMS AND ALL SPACERS. GROUNDED - YES. REF ASA TASK CARD 78472010 #2 ENGINE FAN LUBE REMOVED AND REPLACED ALL PLATFORMS, ALL SPACERS, AND ALL FAN BLADES #2 ENGINE DURING TASK CARD 78472010, REF ASA LOG PAGES 60589045,60589046,60589047,60589048,60589049,60555600,AND60555604 FOR ROTABLE FAN BLADE REPLACEMENT.",3400010380,PartNumber,340-001-038-0,2023
ASAA2023052143329,2023-05-21,2023-05-24T18:29:54.257-05:00,ASAA,ASAA,A,NM,02,A,7220,O,,,K,,,,IN,V,514AS,BOEING,737890,35193,52474,15482,,,,,,,,,,,,PLATFORM,3400018160,,DAMAGED,#1 ENGINE,,,,,,,,,,,,,,,,,,,,,,,,,,,,,,,,,,,1 PLATFORM ON #1 ENGINE DAMAGED. GROUNDED - YES. PLATFORM REPLACED PER ASA T/C 78472010 TEST 7 VIBE SURVEY B737-800 AMM 71-00-00 PB SO1 ACCOMPLISHED.,3400018160,PartNumber,340-001-816-0,2023
ASAA2023052543362,2023-05-25,2023-05-26T18:27:19.637-05:00,ASAA,ASAA,A,NM,02,A,3610,O,,,K,,,,TX,V,408AS,BOEING,737900ER,41732,38413,12145,,,,,,,,,,,,SENSE LINE,332A235011,,BROKEN,#1 ENGINE,,,,,,,,,,,,,,,,,,,,,,,,,,,,,,,,,,,"AFTER ENGINE START LEFT BLEED AIR DUCT PRESSURE INDICATES 8 PSI, RIGHT BLEED AIR DUCT INDICATES 19 PSI WITH ENGINE POWER AT IDLE, A/C PACKS IN AUTO, AND ENGINE ANTI ICE OFF. GROUNDED - YES. FOUND CONTROL PRESSURE SENSE LINE FROM THE HIGH STAGE REGULATOR BROKEN. REPLACED SENSE LINE IAW B737-900 AMM 36-11-06-400-801 STEP F (8) (A)-(D).",332A235011,PartNumber,332A2350-11,2023
ASAA2023052543382,2023-05-25,2023-05-30T17:55:10.390-05:00,ASAA,ASAA,A,NM,02,A,3610,O,,,K,,,,IN,V,531AS,BOEING,737890,35199,45772,13257,,,,,,,,,,,,SENSOR,1296663,19953,FAULTY,PRECOOLER VALVE,25937,8985,6000,R,,,,,,,,,,,,,,,,,,,,,,,,,,,,,,,"L/H DUCT PRESSURE INDICATION READS A MAXIMUM OF 30 PSI AT 80% N1, #1 ENGINE. (FOR REFERENCE #2 ENGINE R/H DUCT PRESSURE 47 PSI AT 80% N1)NOTE: ISOLATION VALVE CLOSED, APU BLEED OFF. L/H DUCT PRESSURE INDICATION DECAYS TO @ 30 PSI WHEN #1 ENGINE N1 SPEED IS 60% & ABOVE: PACK IN AUTO, APU AIR OFF, ISOLATION VALVE CLOSED L/H DUCT PRESSURE INCREASES & STABILIZES NORMALLY WITH PACK OFF. NOTE R/H DUCT PRESS INDICATION AT 47 PSI AT 60% N1 AND ABOVE. (REF ASA LP 60544032) GROUNDED - YES. REMOVED AND REPLACED #1 450 THERMOSTAT IAW B737-800 AMM 36-11-05, LEAK CHECK GOOD. AND REMOVED AND REPLACED #1 PRECOOLER CONTROL VALVE SENSOR AMM 36-12-03, LEAK CHECK GOOD. ACCOMPLISHED T/C NG-36WC-00001 ENG #1 BLEED AIR SYSTEM HEALTH CHECK. FOUND PRSOV BELLOWS LEAKING. REMOVED AND REPLACED PRSOV REF AMM 36-11-04-400-801. (REF ASA LP 60544032)",1296663,PartNumber,129666-3,2023
ASAA2023060343446,2023-06-03,2023-06-05T18:07:34.347-05:00,ASAA,ASAA,A,NM,02,A,7532,O,,,K,,,,CR,V,407AS,BOEING,737900ER,41731,39603,12380,,,,,,,,,,,,BLEED VALVE,32145525,2732C,BINDING,#2 ENGINE,332,94,332,R,,,,,,,,,,,,,,,,,,,,,,,,,,,,,,,"L PACK 35 R PACK 19 AT CRUISE. GROUNDED - YES. (REF TSR714439) ACCOMPLISHED HEALTH CHECK TEST CARD NG-36WC-00002-2. REPLACED BLEED AIR REG REF B737-900 AMM 36-11-03. PERFORMED HIGH POWER RUN. R/H DUCT PRESS FAILED, 20% N1 L-20 R-GPS 60% N1 AND ABOVE L-30 R-10. FOUND #2 ENGINE PRSOV BINDING. REMOVED AND REPLACED #2 PRSOV PER AMM 36-11-04-000-801 AND 36-11-04-400-801. FOUND CONTROL PRESSURE LINE FROM PRSOV TO 450F THERMOSTAT BRAIDED FLEX LINE LEAKING. REMOVED AND REPLACED BRAIDED FLEX PER PPBU 71-00-02 FIGURE 17-1 SHEET 2 ITEM 50. FOUND PRE COOLER CONTROL PRESSURE SENSE LINE UNION LEAKING AT PRECOOLER CONTROL VALVE. REPLACED SEAL, REINSTALLED UNION AND RECONNECTED CONTROL PRESSURE SENSE LINE PER AMM 36-12-02-420-005. PRESSURIZED UPSTREAM OF PRSOV PER AMM 36-00-00-860-805. LEAK CHECK SENSE AND CONTROL LINES, NO LEAKS NOTED. ACCOMPLISHED ENGINE BLEED AIR CROSSOVER OPERATIONAL TEST PER AMM 36-11-00-710-801. DUCT PRESSURES WITHIN LIMITS.",32145525,PartNumber,3214552-5,2023
ASAA2023060343447,2023-06-03,2023-06-05T18:07:34.353-05:00,ASAA,ASAA,A,NM,02,A,3610,O,,,K,,,,TX,V,409AS,BOEING,737990ER,41733,37334,11885,,,,,,,,,,,,REGULATOR,1074847,9506,FAULTY,#2 ENGINE,3109,954,3109,R,,,,,,,,,,,,,,,,,,,,,,,,,,,,,,,"AT IDLE, RIGHT DUCT PRESSURE FLUCTUATED BETWEEN 7 PSI AND 10 PSI. GROUNDED - YES. REPLACED HIGH STAGE VALVE PER B737-900 AMM 36-11-06. REMOVED AND REPLACED #2 ENG HIGH STAGE REGULATOR REF AMM 36-11-07 VERIFIED #2 ENG DUCT PRESSURE WITHIN LIMITS REF AMM 36-11-00-710-801. RESTORED HIGH STAGE VALVE #2 ENGINE REF AMM 36-00-00-440-805.",1074847,PartNumber,107484-7,2023
ASAA2023060343448,2023-06-03,2023-06-05T18:07:34.360-05:00,ASAA,ASAA,A,NM,02,A,3610,O,,,K,,,,CR,V,407AS,BOEING,737900ER,41731,39609,12381,,,,,,,,,,,,REGULATOR,1074926,13348,FAULTY,#2 ENGINE,333,94,333,O,,,,,,,,,,,,,,,,,,,,,,,,,,,,,,,"AT CRUISE ALT OF FL 330, DUCT SPLIT IS CONSISTENT AT 23 PSI. LEFT DUCT IS 40 PSI AND RIGHT PACK IS 17 PSI. OAT IS -50C AND ABOVE PRESSURES MEASURED AT 88.5% N1. GROUNDED - YES. ACCOMPLISHED HEALTH CHK TASK CARD NG-36WC-00002-2. REPLACED BLEED AIR REG REF B737-900 AMM 36-11-03. PERFORMED HIGH POWER RUN. R/H DUCT PRESS FAILED. 20%N1 L 20 PSI R 6 PSI, 60% N1 AND ABLOVE L-30 R-10.",1074926,PartNumber,107492-6,2023
AALA202306283542,2023-06-25,2023-06-28T14:50:02.967-05:00,AALA,AALA,A,SW,23,A,2530,B,,,O,,,,CR,V,125AA,AIRBUS,A320*,6272,27759,8756,,,,,,,,,,,,OVEN,820111000001,,DEFECTIVE,ZONE 900 - LAV/G,,,,,,,,,,,,,,,,,,,,,,,,,,,,,,,,,,,AIRCRAFT WAS NOT GROUNDED: DURING FLIGHT THE FLIGHT ATTENDANT WAS USING THE FORWARD GALLEY #2 OVEN AND WHEN THE OVEN DOOR WAS OPENED SMOKE WAS VISIBLE BUT NO FIRE WAS NOTED. THE FLIGHT ATTENDANT TURNED OFF THE OVEN AND LOCKED IT TO PREVENT FURTHER USE. MAINTENANCE REPLACED THE OVEN PER AMM 25-35-19 AND ACCOMPLISHED A SATISFACTORY OPERATIONAL CHECK/,820111000001,PartNumber,8201-11-0000-01,2023
ASAA2023061943808,2023-06-19,2023-06-30T19:02:49.300-05:00,ASAA,ASAA,A,NM,02,A,7310,O,,,K,,,,NR,O,971AK,BOEING,7379,43339,5456,1552,,,,,,,,,,,,NOZZLE,2085M31G03,,COKED,#2 ENGINE,,,,,,,,,,,,,,,,,,,,,,,,,,,,,,,,,,,"GE DIAGNOSTICS REPORTS #2 ENGINE (SN 602613) TREND DATA SHOWS EXCESS COKING OF THE FUEL NOZZLE MAIN ORIFICES. (FULL SET FUEL NOZZLE REPLACEMENT 737MAX T/C 73-ASA-02) NO EXTENSION ALLOWED (225 CYCLES/45 DAYS). GROUNDED - YES. REPLACED FULL SET OF FUEL NOZZLES ON #2 ENGINE, SEE T/C 73-ASA-02.",2085M31G03,PartNumber,2085M31G03,2023
AALA202307030626,2023-06-30,2023-07-03T13:34:09.177-05:00,AALA,AALA,A,SW,23,A,2530,B,,,O,,,,CR,V,463AA,AIRBUS,A321253NX,11081,2424,678,,,,,,,,,,,,OVEN,820111000001,,DEFECTIVE,ZONE 900 - LAV/G,,,,,,,,,,,,,,,,,,,,,,,,,,,,,,,,,,,AIRCRAFT WAS NOT GROUNDED: FLIGHT ATTENDANT REPORTS OVEN BURNS FOOD TO A CHAR. A LITTLE BIT OF BLACK SMOKE. OVEN WAS SHUT OFF A NOT USED FOR REMAINDER OF THE FLIGHT. **SUPPLEMENTAL REPORT WAS SUBMITTED**(OPEN),820111000001,PartNumber,8201-11-0000-01,2023
AALA202307055764,2023-06-30,2023-07-05T14:42:01.357-05:00,AALA,AALA,A,SW,23,A,2530,B,,,K,,,,NR,O,816AW,AIRBUS,A319132,1350,69779,32217,,,,,,,,,,,,OVEN,820111000001,,DEFECTIVE,ZONE 900 - LAV/G,,,,,,,,,,,,,,,,,,,,,,,,,,,,,,,,,,,AIRCRAFT WAS NOT GROUNDED: FORWARD GALLEY #2 OVEN HAD ODOR DURING USE. REPLACED OVEN AND ACCOMPLISHED A SATISFACTORY OPERATIONAL CHECK.,820111000001,PartNumber,8201-11-0000-01,2023
ASAA2023070443896,2023-07-04,2023-07-06T18:32:02.237-05:00,ASAA,ASAA,A,NM,02,A,7532,O,,,D,,,,NR,V,431AS,BOEING,737990ER,43255,35740,11289,,,,,,,,,,,,REGULATOR,1074847,12206,FAULTY,NR 1 ENGINE,36981,13410,1147,R,,,,,,,,,,,,,,,,,,,,,,,,,,,,,,,"AT IDLE WITH BOTH ENGINES RUNNING, ON ENGINE BLEED AIR. LEFT DUCT PRESSURE READS ONLY 9 PSI. GROUNDED - YES. CONFIRMED PRESSURE READING, WITH PHOTO OF GAUGE AT IDLE, OUT OF LIMITS REF MM 36-00-00-860-014. REMOVED AND REPLACED PRECOOLER CONTROL VALVE #1 ENG REF AMM 36-12-02-400-801 STEP(3)(F)(10)(C). REMOVED AND REPLACED #1 ENG PRSOV REF AMM 36-11-04-400-801 STEP (3)(G)(9)(D) #65315. REPLACED #1 ENG HIGH STAGE REGULATOR, OPS/LEAK CHECK OK. REF MM 36-11-07-400-801. ACCOMPLISHED T/C NG-36WC-00001 ENGINE BLEED AIR HEALTH CHECK THROUGH STEP 05.F. COMPLETED PCV INST. TEST AND PRSOV INSTALLATION TEST REF MM 36-12-02-400-801 STEP 3.H -3I(2) MM 36-11-04-400-801 STEP 3.G. - 3.H.(2) #41581. COMPLETED T/C NG-36VW-00001 ENGINE BLEED AIR HEALTH CHECK. OPS CK GOOD.",1074847,PartNumber,107484-7,2023
CALA2023070702189,2023-07-04,2023-07-07T04:17:56.567-05:00,CALA,CALA,A,SW,27,A,7532,J,O,,A,,,,CL,O,38459,BOEING,737900ER,37206,34605,12519,,,,,,,,,,,HNYWL,REGULATOR,1074847,18335,INOPERATIVE,LH ENG,18778,6756,5529,R,,,,,,,,,,,,,,,,,,,,,,,,,,,,,,,"LEFT BLEED TRIP OFF DOES NOT RESET WITH CHECKLIST LEFT BLEEDTRIP IS A PREVIOUS OOS CONDITION AND A CURRENT A/R. THIS ITEM IS LOCKED FOR CONFIRMATION OF A POSITIVE FIX. TOMC BILSKI. PILOT INFO STATES THAT ""BLEED TRIP OFF"" LIGHT CAME AT 10,000 FT AHM UPDATE: ADDING ACMS PNEUMATIC REPORT AS A PICTURE WHEN ENGINES WERE AT 94-96% N1. PLANES CONFIGURATION WAS BOTH ATTACHMENT. RECOMMEND PNEUMATIC HEALTH CHECK OF THE PCCV, PRSOV, BLEEDS ON AND BOTH PACKS ON, APU BLEED WAS CLOSED. ISOLATION AND BAR. REF FIM 36-10 TASK 810. VALVE IN AUTO. REGULATOR 29-3611-9-0006 UNLOCKED FOR CORRECTIVE ACTION PERFORMED ENGINE BLEED AIR HEALTH CHECK ON #1 ENGINE PER AMM FOUND FAN AIR VALVE SEAL NOT MATING TO PRECOOLER. REPLACED FAN REMOVED AND INSTALLED #1 ENGINE HI STAGE REGULATOR REFERENCE AMM 36-11-00-700-801 AS SUGGESTED PER AHM. NO FAULTS NOTED, FURTHER AIR VALVE SEAL PER AMM 36-12-01. COMPLETED BLEED AIR HEALTH 36-11-07. REQUIRES LEAK CHECK, REQUIRES HIGH POWER ENGINE RUN. TS REQUIRED. REF FIM TASK 36-10 TASK 801. CHECK AND FOUND HP REGULATOR REGULATING AT 12 PSI AND NOT ADD EMP:393452 ADD EMP:U393427 SHUTING OFF AT HIGH PRESSURE. REF AMM 36-11-00-700-801. ROTABLE PARTS CHANGE WAS INDICATED - TT # 1660464  SN OFF 8335 REGULATOR, HI S  OFF 29-3611-9-0006 8335 ON 29-3611-9-0006 3767 PERFORMED LH ENG HIGH POWER ENG RUN FOR ENG BLEED CROSSOVER TEST REF AMM 36-11-00-710-801. TEST PASSED. NO LEAKS NOTED ADD EMP:U175220",1074847,PartNumber,107484-7,2023
ASAA2023070943944,2023-07-09,2023-07-10T19:15:56.033-05:00,ASAA,ASAA,A,NM,02,A,7200,O,,,K,,,,IN,V,559AS,BOEING,737890,35178,58262,17262,,,,,,,,,,,,BLADE,3400010360,DM124306J,VIBRATION,#2 ENGINE,23638,7831,737,R,,,,,,,,,,,,,,,,,,,,,,,,,,,,,,,PER TASK CARD PWRPL -72EA-25808-2 ALL 24 FAN BLADES ON #2 ENG S/N 894241 REQUIRE REPLACEMENT. GROUNDED - YES. PER T/C PWRPL-72EA-25808-2 REMOVED AND REPLACED ALL 24 FAN BLADES ON #2 ENG S/N 894241 RL 58708 07/09/2023 ALL P/ TRANSACTIONS ACCOMPLISHED IN TRAX REF T/C FOR RII.,3400010360,PartNumber,340-001-036-0,2023
COZA20230710142,2023-07-06,2023-07-10T17:13:57.587-05:00,COZA,COZA,A,WP,39,A,3610,J,,,A,,,,CR,V,778MA,BOEING,737808,34704,55000,17235,,,,,,,,,,,HNYWL,SHUTOFF VALVE,32145526,14808,MALFUNCTIONED,RT ENGINE,,,,,,,,,,,,,,,,,,,,,,,,,,,,,,,,,,,"AIRCRAFT SLOWLY LOST PRESSURIZATION AT 300 FPM DURING CRUISE FLIGHT.  TROUBLESHOT THE PROBLEM USING THE BOEING 737 FIM.  DETERMINED TO BE LOW AIR DUCT PRESSURE COMING FROM THE RIGHT ENGINE.  USING STEPS LISTED IN THE FIM TO TEST VALVES ON THE RIGHT ENGINE, DETERMINED THE RIGHT PRESSURE REGULATING AND SHUTOFF VALVE NEEDED TO BE CHANGED.  CHANGED THE VALVE AND PERFORMED ENGINE RUNS.  RIGHT ENGINE AIR DUCT PRESSURE WAS NOW CORRECT.",32145526,PartNumber,3214552-6,2023
ASAA2023071244001,2023-07-12,2023-07-13T17:51:55.990-05:00,ASAA,ASAA,A,NM,02,A,7532,O,,,K,,,,IN,9,592AS,BOEING,737890,35190,55740,16567,,,,,,,,,,,,BLEED VALVE,32145526,8349,LEAKING,#1 ENGINE,57255,21261,15920,R,,,,,,,,,,,,,,,,,,,,,,,,,,,,,,,"DURING SCHEDULED MTX WORK ON #1 ENGINE, FOUND PRSOV LEAKING. GROUNDED - YES. R&R ENG #1 PRSOV PER AMM 32-11-04. OPS CHECK OK. NO LEAKS.",32145526,PartNumber,3214552-6,2023
ASAA2023071344011,2023-07-13,2023-07-14T19:07:34.080-05:00,ASAA,ASAA,A,NM,02,A,7500,O,,,K,,,,IN,V,583AS,BOEING,737890,35681,55901,16355,,,,,,,,,,,,REGULATOR,1074926,13139,FAULTY,#1 ENGINE,44267,12959,14451,R,,,,,,,,,,,,,,,,,,,,,,,,,,,,,,,"#1 ENG. BLEED PRESSURE LOW AT IDLE. GROUNDED - YES. REPLACED BLEED AIR REGULATOR PER MM 36-11-03-400.REPLACED PRSOV FOUND TO BE LEAKING, PER MM 36-11-04-400-801.LEAK & OPS CHECK GOOD.",1074926,PartNumber,107492-6,2023
DALA2023071705749,2023-07-11,2023-07-17T13:34:59.347-05:00,DALA,DALA,A,SO,27,A,3350,O,,,K,,,,IN,O,915DU,BOEING,737900ER,62783,13859,5533,,,,,,,,,,,,LIGHT,9701140001,,INOPERATIVE,UNKNOWN,,,,R,,,,,,,,,,,,,,,,,,,,,,,,,,,,,,,(LOG 9724266) OVER WING EXIT LIGHT AT ROW 19 DEF INOP. R/R LIGHT ASSY AT 19DEF PER B737 AMM 33-21. OPS CK GOOD.,9701140001,PartNumber,9701-14-0001,2023
ASAA2023071544055,2023-07-15,2023-07-17T18:52:44.120-05:00,ASAA,ASAA,A,NM,02,A,3030,J,,,K,,,,TX,V,949AK,BOEING,7379,43356,2968,853,,,,,,,,,,,,PITOT HEAD,0851HT1,,FAULTY,RH FWD FUSELAGE,,,,,,,,,,,,,,,,,,,,,,,,,,,,,,,,,,,AUX PITOT ILLUMINATED AFTER PUSH. GROUNDED - YES. REMOVED AND REPLACED AUX PITOT PROBE REF B737-9 AMM 34-11-01.,0851HT1,PartNumber,0851HT1,2023
ASAA2023071944174,2023-07-19,2023-07-24T18:39:48.127-05:00,ASAA,ASAA,A,NM,02,A,3610,O,,,D,,,,TX,V,596AS,BOEING,737890,35688,54288,16230,,,,,,,,,,,,SENSOR,1296663,24385,FAULTED,#1 ENGINE,15287,4816,15287,R,,,,,,,,,,,,,,,,,,,,,,,,,,,,,,,"BEFORE T/O A SPLIT WAS NOTED IN THE COMMANDED N1 FOR T/O POWER. L 87.8, R 87.2. L DUCT PRESSURE INDICATED 3 PSI, RIGHT INDICATED 20 PSI. CYCLING PACKS AND BLEEDS CAUSED SAME RESULT. OPENING THE ISOLATION VALVE SHOWED DUCT PRESSURS BOTH AT 16PSI. GROUNDED - YES. WHILE PREFORMING T/C NG-36WC-00002-1 FOUND LOOSE SENSE LINE FROM PCV TO WTAI, TORQUED B NUT AS REQUIRED. ACCOMPLISHED ENG BLEED AIR CROSSOVER OPS TEST, TEST GOOD IN REF TO AMM 36-11-00-710. MATT HERMON 45528 CONTINUE TASK CARD FROM TEST Q.COMPLETED T/C NG-36WC-00002-1; NO FAULTS FOUND. REF AMM 36-11-00-700-801 FIG 508: SUSPECT 450* THERMOSTAT. CHANGED 450* THERMO REF 36-11-05. PRECAUTION CHANGED 390* PRE-COOLER CONT VALVE SENSOR REF AMM 36-12-03.REQ ENG BLEED AIR CROSS OVER OPS TEST: REF AMM 36-11-00-710-801-TEST GOOD. ACFT OK FOR SERV. ETOPS SIG SYSTEM. NOTIFIED SEAMC : AUSTON.POST MAINT GROUND VERIFICATION CHECK: CHECK GOOD.",1296663,PartNumber,129666-3,2023
ASAA2023072844311,2023-07-28,2023-07-31T16:54:59.327-05:00,ASAA,ASAA,A,NM,02,A,7500,J,,,K,,,,TX,V,453AS,BOEING,737990ER,36354,35712,11238,,,,,,,,,,,,REGULATOR,1074847,19757,LEAKING,#1 ENGINE,14648,4285,1882,R,,,,,,,,,,,,,,,,,,,,,,,,,,,,,,,WITH APU OFF AND PACKS ON ENGINE BLEEDS DUCT SHOWED 9 PSI & RIGHT DUCT SHOWED 19 PSI (ON GROUND). AT CRUISE THRUST LEFT DUCT 40 PSI AND RIGHT DUCT 45 PSI AT FLIGHT IDLE IN DESCENT LEFT DUCT 13PSI AND 28 PSI RIGHT DUCT. GROUNDED - YES. ACCOMPLISHED ENGINE BLEED AIR SYSTEM HEALTH CHECK REF B737-900 AMM 36-11-00.FOUND HIGH STAGE VALVE DIFFICULT TO MOVE TO OPEN & CLOSE POSITIONS & HIGH STAGE REGULATOR LEAKING FROM DOWNSTREAM PRESSURE PORT AT SENSE LINE. REMOVED & REPLACED HIGH STAGE VALVE REF AMM 36-11-06 & HIGH STAGE REGULATOR REF AMM 36-11-07. ACCOMPLISHED ENGINE BLEED AIR CROSSOVER TEST PER AMM 36-11-00. ALL DUCT PRESSURES NORMAL.,1074847,PartNumber,107484-7,2023
ASAA2023073044325,2023-07-30,2023-08-01T17:26:12.637-05:00,ASAA,ASAA,A,NM,02,A,3040,M,,,K,,,,NR,V,934AK,BOEING,7379,43374,5369,1554,,,,,,,,,,,,MODULE,233A3201313,F09138,FAULTY,WINDOW HEAT,5364,1553,5364,R,,,,,,,,,,,,,,,,,,,,,,,,,,,,,,,"CAPTAIN SIDE LEFT FWD WINDOW HEAT SHOWS OVERHEAT. GROUNDED - YES. C/W WHCU BITE TEST REF. AMM 30-41-11, FOUND P5-9 FAULT LIGHT ILLUMINATEDSEAMC DOUG NOTIFIED NON ASA # 6PMR677B R&R WINDOW/PITOT HEAT MODULE P5-9 IAW AMM 30-00-02 OP CHECK GOOD PERFORMED PITOT PROBE, AOA SENSOR & TAT PROBE HEATER SYS TEST IAW 30-31-00. SYS TEST PASSED. SEAMC PETERS NOTIFIED NON ASA # 6PMR677B.",233A3201313,PartNumber,233A3201-313,2023
AALA202308030626,2023-06-30,2023-08-03T12:30:54.150-05:00,AALA,AALA,A,SW,23,A,2530,B,,,O,,,,CR,V,463AA,AIRBUS,A321253NX,11081,2424,678,,,,,,,,,,,,OVEN,820111000001,,DEFECTIVE,ZONE 900 - LAV/G,,,,,,,,,,,,,,,,,,,,,,,,,,,,,,,,,,,AIRCRAFT WAS NOT GROUNDED: FLIGHT ATTENDANT REPORTS OVEN BURNS FOOD TO A CHAR. A LITTLE BIT OF BLACK SMOKE. OVEN WAS SHUT OFF A NOT USED FOR REMAINDER OF THE FLIGHT. **SUPPLEMENTAL REPORT FOR AALA202307030626: MAINTENANCE REPLACED OVEN PER AMM 25-33-00 AND ACCOMPLISHED A SATISFACTORY OPERATIONAL CHECK**(CLOSED),820111000001,PartNumber,8201-11-0000-01,2023
ASAA2023080344401,2023-08-03,2023-08-04T15:18:01.347-05:00,ASAA,ASAA,A,NM,02,A,7200,O,,,K,,,,IN,V,593AS,BOEING,737890,35107,56195,16784,,,,,,,,,,,,BLADE,3400010380,DC9807251,CORRODED,NR 1 ENGINE,37062,9677,11819,R,,,,,,,,,,,,,,,,,,,,,,,,,,,,,,,"#18 BLADE #1 ENG IS PITTED IN AREA H, PLATFORM SEAL RUB AREA, OUT OF LIMITS. GROUNDED - YES. REPLACED #6 AND 18 FAN BLADE REF AMM 72-21-02 AND T/C 78472010.",3400010380,PartNumber,340-001-038-0,2023
ASAA2023080344402,2023-08-03,2023-08-04T15:18:01.357-05:00,ASAA,ASAA,A,NM,02,A,7220,O,,,K,,,,IN,V,593AS,BOEING,737890,35107,56195,16784,,,,,,,,,,,,BLADE,3400010380,DD4559604,CORRODED,#1 ENGINE,58652,24969,11819,R,,,,,,,,,,,,,,,,,,,,,,,,,,,,,,,"#19 BLADE #1 ENG IS PITTED IN AREA H, PLATFORM SEAL RUB AREA, OUT OF LIMITS. GROUNDED - YES. REPLACED #7 AND 19 FAN BLADES REF AMM 72-21-02 AND T/C 78472010.",3400010380,PartNumber,340-001-038-0,2023
DALA2023080706393,2023-08-05,2023-08-07T13:00:08.883-05:00,DALA,DALA,A,SO,27,A,3350,O,,,K,,,,IN,O,885DN,BOEING,737900ER,31996,16543,6147,,,,,,,,,,,,LIGHT,9701140001,,DEFECTIVE,UNKNOWN,,,,R,,,,,,,,,,,,,,,,,,,,,,,,,,,,,,,(LOG 4535630) LEFT FWD OVERWING WHITE LIGHT FLICKERS. REMOVED AND REPLACED OVERWING EXIT LIGHT PER B737 AMM 33-51.,9701140001,PartNumber,9701-14-0001,2023
ASAA2023072544431,2023-07-25,2023-08-07T18:17:38.467-05:00,ASAA,ASAA,A,NM,02,A,7310,O,,,K,,,,IN,O,937AK,BOEING,7379,44100,4748,1391,,,,,,,,,,,,FUEL NOZZLE,2085M31G03,PAT39J50,COKED,#1 ENGINE,4748,1391,4748,R,,,,,,,,,,,,,,,,,,,,,,,,,,,,,,,GE DIAGNOSTICS REPORTS #1 ENGINE (SN 60A323) TREND DATA SHOWS EXCESS COKING OF THE FUEL NOZZLE MAIN ORIFICES. -----#PRI3/ETOPS----- (FULL SET FUEL NOZZLE REPLACEMENT 737MAX T/C 73-ASA-02)NO EXTENSION ALLOWED (150 CYCLES).CNR 20230725055. GROUNDED - YES. (RESOLVED ON W/O: 1963219 TASKCARD: N/R-00001 ) REPLACED FULL FUEL NOZZLE SET ON #2 ENGINE S/N 60A323. SEAMC AUSTIN NOTIFIED.,2085M31G03,PartNumber,2085M31G03,2023
AALA202308111935,2023-08-10,2023-08-11T14:38:23.383-05:00,AALA,AALA,A,SW,23,A,2530,B,,,O,,,,NR,O,406AN,AIRBUS,A321253NX,8834,12949,3592,,,,,,,,,,,,OVEN,820111000001,,ODOR,ZONE 900 - LAV/G,,,,,,,,,,,,,,,,,,,,,,,,,,,,,,,,,,,AIRCRAFT WAS NOT GROUNDED: FLIGHT ATTENDANT REPORTED ELECTRICAL ODOR WHEN OPERATING FIRST CLASS GALLEY OVEN #2. ODOR DISSIPATED WHEN OVEN TURNED OFF. MAINTENANCE REPLACED OVEN PER AMM 25-35-19 AND ACCOMPLISHED A SATISFACTORY OPERATIONAL CHECK.,820111000001,PartNumber,8201-11-0000-01,2023
ASAA2023080944522,2023-08-09,2023-08-11T18:21:50.743-05:00,ASAA,ASAA,A,NM,02,A,7532,O,,,K,,,,CR,V,531AS,BOEING,737890,35199,46594,13551,,,,,,,,,,,,BLEED VALVE,32145526,11634,LEAKING,#2 ENGINE,41245,13573,7014,R,,,,,,,,,,,,,,,,,,,,,,,,,,,,,,,"INFLIGHT DUCT PRESSURE DIFFERENTIAL EXCEEDED 20 PSI AT 8000FT LEFT - 40PSI RIGHT - 65PSIAT 17000FT AND APPROX 10 MINS INFLIGHT LEFT - 45PSI RIGHT - 55PSIAT 34000FT AND APRROX 25 MINS - 30 MINS INFLIGHT LEFT - 45PSI RIGHT - 45PSIAT 34000FT AND 3.30 HRS OF FLIGHT TIME LEFT - 40 PSI RIGHT 40 PSI. GROUNDED - YES. T/S #2 ENG. PER B737-800 FIM 36-10 TASK 807. FOUND PRSOV LEAKING. PERFORMED OPS TEST OF PRSOV PER B737-800 AMM 36-11-04-860-003, OPS CHECK FAILED. REMOVED AND REPLACED #2 PRSOV REF AMM 36-11-04. OPS AND LEAK CK GOOD. PERFORMED ENGINE RUN FOR OPERATIONAL LIMITS PER AMM 71-00-00. OPS CK NORMAL.",32145526,PartNumber,3214552-6,2023
ASAA2023081044575,2023-08-10,2023-08-14T18:08:17.340-05:00,ASAA,ASAA,A,NM,02,A,3610,J,,,K,,,,NR,V,562AS,BOEING,737890,35091,61480,18163,,,,,,,,,,,,VALVE,32145526,14451,FAULTY,#2 ENGINE,33065,10067,20565,R,,,,,,,,,,,,,,,,,,,,,,,,,,,,,,,"ON DEP FROM LIH NOTED DUCT PRESSURE SPLITOF 22PSI L40 R18 N1'S 95.2/95.2. GROUNDED - YES. REMOVED PRSOV ON ENG #2 IAW AMM 36-11-04-000-801 DUE TO LEAK FOUND ON VALVE IT SELF R,MOLING 51286 08/11/2023 INSTALLED NEW PRSOV ON ENG #2 LEAK AND OPS CHECK GOOD. REF AMM 36-11-04-400-801.",32145526,PartNumber,3214552-6,2023
ASAA2023081144577,2023-08-11,2023-08-14T18:08:17.360-05:00,ASAA,ASAA,A,NM,02,A,7500,J,,,K,,,,NR,V,562AS,BOEING,737890,35091,61480,18163,,,,,,,,,,,,REGULATOR,1074926,5499,LEAKING,#2 ENGINE,15311,5041,9673,R,,,,,,,,,,,,,,,,,,,,,,,,,,,,,,,#2 ENG BLEED AIR REGULATOR LEAKING. GROUNDED - YES. REMOVED AND REPLACED #2 ENG BAR REF AMM 36-11-03.,1074926,PartNumber,107492-6,2023
ASAA2023081944685,2023-08-19,2023-08-21T17:28:10.060-05:00,ASAA,ASAA,A,NM,02,A,7532,J,,,K,,,,CL,V,529AS,BOEING,737890,35198,47125,13948,,,,,,,,,,,,BLEED VALVE,32145526,2951,FAILED,#2 ENGINE,95645,45731,257,R,,,,,,,,,,,,,,,,,,,,,,,,,,,,,,,"AFTER TAKEOFF RIGHT DUCT PRESSURE FLUCTUATED BETWEEN 62 AND 67 PSI. DIFFERENTIAL BETWEEN L AND R DUCT PRESSURE > 20 PSI. CLIMBIMG THROUGH 18,000 FEET, BOTH DUCT PRESSURES NORMALIZED. L DUCT STAYED 38-45 PSI. R DUCT WAS ABOVE 60 PSI AT CLIMB PWR FOR ABOUT 5 MINS. GROUNDED - YES. PERFOMED FIM TASK 36-10. 803. FOUND #2 ENG PRSOV IN THE OPEN POSITION, UNABLE TO CLOSE. REPLACED PRSOV REF AMM 36-11-04-400-801. OPS CHECK GOOD, NO OTHER DEFECTS NOTED. PERFORMED BLEED AIR CROSSOVER TES REF AMM 36-11-00-710-801, OPS TEST GOOD.",32145526,PartNumber,3214552-6,2023
ASAA2023082044709,2023-08-20,2023-08-22T12:52:16.263-05:00,ASAA,ASAA,A,NM,02,A,3610,J,,,K,,,,CL,V,535AS,BOEING,737890,35200,45379,13052,,,,,,,,,,,,SENSOR,1296663,16231,FAULTY,,5207,1540,5207,R,,,,,,,,,,,,,,,,,,,,,,,,,,,,,,,"ON CLIMB OUT GOT ""BLEED TRIP OFF"" ON #2 SIDE AFTER SELECTING WING-ANTI ICE ON. RAN QRH AND PUSHED TRIP RESET. NO FURTHER ABNORMAL INDICATION. GROUNDED - YES. ACCOMPLISHED FIM 36-10 TASK 801. FOUND NO FAULTS. REF T/C NG-36WC-00001 FOR #2 ENGINE BLEED SYSTEM HEALTH CHECK, NO FAULTS FOUND ON HEALTH CHECK. AS PRECAUTIONARY REMOVED AND REPLACED PREE COOLER CONTROL VALVE SENSOR PER AMM 36-12-03-000-801 AND 36-12-03-400-801. ACCOMPLISHED BLEED AIR CROSSOVER OPERATIONAL TEST PER AMM 36-11-00-710-801. TEST PASSED. WITH #2 ENGINE AT 90% N1 WING ANTI ICE ON AND OFF, NO BLEED TRIP FAULT.",1296663,PartNumber,129666-3,2023
AALA202308237325,2023-08-19,2023-08-23T13:43:24.397-05:00,AALA,AALA,A,SW,23,A,2612,J,,,A,,,,CR,O,903AN,BOEING,737823,29505,26155,63416,,,,,,,,,,,KIDDE,MODULE,4739551,,INOPERATIVE,ZONE 200 - FUSE,,,,,,,,,,,,,,,,,,,,,,,,,,,,,,,,,,,AIRCRAFT WAS GROUNDED: AN EMERGENCY WAS DECLARED AND THE AIRCRAFT DIVERTED TO IND DUE TO AFT CARGO FIRE WARNING. WARNING WENT OUT ON ITS OWN. NO SMOKE OR FUMES. AIRCRAFT LANDED SAFELY AT IND WITHOUT FURTHER INCIDENT. **SUPPLEMENTAL REPORT FOR AALA202308217325: REPLACED AFT CARGO ELECTRONIC UNIT PER AMM 26-16-02.** (CLOSED).,4739551,PartNumber,473955-1,2023
ASAA2023082144726,2023-08-21,2023-08-23T18:16:19.617-05:00,ASAA,ASAA,A,NM,02,A,7532,O,,,K,,,,CL,V,403AS,BOEING,737900ER,41730,40261,12826,,,,,,,,,,,,BLEED VALVE,32145526,4552,FAULTY,#1 ENGINE,77788,38205,8601,R,,,,,,,,,,,,,,,,,,,,,,,,,,,,,,,"L & R DUCT PRESSURE DIFFERENTIAL OUT OF LIMITS DURING ENTIRE CLIMB TO FL310. LEFT DUCT READ AS HIGH AS 65 PSI BUT FLUCTUATED BETWEEN 58 AND 65 DURING CLIMB, RIGHT DUCT WAS STEADY AT 37 PSI. AFTER LEVEL OFF 310, LEFT DUCT DECREASED TO WITH IN LIMITS TO 47 PSI AND RIGHT WAS STILL 37 PSI. GROUNDED - YES. DURING TROUBLE SHOOTING FOUND #1 ENGINE PRSOV NOT FULLY CLOSED REF B737-900 AMM 36-11-00-700-804 FOR HEALTH CHECK AND 36-00-00-860-807 PRSOV DOES NOT MOVE SMOOTHLY. REMOVED AND REPLACED PRSOV ON #1 ENGINE. PERFORMED OPERATIONAL CHECK AND FOUND HOSE ASSEMBLY TO PRE-COOLER LEAKING. OPS CHECK OF PRSOV WAS GOOD REF AMM 36-11-04-400-801. REMOVED AND REPLACED HOSE ASSY P/N 16135-81 TO PRE-COOLER ENGINE RUN OPERATIONAL CHECK GOOD. NOTED DUCT PRESSURE WAS EVEN BETWEEN L AND R WITH ENGINES AT 85 N2.",32145526,PartNumber,3214552-6,2023
ASAA2023081844815,2023-08-18,2023-08-29T17:11:17.983-05:00,ASAA,ASAA,A,NM,02,A,7220,O,,,K,,,,IN,V,492AS,BOEING,737990ER,44110,28421,8914,,,,,,,,,,,,BLADE,3400018160,,DEGRADED,#2 ENGINE,,,,,,,,,,,,,,,,,,,,,,,,,,,,,,,,,,,#2 ENGINE TREND DATA STILL SHOWS A RISE IN LOW PRESSURE ROTOR VIBRATION LEVELS WITH FAN SCATTER. (#PRI2/ETOPS)CNR 20230817065. TASK CARD 78472010. GROUNDED - YES. C/W TSR VIBES WITHIN LIMITS REPLACED 5 PLATFORMS.,3400018160,PartNumber,340-001-816-0,2023
ASAA2023082944853,2023-08-29,2023-08-31T17:34:54.387-05:00,ASAA,ASAA,A,NM,02,A,7500,J,,,D,,,,TX,V,486AS,BOEING,737990ER,44107,29519,9264,,,,,,,,,,,,REGULATOR,1074847,7610,FAULTY,#1 ENGINE,63234,21699,1059,R,,,,,,,,,,,,,,,,,,,,,,,,,,,,,,,AFTER ENGINE RUN START LEFT LEFT DUCT PRESSURE INDICATOR SHOWED 9 PSI AND THEN A SPLIT BETWEEN LEFT AND RIGHT INDICSATORS OF GREATER THAN 20 PSI ABOVE IDLE. GROUNDED - YES. PERFORMED ENGINE AIR BLEED HEALTH CHECK AND FOUND HIGH STAGE REGULATOR AND HGH STAGE VALVE AT FAULT.REMOVED AND REPLACED HIGH STAGE REGULATOR REF MM 36-11-07-000-801 AND 36-11-07-400-801 AND REMOVED AND REPLACED HIGH STAGE VALVE REF MM 36-11-06-000-801 AND 36-11-06-400-801 OPS AND LEAK CHECK GOOD.DUCT PRASSURE HOLDS STEADY FOR BOTH SIDED @ 20 PSI.GROUND VERIFICATION SUCCESSFUL.,1074847,PartNumber,107484-7,2023
ASAA2023082944857,2023-08-29,2023-08-31T17:34:54.413-05:00,ASAA,ASAA,A,NM,02,A,7220,O,,,K,,,,IN,U,590AS,BOEING,737890,35687,56604,16922,,,,,,,,,,,,BLADE,3400010260,DD871217K,FAILED INSP,#2 ENGINE FAN,25271,12815,25271,R,,,,,,,,,,,,,,,,,,,,,,,,,,,,,,,#2 ENGINE #22 FAN BLADE FAILED ULTRASONIC INSP. GROUNDED - YES. INSTALLED NEW FAN BLADES AT 2 POSITIONS 22 AND 10 IAW T/C 78472010.,3400010260,PartNumber,340-001-026-0,2023
ASAA2023083044858,2023-08-30,2023-08-31T17:34:54.420-05:00,ASAA,ASAA,A,NM,02,A,7220,O,,,K,,,,IN,V,588AS,BOEING,737890,35685,55605,16557,,,,,,,,,,,,BLADE,3400010260,DM0191372,DEGRADED,ENGINE FAN,43361,12642,43361,R,,,,,,,,,,,,,,,,,,,,,,,,,,,,,,,"WHILE ACCOMP T/C'S: SBCFM56-7B-72-1033 & 78472010; REQ CHANGE OF: BLADES #1, #11, #13, & #23 + 14 PLATFORMS + 14 SPACERS. GROUNDED - YES. REPLACED BLADES: #1, #11, #13, & #23 + 14 PLATFORMS + 14 SPACERS WITH NEW. REF AMM 72-21-02.",3400010260,PartNumber,340-001-026-0,2023
ASAA2023083044859,2023-08-30,2023-08-31T17:34:54.427-05:00,ASAA,ASAA,A,NM,02,A,7220,O,,,K,,,,IN,V,588AS,BOEING,737890,35685,55605,16557,,,,,,,,,,,,BLADE,3400010260,DM018797P,DEGRADED,ENGINE FAN,43361,12642,43361,R,,,,,,,,,,,,,,,,,,,,,,,,,,,,,,,"BLADE MAPPING SOULTION REQ'D BLADES: #3, #6, #11, & #15 TO BE CHANGED OUT WITH NEW FOR WORKABLE WEIGHT MOMENTS. ( ALSO SEE LOG'S: 60645296 & 60645297 ). GROUNDED - YES. SWAPPED OUT BLADES WITH NEW: #3, #6, #11, & #15 AS REQUIRED. REF AMM 72-21-02.",3400010260,PartNumber,340-001-026-0,2023
AALA202309010062,2023-08-30,2023-09-01T12:50:33.673-05:00,AALA,AALA,A,SW,23,A,2611,N,,,F,A,,,CL,O,806NN,BOEING,737823,29561,41123,17180,,,,,,,,,,,KIDDE,SMOKE DETECTOR,4735975,,FALSE INDICATION,ZONE 100 - FUSE,,,,,,,,,,,,,,,,,,,,,,,,,,,,,,,,,,,"AIRCRAFT WAS GROUNDED: AN EMERGENCY WAS DECLARED AND THE AIRCRAFT RETURNED TO JKF. DURING CLIMB AT APPROXIMATELY 17,000 THE AFT CARGO COMPARTMENT FIRE LIGHT ILLUMINATED AND THE BELL ACTIVATED. FLIGHT CREW RAN THE QRH PROCEDURES AND DISCHARGED THE AFT CARGO COMPARTMENT FIRE BOTTLES. DURING THE RETURN TO JFK THE FIRE LIGHT AND BELL ACTIVATED SEVERAL MORE TIMES. THE AIRCRAFT LANDED SAFELY AT JFK WITHOUT FURTHER INCIDENT. MAINTENANCE INSPECTED THE AFT CARGO COMPARTMENT AND FOUND NO EVIDENCE OF SMOKE OR FIRE. MAINTENANCE FOUND THE AFT CARGO COMPARTMENT SMOKE DETECTORS AT POSITIONS A1 (AALA202309013051) AND B1 (AALA202309010062) FAULTED. MAINTENANCE REPLACED THE SMOKE DETECTORS PER AMM 26-16-01. A SATISFACTORY OPERATIONAL CHECK WAS ACCOMPLISHED.",4735975,PartNumber,473597-5,2023
AALA202309013051,2023-08-30,2023-09-01T12:50:33.727-05:00,AALA,AALA,A,SW,23,A,2611,N,,,F,A,,,CL,O,806NN,BOEING,737823,29561,41123,17180,,,,,,,,,,,KIDDE,SMOKE DETECTOR,4735975,,FALSE INDICATION,ZONE 100 - FUSE,,,,,,,,,,,,,,,,,,,,,,,,,,,,,,,,,,,"AIRCRAFT WAS GROUNDED: AN EMERGENCY WAS DECLARED AND THE AIRCRAFT RETURNED TO JKF. DURING CLIMB AT APPROXIMATELY 17,000 THE AFT CARGO COMPARTMENT FIRE LIGHT ILLUMINATED AND THE BELL ACTIVATED. FLIGHT CREW RAN THE QRH PROCEDURES AND DISCHARGED THE AFT CARGO COMPARTMENT FIRE BOTTLES. DURING THE RETURN TO JFK THE FIRE LIGHT AND BELL ACTIVATED SEVERAL MORE TIMES. THE AIRCRAFT LANDED SAFELY AT JFK WITHOUT FURTHER INCIDENT. MAINTENANCE INSPECTED THE AFT CARGO COMPARTMENT AND FOUND NO EVIDENCE OF SMOKE OR FIRE. MAINTENANCE FOUND THE AFT CARGO COMPARTMENT SMOKE DETECTORS AT POSITIONS A1 (AALA202309013051) AND B1 (AALA202309010062) FAULTED. MAINTENANCE REPLACED THE SMOKE DETECTORS PER AMM 26-16-01. A SATISFACTORY OPERATIONAL CHECK WAS ACCOMPLISHED.",4735975,PartNumber,473597-5,2023
CALA2023083002665,2023-08-28,2023-09-06T09:34:54.480-05:00,CALA,CALA,A,SW,27,A,3830,O,,,O,,,,UK,9,45440,BOEING,737900ER,33535,44989,15740,,,,,,,,,,,,TOILET,158000293,,INOPERATIVE,LAV D,,,,,,,,,,,,,,,,,,,,,,,,,,,,,,,,,,,"LAV D WONT STOP FLUSHING PLACED LAV D ON MEL 3802D. MEL COMPLIED WITH. PLACED LAV D ON MEL 3802D. ADD EMP:U377217 DISPATCH DESK: 8    NAME: LW  DATE: 08-AUG-23- NOC DESK: 9    NAME: AV DATE: 08-AUG-23- TOMC APPROVED 3802D REMOVED AND REPLACED LAV D TOILET ASSY.PER REF AMM38-32-01. OP CHECK GOOD. PARTS USED:  53-3832-9-0004,QTY :1 ROTABLE PARTS CHANGE WAS INDICATED - TT # 1501663  SN OFF 7709 TOILET, VACUUM,  OFF 53-3832-9-0004 7709 ON 53-3832-9-0004 2733",158000293,PartNumber,15800-029-3,2023
DALA2023090607297,2023-09-05,2023-09-06T15:29:23.970-05:00,DALA,DALA,A,SO,27,A,7532,O,,,K,,,,CR,O,3772H,BOEING,737832,30823,42124,15693,CFMINT,CFM567B263,897721,41055,18323,,,,,,,BLEED VALVE,1074847,5586,INOPERATIVE,UNKNOWN,49041,21404,16476,R,,,,,,,,,,,,,,,,,,,,,,,,,,,,,,,"SHIP 3772 - ATB - DUE TO THE LEFT ENGINE BLEED PRESSURE IS AT ZERO. CORRECTIVE ACTION: REPLACED PRE COOLER VALVE, PRSOV AND HIGH STAGE REGULATOR.",1074847,PartNumber,107484-7,2023
ASAA2023090544964,2023-09-05,2023-09-07T18:41:54.993-05:00,ASAA,ASAA,A,NM,02,A,7500,O,,,K,,,,NR,V,413AS,BOEING,737990ER,35205,39031,12259,,,,,,,,,,,,REGULATOR VALVE,32145526,15237,INOPERATIVE,#1 ENGINE,25243,9349,13641,R,,,,,,,,,,,,,,,,,,,,,,,,,,,,,,,ENG 01 BLEED INOP. GROUNDED - YES. REMOVED AND REPLACED ENG #1 PRSOV OPS CHECK GOOD REF AMM 36-11-04-400-801.,32145526,PartNumber,3214552-6,2023
AALA202309071586,2023-09-04,2023-09-07T16:43:48.030-05:00,AALA,AALA,A,SW,23,A,2530,B,,,K,,,,IN,O,958NN,BOEING,737823,31203,26354,10686,,,,,,,,,,,,OVEN,820111000001,,ODOR,ZONE 900 - LAV/G,,,,,,,,,,,,,,,,,,,,,,,,,,,,,,,,,,,AIRCRAFT WAS NOT GROUNDED: NUMBER 1 OVEN IN FORWARD GALLEY HAS A MILD ELECTRICAL BURNING SMELL. REMOVED AND REPLACED NUMBER 1 OVEN. PER AMM 25-32-02.OPS.,820111000001,PartNumber,8201-11-0000-01,2023
AALA202309112449,2023-09-09,2023-09-11T16:28:41.070-05:00,AALA,AALA,A,SW,23,A,2530,B,,,K,,,,NR,O,969NN,BOEING,737823,31215,25021,10180,,,,,,,,,,,,OVEN,820111000001,,ODOR,ZONE 900 - LAV/G,,,,,,,,,,,,,,,,,,,,,,,,,,,,,,,,,,,AIRCRAFT WAS GROUNDED: FORWARD GALLEY OVEN #1 HAS A BURNING AND EXHAUST ODOR DURING OPERATION. REMOVED AND REPLACED FORWARD GALLEY #1 OVEN PER AMM 25-32-03.,820111000001,PartNumber,8201-11-0000-01,2023
ASAA2023090745027,2023-09-07,2023-09-11T17:28:24.313-05:00,ASAA,ASAA,A,NM,02,A,2300,J,,,K,,,,NR,V,931AK,BOEING,7379,43353,6377,1854,,,,,,,,,,,,ELECTRONIC UNIT,534011,110439,FAULTY,E4-1,39461,11497,34732,R,,,,,,,,,,,,,,,,,,,,,,,,,,,,,,,HF#1 RECEIVE NO TRANSMIT. GROUNDED - YES. REPLACED REU REF AMM 23-51-01-000/400-801 (REF LP 60911257 FOR P/N TRANSACTION) VERIFIED OPS CK OF HF #1 RECEIVE/TRANSMIT PASS REF AMM 23-11-00-710-801. THIS CLEARS MEL 23-11-01B PLACARDS REMOVED SEAMC ANDY NOTIFIED,534011,PartNumber,5340-1-1,2023
AALA202309139985,2023-09-11,2023-09-13T15:03:36.653-05:00,AALA,AALA,A,SW,23,A,2530,B,,,O,,,,NR,O,935NN,BOEING,737823,33231,29428,12579,,,,,,,,,,,,OVEN,820111000001,,SMOKE,GALLEY,,,,,,,,,,,,,,,,,,,,,,,,,,,,,,,,,,,AIRCRAFT WAS NOT GROUNDED: GALLEY 1 NUMBER 2 OVEN HAS SMOKING BURNING SMELL. REMOVED AND REPLACED NUMBER 2 OVEN PER AMM 25-11-21.,820111000001,PartNumber,8201-11-0000-01,2023
ASAA2023091145079,2023-09-11,2023-09-13T18:54:30.140-05:00,ASAA,ASAA,A,NM,02,A,7500,O,,,K,,,,TX,O,409AS,BOEING,737990ER,41733,38487,12252,,,,,,,,,,,,REGULATOR,1074847,2761C,MALFUNCTIONED,#2 ENGINE,91617,36683,1154,R,,,,,,,,,,,,,,,,,,,,,,,,,,,,,,,"AFTER LANDING AND ENGINES AT IDLE. RH DUCT PRESSURE WAS AT 6 PSI, LH DUCT PRESSURE WAS AT 18PSI. AFTER SWITCHING TO APU BLEED AIR BOTH PRESSURES ROSE TO 05 PSI. GROUNDED - YES. (RESOLVED ON W/O: 1969307 TASKCARD: N/R-00001 ) FOUND #2 HSR FAILD, REPLACED HSR REF MM 36-11-07-400-801. LEAK CK GOOD. REQUIRES CROSSOVER CK. . DURING CROSSOVER BLEED OPS TEST, DUCT SPLIT OF 17PSI FOUND AT 80% N1. REMOVED AND REPLACED TEMP BLEED AIR OVER TEMP SENSOR REF AMM 36-11-05-400-801 AND PRECOOLER CONTROL VALVE 36-12-03-400-801. NO LEAKS NOTED,  THIS CLEARS MEL 36-9B CN 11056409 REVERSE MEL PROCEDURES PLACARDS REMOVED SEAMC NOTIFIED.",1074847,PartNumber,107484-7,2023
ASAA2023091545159,2023-09-15,2023-09-18T18:41:00.547-05:00,ASAA,ASAA,A,NM,02,A,3411,J,,,K,,,,TX,V,953AK,BOEING,7379,44103,3484,998,,,,,,,,,,,,PITOT TUBE,0851HT1,,FAULTY,LEFT FWD FUSELAG,,,,,,,,,,,,,,,,,,,,,,,,,,,,,,,,,,,CAPT PITOT LIGHT ILLUMINATED PRIOR TO TAXI WITH BOTH ENGINES RUNNING. GROUNDED - YES. REMOVED & REPLACED CAPTAINS PITOT PROBE IAW BOEING 737NG AMM 34-11-01. OPS CHK LEAK CHECK GOOD.,0851HT1,PartNumber,0851HT1,2023
ASAA2023083145181,2023-08-31,2023-09-18T18:41:03.107-05:00,ASAA,ASAA,A,NM,02,A,7313,O,,,K,,,,IN,O,928AK,BOEING,7379,44099,6087,1746,,,,,,,,,,,,FUEL NOZZLE,2085M31G03,,DIRTY,#1 ENGINE,,,,,,,,,,,,,,,,,,,,,,,,,,,,,,,,,,,"GE DIAGNOSTICS REPORTS #1 ENGINE TREND DATA SHOWS EXCESS COKING OF THE FUEL NOZZLE MAIN ORIFICES. (#PRI3/ETOPS) (FULL SET FUEL NOZZLE REPLACEMENT)NO EXTENSION ALLOWED (225 CYCLES OR 45 DAYS, WHICHEVER OCCURS FIRST).CNR 20230831043. GROUNDED - YES. (RESOLVED ON W/O: 1963294 TASKCARD: N/R-00001 ) REPLACED ALL FUEL NOZZLES PER T/C 73-ASA-02.",2085M31G03,PartNumber,2085M31G03,2023
AALA202309194530,2023-09-15,2023-09-19T15:39:11.467-05:00,AALA,AALA,A,SW,23,A,2530,B,,,K,,,,IN,O,959NN,BOEING,737823,33329,26779,10780,,,,,,,,,,,,OVEN,820111000001,,ODOR,ZONE 900 - LAV/G,,,,,,,,,,,,,,,,,,,,,,,,,,,,,,,,,,,AIRCRAFT WAS GROUNDED: WHEN OVEN ON BURNING SMELL. REPLACED FORWARD GALLEY #2 OVER PER AMM 25-32-02.,820111000001,PartNumber,8201-11-0000-01,2023
CALA2023092502871,2023-09-22,2023-09-25T03:07:56.207-05:00,CALA,CALA,A,GL,33,A,2130,J,,,A,,,,CR,V,17730,BOEING,737724,28798,76347,27417,,,,,,,,,,,BOEING,TUBE,332A235014,NA,CRACKED,RH ENG,,,,,,,,,,,,,,,,,,,,,,,,,,,,,,,,,,,"CABIN ALTITUDE WARN IN FLIGHT. 02, 04 SEE F.I.M BELOW ON PIC. CREW REPORTS FLIGHT ALT OF 28000FT AND CABIN ALT OF 10500FT, NO CABIN PRESSURE CONTRL FAULTS. OPS CHECK ON OFV HAS NO FAULTS. INSPECTED PACK BAY AREA, NO LEAKAGE NOTED. CABIN PRESSURE CTRL BITE CHECK HAS LO INFL/ HI LEAKG IN FAULT HISTORY ON FLT LEG 00, REF.LOGPAGE 5820708 FOR ACTION TAKEN. DUE TO REPORT OF EXCESSIVE CABIN PRESSURE LOSS NOTED IN FLIGHT WITH SUBSEQUENT DIVERSION TO EWR: ACCOMPLISH CABIN PRESSURE LEAK TEST AMM 05-51-91-790-801 AND REPORT ALL ALL FINDINGS TO TOMC. PERFORMED CABIN PRESSURE LEAK TEST AS PER AMM 05-51-91-790-801 AND NO CABIN LEAKS WERE FOUND.PERFORMED RIGHT ENGINE RUN AND FOUND NO RIGHT ENGINE BLEED.FOUND CRACKED BLEED SENSE LINE,REPLACED SUPPLY PRESSURE SENSE LINE FROM BLEED AIR REGULATOR TO THE PRECOOLER CONTROL VALVE AS PER AMM 36-12-02-400-801.RAN ENGINE AND FOUND TO BE WORKING SATISFACTORY AT THIS TIME. PARTS USED: 29-3611-3-0010,QTY :1",332A235014,PartNumber,332A2350-14,2023
AALA202309258992,2023-09-20,2023-09-25T11:24:14.060-05:00,AALA,AALA,A,SW,23,A,2530,B,,,K,,,,NR,O,650AW,AIRBUS,A320232,856,81956,33290,,,,,,,,,,,,OVEN,67262001003,,ODOR,ZONE 900 - LAV/G,,,,,,,,,,,,,,,,,,,,,,,,,,,,,,,,,,,AIRCRAFT WAS NOT GROUNDED: FORWARD GALLEY OVEN #110 LEFT SIDE SMELLS TOXIC AND IS NOT HEATING PROPERLY. MAINTENANCE REPLACED OVEN PER AMM 25-35-15.,67262001003,PartNumber,67262-001-003,2023
ASAA2023090845251,2023-09-08,2023-09-25T17:38:27.753-05:00,ASAA,ASAA,A,NM,02,A,7313,O,,,K,,,,IN,O,978AK,BOEING,7379,43348,4606,1349,,,,,,,,,,,,FUEL NOZZLE,2085M31G03,,COKED,#1 ENGINE,,,,,,,,,,,,,,,,,,,,,,,,,,,,,,,,,,,GE DIAGNOSTICS REPORTS #1 ENGINE TREND DATA SHOWS EXCESS COKING OF THE FUEL NOZZLE MAIN ORIFICES. (#PRI3/ETOPS) (FULL SET FUEL NOZZLE REPLACEMENT)NO EXTENSION ALLOWED (150 CYCLES).CNR 20230907074. GROUNDED - YES. (RESOLVED ON W/O: 1968805 TASKCARD: N/R-00001 ) REPLACED ALL NOZZLES PER T/C 73-ASA-02 ON THIOS W/O.,2085M31G03,PartNumber,2085M31G03,2023
ASAA2023093045379,2023-09-30,2023-10-02T19:03:06.110-05:00,ASAA,ASAA,A,NM,02,A,7220,O,,,K,,,,IN,V,519AS,BOEING,737890,36482,52813,15627,CFMINT,CFM567B20,,,,,,,,,,BLADE,3400010380,DE0546708,DAMAGED,#1 ENGINE,31686,10746,3998,R,,,,,,,,,,,,,,,,,,,,,,,,,,,,,,,"PER TC # 78472010, FAN LUBE FOUND FAN BLADES DAMAGED BEYOND LIMITS ALONG CONTACT POINTS WITH PLATFORM SEALS #2 ENGINE. GROUNDED - YES. DURING #2 ENGINE FAN LUBE REPLACED 6 PLATFORMS, AND REPLACED BLADES WITH SERVICEABLE.",3400010380,PartNumber,340-001-038-0,2023
AALA202310038617,2023-10-02,2023-10-03T16:45:04.103-05:00,AALA,AALA,A,SW,23,A,3830,B,,,K,,,,CR,O,901NN,BOEING,737823,33226,32890,13967,,,,,,,,,,,,TOILET,158000293,,ODOR,ZONE 900 - LAV/G,,,,,,,,,,,,,,,,,,,,,,,,,,,,,,,,,,,AIRCRAFT WAS GROUNDED: EXCESSIVE ODOR FROM R4 LAVATORY. REMOVED AND REPLACED AFT RIGHT HAND TOILET ASSEMBLY. PER AMM 38-32-15.,158000293,PartNumber,15800-029-3,2023
ASAA2023092945479,2023-09-29,2023-10-09T17:17:12.647-05:00,ASAA,ASAA,A,NM,02,A,7313,O,,,K,,,,IN,O,973AK,BOEING,7379,43346,5998,1721,,,,,,,,,,,,FUEL NOZZLE,2085M31G03,,COKED,#2 ENGINE,,,,,,,,,,,,,,,,,,,,,,,,,,,,,,,,,,,"GE DIAGNOSTICS REPORTS CNR 20230929082 #2 ENGINE (S/N 603191) TREND DATA SHOWS EXCESS COKING OF THE FUEL NOZZLE MAIN ORIFICES. (#PRI3/ETOPS) (FULL SET FUEL NOZZLE REPLACEMENT 737MAX T/C 73-ASA-02)NO EXTENSION ALLOWED (225 CYCLES OR 45 DAYS, WHICHEVER OCCURS FIRST). GROUNDED - YES. (RESOLVED ON W/O: 1967838 TASKCARD: N/R-00002 ) T/C 73-ASA-02 ACCOMPLISHED FOR ENGINE #2 THIS CLEARS THE TRS SEAMC CARL NOTIFIED.",2085M31G03,PartNumber,2085M31G03,2023
AALA202310109668,2023-10-09,2023-10-10T12:01:15.350-05:00,AALA,AALA,A,SW,23,A,2530,B,,,O,,,,NR,O,315RJ,BOEING,737823,44449,10925,4158,,,,,,,,,,,,OVEN,820111000001,,ODOR,ZONE 900 - LAV/G,,,,,,,,,,,,,,,,,,,,,,,,,,,,,,,,,,,"AIRCRAFT WAS NOT GROUNDED: FLIGHT ATTENDANTS REPORTED OVEN NUMBER 2 WHEN TURNED ON, ELECTRICAL SMELL IS PRESENT. REMOVED AND REPLACED NUMBER 2 OVEN. PER AMM 25-32-03. FUNCTIONAL CHECK GOOD.",820111000001,PartNumber,8201-11-0000-01,2023
ASAA2023100945541,2023-10-09,2023-10-11T14:48:37.040-05:00,ASAA,ASAA,A,NM,02,A,7532,O,,,K,,,,CR,V,565AS,BOEING,737890,35181,61399,18380,,,,,,,,,,,,BLEED VALVE,32145526,4440,LEAKING,#1 ENGINE,5446,2839,5446,R,,,,,,,,,,,,,,,,,,,,,,,,,,,,,,,"INFLIGHT DUCT PRESSURE DIFFERENTIAL EXCEEDS 20 PSI. LEFT DUCT 14 PSI. RIGHT DUCT 40 PSI. GROUNDED - YES. PER FIM TASK 36-10 TASK 804 FOUND EXCESSIVE LEAKAGE COMING FROM #1 ENG PRSOV, REMOVED #1 ENG PRSOV REF AMM 36-11-04. E.RAMIREZ 54204.INSTALLED SERVICEABLE PRSOV PER AMM 36-11-04.LEAK CHECK GOOD. ACCOMPLISHED ENGINE BLEED AIR CROSSOVER TEST, OPS TEST GOOD IAW B737 AMM 36-11-00-710-801. NO DEFECTS NOTED.",32145526,PartNumber,3214552-6,2023
CALA2023101303049,2023-10-10,2023-10-13T13:16:46.800-05:00,CALA,CALA,A,GL,33,A,2300,B,O,,A,,,,CR,O,75436,BOEING,737924ER,33531,45165,15889,,,,,,,,,,,,CONTROL PANEL,G7404124,14546,FAULTY,HF RADIO,27767,10216,27767,R,,,,,,,,,,,,,,,,,,,,,,,,,,,,,,,"PER FLIGHT CREW , ONCE AT CRUISE ALL LIGHTS ON CENTER PEDESTAL STARTED TO FLASH WITH A  FUME SMELL. ALL COMM HEADS, NAV HEADS, CARGO FIRE HEADS, WERE FLASHING EXCEPT FOR SELCAL AND FLT DK DOOR LIGHTS. DISCONNECTED CONNECTOR FROM STAB TRIM OVERRIDE PANEL ALL RADIO PANELS AND NAV PANELS AND CARGO FIRE DETECTION PANEL DISPLAYS AND INDICATIONS RETURNED TO NORMAL. INSPECTED FWD AND AFT E&AMP;E COMPARTMENTS NO FLUIDS FOUND.INSPECTED WIRING IN P8 AFT PEDESTAL AND AVIONICS COMPTS..REF LOG PAGES 5987908, 5993049, 5998176, 5993047, 5993109. PERFORMED CONDITIONAL INSPECTION REF AMM 05-51-26-800-801-C1.REF SWPM 20-60-03. REF LOG PAGE 5987108 NEED TO REPLACE #3 RTP. PANEL, RADIO TU OFF 29-2320-9-0002 4546 ON 29-2320-9-0002 0216 PANEL, RADIO TU OFF 29-2320-9-0002 4546 ON 0000 REMOVED AND REPLACED OBSERVERS RTP,OP CHECK NORMAL.REF AMM 23-12-41-400-801. PARTS USED: 29-2320-9-0002,QTY :1 ROTABLE PARTS CHANGE WAS INDICATED - TT # 1536721 SN OFF 4546. COMM MANAGEMENT UNIT WILL NOT TEST OR POWER UP. UNIT, COMM MGMT OFF 76-2337-9-9001 3756 ON 76-2337-9-9001 4488 UNIT, COMM MGMT OFF 76-2337-9-9001 3756 ON 0000 R&AMP;R COMM MANAGEMENT UNIT REF AMM 23-27-33-020-801, 23-27-33-420-801, 23-27-00-800-801, 23-27-33-700-802, 23-27-35-700-801.  CAPT'S NAV PANEL REQUIRES REPLACEMENT DUE TO COFFEE SPILL AND PANEL FLASHING. PANEL, CONTROL,",G7404124,PartNumber,G7404-124,2023
ASAA2023101545609,2023-10-15,2023-10-16T18:26:29.067-05:00,ASAA,ASAA,A,NM,02,A,7532,O,,,K,,,,IN,V,562AS,BOEING,737890,35091,62054,18367,,,,,,,,,,,,BLEED VALVE,32022221,12201,STUCK,#1 ENGINE,49210,15798,49210,R,,,,,,,,,,,,,,,,,,,,,,,,,,,,,,,"FOLLOWUP TO REPORTS OF #1 ENGINE STARTING ISSUES AROUND MAX MOTORING SPEED. GROUNDED - YES. PERFORMED TSR STEPS 1-4. STEP 2 REMOVED, INSPECTED AND REPLACED NO 1 ENG 5TH STAGE CHECK VALVE REF B737-800 AMM 36-11-02. STEP 3 START VALVE DID NOT OPEN FULLY. REMOVED AND REPLACED NO 1 ENG START VALVE REF AMM 80-11-03. ALL OTHER STEPS NFF. OPS CHECK AND LEAK CHECK GOOD. NO FURTHER ENG STARTING ISSUES AROUND MAX MOTORING.",32022221,PartNumber,3202222-1,2023
CALA2023101903111,2023-10-15,2023-10-19T06:21:47.930-05:00,CALA,CALA,A,GL,33,A,2610,M,,,A,,,,CL,O,26215,BOEING,737824,28775,77365,28216,,,,,,,,,,,,VALVE,32144464,6852,LEAKING,ENG#1,63642,23728,6009,R,,,,,,,,,,,,,,,,,,,,,,,,,,,,,,,"ENG 1 OVHT PERFORMED ENGINE/APU CONTROL BITE NO FAULTS REF. AMM 26-10 TASK APPLIED PNEUMATICS FROM APU TO #1 ENG REF 801. AMM36-00-00-860-803,FOUND BAD LEAK AT HIGH STAGE VALVE SHAFT SEAL. BORROWED PART FROM SOUTHWEST AIRLINE TAG IN LOG BOOK ROTABLE PARTS CHANGE WAS INDICATED - TT # 1623300  SN OFF 6852 R/R HPV  P/N 3214446-4 ,M&AMP;E 33-3612-4-0005. WORK PERFORMED IAW ACP POWER ASSURANCE CHECK REF AMM 71-00-00-700-813-F00 @ 65% N1, AMM TASK 36-11-06-000-801, 36 11-06-400-807 , PERFORMED INSTALL AND 75% N1. CHECKS OK. NO OVERHEAT INDICATION. TEST OPTION 2. NO LEAKS FOUND .PLACED A/C BACK INTO USUAL ADD EMP:U015521 CONDITION. VALVE, HIGH STA  OFF 29-3611-9-0002 6852 ON 29-3611-9-0002 9607, OPS/ LEK CHK GOOD,PLACARD REMOVED. PARTS USED:  1534691,QTY :1 ROTABLE PARTS CHANGE WAS INDICATED - TT # 1534691  SN OFF 9607 VALVE, HIGH STA  OFF 29-3611-9-0002 9607 ON 29-3611-9-0002 3912",32144464,PartNumber,3214446-4,2023
CALA2023102003123,2023-10-19,2023-10-20T11:50:18.447-05:00,CALA,CALA,A,GL,33,A,3600,O,,,A,,,,CR,O,87527,BOEING,737824,38701,42915,14674,,,,,,,,,,,HNYWL,SHUTOFF VALVE,32145526,5659,LEAKING,ENG#1,61500,23499,22554,R,,,,,,,,,,,,,,,,,,,,,,,,,,,,,,,"R PAK 40PSI. L PAK 5 PSI INSPECTED #1 ENG PRSOV AND FOUND LEAKING ON PRSOV DIAPHRAGM CYLINDER, REMOVED AND REPLACED #1 ENG PRSOV,  REF AMM 36-11-04-400-801. REQUEST OPS TEST OF  #1 ENG PRSOV REF 36-00-00-860-801. ROTABLE PARTS CHANGE WAS INDICATED - TT # 1503807  SN OFF 5659 VALVE, SHUTOFF,  OFF 29-3612-9-0004 5659 ON 29-3612-9-0004 2860 PERFORMED OPS CHK OF LEFT PNUEMATIC SYS PER AMM 36-00-00-860-804. ALL INDICATIONS NORMAL.",32145526,PartNumber,3214552-6,2023
CALA2023102003125,2023-10-17,2023-10-20T11:50:18.743-05:00,CALA,CALA,A,GL,33,A,7532,J,,,A,,,,CR,O,27722,BOEING,737724,28789,77759,27959,,,,,,,,,,,HNYWL,BLEED VALVE,1074926,16380,OUT OF LIMITS,ENG#1,26991,9909,1253,R,,,,,,,,,,,,,,,,,,,,,,,,,,,,,,,"NO LFT BLEED PRESSURE 0 PERFORMED PNEUMATIC HEALTH CHECK REF AMM 36-11-00-710-802/803. ROTABLE PARTS CHANGE WAS INDICATED - TT # 1812315  SN OFF 6380 FOUND BLEED AIR REGULATOR AT UPPER LIMIT. REMOVED AND REPLACED BLEED AIR REGULATOR REF AMM 36-11-03-000-801/400-801. RAN NUMBER 1 ENGINE TO 70% N1. 45 PSI  INDICATED OPERATIONAL CHECKS GOOD. ADD EMP:364728 REGULATOR, BLEE  OFF 29-3611-9-0005 6380 ON 29-3611-9-0005 5248",1074926,PartNumber,107492-6,2023
AALA202310234191,2023-10-20,2023-10-23T14:46:07.957-05:00,AALA,AALA,A,SW,23,A,3411,O,,,A,,,,CL,V,840NN,BOEING,737823,33518,39807,16615,,,,,,,,,,,ROSEMOUNT,PITOT TUBE,0851HT1,,FAULTY,ZONE 100 - FUSE,,,,,,,,,,,,,,,,,,,,,,,,,,,,,,,,,,,AIRCRAFT WAS GROUNDED: AN EMERGENCY WAS DECLARED AND THE AIRCRAFT DIVERTED TO IAD DUE TO FIRST OFFICER'S AIRSPEED INDICATION UNRELIABLE. AIRCRAFT LANDED SAFELY AT IAD WITHOUT FURTHER INCIDENT. REPLACED FIRST OFFICER'S PITOT TUBE PER AMM 34-11-01 (AALA202310234191) AND AIR DATA MODULE PER AMM 34-21-04 (AALA202310232497).,0851HT1,PartNumber,0851HT1,2023
CALA2023102503170,2023-10-22,2023-10-25T08:17:20.430-05:00,CALA,CALA,A,GL,33,A,7500,J,O,,A,,,,CR,O,87527,BOEING,737824,38701,42934,14682,,,,,,,,,,,HONEYWELL,SENSOR,1296943,11053,INOPERATIVE,"STA274.65, ENG#1",46639,16149,22695,R,,,,,,,,,,,,,,,,,,,,,,,,,,,,,,,"BLEED TRIP OFF LIGHT COMES ON DURING CLIMB LIGHT NO. 1 LEFT BLEED TRIP OFF DURING CLIMB DEBREIFED PILOTS AT THE GATE. THEY STATED THAT BETWEEN 14000 AND 15000FT DURING THE CLIMB THAT THE #1 BLEED TRIP LIGHT ILLUMINATED. CREW WAS UNABLE TO RESET AND THEREFOR ELECTED TO RETURN TO FIELD. THIS FAULT HAS HISTORY. PERFORMED BLEED SHIFT AT PART POWER REF AMM 71-00-00-700-813-F00 L/H ENGINE BLEED SHIFTED NORMALLY AND REGULATED AT 45PSI OPS CHECK GOOD AT THIS TIME. ALERTED {36-0051-S870} *UNREGULATED LEFT DUCT PRESSURE LOW* (4 PSI) DURING CLIMB AT 96% N1. PRECOOLER TEMP AROUND 420F RIGHT DUCT PRESSURE AT 40PSI. PCCV 390 SENSOR REGULATING NORMAL. PLS PERFORM VISUAL INSP OF THE SENSE LINES/B-NUTS ASSOCIATED WITH PRSOV,BAR,450 SENSOR ARE DAMAGE FREE &AMP; SECURED. REF AMM 36-11-00-710-801 STEP G. TO FOCUS ON PRSOV/BAR PNEUMATIC HEALTH CHECK. IF ALL TEST PASSED,REPLACE THE 450 SENSOR REF AMM 36-11- 05-400-801.NOTE:THIS IS A REPEAT WRITE-UP PLS REVIEW HISTORY FOR PREVIOUS PARTS INSTALLED. RE-ASSIGNMENT OF THIS ITEM REQUIRES TOMC SR MGR AND LINE PLANNING OM APPROVAL.  REPLACED #1 ENGINE 490 DEG F OVERTEMPERATURE SWITCH . REF AMM 36-11-08-400-801 REPLACED 390 SENSOR . WAITING PACKING FOR REDUCER . REF AMM 36-12-03-400-801 . REMOVED 450 F THERMO . RECIEVED AND INSTALLED SHORTLY AFTER THIS WRITE-UP WAS ISSUED, A/C EXPERIENCED A LEFT BLEED TRIP OFF DURING CLIMB AND AIR RETURNED BACK TO THE GATE.",1296943,PartNumber,129694-3,2023
ASAA2023102345821,2023-10-23,2023-10-25T16:14:28.437-05:00,ASAA,ASAA,A,NM,02,A,7532,O,,,K,,,,CL,V,462AS,BOEING,737990ER,36362,35154,11067,,,,,,,,,,,,BLEED VALVE,32145526,13165,MALFUNCTIONED,#1 ENGINE,200,57,200,R,,,,,,,,,,,,,,,,,,,,,,,,,,,,,,,"BLEED AIR DUCT PRESSURE DURING CLIMB L63 R37USING TAI BELOW 10K FT L60 R40CLIMBING THROUGH FL300 L58 R38STABILIZED AT CRUISE FL350 L45 R38. GROUNDED - YES. PERFORMED FIM 36-10 TASK 803 UP TO AND INCLUDING STEP F. (2) (D) 2). PRSOV MOVEMENT WAS NOT SMOOTH. PRSOV REPLACEMENT NEXT STEP. ALTERNATE DEACTIVATION PROC USED PER CH 5 TABLE 3 ITEM 7. ALT DEACTIVATION PROCEDUURES REVERSED. 78655 10/23/2023. #1 ENGINE 78655 10/23/23. REMOVED AND REPLACED #1 ENIGINE PRSOV PER MM 36-11-04, LEAKS CHECK GOOD. ALTERNATE DEACTIVATION PROCEDURES USED PER CH. 5 TABLE 3 ITEM 7. ALT. DEACTIVATION PROCEDURES REVERSED. 65537 10/23/2023. REMOVED BLEED AIR REGULATOR REF AMM TASK 36-11-03-000-801. 86722 10/24/2023 INSTALLED BLEED AIR REGULATOR REF AMM TASK 36-11-03-400-801 86722 10/24/2023 PERFORMED ENG RUN REF AMM 71-00-00. NO HELP PROBLEM REMAINS. 13848 10/24/2023. REMOVED BORROWED BLEED AIR REGULATOR PART AND REINSTALLED ORIGINAL BLEED AIR REGULATOR REF MM 36-11-03-400-801. 04274 10/24/2023. A/C P/N TRANSACTION #2 WAS BORROWED PART INSTALLED. REF A/C P/N TRANSACTION #3 FOR LOANED PART REMOVAL AND ORIGINAL PART INSTALLED. CONTINUED ON LP # 60738128. REF GPM 05-00-11.",32145526,PartNumber,3214552-6,2023
ASAA2023102245822,2023-10-22,2023-10-25T16:14:28.593-05:00,ASAA,ASAA,A,NM,02,A,3610,O,,,K,,,,CR,V,570AS,BOEING,737890,35185,60591,18153,,,,,,,,,,,,SENSOR,1296663,18851,FAULTY,#2 ENGINE,30768,9716,10794,R,,,,,,,,,,,,,,,,,,,,,,,,,,,,,,,"IN CRUISE LEFT DUCT PRESSURE 45 RIGHT DUCT PRESSURE 5. GROUNDED - YES. COMPLETED B737-800 FIM TASK 36-10, FAULT ISOLATION PROCEDURES PARTS 1-8,10-25. TESTS INCONCLUSIVE. NO DEFECTS NOTED AT THIS TIME. ACCOMPLISHED PNEUMATIC HEALTH CHECK REF NG-36WC-00001. EXCEPT LAST 2 STEPS (PG 17 OF 33). NO DEFECTS FOUND. PRECAUTIONARY CHANGED: 390 AND 450 THERA SENSORS: REF B737-800 AMM 36-11-05 AND 36-12-03. PERFORMED ENGINE BLEED AIR CROSSOVER OPS TEST PER AMM 36-11-00 LH/RH DUCT PRESSURE 42-45 PSI WITHIN LIMITS OPS CHECK GOOD AT THIS TIME. ENGINE BLEED AIR IS GOOD FOR ETOPS SERVICE.",1296663,PartNumber,129666-3,2023
DALA2023102608817,2023-10-25,2023-10-26T13:20:55.380-05:00,DALA,DALA,A,SO,27,A,3411,O,,,K,,,,IN,O,927DZ,BOEING,737900ER,64888,13261,5419,,,,,,,,,,,,PITOT TUBE,0851HT1,391081,DAMAGED,CAP,13245,5407,13245,R,,,,,,,,,,,,,,,,,,,,,,,,,,,,,,,"(LOG 4587834) BIRD STRIKE CA SIDE PITOT TUBE. REPLACED CA PITOT TUBE PER B737 AMM 34-11, OPS CHECK GOOD.",0851HT1,PartNumber,0851HT1,2023
ASAA2023102445840,2023-10-24,2023-10-26T17:57:52.770-05:00,ASAA,ASAA,A,NM,02,A,3610,O,,,K,,,,IN,O,462AS,BOEING,737990ER,36362,35154,11067,,,,,,,,,,,,HOSE,1613581,,LEAKING,#1 ENGINE,,,,,,,,,,,,,,,,,,,,,,,,,,,,,,,,,,,"CONTINUED FROM LOG PAGE #60738125. BLEED AIR DUCT PRESSURE DURING CLIMB L63 R37 USING TAI BELOW 10K FT, L60 R40 CLIMBING THROUGH FL300 L58 R38 STABILIZED AT CRUISE FL350 L45 R38. GROUNDED - YES. PERFORMED #1 ENG BLEED AIR SYSTEM HEALTH CHECK PER T/C # NG-36WC-00001. FOUND FLEX HOSE DOWNSTREAM FROM PRE-COOLER CONTROL CONTROL VALVE TO PRSOV. LEAKING AIR, ALL OTHERS CHECK PASSED. REMOVED AND REPLACED FLEX HOSE LEAKS CHECK GOOD. ACCOMPLISHED BLEED AIR CROSSOVER OPS TEST PER B737-900 AMM 36-11-00. OPS TEST GOOD. ETOPS SIGNIFICANT SYSTEM GROUND VERIFICATION SUCCESSFUL. AC OK FOR SERVICE.",1613581,PartNumber,16135-81,2023
ASAA2023103145959,2023-10-31,2023-11-02T18:24:08.903-05:00,ASAA,ASAA,A,NM,02,A,7220,O,,,K,,,,IN,O,442AS,BOEING,737990ER,43293,37122,11656,,,,,,,,,,,,BLADE,3400018160,,DAMAGED,#1 ENGINE,,,,,,,,,,,,,,,,,,,,,,,,,,,,,,,,,,,WHILE ACCOMPLISHING FAN LUBE FOUND 8 PLATFORMS WORN/DAMAGED. GROUNDED - YES. REPLACED 8 PLATFORMS WHILE PERFORMING TASK CARD 78472010.,3400018160,PartNumber,340-001-816-0,2023
ASAA2023110145971,2023-11-01,2023-11-03T16:27:25.853-05:00,ASAA,ASAA,A,NM,02,A,7220,O,,,K,,,,IN,V,493AS,BOEING,737990ER,41727,27271,8536,,,,,,,,,,,,BLADE,3400018160,,WORN,#1 ENGINE,,,,,,,,,,,,,,,,,,,,,,,,,,,,,,,,,,,FOUND EXCESSIVE WEAR / DAMAGE ON MULTIPLE FAN BLADE PLATFORMS ON #1 ENGINE. GROUNDED - YES. REF W/O 1969863REF T/C SBCFM56-7B-72-1033-1. REMOVED AND REPLACED ALL FRAN BLADE PLATFORMS DURING FAN LUBE T/C ON #1 ENGINE. PERFORMED ENGINE POWER RUN TEST #7 REF AMM 71-00-00. ALL CHECKS OKAY.,3400018160,PartNumber,340-001-816-0,2023
ASAA2023111046107,2023-11-10,2023-11-13T18:45:23.657-05:00,ASAA,ASAA,A,NM,02,A,2150,J,,,K,,,,IN,V,570AS,BOEING,737890,35185,60706,18213,,,,,,,,,,,,ACCESSORY UNIT,655281064,D06407,FAULTY,A/C PACK,55521,18694,55521,R,,,,,,,,,,,,,,,,,,,,,,,,,,,,,,,RIGHT RAM AIR DOOR LIGHT IS GOING OUT AND BACK ON WHILE ON THE GROUND. GROUNDED - YES. TROUBLESHOT REF FIM 21-51 TASK 804 ELECTRICAL CHECKS J. (1)-(9) GOOD. REPLACED ACAU 2 REF AMM 21-51-02 OPS CHECK GOOD.,655281064,PartNumber,65-52810-64,2023
ASAA2023110246128,2023-11-02,2023-11-13T18:45:26.140-05:00,ASAA,ASAA,A,NM,02,A,7313,O,,,K,,,,IN,O,929AK,BOEING,7379,43322,7048,2037,CFMINT,LEAP1B21,,,,,,,,,,FUEL NOZZLE,2085M31G03,PAT14R84,COKED,#2 ENGINE,6313,1840,6313,R,,,,,,,,,,,,,,,,,,,,,,,,,,,,,,,"TECH SERVICES FOLLOW UP ON CFM CNR 20231103005 #2 ENG (S/N 60A519) TREND DATA SHOWS FUEL NOZZLE PILOT COKING. (#PRI3/ETOPS) (FULL SET FUEL NOZZLE REPLACEMENT 737MAX T/C 73-ASA-02)NO EXTENSION ALLOWED (225 CYCLES OR 45 DAYS, WHICHEVER OCCURS FIRST). GROUNDED - YES. (RESOLVED ON W/O: 1971461 TASKCARD: N/R-00001 ) REPLACED #2 ENGINE NOZZLE SET , REF. ASA T/C 73-ASA-02.",2085M31G03,PartNumber,2085M31G03,2023
AALA202311298311,2023-11-10,2023-11-29T13:04:34.380-05:00,AALA,AALA,A,SW,23,A,2530,B,,,O,,,,NR,V,163AA,AIRBUS,A320*,6866,22277,8784,,,,,,,,,,,,OVEN,820111000001,,DEFECTIVE,ZONE 900 - LAV/G,,,,,,,,,,,,,,,,,,,,,,,,,,,,,,,,,,,AIRCRAFT WAS NOT GROUNDED: LEFT OVEN SMOKING WHEN TURNED ON. **SUPPLEMENTAL REPORT FOR AALA202311138311: MAINTENANCE REPLACED OVEN AND ACCOMPLISHED A SATISFACTORY OPERATIONAL CHECK. ** (CLOSED),820111000001,PartNumber,8201-11-0000-01,2023
CALA2023122103707,2023-12-17,2023-12-21T12:53:39.173-05:00,CALA,CALA,A,GL,33,A,3610,O,,,A,,,,CR,O,36469,BOEING,737924ER,36600,34377,12169,,,,,,,,,,,HNYWL,SENSOR,1296663,20008,FAULTY,LH ENG,22263,8346,859,R,,,,,,,,,,,,,,,,,,,,,,,,,,,,,,,"DURING CLIMB/CRUISE L DUCT PRESSURE 15PSI AND R DUCT PRESSURE 41 . SENSOR, PRECOOL OFF 29-3626-9-9001 0008 ON 0000 SENSOR, PRECOOL OFF 29-3626-9-9001 0008 ON 29-3626-9-9001 1039 PERFORMED #1 ENGINE PNEUMATIC HEALTH CHECK PER AMM 36-11-00-700-801 IN CONJUNCTION WITH FIM 36-10 TASK 810 , NO DEFECTS FOUND. FIM 36-10 TASK 810 RECOMMENDS CHANGING 390 AND 450 SENSOR IF ALL ELSE SHOWS TO BE GOOD. USING AHM REPORT FROM LAST FLIGHT LEG, 450 SENSOR APPEARS TO BE FUNCTIONING PROPERLY BY REGULATING PRESSURE AND CAUSING THE BLEED SPLIT. SUSPECT FAULTY 390 SENSOR, REMOVED AND REPLACED PCCV SENSOR PER AMM TASK 36-12-03-400-801. PERFORMED HIGH POWER ENGINE RUN, MATCHING N1 PARAMETERS FROM AHM REPORT, L DUCT PRESSURE 40PSI AND R DUCT PRESSURE 40PSI. OPS CHECK GOOD.",1296663,PartNumber,129666-3,2023
UIEA2023122701033,2023-12-30,2024-01-03T16:21:45.507-05:00,UIEA,UIEA,A,EA,15,A,2620,O,,,O,,,,IN,V,1399A,BOEING,767306,27959,99268,20157,,,,,,,,,,,,RELAY,BACR13CG2AB,NSN,UNKNOWN,UNKNOWN,,,,,,,,,,,,,,,,,,,,,,,,,,,,,,,,,,RELAY K823,"IN THE OPERATIONAL CHECK OF CARGO FIRE EXTINGUISHING BOTTLE RELAYS, THE RELAY K823 FOUND INOPERATIVE.(<P>THE RELAY K823 WAS REPLACED IAW SWPM 20-81-22 REV.84 DATE:15-OCT-23. NO FURTHER DEFECTS NOTED</P>)",BACR13CG2AB,PartNumber,BACR13CG2AB,2023
AALA202401087309,2024-01-03,2024-01-08T16:25:26.533-05:00,AALA,AALA,A,SW,23,A,2530,B,,,O,,,,NR,O,916AN,BOEING,737823,29517,65111,26763,,,,,,,,,,,,OVEN,820111000001,,SMOKE,ZONE 900 - LAV/G,,,,,,,,,,,,,,,,,,,,,,,,,,,,,,,,,,,AIRCRAFT WAS NOT GROUNDED: AIRCRAFT RIGHT OVEN IN FORWARD GALLEY SMOKING DURING USE. **SUPPLEMENTAL REPORT FOR (AALA202401057309): REMOVED AND REPLACED OVEN 1 FORWARD RIGHT. PER AMM 25-32-03. OPERATIONAL CHECK OK**(CLOSED).,820111000001,PartNumber,8201-11-0000-01,2024
AALA202401101527,2024-01-01,2024-01-10T14:47:57.877-05:00,AALA,AALA,A,SW,23,A,2530,B,,,K,,,,DE,O,926AN,BOEING,737823,29527,61549,25219,,,,,,,,,,,,OVEN,820111000001,,SMOKE,ZONE 900 - LAV/G,,,,,,,,,,,,,,,,,,,,,,,,,,,,,,,,,,,"AIRCRAFT WAS GROUNDED: BURNING ELECTRICAL SMELL COMING FROM NUMBER 2 OVEN, BOTH IN AIR AND ON GROUND. **SUPPLEMENTAL REPORT FOR (AALA202401035310): REMOVED AND REPLACED BOTH #1 (AALA202401035310) AND #2 (AALA202401101527) FIRST CLASS OVENS. PER AMM 25-32-03 OVENS FUNCTIONAL CHECKS GOOD. NO SMOKE ODORS NOTED**(CLOSED).",820111000001,PartNumber,8201-11-0000-01,2024
AALA202401105310,2024-01-01,2024-01-10T14:47:58.033-05:00,AALA,AALA,A,SW,23,A,2530,B,,,K,,,,DE,O,926AN,BOEING,737823,29527,61549,25219,,,,,,,,,,,,OVEN,820111000001,,SMOKE,ZONE 900 - LAV/G,,,,,,,,,,,,,,,,,,,,,,,,,,,,,,,,,,,"AIRCRAFT WAS GROUNDED: BURNING ELECTRICAL SMELL COMING FROM NUMBER 2 OVEN, BOTH IN AIR AND ON GROUND. **SUPPLEMENTAL REPORT FOR (AALA202401035310): REMOVED AND REPLACED BOTH #1 (AALA202401035310) AND #2 (AALA202401101527) FIRST CLASS OVENS. PER AMM 25-32-03 OVENS FUNCTIONAL CHECKS GOOD. NO SMOKE ODORS NOTED**(CLOSED).",820111000001,PartNumber,8201-11-0000-01,2024
CALA2024011700128,2024-01-14,2024-01-17T11:43:57.020-05:00,CALA,CALA,A,GL,33,A,3830,J,,,B,A,,,CL,O,75433,BOEING,737924ER,33527,47413,16640,,,,,,,,,,,,TOILET,158000293,5049,DAMAGED,LAV D,41741,15059,3069,R,,,,,,,,,,,,,,,,,,,,,,,,,,,,,,,"AFTER T/O REAR LAV FLUSH ING CONTINUOUSLY...WASTE SYSTEM INDIC IN RED ZONE STARTED REMOVING LAV D TOILET AMM 38-32-01 BY REMOVING SHROUD AND ALL WATER/WASTE/ELECTRIC LINES DISCONNECTED , (CB PULLED AND TAGGED P91 C11), ONE MOUNTING BOLT SPINNING AND NOT COMING OFF , SHEET METAL HELP NEEDED .ALL PARTS IN AFT GALLEY AND IN TIN ADD EMP:350718 CUP HARDWEAR . SHEARED OFF BOLT HEAD IAW SRM 51-40-02. BOLT SHANK AND CONNECTED NUTPLATE (BENEATH LAV FLOOR) ARE SPINNING. WILL REQUIRE ACCESS BENEATH LAV FLOOR. TOILET, VACUUM, OFF 53-3832-9-0004 5049 ON 0000 TOILET, VACUUM, OFF 53-3832-9-0004 5049 ON 53-3832-9-0004 5038 REMOVED AND REPLACED VACUUM TOILET ASSEMBLY IN REF AMM 38-32-01. OPS CHECK AND LEAK GOOD AT THIS TIME.",158000293,PartNumber,15800-029-3,2024
CALA2024011900151,2024-01-16,2024-01-19T13:45:49.227-05:00,CALA,CALA,A,GL,33,A,7532,J,,,A,,,,CR,O,14704,BOEING,737724,28765,80115,28686,CFMINT,CFM567B242,,,,,,,,,HNYWL,REGULATOR,1074847,702C,INTERMITTENT,NR 2 ENGINE,,,,,,,,,,,,,,,,,,,,,,,,,,,,,,,,,,,"RIGHT BLEED TRIP OFF LIGHT NEED TO T/S SYSTEM PER MM 36-10 TASK 801. CREW MENTIONED R BLEED TRIP LIGHT CAME ON AT 28000 FT, AND ALSO THEY WERE NOT IN NO BLEED TAKE OFF SITUATION AT THAT TIME,( SEE NOTES ON PAR 2A ). STARTED TROUBLE SHOOTING RIGHT BLEED TRIP OFF LIGHT PER FIM 36-10 TASK 801. CHECKED PROSV, HIGH STAGE VALVE AND PRECOOLER CONTROL VALVE FOUND NO FAULTS ALL ACUATED SMOOTHLY. PERFORMED HEALTH CHECK ON PRECOOLER SYSTEM FOUND NO FAULTS OPS CK GOOD. REMOVED AND REPLACE HIGH STAGE REGULATOR IAW AMM 36-11-07-000-801. STILL REQ OPS CHECKS PARTS USED: 29-3611-9-0006,QTY :1 ROTABLE PARTS CHANGE WAS INDICATED - TT # 1524285 SN OFF 7020 IPC REFERENCE # 36-11-07-000-801 ACCOMPLISHED IDLE RUN OF #2 ENG AND FOUND THE DUCT PRESSURE GAUGE KEPT FLUCTUATING ACCOMPLISHED . ENGINE BLEED AIR CROSSOVER OPERATIONAL TEST PER MM 36-11-00-710-801. #2 ENG . ALL BLEED PRESS READINGS. IN RANGE WITH N1 SETTINGS . SIMULATED NO BLEEDS T.O AND TURNED BLEED AND PACKS ON AT 80 N1 . NO TRIP . ALSO SIMULATED WITH BLEEDS ON AND ADD EMP:031804 PACKS AUTO . SAME SETTINGS NO TRIP . BLEED TRIP LIGHT NEVER CAME ON DURING ENTIRE RUN .",1074847,PartNumber,107484-7,2024
CALA2024020800353,2024-02-06,2024-02-08T07:08:06.583-05:00,CALA,CALA,A,GL,33,A,7500,O,,,A,,,,CR,O,77261,BOEING,737824,31582,71771,24971,CFMINT,CFM567B262,,,,,,,,,HNYWL,CONTROL VALVE,632921461,5579,FAILED,LT ENG BLEED,12794,5019,13,R,,,,,,,,,,,,,,,,,,,,,,,,,,,,,,,"LEFT BLEED TRIP OFF/ TRIP RESET/ LIGHT ILLUMINATED AGAIN DEBRIEFED CREW ON ARRIVAL. LEFT BLEED TRIP ANNUNCIATED AT 40000 FT WITH CORRESPONDING BLEED TO ""0"". RESET PER QRH . RESET LASTED SEVERAL MINUTES BEFORE LEFT BLEED TRIPPED AGAIN WITH ""0"" PRESSURE ON LEFT SIDE. THEY CONTACTED TOMC AND DECIDED TO DIVERT INTO DEN . NOTE: # 1 ENGINE JUST REPLACED 2/4/24 PARTS INFORMATION UPDATE ROTABLE PARTS CHANGE WAS INDICATED - TT # 1522515 SN OFF 5579 NOTE: INSTALLED VALVE PN: 63292146 SN:5579 SHOULD NOT BE FAILING AS IT IS ALLEGEDLY NEW. COINCIDENTALLY, ALTERNATIVE PN 3289562 SHOULD READ 8.5 +OR- 2.5 TROUBLESHOT PER FIM 36-10 TASK 809 AND FOUND PCCV FAILING PRESSURE CHECK READING 8.5PC(9-27 IS GOOD). PERFORMED ENGINE BLEED AIR HEALTH CHECK REF AMM 36-11-00-700-801. HEALTH CHECK GOOD FOR EVERYTHING EXCEPT PCCV. REMOVED AND REPLACED #1 ENG ADD EMP:U410859 PARTS CHG INFO ADDED ROTABLE PARTS CHANGE WAS INDICATED - TT # 1556687 SN OFF 3702 TT # 1621538 SN OFF 5463 VALVE, PRECOOLE OFF 29-3612-9-0008 5579 ON 0000 VALVE, PRECOOLE OFF 29-3612-9-0008 5579 ON 29-3612-9-0008 6050 VALVE, HIGH STA OFF 29-3611-9-0002 3702 ON 0000 VALVE, HIGH STA OFF 29-3611-9-0002 3702 ON 29-3611-9-0002 6827 REGULATOR, HI S OFF 29-3611-9-0006 5463 ON 29-3611-9-0006 1523 REGULATOR, HI S OFF 29-3611-9-0006 5463 ON 0000 PCCV REF AMM 36-12-02-000/400-801. INSTALLATION TEST GOOD. LEAK CHECK GOOD. RECHECKED PCCV PER FIM AND AMM. NEW PCCV FAILS READING 8.5. REF MM BLEED HEALTH CHECK 36-11-00-700-801. PRV OPENED ON TIME AND R",632921461,PartNumber,63292146-1,2024
CALA2024022600549,2024-02-22,2024-02-26T12:52:51.867-05:00,CALA,CALA,A,GL,33,A,3040,J,O,,A,,,,CL,O,37523,BOEING,7379,43461,10047,3391,,,,,,,,,,,,MODULE,233A3201313,,FAILED,WINDOW HEAT,,,,,,,,,,,,,,,,,,,,,,,,,,,,,,,,,,,"LEFT WINDOW OVHT LIGHT ON IN CLIMB FL315 PERFORMED CONTINUITY CHECK PER FIM 30-41-830 STEPS D3CONTINUITY CHECKS GOOD. FIM RECOMMENDS TO REPLACE P5-9 OVERHEAD PANEL, CONF IRMED FAILURE PER BITE CHECK ON WHC#2.  R & R MODULE , WINDOW / PITOT HEAT AS REQUIRED , REF AMM 30-00-02-401, OPS CHECKED NORMAL. WING BODY OVHT LIGHT ON AT FL295 IN CLIMB PERFOMED SYSTEM TEST AND FAULT AFT CARGO APU SHORT FAULT DETECTED. ELEMENT LOOP 275 WAS PREVIOUSLY REPLACED ON 2-21-2024 BUT ERROR WAS NOT RESET FROM OVERHEAT DETECTOR CONTROLLER. RESET OVERHEAT CONTROLLER TO CLEAR FAULT AND RETESTED SAME WITH NO FURTHER DEFECTS/FAULTS NOTED. A/OK FOR SERVICE.",233A3201313,PartNumber,233A3201-313,2024
AALA202402260046,2024-02-20,2024-02-26T17:02:59.803-05:00,AALA,AALA,A,SW,21,A,2530,B,,,K,,,,IN,V,841NN,BOEING,737823,30914,40948,17298,,,,,,,,,,,,OVEN,820111000001,,SMOKE,FWD GALLEY,,,,,,,,,,,,,,,,,,,,,,,,,,,,,,,,,,,AIRCRAFT WAS NOT GROUNDED: FORWARD GALLEY OVEN NUMBER 1 PRODUCES SMOKE WHILE HEATING.**SUPPLEMENTAL REPORT FOR (AALA202402200046): REPLACED NUMBER 1 OVEN. PER B737 AMM 25-32-03.**(CLOSED).,820111000001,PartNumber,8201-11-0000-01,2024
AALA202402262379,2024-02-16,2024-02-26T17:03:00.113-05:00,AALA,AALA,A,SW,21,A,2530,B,,,K,,,,CR,O,336TM,BOEING,737823,68107,1219,450,,,,,,,,,,,,OVEN,820111000001,,INOPERATIVE,FWD GALLEY,,,,,,,,,,,,,,,,,,,,,,,,,,,,,,,,,,,AIRCRAFT WAS NOT GROUNDED: FORWARD GALLEY OVENS INOPERATIVE DUE TO SIGNIFICANT SMELL WHEN TURNED ON IN FLIGHT.  REPLACED NUMBER 1 (AALA202402192379) AND NUMBER 2 (AALA202402260413) FORWARD GALLEY OVENS. PER AMM 25-32-03.,820111000001,PartNumber,8201-11-0000-01,2024
AALA202402272622,2024-01-22,2024-02-27T16:33:48.963-05:00,AALA,AALA,A,SW,23,A,2530,B,,,O,,,,NR,O,153AN,AIRBUS,A321231,6908,24559,9545,,,,,,,,,,,,OVEN,820111000001,,ODOR,FWD GALLEY,,,,,,,,,,,,,,,,,,,,,,,,,,,,,,,,,,,AIRCRAFT WAS NOT GROUNDED: OVEN 1 IN FORWARD GALLEY SMELLS LIKE BURNT PLASTIC WHEN ON. **SUPPLEMENTAL REPORT FOR AALA202401262622: MAINTENANCE TURNED #1 OVEN ON FOR 1 HOUR AND NO PLASTIC OR OTHER DISTINGUISHING ODOR WAS NOTED. MAINTENANCE WAS UNABLE TO DUPLICATE THE ODOR ** (CLOSED),820111000001,PartNumber,8201-11-0000-01,2024
AALA202402286603,2024-02-27,2024-02-28T13:28:29.283-05:00,AALA,AALA,A,SW,21,A,2612,N,,,A,,,,CR,O,903AN,BOEING,737823,29505,64617,26742,,,,,,,,,,,KIDDE,FIRE DETECTOR,4739551,,FAULTED,ZONE 200 - FUSE,,,,,,,,,,,,,,,,,,,,,,,,,,,,,,,,,,,"AIRCRAFT WAS GROUNDED: AN EMERGENCY WAS DECLARED DUE TO: FIRE INDICATION ENROUTE IN AFT CARGO COMPARTMENT; AIRCRAFT DIVERTED TO AND LANDED SAFELY AT TUL. REPLACED CARGO FIRE EXTINGUISHER BOTTLE (AALA202402282603), PER AMM 26-23-01 AND REPLACED AFT CARGO CEU PER AMM 26-16-02 (AALA202402284604) AND CARGO FIRE CONTROL PANEL (AALA202402286063), PER AMM 26-00-02. OPERATIONAL CHECKED GOOD.",4739551,PartNumber,473955-1,2024
AALA202402284604,2024-02-27,2024-02-28T13:28:29.440-05:00,AALA,AALA,A,SW,21,A,2611,N,,,A,,,,CR,O,903AN,BOEING,737823,29505,64617,26742,,,,,,,,,,,KIDDE,SMOKE DETECTOR,4735975,,FAULTED,ZONE 100 - FUSE,,,,,,,,,,,,,,,,,,,,,,,,,,,,,,,,,,,"AIRCRAFT WAS GROUNDED: AN EMERGENCY WAS DECLARED DUE TO: FIRE INDICATION ENROUTE IN AFT CARGO COMPARTMENT; AIRCRAFT DIVERTED TO AND LANDED SAFELY AT TUL. REPLACED CARGO FIRE EXTINGUISHER BOTTLE (AALA202402282603), PER AMM 26-23-01 AND REPLACED AFT CARGO CEU PER AMM 26-16-02 (AALA202402284604) AND CARGO FIRE CONTROL PANEL (AALA202402286063), PER AMM 26-00-02. OPERATIONAL CHECKED GOOD.",4735975,PartNumber,473597-5,2024
CALA2024031400729,2024-03-10,2024-03-14T09:48:25.613-05:00,CALA,CALA,A,GL,33,A,7500,J,,,B,A,,,CL,O,31412,BOEING,737924,30129,60870,25068,CFMINT,CFM567B262,,,,,,,,,HNYWL,REGULATOR,1074926,4832C,FAILED,NR 1 ENGINE,66493,29389,5981,R,,,,,,,,,,,,,,,,,,,,,,,,,,,,,,,"PASSING 14500 FEET ON DEPT FELT COMPRESSOR STALL ON LEFT ENG PARAM NORMAL CREW REPORT ENGINE REMAINED AT IDLE PARA. NORMAL WITH OIL TEMP. @ 107 UNTIL RETURN TO FIELD. PERFROMED VISUAL INSP. INLET/EXHAUST NO DISCREPANCIES NOTED. PERFORMED EEC BIT #1 ENG. NO EXCEEDANCES RECORDED, BITE FAULT SHORT TIME 75-30801 LEGS T25 INPUT MONITORING PIC. 0-10. ACCOMPLISHED FIM 71-05 TASK 805 AND 73-06 TASK 809 AND 75-33 TASK 805 CORRECTION ACTION OF DISCREPANCIES ON L/P 7307602,7310518,7310488. REPAIR CONFIRMATION OF THREE FIM TASK ACCOMPLISHED. TEST PASS NO LISTED FAULTS LEG 0. NO ENG. EXCEEDANCES RECORDED ENGINE BLEED OPS TEST FAIL AMM 36-11-00-710-801 DISCREPANCY ON L/P 7315153. PERFORMING BLEED AIR CROSSOVER OPERATIONAL TEST AMM 36-11-00-710-801 PARAMETERS WITHIN LIMITS EXCEPT LEFT ENGINE BLEED SELECTED OFF DUCT PRESS. TO BE 10 PSI OR LESS, FAIL WITH DUCT PRESS. FLUCTUATE 20-25 PSI. WOULD INCREASE WITH HIGHER POWER SETTINGS.   REMOVED AND REPLACED BLEED AIR REGULATOR #1 ENGINE LEAK CHECK AND OPS CHECK GOOD REF. AMM 36-11-03-400-801. RAN ENGINE PERFORMED BLEED AIR CROSSOVER AMM 36-11-00-710-801 FAILED TEST ENGINE DUCT PRESSURE NOW STEADY AT 25 PSI. WHEN SELECTED OFF DUCT PRESSURE IS 2 PSI OR LESS WITHIN LIMITS OF 10 OR LESS.",1074926,PartNumber,107492-6,2024
AALA202403181243,2024-03-16,2024-03-18T15:28:19.560-05:00,AALA,AALA,A,SW,21,A,2530,B,,,O,,,,NR,9,436AN,AIRBUS,A321253NX,10564,9767,2633,,,,,,,,,,,,OVEN,820111000001,,ODOR,GALLEY,,,,,,,,,,,,,,,,,,,,,,,,,,,,,,,,,,,AIRCRAFT WAS NOT GROUNDED: FORWARD GALLEY OVEN 01 EMITS BAD ODOR WHEN USED. MAINTENANCE REPLACED OVEN AND ACCOMPLISHED A SATISFACTORY OPERATIONAL CHECK. WITH NO ODORS NOTED.,820111000001,PartNumber,8201-11-0000-01,2024
CALA2024040300959,2024-03-31,2024-04-03T15:29:26.017-05:00,CALA,CALA,A,GL,33,A,3830,O,,,O,,,,NR,O,18119,BOEING,757224,27561,91960,21968,,,,,,,,,,,,TOILET,158000293,,INOPERATIVE,LAVATORIES,,,,,,,,,,,,,,,,,,,,,,,,,,,,,,,,,,,NO LAVS FLUSHING SERVICED ALL LAVS IN ACCORDANCE WITH AMM 12-17-01-613-001. ALL 4 TOILETS FLUSH.,158000293,PartNumber,15800-029-3,2024
CALA2024042201157,2024-04-14,2024-04-22T07:59:21.360-05:00,CALA,CALA,A,GL,33,A,3830,O,,,O,,,,NR,9,38451,BOEING,737924ER,31646,37474,13684,,,,,,,,,,,,TOILET,158000293,6468,FAILED,FWD LAVATORY,41001,13016,1481,R,,,,,,,,,,,,,,,,,,,,,,,,,,,,,,,FOUND FWD GALLEY SOAKED WITH WATER &AMP; SEEPED INTO COCKPIT ALSO WATER DRAINING FROM FUSELAGE DRAIN PORTS FROM UNDER COCKPIT BACK TO MAIN E&AMP;E COMPT FOUND LAV A TOILET ON CONTINOUS RUN SUSPECT BAD TOILET NIS AT LAX; MANUAL SHUTOFF CLOSED UNDER SINK ALL WORK DONE IAW AMM 38-00-00. LOG PAGE #7653745 CLOSED IN ERROR WATER SEEP FROM LAV INTO GALLEY AND FLT DECK AND EE BAY FOUND LAV A TOILET ON CONTINOUS RUN SUSPECT BAD TOILET NIS AT LAX; MANUAL SHUTOFF CLOSED UNDER SINK ALL WORK DONE IAW AMM 38-00-00.   REMOVED AND REPLACED LAV A TOILET IN REF TO AMM 30-32-00. OPS CHECK GOOD.,158000293,PartNumber,15800-029-3,2024
CALA2024042201164,2024-04-19,2024-04-22T18:21:33.283-05:00,CALA,CALA,A,GL,33,A,3411,J,,,A,,,,NR,O,77525,BOEING,737824,31659,44099,15424,,,,,,,,,,,ROSEMOUNT,PITOT TUBE,0851HT1,,CLOGGED,FUSELAGE,,,,,,,,,,,,,,,,,,,,,,,,,,,,,,,,,,,"FEEL DIFFERENTIAL LIGHT INSTALLED PITOT LEAK CHECK KIT. REF AMM 27-31-17 T/S REF FIM 27-31 TASK 815. FOUND RIGHT ELEV FEEL PITOT PROBE T/S PER FIM 27-31 TASK 815 STEPS A.(1) THRU E.(7). NO DEFECTS ILLUMINATED ON ROTATION @156 KNOTS, AIRSPEED WAS BETWEEN 150-165 CLOGGED. ATTEMPTED TO FLUSH THE RIGHT ELEV FEEL PITOT PROBE AND FOUND. SO TECH SUPPORT CONTINUED WITH STEP H. FAULT ISOLATION KNOTS WITH 5.6 UNITS STABILIZER TRIM, FLAPS AT 1 UNIT PITCH 6.5 LINES WITH NO HELP REF AMM 27-31-17-170-801. PROCEDURE C AND FOUND RIGHT ELEV PITOT PROBE SYSTEM CLOGGED. DEGREES. THEN, ON LANDING LIGHT EXTINGUISHED. NO OTHER ABNORMAL REMOVED AND REPLACED RH FEEL SYSTEM PITOT PROBE. AVIONICS PART REMOVED FEEL SYSTEM PITOT PROBE AMM TASK 27-31-94/401 REMOVAL AND PERFORMED ELEVATOR SYSTEM LEAK TEST REF AMM TASK PERFORMED LEAK CHECK.  REPLACEMENT. 27-31-17-790-801. OPS TEST GOOD, NO LEAKS DETECTED.  PERFORMED PITOT PROBE HEAT TEST REF AMM 30-31-00-730-801 OPS CHKS GOOD FOLLOWED FIM 27-31- TASK 815 FOR REPAIR CONFIRMATION STEP R (2) AND CONFIRMED TEST TO BE SATISFACTORY",0851HT1,PartNumber,0851HT1,2024
CALA2024042401217,2024-04-21,2024-04-24T14:14:58.333-05:00,CALA,CALA,A,GL,33,A,3830,O,,,A,,,,NR,O,14231,BOEING,737824,28795,77074,28436,,,,,,,,,,,,TOILET,158000293,,LEAKING,FWD LAV,,,,,,,,,,,,,,,,,,,,,,,,,,,,,,,,,,,"FORWARD LAV LEAKING EXCESSIVELY FROM BASE OF TOILET AT LEFT MOST VENT HOLE FOUND TOILET TO BE LEAKING. REMOVED AND REPLACED LAV TOILET ASSY REF AMM 38-32-01. OPS CK AND LEAK CK GOOD. PARTS USED: 53-3832-9-0004,QTY :1 ROTABLE PARTS CHANGE WAS INDICATED - TT # 1778211  SN OFF 8283 TOILET, VACUUM,  OFF 53-3832-9-0004 8283 ON 29-3832-9-0015 8264",158000293,PartNumber,15800-029-3,2024
CALA2024042901262,2024-04-23,2024-04-29T11:00:31.773-05:00,CALA,CALA,A,GL,33,A,3411,J,,,C,,,,TO,O,38424,BOEING,737924ER,37095,50278,17756,,,,,,,,,,,ROSEMOUNT,PITOT TUBE,0851HT2,356504,FAULTY,FIRST OFFICER'S,18682,7074,18682,R,,,,,,,,,,,,,,,,,,,,,,,,,,,,,,,ABORTED T/O DUE TO IAS DIAGREE LOW SPEED REMOVED AND REPLACED F/O PITOT ASSEMBLY IAW AMM 34-11-01-000-801.  REMOVED AND REPLACED CAPTAIN PITOT PROBE IN REFERENCE WITH AMM 34-11-01-000-801. SYSTEM REQUIRES OPS CHECK.   ACCOMPLISHED ALL IDT REQUIREMENTS PER GMM 09-10-05. PERFORMED PITOT LEAK TEST ON THE LEFT SIDE PER AMM 34-11-00-790-810 AND PITOT LEAK TEST ON THE RIGHT PITOT PROBE PER AMM 34-11-00-790-811. LEAK TEST PASS WITH NO LEAKS. UTILIZING MANIFOLD PUMPED UP CAPTS AND F/O PITOT PROBES AT THE SAME TIME AND VERIFIED AIRSPEED INCRESED EQUALLY UPTO 300 KNTS WITH NO SPLIT. PERFORMED BITE TEST AND GROUND TEST ON LEFT AND RIGHT ADIRU WITH NO CURRENT OR FLGHT FAULTS.,0851HT2,PartNumber,0851HT2,2024
2024F00125,2024-04-30,2024-05-03T15:31:18.217-05:00,,,H,SW,99,G,2120,S,,,A,,,,CL,9,458AN,BOEING,73733A,27458,,,,,,,,,,,,,,REGULATOR,1074926,11300,FAILED,ZONE 100,,,,,,,,,,,,,,,,,,,,,,,,,,,,,,,,,,,"QRF SRE/SRE DUE TO CABIN ALTITUDE WARNING AFTER TAKEOFF AND CLIMB WITH INDICATION RIGHT POINTER IN ZERO, REMAINING PACK UBNABLE TO CONTROL CABIN. CABIN CLIMB WITH 2800FPM. CABIN REACHES 13500 FTS.",1074926,PartNumber,107492-6,2024
AALA202405032197,2024-05-01,2024-05-03T15:30:29.967-05:00,AALA,AALA,A,SW,21,A,2530,B,,,K,,,,NR,O,976AN,BOEING,737823,30099,65066,27254,,,,,,,,,,,,OVEN,820111000001,,BURNED,NR 2 GALLEY,,,,,,,,,,,,,,,,,,,,,,,,,,,,,,,,,,,AIRCRAFT WAS GROUNDED: FOUND FORWARD GALLEY NUMBER 2 OVEN HEATING ELEMENT BURNED. **SUPPLEMENTAL REPORT FOR (AALA202405022197): REPLACED FORWARD GALLEY NUMBER 2 OVEN. PER AMM 25-32-03**(CLOSED).,820111000001,PartNumber,8201-11-0000-01,2024
AALA202405223208,2024-05-17,2024-05-22T11:25:44.633-05:00,AALA,AALA,A,SW,21,A,2530,B,,,O,,,,NR,O,150NN,AIRBUS,A321231,6828,26330,10297,,,,,,,,,,,,OVEN,820111000001,,ODOR,FWD GALLEY,,,,,,,,,,,,,,,,,,,,,,,,,,,,,,,,,,,AIRCRAFT WAS NOT GROUNDED: FLIGHT ATTENDANT REPORTS THE FORWARD GALLEY RIGHT HAND OVENHAS EXCESSIVE BURNING/SMOKE SMELL. **SUPPLEMENTAL REPORT WILL BE SUBMITTED** (OPEN),820111000001,PartNumber,8201-11-0000-01,2024
AALA202405243208,2024-05-17,2024-05-24T11:18:48.163-05:00,AALA,AALA,A,SW,21,A,2530,B,,,K,,,,NR,O,150NN,AIRBUS,A321231,6828,26330,10297,,,,,,,,,,,,OVEN,820111000001,,ODOR,FWD GALLEY,,,,,,,,,,,,,,,,,,,,,,,,,,,,,,,,,,,AIRCRAFT WAS NOT GROUNDED: FLIGHT ATTENDANT REPORTS THE FORWARD GALLEY RIGHT HAND OVENHAS EXCESSIVE BURNING/SMOKE SMELL. **SUPPLEMENTAL REPORT FOR AALA202405223208: MAINTENANCE REPLACED THE OVEN AND ACCOMPLISHED A SATISFACTORY OPERATIONAL CHECK.** (CLOSED),820111000001,PartNumber,8201-11-0000-01,2024
AALA202405295657,2024-05-27,2024-05-29T10:59:02.860-05:00,AALA,AALA,A,SW,21,A,3350,L,,,K,,,,IN,C,304RB,BOEING,737823,44463,14043,5334,,,,,,,,,,,,LIGHT,9701140000,,INOPERATIVE,RT OVERWING,,,,,,,,,,,,,,,,,,,,,,,,,,,,,,,,,,,AIRCRAFT WAS NOT GROUNDED: RIGHT HAND AFT OVERWING EMERGENCY EXIT DOOR FLOOD INOPERATIVE. REMOVE AND REPLACED OVERWING EXIT LIGHT. PER AMM 33-21-00-960-802.,9701140000,PartNumber,9701-14-0000,2024
CALA2024052901617,2024-05-24,2024-05-29T10:45:36.303-05:00,CALA,CALA,A,GL,33,A,7500,J,,,A,,,,CR,O,69810,BOEING,737924ER,42744,33544,12172,,,,,,,,,,,HNYWL,SHUTOFF VALVE,32145526,130C,FAILED,NR 1 ENG BLEED,94186,38064,6240,R,,,,,,,,,,,,,,,,,,,,,,,,,,,,,,,"LEFT BLEED AT 5 PSI IN FLIGHT REMOVED AND REPLACED #1 ENG PRSOV PER AMM 36-11-04 .. NO FIX PARTS USED:  29-3612-9-0004,QTY :1 ROTABLE PARTS CHANGE WAS INDICATED - TT # 1524977  SN OFF 0130 VALVE, SHUTOFF,  OFF 29-3612-9-0004 0130 ON 29-3612-9-0004 0628 REMOVED AND REPLACED #1 ENG BLEED AIR SENSE LINE FROM BLEED AIR REGULATOR TO FAN AIR VALVE DUE TO DAMAGE LINE  IN REF 36-11-03",32145526,PartNumber,3214552-6,2024
CALA2024053101659,2024-05-28,2024-05-31T12:56:42.080-05:00,CALA,CALA,A,GL,33,A,3830,K,,,O,,,,NR,9,14235,BOEING,737824,28947,73775,28163,,,,,,,,,,,,TOILET,158000293,1588,LEAKING,AFT LAVATORY,50725,18491,2209,I,,,,,,,,,,,,,,,,,,,,,,,,,,,,,,,"AFT LAV AREA CARPET SOAKED POSSIBLE LAV LEAK REQUEST MEL FOR LAVATORY "" E "" AS UNUSABLE COMPLIED WITH DDP PLACED LAVATORY ""E"" ON MEL AS INOP DO NOT USE , COMPLIED WITH DDP .   R&R LAV E REF AMM 38-32-01 OPS CHECK GOOD NO LEAKS.",158000293,PartNumber,15800-029-3,2024
CALA2024060301668,2024-05-28,2024-06-03T16:21:58.170-05:00,CALA,CALA,A,GL,33,A,7532,J,,,A,,,,NR,O,66837,BOEING,737924ER,60122,31267,11275,,,,,,,,,,,FOKKER,VALVE,32144464,6288,LOW PRESSURE,LT ENG BLEED,61048,22176,4448,I,,,,,,,,,,,,,,,,,,,,,,,,,,,,,,,"UNREGULATED LEFT DUCT PRESSURE LOW.  BLEED REPORT SHOWS LEFT SIDE DROPPING TO 6PSI DURING CLIMB. REF FIM 36-10 TASK 801 TO TEST BAR PRESSURE ACTUATION AND VERIFY SMOOTH MOVEMENT OF HSV AS A POSSIBLE SOURCE OF OVERPRESSURE. ENSURE SENSE LINES ARE DAMAGE AND LEAK FREE. IF NO FAULTS FOUND.    INSPECTED AND CHECKED TORQUE ON ALL SENSE OR DAMAGE FOUND.  LEAK CHECKED PRSOV AND HPSOV, HPSOV FAILED THIS TIME.   PRESSURE SPLIT IS GONE LINES FROM PRSOV, PRV, HPSOV, AND HPV.  NO EVIDENCE OF LEAKAGE TEST, PRSOV PASS BUT RECOMMENED CHANGE AS PRECAUTIONARY.   CREW INDICATED BLEED TRIP OFF LIGHT NEVER REPLACED HPSOV REF AMM 36-11-06.  OPS TEST, NOT REPLACED PRSOV AS PRECAUTIONARY, PASS HEALTH CHECK BUT CLOSE TO ENG 1 FAN COWLS AND THRUSTER REVERSER COWLS CLOSED, AWAITING ILLUMINATED, LIGHT WAS NOT ON AFTER BRIEFING CREW.  NO OVERHEAT ACCOMPLISHED AT THIS TIME.   LIMITS REF AMM 36-11-04.  OPS TEST NOT ACCOMPLISHED AT HIGH PWR ENGINE RUN TO TEST BLEED CROSSOVER AND VERIFY DUCT.",32144464,PartNumber,3214446-4,2024
AALA202406130706,2024-06-10,2024-06-13T13:45:48.030-05:00,AALA,AALA,A,SW,21,A,2530,B,,,O,,,,NR,9,778XF,AIRBUS,A319112,4127,40113,19201,,,,,,,,,,,,OVEN,820111000001,,ODOR,FWD GALLEY,,,,,,,,,,,,,,,,,,,,,,,,,,,,,,,,,,,AIRCRAFT WAS NOT GROUNDED: FLIGHT CREW REPORTED THAT THE FORWARD GALLEY OVEN GIVES OFF ELECTRICAL SMELL WHILE IN USE. MAINTENANCE REPLACED THE OVEN AND ACCOMPLISHED A SATISFACTORY OPERATIONAL CHECK PER AMM 25-35-19.,820111000001,PartNumber,8201-11-0000-01,2024
CALA2024061701810,2024-06-17,2024-06-17T14:33:17.060-05:00,CALA,CALA,A,GL,33,A,5350,O,,,O,,,,NR,9,33714,BOEING,737724,28785,80180,29276,,,,,,,,,,,,SEALANT,BMS595,,MISSING,WG-BDY FAIRING,,,,,,,,,,,,,,,,,,,,,,,,,,,,,,,,,,,SEALANT ON UPPER FWD LEFT WING TO BODY FAIRING PEELING OFF. SHOULD BE RIGHT WING. RE-APPLIED SEALANT REF MM 53-51-21 AND 51-31-00.,BMS595,PartNumber,BMS5-95,2024
CALA2024062100058,2024-06-21,2024-06-21T12:16:45.163-05:00,CALA,CALA,A,GL,33,A,5210,O,,,A,,,,CL,O,57862,BOEING,75733N,32586,61733,18320,,,,,,,,,,,,SEAL,PS870B12,,DAMAGED,DOOR 1R,,,,,,,,,,,,,,,,,,,,,,,,,,,,,,,,,,,"DOOR 1R EXCESSIVELY LOUD SQUEELATTACHED PHOTO'S TAKEN ON RIGHT SIDE OF AIRPLANE ABOVE DOOR 1 RIGHT. CREW DEBRIEF: F/O THOUGHT HE HEARD NOISE COMING FROM FWD LOWER DOOR AREA. DEADHEADING F/O WENT FWD TO HELP EVALUATE AND INDICATED NOISE WAS COMING FROM ABOVE GALLEY. ALL CREW SAID NOISE LEVEL AND PITCH CHANGED WITH SPEED/POWER SETTING. DOOR SEAL VISUAL INSPECTION REVEALED NO OBVIOUS DEFECTS. CABIN CREW INDICATED THEY HEARD THE NOISE DURING TAXI AND MORE INTENSLEY DURING DEPARTURE. NOISE MODERATED AFTER POWER REDUCTION/LOWER ALTITUDE AND SPEED PRESSURIZED AIRCRAFT AND FOUND LOUD SQUEAL AT LOWER EDGE OF DOOR THRESHOLD PLATE AT CENTER, AND AFT CORNER. REMOVED THRESHOLD PLATES AND FOUND NO SEALANT IN THE PRE-PACK AREA OF THE CENTER PLATE, AND INSUFFICENT SEALANT ON THE CORNER PLATE. SEE PICS CLEANED AND REINSTALLED THRESHOLD PLATES WIRH PROPER SEALANT APPLICATION IAW AMM 53-13-01-424-003. APPLIED POLYSULFIDE SEALANT BMS5-95. B 1/2 AT 15:30 ON 06/18/24. WILL REQUIRE PRESSURIZATION FOR THRESHOLD LEAK CHECK. PARTS USED: 00-0609-3-9664,QTY :1 PRESSURIZED AIRCRAFT FOR R1 DOOR LEAK CHECK IN REF AMM 05-51-24-702-001. FOUND DOOR TO BE MAKING NOISE BETWEEN 3-4.5 DIFFERENTIAL. AT 5 DIFFERENTIAL NOISE FROM INSIDE STOPPED. HOWEVER AIR LEAKAGE WAS FOUND AT ALL PRESSURE DIFFERENCES ON THE ADD EMP:U413233 OUTSIDE. LOCKED FOR BOEING DISPOSITION DOOR 1R IS SERVICEABLE   PRESSURIZED AND NO LEAKS NOTED . WAITING ON REPLDOOR 1R IS SERVICEABLE PRESSURIZED AND NO LEAKS NOTED REF AMM 05-51-24-702-001.",PS870B12,PartNumber,PS870B1-2,2024
CALA2024062400061,2024-06-19,2024-06-24T14:23:47.813-05:00,CALA,CALA,A,GL,33,A,3320,O,,,O,,,,NR,9,36476,BOEING,737924ER,38703,34952,12461,,,,,,,,,,,,LIGHT,9651350005,,INTERMITTENT,NA,,,,,,,,,,,,,,,,,,,,,,,,,,,,,,,,,,,"SEAT 36A SIDEWALL  CEILING STRIP LIGHT ILLUMINATES RED. TURNS ON /OFF INTERMITT PLACING ON MEL. CB PULLED AND COLLARED TO PREVENT FLICKERING AND COLOR CHANGE. ENTIRE A/C LEFT SIDEWALL LIGHTS DEACTIVATED FOR MEL. ENOUGH LIGHTS REMAINS TOMC APPROVED PLACED SIDEWALL LIGHT 36A ON MEL. CB PULLED AND COLLARED FOR LEFT SIDEWALL LIGHTS. REMOVED AND REPLACED NEW SIDEWALL LIGHT ASSY AT ROW 36A,REF TO AMM 33-21-00.LIGHT IS OPS CKD NORMAL.OK TO CONTINUE.",9651350005,PartNumber,9651-35-0005,2024
DALA2024062706561,2024-06-25,2024-06-27T10:24:30.140-05:00,DALA,DALA,A,SO,27,A,3030,O,,,A,,,,CR,O,882DN,BOEING,737932ER,31994,19598,7386,,,,,,,,,,,,PITOT TUBE,0851HT1,358835,INOPERATIVE,F/O,19588,7380,19588,R,,,,,,,,,,,,,,,,,,,,,,,,,,,,,,,"ATB,  DUE TO AUX PITOT HEAT LIGHT ILLUMINATED.   REPLACED AUX PITOT TUBE. OPS CHECKS GOOD.",0851HT1,PartNumber,0851HT1,2024
AALA202407010571,2024-06-29,2024-07-01T15:38:21.557-05:00,AALA,AALA,A,SW,21,A,3411,C,J,,A,,,,CL,O,344PP,BOEING,737823,31272,19767,8475,,,,,,,,,,,ROSEMOUNT,PITOT TUBE,0851HT2,,FOD,CAPTAIN'S,,,,,,,,,,,,,,,,,,,,,,,,,,,,,,,,,,,"AIRCRAFT WAS GROUNDED: AN EMERGENCY WAS DECLARED DUE TO: AIRSPEED DISAGREE ANNUNCIATION AT ROTATE, DETERMINED CAPTAINS AIRSPEED WAS ERRONEOUS, SPLIT 10-20 KNOTS BETWEEN INDICATIONS; AIRCRAFT DIVERTED TO AND LANDED SAFELY AT IAD. REMOVED AND INSTALLED NEW CAPTAIN PITOT PROBE, PER AMM 34-11-01-400-801. ACCOMPLISHED LEAK TEST GOOD, PER AMM 34-11-00-790-810.",0851HT2,PartNumber,0851HT2,2024
CALA2024070301958,2024-07-03,2024-07-03T14:29:09.097-05:00,CALA,CALA,A,GL,33,A,3600,S,,,A,,,,CR,O,77258,BOEING,737824,30802,72259,26870,,,,,,,,,,,,SENSE LINE,332A235014,,CRACKED,PRSOV,,,,,,,,,,,,,,,,,,,,,,,,,,,,,,,,,,,AT CRUISE RT DUCT PRESS URE WENT TO 11 PSI 41LT  STAYED LOW DURI NG DESENT IDLED BOTH ENGINES. #2 ENGINE PRODUCED BELOW 0 PSI SENSE LINE CRACKED.,332A235014,PartNumber,332A2350-14,2024
CALA2024070300109,2024-07-02,2024-07-03T14:27:04.793-05:00,CALA,CALA,A,GL,33,A,3600,S,,,A,,,,CR,O,77258,BOEING,737824,30802,72261,26871,,,,,,,,,,,,SENSE LINE,332A235014,,CRACKED,NR 2 ENGINE,72258,26870,72258,I,,,,,,,,,,,,,,,,,,,,,,,,,,,,,,,AT CRUISE RT DUCT PRESS URE WENT TO 11 PSI 41LT  STAYED LOW DURI NG DESENT IDLED BOTH ENGINES. #2 ENGINE PRODUCED BELOW 0 PSI SENSE LINE CRACKED. FLAGGING FOR SDR SDR INPUT REPLACED TUBE ASSY REF IPC 36-11-51-02A ITEM 105 OPS AND LEAK CHECKS GOOD WORK PREFORMED BY U118541 NATHAN TRUJILLO,332A235014,PartNumber,332A2350-14,2024
CALA2024070500139,2024-07-02,2024-07-05T12:58:12.877-05:00,CALA,CALA,A,GL,33,A,3600,O,,,A,,,,CR,O,37551,BOEING,7379,67181,4908,1638,,,,,,,,,,,,RELAY,BACR13CG2AB,,FAULTED,R563,,,,,,,,,,,,,,,,,,,,,,,,,,,,,,,,,,,"NUMBER 2 ENG BLEED DOES NOT OPEN OIL SERVICE ACCOMPLISHED AT MCO FOR FLT 2120 ON 02 JUL 08:46:06 ENGINE 1: 00 ENGINE 2: 00  ENGINE 3: 00 ENGINE 4: 00 APU: 00 CHECKED REF FIM 36-21 . DOWN POWERED A/C , RAN BOTH ENGINES BLEEDS ARE N ORMAL AND PACKS RUN NORMAL WITH ENGINE. R563 #2 ENGINE RUN/STOP RELAY REQUESTED TO BE REPLACED DUE TO FAULTD HITS AND DIVERSION. REMOVED AND REPLACED RELAY R563 REF SWPM 20-81-22. PERFORMED PSEU OPERATIONAL CHECK REF AMM 32-09-10-740-801. NO FAULTS NOTED AT THIS TIME. RAN #2 ENG AND CONFIRMED ENG BLEED OPERATIONAL. PERFORMED CABIN PRESSURE LEAK TEST ON N/W/W PANEL REF AMM 05-51-91-790-801. NO LEAKS NOTED AT THIS TIME.",BACR13CG2AB,PartNumber,BACR13CG2AB,2024
CALA2024070800162,2024-07-06,2024-07-08T13:09:54.763-05:00,CALA,CALA,A,GL,33,A,2120,J,,,A,,,,CL,O,38268,BOEING,737824,31587,72185,25226,,,,,,,,,,,HNYWL,SENSOR,1296663,3970,FAULTY,NR 2 PRECOOLER,88911,37455,7,R,,,,,,,,,,,,,,,,,,,,,,,,,,,,,,,"PASSING THRU 10000FT RT PACK LIGHT WITH CAUTION ILLUMINATED. RAN QRH PACK LIGHT REMAINS ON. CREW STATES RT PACK LIGHT CAME ON GOING THROUGH 10,000FT. CABIN WAS REALLY HOT SPECIALLY TOWARDS AFT OF ACFT. COCKPIT TEMP COMFORTABLE, AIR WAS WORKING AS NORMAL. THERE IS HISTORY PRESENT. PERFORMED HEALTH CHECK ON #2 ENGINE PRECOOLER CONTROL VALVE IAW AMM 36-12-00-700-801 PRECOOLER CONTROL VALVE SYS HEALTH CHECK. PRECOOLER CONTROL VALVE FAILING STEP 2.G (6) (C) & NOT WITHIN 30 DEGREES OF FULL OPEN WHEN 3 PSI CONTROL PRESSURE IS SUPPLIED TO VALVE IAW AMM 36-12-00-700-801 PRECOOLER CONTROL VALVE SYS HEALTH CHECK. REMOVED #2 ENGINE PRECOOLER CONTROL VALVE IAW AMM 36-12-02-000-801 PRECOOLER CONTROL VALVE REMOVAL. REPLACED #2 ENGINE PRECOOLER CONTROL VALVE THROUGH STEP 3.G AMM TASK 36-12-02-400-801 PRECOOLER CONTROL VALVE INSTALLATION. LEAK CHECKED SENSORS IAW AMM 36-00-00-860-805, NO LEAK NOTED,  BITE TEST PACK/ZONE TEMP CONTROLLER IAW AMM 21-61-00-700-806-002.",1296663,PartNumber,129666-3,2024
AALA202407125097,2024-07-09,2024-07-12T18:06:34.557-05:00,AALA,AALA,A,SW,21,A,2530,B,,,O,,,,CR,O,102NN,AIRBUS,A321231,5860,36541,7355,,,,,,,,,,,,OVEN,820111000001,,ODOR,NR 4,,,,,,,,,,,,,,,,,,,,,,,,,,,,,,,,,,,AIRCRAFT WAS GROUNDED: OVEN 4 HAS ELECTRIC SMELL WHEN IN USE. REPLACED OVEN #4 PER CMM 25-30-012.,820111000001,PartNumber,8201-11-0000-01,2024
AALA202407292686,2024-07-25,2024-07-29T13:53:00.210-05:00,AALA,AALA,A,SW,21,A,2530,B,,,O,,,,NR,O,820AW,AIRBUS,A319132,1397,71491,33327,,,,,,,,,,,,OVEN,8201110000,,ODOR,ZONE 900,,,,,,,,,,,,,,,,,,,,,,,,,,,,,,,,,,,AIRCRAFT WAS NOT GROUNDED: OVEN IN FIRST CLASS GALLEY HAS FOUL ODOR WHEN USED AS FOOD WAS LEFT IN IT WHILE AIRCRAFT WAS DOWN FOR MAINTENANCE AND HAD SPOILED. **SUPPLEMENTAL REPORT WILL BE SUBMITTED** (OPEN),8201110000,PartNumber,8201-11-0000,2024
AALA202407306695,2024-07-27,2024-07-30T14:58:20.740-05:00,AALA,AALA,A,SW,21,A,3610,J,,,A,,,,CL,O,811NN,BOEING,737823,31079,43753,18356,CFMINT,CFM567B243,960628,34859,14981,,,,,,HNYWL,BLEED VALVE,32144464,10155,LOW PRESSURE,NR 1 ENGINE,4260,2043,4260,O,CFMINT,,ENGINE,,,NR 1,,,34859,O,,,,,,,,,,,,,,,,,,,,,"AIRCRAFT WAS GROUNDED: AN EMERGENCY WAS DECLARED DUE TO: IMMEDIATELY AFTER TAKEOFF, NOTICED LEFT PNEUMATIC DUCT PRESSUREWAS LOW INDICATING APPROXIMATELY 5PSI. NO ASSOCIATED PNEUMATIC ANNUNCIATIONS OCCURRED. AIRCRAFT CABIN PRESSURIZED NORMALLY; AIRCRAFT AIR INTERRUPTED BACK TO AND LANDED SAFELY AT DFW.  REMOVE AND REPLACED NUMBER 1 ENGINE BLEED AIR REGULATOR (AALA202407300088), PER AMM36-11-03. ALSO REMOVED AND REPLACED HIGH PRESSURE VALVE (AALA202407306695), PER AMM 36-11-06. OPERTIONAL AND LEAK CHECKS GOOD.",32144464,PartNumber,3214446-4,2024
AALA202407300088,2024-07-27,2024-07-30T14:58:20.897-05:00,AALA,AALA,A,SW,21,A,3610,J,,,A,,,,CL,O,811NN,BOEING,737823,31079,43753,18356,CFMINT,CFM567B243,,,,,,,,,HNYWL,REGULATOR VALVE,1074926,6453,LOW PRESSURE,NR 1 ENGINE,9310,4187,9310,O,CFMINT,,ENGINE,,,NR 1,,,14981,O,,,,,,,,,,,,,,,,,,,,,"AIRCRAFT WAS GROUNDED: AN EMERGENCY WAS DECLARED DUE TO: IMMEDIATELY AFTER TAKEOFF, NOTICED LEFT PNEUMATIC DUCT PRESSUREWAS LOW INDICATING APPROXIMATELY 5PSI. NO ASSOCIATED PNEUMATIC ANNUNCIATIONS OCCURRED. AIRCRAFT CABIN PRESSURIZED NORMALLY; AIRCRAFT AIR INTERRUPTED BACK TO AND LANDED SAFELY AT DFW.  REMOVE AND REPLACED NUMBER 1 ENGINE BLEED AIR REGULATOR (AALA202407300088), PER AMM36-11-03. ALSO REMOVED AND REPLACED HIGH PRESSURE VALVE (AALA202407306695), PER AMM 36-11-06. OPERTIONAL AND LEAK CHECKS GOOD.",1074926,PartNumber,107492-6,2024
AALA202408142686,2024-07-25,2024-08-14T14:41:39.957-05:00,AALA,AALA,A,SW,21,A,2530,B,,,O,,,,NR,9,820AW,AIRBUS,A319132,1397,71491,33327,,,,,,,,,,,,OVEN,8201110000,,ODOR,ZONE 900,,,,,,,,,,,,,,,,,,,,,,,,,,,,,,,,,,,AIRCRAFT WAS NOT GROUNDED: OVEN IN FIRST CLASS GALLEY HAS FOUL ODOR WHEN USED AS FOOD WAS LEFT IN IT WHILE AIRCRAFT WAS DOWN FOR MAINTENANCE AND HAD SPOILED. **SUPPLEMENTAL REPORT FOR AALA202407292686: MAINTENANCE CLEANED OVEN IN FIRST CLASS  AND ACCOMPLISHED A SATISFACTORY OPERATIONAL CHECK PER AMM 25-33-00 ** (CLEANED),8201110000,PartNumber,8201-11-0000,2024
F3LA2024081600115,2024-08-15,2024-08-16T11:00:29.303-05:00,F3LA,F3LA,A,SO,65,A,7500,J,,,E,,,,CL,O,378FR,AIRBUS,A320251N,10386,11514,5335,CFMINT,LEAP1A26,59A261,11514,5335,,,,,,GE,SEAL,2532M16P01,,LEAKING,BLEED DUCT,,,,,,,,,,,,,,,,,,,,,,,,,,,,,,,,,,,"DISCREPANCY: REFERENCE LP 448414 AFTER TAKEOFF, WE GOT A FIRE INDICATION ON THE #2 ENGINE. AC  WAS GROUNDED AS A RESULT OF THIS EVENT. ALL INDICATIONS WERE NORMAL, WE FOLLOWED ECAM AND SHUT DOWN #2 ENGINE. THE FLIGHT CREW DID NOT ACTIVATE THE EXTINGUISHING BOTTLES. AIRCRAFT RETURNED TO THE AIRPORT. CORRECTIVE ACTION: PERFORMED ENGINE #2 INSPECTION AND FOUND NO EVIDENCE OF FIRE. NO FUEL LEAKS FROM FUEL NOZZLES OR FUEL LINE ""B"" NUTS. FOUND BLEED LEAK AT THE TBV DUCT TO COMBUSTION CASE SEAL. REMOVED AND REPLACED TBV DUCT SEAL./END/",2532M16P01,PartNumber,2532M16P01,2024
AALA202408268278,2024-08-22,2024-08-26T16:05:50.490-05:00,AALA,AALA,A,SW,21,A,2530,B,,,O,,,,NR,O,995AN,AIRBUS,A321231,7301,23465,9263,,,,,,,,,,,,OVEN,820111000001,,ODOR,ZONE 900,,,,,,,,,,,,,,,,,,,,,,,,,,,,,,,,,,,AIRCRAFT WAS NOT GROUNDED: FLIGHT CREW REPORTED A STRONG PLASTIC ODOR EMINATING FROM OVEN #2.   (OPEN),820111000001,PartNumber,8201-11-0000-01,2024
AALA202408298278,2024-08-22,2024-08-29T10:59:03.627-05:00,AALA,AALA,A,SW,21,A,2530,W,B,,O,,,,NR,O,995AN,AIRBUS,A321231,7301,23465,9263,,,,,,,,,,,,OVEN,820111000001,,DIRTY,ZONE 900,,,,,,,,,,,,,,,,,,,,,,,,,,,,,,,,,,,AIRCRAFT WAS NOT GROUNDED: FLIGHT CREW REPORTED A STRONG PLASTIC ODOR EMINATING FROM OVEN #2. **SUPPLEMENTAL REPORT FOR AALA202408268278: MAINTENANCE CLEANED OVEN AND ACCOMPLISHED A SATISFACTORY OPERATIONAL CHECK WITH NO ODORS NOTED.** (CLOSED),820111000001,PartNumber,8201-11-0000-01,2024
CALA2024090500574,2024-09-03,2024-09-05T09:45:18.687-05:00,CALA,CALA,A,GL,33,A,3610,J,,,A,,,,CL,O,33294,BOEING,737824,34000,57386,20870,,,,,,,,,,,HNYWL,CONTROLLER,632921461,9813,FAULTY,NR 2 ENGINE,4050,1576,3833,R,,,,,,,,,,,,,,,,,,,,,,,,,,,,,,,"DUCT PRESSURE INDICATION L AND R POINTERS NOT THE SAME (SPLIT), WITH EITHER POINTER BELOW 18 PSIG DURING TAKEOFF, CLIMB AND CRUI SE; THE ENGINE IS THE BLEED SOURCE REMOVED AND REPLACED THE #2 ENG BLEED AIR REGULATOR (BAR) COMPLIED WITH. IAW AMM 36-11-03. STILL REQUIRES (SUPPLY PRESSURE UPSTREAM OF THE PRSOV TASK 36-00-00-860-805).PARTS USED: 29-3611-9-0005,QTY :1 PARTS CHANGE WAS INDICATED - TT # 1525119  SN OFF 8778 REGULATOR, BLEE  OFF 29-3611-9-0005 8778 ON 29-3611-9-0005 2409 REMOVED AND REPLACED #2 ENG FIFTH STAGE CHECK VALVE COMPLIED WITH. WORN AND CORRODED AT HINGE. IAW AMM 36-11-02. STILL REQUIRES (SUPPLY PRESSURE UPSTREAM OF THE PRSOV TASK 36-00-00-860-805).PARTS USED:  29-3611-9-9002,QTY :1 ROTABLE PARTS CHANGE WAS INDICATED - TT # 1748673  SN OFF 3157 VALVE, CHECK, F OFF 29-3611-9-9002 3157 ON 29-3611-9-9002 5425 REMOVED AND REPLACED #2 ENG PRECOOLER CONTROL VALVE COMPLIED WITH. IAW AMM 36-12-02. STILL REQUIRES (SUPPLY PRESSURE UPSTREAM OF THE PRSOV TASK 36-00-00-860-805).PARTS USED: 99-3611-3-0013,QTY :1  29-3612-9-0008,QTY :1 ROTABLE PARTS CHANGE WAS INDICATED - TT # 1512717  SN OFF 9813   VALVE, PRECOOLE  OFF 29-3612-9-0008 9813 ON 29-3612-9-0008 0659 PERFORMED OPS/LEAK CHECK ON BLEED AIR REGULATOR, PRECOOLER CONTROL VALVE, 5TH STAGE CHECK VALVE , REF AMM 36-00-00-860-805. OPS LEAK CK GOOD. PERFORMED HIGH POWER RUN, ALL ENGINE PARAMETERS NORMAL REF AMM 71-00-00. OK FOR SVC.",632921461,PartNumber,63292146-1,2024
AALA202409201426,2024-09-16,2024-09-20T15:20:47.553-05:00,AALA,AALA,A,SW,21,A,2530,B,,,O,,,,NR,9,9018E,AIRBUS,A319115,6150,28454,13368,,,,,,,,,,,,OVEN,820111000001,,ODOR,ZONE 900,,,,,,,,,,,,,,,,,,,,,,,,,,,,,,,,,,,AIRCRAFT WAS NOT GROUNDED: FLIGHT CREW REPORTED A STRONG BURNING ODOR EMANATING FROM FIRST CLASS GALLEY OVEN #2.  REPLACED OVEN PER AMM 25-35-19.,820111000001,PartNumber,8201-11-0000-01,2024
CALA2024092300671,2024-09-21,2024-09-23T11:17:47.573-05:00,CALA,CALA,A,GL,33,A,3830,J,,,A,,,,CL,O,45440,BOEING,737924ER,33535,48258,17047,,,,,,,,,,,,TOILET,158000293,12733,INOPERATIVE,ZONE 900,30077,11580,3266,R,,,,,,,,,,,,,,,,,,,,,,,,,,,,,,,"AFT LAV WILL NOT STOP FLUSHING R/R LVD IAW AMM 38-32-01 OPCHECK GOOD. PARTS USED: 29-3832-9-0015,QTY :1  53-3832-9-0004,QTY :1 ROTABLE PARTS CHANGE WAS INDICATED - TT # 1324932  SN OFF 2733 TOILET, VACUUM,  OFF 53-3832-9-0004 2733 ON 29-3832-9-0015 1213",158000293,PartNumber,15800-029-3,2024
CALA2024100700780,2024-10-03,2024-10-07T11:00:52.100-05:00,CALA,CALA,A,GL,33,A,7200,O,,,C,,,,TO,O,68452,BOEING,737924ER,40005FAL,39246,14212,CFMINT,CFM567B26E,,,,,,,,,FOKKER,VALVE,32144464,12451,FAULTY,NR 1 ENGINE,40940,14354,8700,R,,,,,,,,,,,,,,,,,,,,,,,,,,,,,,,"L BLEED TRIP OFF LGT CAME ON AT 80KTS. TAKEOFF ABORTED. FOLLOWED FIM 36-10 TASK 809. UNABLE TO PERFORM TS OF PRECOOLER CHK AT LINE. REQUESTING MEL MEL 3603A CANNOT DEFER DUE TO ICING RESTRICTION REF AMM 36-11-00-700-801 ACCOMPLISHED HEALTH CHECK ON HIGH STAGE VALVE STEP I 1-5C. HIGH STAGE VALVE DID NOT OPEN WHEN SUPLYING 75 PSI AND DID NOT CLOSE FULLY. SUSPECTED HSV INOP. HSV NIS IN SFO ADD EMP:U367910 REMOVED AND REPLACED WITH A NEW HIGH STAGE VALVE AND SEAL. REF AMM 36-11-06-400-801PARTS USED:  99-3611-3-0013,QTY :1 29-3611-9-0002,QTY :1  1335101,QTY :1.  ROTABLE PARTS CHANGE WAS INDICATED - TT # 1335101  SN OFF 2451  VALVE, HIGH STA  OFF 29-3611-9-0002 2451 ON 29-3611-9-0002 3884 PERFORMED LEAK CK.. GOOD.. NO LEAKING FOUND AT THIS TIME.. REF AMM 36-11-00-400-801 STEP G2B. PERFORMED RUN UP OPS TEST. OPS CK BLEED AIR CROSSOVER TEST GOOD. REF AMM 36-11-00-710-801. NO LIGHT CAME ON AT TAKE OFF POWER..",32144464,PartNumber,3214446-4,2024
CALA2024101700848,2024-10-13,2024-10-17T10:55:41.290-05:00,CALA,CALA,A,GL,33,A,3600,J,,,A,,,,CL,O,66837,BOEING,737924ER,60122,32409,11750,CFMINT,CFM567B262,,,,,,,,,HNYWL,SHUTOFF VALVE,32145526,3606,FAULTED,NR 1 ENGINE,71558,32895,393,R,,,,,,,,,,,,,,,,,,,,,,,,,,,,,,,"ENGINE 1 OVERHEAT LIGHT ON CLIMBOUT. SWITCH WAS IN A POSITION W B LOOP ON MEL. REPLCD. ENG AND APU FIRE CONT. PANEL REF AMM26-00-01-400-801, AND ACP APU FIRE DET OPS TEST REF AMM26-15-00-710-801, ENG FIRE DET. OPS TEST REF AMM26-11-00-710-801, FIRE AND OVHT DET SYS OPS TEST REF AMM26-10-00-710-801, APU FIRE SWITCH SHUTDOWN TEST REF AMM26-22-00-720-801, AND WHEEL WELL, WING AND AFT BODY OVHT DET SYS. OPS TEST REF AMM 26-18-00-710-801. ALL TESTS PASSED. ROTABLE PARTS CHANGE WAS INDICATED - TT # 1821849  SN OFF 8516 MODULE, FIRE DE OFF 29-3111-9-0013 8516 ON 29-3111-9-0013 8681 REPLACED ENG AND APU FIRE DET. MODULE REF AMM26-10-01-400-801, AND ACP ENG FIRE DET. OPS TEST REF AMM26-11-00-710-801 AND APU FIRE DET. OPS TEST REF AMM 26-15-00-710-801. ALL TESTS PASSED. ROTABLE PARTS CHANGE WAS INDICATED - TT # 1405668  SN OFF 2970    PANEL, CONTROL,  OFF 29-2615-9-0001 2970 ON 29-2615-9-0001 7760 REPLACED #1 ENG PRSOV AND TESTED SUCCESSFULLY REF AMM 36-11-04-400-801.PARTS USED:  29-3612-9-0004,QTY :1 ROTABLE PARTS CHANGE WAS INDICATED - TT # 1312913  SN OFF 3606  VALVE, SHUTOFF,  OFF 29-3612-9-0004 3606 ON 29-3612-9-0004 5552",32145526,PartNumber,3214552-6,2024
AALA202410178351,2024-10-16,2024-10-17T11:33:41.930-05:00,AALA,AALA,A,SW,21,A,2530,B,A,,A,,,,CR,O,113AN,AIRBUS,A321231,6020,38216,7695,,,,,,,,,,,,OVEN,820111000001,,SMOKE,ZONE 900,,,,,,,,,,,,,,,,,,,,,,,,,,,,,,,,,,,AIRCRAFT WAS GROUNDED: AN EMERGENCY WAS DELARED AND THE AIRCRAFT DIVERTED TO LAS DUE TO THE FLIGHT CREW REPORTING THAT IN FLIGHT THE MID GALLEY OVEN #3 HAD SMOKE AND FLAMES. THE AIRCRAFT LANDED SAFELY AT LAS WHERE IT TAXIED TO THE GATE UNDER ITS OWN POWER. MAINTENANCE FOUND COOKIES BURNT IN THE OVEN AND NOTED NO EXTERNAL DAMAGE. MAINTENANCE ALSO NOTED THE OVEN WAS DIRTY AND HAS A BAD ODOR. **SUPPLEMENTAL REPORT WILL BE SUBMITTED** (OPEN),820111000001,PartNumber,8201-11-0000-01,2024
AALA202410198351,2024-10-16,2024-10-19T10:48:40.967-05:00,AALA,AALA,A,SW,21,A,2530,B,A,,A,,,,CR,O,113AN,AIRBUS,A321231,6020,38216,7695,,,,,,,,,,,,OVEN,820111000001,,SMOKE,ZONE 900,,,,,,,,,,,,,,,,,,,,,,,,,,,,,,,,,,,AIRCRAFT WAS GROUNDED: AN EMERGENCY WAS DELARED AND THE AIRCRAFT DIVERTED TO LAS DUE TO THE FLIGHT CREW REPORTING THAT IN FLIGHT THE MID GALLEY OVEN #3 HAD SMOKE AND FLAMES. THE AIRCRAFT LANDED SAFELY AT LAS WHERE IT TAXIED TO THE GATE UNDER ITS OWN POWER. MAINTENANCE FOUND COOKIES BURNT IN THE OVEN AND NOTED NO EXTERNAL DAMAGE. MAINTENANCE ALSO NOTED THE OVEN WAS DIRTY AND HAS A BAD ODOR. **SUPPLEMENTAL REPORT FOR AALA202410178351: MAINTENANCE REPLACED OVEN AND ACCOMPLISHED A SATISFACTORY OPERATIONAL CHECK PER AMM 25-35-19.** (CLOSED),820111000001,PartNumber,8201-11-0000-01,2024
ASAA2024110653710,2024-11-06,2024-11-12T20:39:30.117-05:00,ASAA,ASAA,A,NM,02,A,2611,N,,,F,A,,,CR,O,472AS,BOEING,737990ER,60580,36050,11008,,,,,,,,,,,,SMOKE DETECTOR,4735975,,FAULTED,ZONE 100,,,,,,,,,,,,,,,,,,,,,,,,,,,,,,,,,,,AT FL 340 AFT CARGO FIRE LIGHT ILLUMINATED. FOLLOWED QRC PROCEDURE WHICH LED TO QRH PROCEDURE E2.1AND DISCHARGED FIRE BOTTLE. FCR INSPECTED AFT CARGO THERE WAS NO SIGN OF FIRE. HALON BOTTLE DID DISCHARGE. GROUNDED - YES. DIVERSION - REMOVED AND REPLACED #1 CARGO FIRE BOTTLE ON WO 2025605 REF T/C 78226001. REMOVED AND REPLACED AFT CARGO FILTER/DRIER IAW AMM 26-23-04. OPS AND LEAK CK GOOD. REMOVED AND REPLACED CARGO FIRE CONTROL PANEL REF AMM 26-00-02-400-801. OPS CK GOOD. 6 AFT CARGO BAY SMOKE DETECTORS REMOVED AND REPLACED. REF AMM 26-16-01. OPS CK GOOD.,4735975,PartNumber,473597-5,2024
CALA2024111401144,2024-11-12,2024-11-14T10:02:44.150-05:00,CALA,CALA,A,GL,33,A,3040,J,,,A,,,,CR,O,17335,BOEING,7378,67595,856,319,,,,,,,,,,,,MODULE,233A3201313,F09705,FAULTED,ZONE 200,851,318,851,I,,,,,,,,,,,,,,,,,,,,,,,,,,,,,,,"WINDOW HEAT OVERHEAT LIGHT COMES ON PERFORMED BITE ON WHCU #2. P5-9 FAULT LIGHT ILLUMINTED FOR R#1 WINDOW.   SWAPPED WHCU #1 AND #2. FAULT DID NOT FOLLOW. SUSPECT MODULE, WINDOW/PITOT HEAT P005-9. PLACED #2 WHCU,  #1 WINDOW SENSOR TO OVER RIDE MODE. NO HELP. PLACING RIGHT FWD WINDOW HEAT ON MEL  PLACED ON MEL. DDP C/W REPLACED WINDOW/PITOT HEAT MODULE (P5-9) PER AMM: 30-00-02/401. OPERATIONAL TEST SATISFACTORY, MEL CLEARED, PLACARD REMOVE.",233A3201313,PartNumber,233A3201-313,2024
AALA202411187882,2024-11-14,2024-11-18T15:57:15.667-05:00,AALA,AALA,A,SW,21,A,7200,G,,,C,,,,TO,O,926AN,BOEING,737823,29527,63838,26343,CFMINT,CFM567B20,802130,39267,16672,,,,,,CFMINT,ENGINE,CFM567B,802130,MALFUNCTIONED,LEFT,39267,16672,39267,O,,,,,,,,,,,,,,,,,,,,,,,,,,,,,,,AIRCRAFT WAS GROUNDED: AS WE WERE TAKING THE RUNWAY 2L FOR DEPARTURE I BROUGHT THE THRUST LEVERS UP TO 40% AND AS THEY WERE APPROACHING 40% THE LEFT THRUST LEVER TOOK OFF TOWARD THE STOP. I HAD NOT TOUCHED THE TOGA BUTTONS YET. THE AIRCRAFT TOOK OFF TO THE RIGHT AS THE RIGHT THRUST WAS STILL AT 40%. I WAS ABLE TO KEEP THE AIRCRAFT ON THE RUNWAY WITH THE NOSE WHEEL STEERING AS THE WHEELS WERE SKIDDING SIDEWAYS AND BRINGING THE LEFT THRUST LEVER BACK. WE ASKED TO CLEARTHE RUNWAY. AS WE WERE COMING OFF THE RUNWAY AN EAGLE AIRCRAFT WAS BEHIND US AND SAID WE HAD FLAMES COMING UP OF THE LEFT ENGINE BRIEFLY. AS WE WERE TAXING BACK TO THE GATE WE HAD TO HOLD SHORT OF A TAXIWAY FOR ANOTHER AIRCRAFT. AS WE STARTED TO TAXI AGAIN I ADDED ABOUT 35-40% N1 FOR BREAKAWAY THRUST AND NOTED ONLY THE RIGHT ENGINE WAS AT 35-40% N1 AND THE LEFT ENGINE WAS AT 20-25% N1 IDLE THRUST BUT THE THRUST TREND MARKER WAS AT 40%. WE THEN SHUT THE #1 ENGINE DOWN FOR THE TAXI IN THE REST OF THE WAY TO THE GATE.ACCOMPISHED WORK CARD  08L40072003 REMOVED AND REPLACED NUMBER 1 ENGINE ALLOPERTIONAL CHECK AND LEAK GOOD.,CFM567B,PartNumber,CFM56-7B,2024
UIEA2024121801173,2024-12-18,2024-12-19T16:45:46.153-05:00,UIEA,UIEA,A,EA,15,A,3030,J,,,A,,,,CL,O,5233A,BOEING,737800*,34029,54288,26219,,,,,,,,,,,,PITOT TUBE,0851HT1,265958,FAULTED,ZONE 100,,,,,,,,,,,,,,,,,,,,,,,,,,,,,,,,,,,F/O PITOT LIGHT ON TO RETURN TO MCI TO AVOID ICING CONDITIONS PER QRH(<P>T/S PER B737 FIM 30-31 TASK 803 FOUND OPEN BETWEEN D638 PIN 41 AND GROUND R+R&NBSP; F/O PITOT PROBER IAW B737 AMM 34-31-01 ACCOMPLISHED A SATISFACTORY OPS CHECK IAW B737 AMM 30-31-00 LEAK CHECK REQUIRED SEALANT APPLICATION REQ'D</P>),0851HT1,PartNumber,0851HT1,2024
CALA2024122301616,2024-12-19,2024-12-23T11:53:49.097-05:00,CALA,CALA,A,GL,33,A,3350,O,,,K,,,,IN,V,47569,BOEING,7379,67189,5112,1720,,,,,,,,,,,,LIGHT,9701140000,,INOPERATIVE,ZONE 200,,,,,,,,,,,,,,,,,,,,,,,,,,,,,,,,,,,"EMER EXIT LIGHT INOP AT 21F ITEM IS ACTUALLY THE OVERWING EXIT SIDEWALL LIGHT. PLACARDED LIGHT INOP PER MEL TOMC APPROVED IAW MEL 3321A OK TO CONTINUE WITH MEL REMOVED AND REPLACED SIDEWALL LIGHT AT OVERWING EXIT SEAT 21 F. REF AMM 33-21-00-960-802.PARTS USED:60-3321-3-0008, QTY :1 ADD EMP:U093896",9701140000,PartNumber,9701-14-0000,2024
AALA202412242957,2024-12-23,2024-12-24T22:54:18.743-05:00,AALA,AALA,A,SW,21,A,2530,B,,,K,,,,IN,O,921AN,BOEING,737823,29522,67869,28157,,,,,,,,,,,,OVEN,820111000001,,BURNED,ZONE 900,,,,,,,,,,,,,,,,,,,,,,,,,,,,,,,,,,,AIRCRAFT WAS NOT GROUNDED: FORWARD GALLEY RIGHT OVEN WAS OVERHEATING AND GIVING OFF A STRONG BURNING SMELL. REMOVED AND REPLACED FORWARD GALLEY NUMBER 2 OVEN. PER AMM 25-32-03.,820111000001,PartNumber,8201-11-0000-01,2024
CALA2024122603166,2024-12-25,2024-12-26T11:42:25.540-05:00,CALA,CALA,A,GL,33,A,2300,O,,,A,,,,CR,O,77579,BOEING,7379,67614,4205,1413,,,,,,,,,,,,CONTROL PANEL,G7404124,80993,MALFUNCTIONED,E/E BAY,4205,1413,4205,R,,,,,,,,,,,,,,,,,,,,,,,,,,,,,,,CREW REPORTS VHF L INOP FOUND MAINTENANCE MESSAGE 23-22111 RTP-1 RADIO TUNING PANEL INTERNAL FAULT. TS PER FIM 23-12 TASK 821. REMOVED AND REPLACED #1 RADIO TUNING PANEL PER AMM 23-12-41 OPS CHECK GOOD. NO DEFECTS NOTED OK FOR SERVICE.,G7404124,PartNumber,G7404-124,2024
AALA202501035825,2024-12-30,2025-01-03T10:28:01.630-05:00,AALA,AALA,A,SW,21,A,2530,B,,,K,,,,NR,V,973AN,BOEING,737823,29548,66718,28118,,,,,,,,,,,BOEING,OVEN,820111000001,,ODOR,ZONE 900,,,,,,,,,,,,,,,,,,,,,,,,,,,,,,,,,,,AIRCRAFT WAS NOT GROUNDED: OVEN NUMBER 1 IS A BIT SMOKEY WHEN USED. MAINTENANCE VERIFIED OVEN HAD A BURNT PLASTIC SMELL AND REPLACED IT PER AMM 25-32-03.,820111000001,PartNumber,8201-11-0000-01,2024
CALA2025010600040,2025-01-05,2025-01-06T12:48:34.620-05:00,CALA,CALA,A,GL,33,A,7532,O,,,K,,,,IN,V,66848,BOEING,737924ER,42188,30810,11194,,,,,,,,,,,HNYWL,SHUTOFF VALVE,32145526,14370,FAULTED,NR 1 ENGINE,23420,8583,6636,R,,,,,,,,,,,,,,,,,,,,,,,,,,,,,,,"LT DUCT PRESSURE READS 10 PSI WAS AT APPOX 45PSI. DEBRIEFED CREW UPON ARRIVAL AND THEY STATED THEY DID A NO ENGINE BLEED TAKE OFF. PASSING THROUGH 10K FEET THEY TURNED ON RIGHT ENGINE BLEED, APU BLEED OFF AND LEFT ENGINE BLEED ON. ISO VALVE OPEN NOT AUTO AND LEFT BLEED DROPPED TO ABOUT 10 PSI WHILE RIGHT PERFORMED PNEUMATIC HEALTH CHECK ON E1 RR PRSOV REF AMM 36-11-04 RR HSR REF AMM 36-11-07. REQUIRES HIGH POWER RUN FOR REPAIR CONFIRMATION REF LP 3428565.  PERFORMED ENGINE BLEED OPS TEST. REF AMM 36-11-00-710-801. ALL PARAMETERS WITHIN LIMITS. BOTH ENGINE BLEEDS MATCHED AT ALL POWER SETTING.",32145526,PartNumber,3214552-6,2025
CALA2025010601788,2025-01-03,2025-01-06T12:49:19.047-05:00,CALA,CALA,A,GL,33,A,7532,J,,,A,,,,CR,O,37277,BOEING,737824,31595,69940,24707,CFMINT,CFM567B262,,,,,,,,,HNYWL,BLEED VALVE,1074926,4493C,FAULTY,NR 1 ENGINE,65712,47622,4680,R,,,,,,,,,,,,,,,,,,,,,,,,,,,,,,,"LEFT ENGINE BLEED SITTIN G AT 5 PSI IN FLIGHT. CYCLED LEFT BLEED W/NO SUCCESS. DEBRIEFED INBOUND FLIGHT CREW - LEFT ENGINE BLEED AIR ISSUE OCCURED ABOVE 10,000.  CYCLED LEFT ENG BLEED AIR - NO HELP. INDICATION WAS THE SAME BOTH IN THE AIR & ON THE GROUND.  PHOTO ATTACHED. R&R THE E1 BLEED AIR REGULATOR, IAW 36-11-03. OPS CHK OK. NO FURTHER DEFECTS NOTED AT THIS TIME.",1074926,PartNumber,107492-6,2025
CALA2025010701827,2025-01-02,2025-01-07T11:40:30.023-05:00,CALA,CALA,A,GL,33,A,2300,O,,,O,,,,NR,O,77537,BOEING,737824,62767,26537,9725,,,,,,,,,,,,AUDIO PANEL,5145188,26072,MALFUNCTIONED,ZONE 200,22456,8104,3031,R,,,,,,,,,,,,,,,,,,,,,,,,,,,,,,,"FIRST OFFICER AUDIO CONTROL PANEL BACKLIGHT INOP FOUND  C3 CB OPEN ON THE PANEL BETWEEN THE FIRST OFFICERS RUDDER PEDAL ADJUSTMENT . CB WILL NOT RESET AFTER A FEW MINTUTES IT OPENS AGAIN. SEE PHOTO FO ACP FUNTIONS NORMAL. ONLY BACKLIGHT IS INOP. TOMC APPROVED. MEL 3310A REJECTED. WRONG MEL CORRECTED MEL. CB IS COLLARED AND LOCATED BY FO RUDDER ADJUST PEDAL. REF 3405396.  COMPLIED WITH MEL. *DM* SEE WDM 33-11-21-1 FOR T/S ASSIST.  CLOSED C/B C3 FO RUDDER PEDAL PANEL, PERFORMED OPS TEST IN REF TO AMM TASK 23-12-41-400-801. OPS TEST PASS, OBSERVED 3 HRS BACKLIGHTING OF F/O RTP PANEL FUNCTION OKAY ITEM NOT A REPORTABLE ITEM NOT A REPORTABLE ITEM NOT RII NOT A MAJOR REPAIR REPLACED F/O RTP PER AMM 23-12-41. C/B NOT POPPING. REF LOG 3444757 FOR C/B OBSERVATION. OPS CHECK GOOD.",5145188,PartNumber,5145-1-88,2025
AALA202501174081,2025-01-12,2025-01-17T12:45:56.237-05:00,AALA,AALA,A,SW,21,A,2530,B,,,O,,,,NR,O,344TS,BOEING,737823,44491,1871,719,,,,,,,,,,,,OVEN,820111000001,,ODOR,ZONE 900,,,,,,,,,,,,,,,,,,,,,,,,,,,,,,,,,,,AIRCRAFT WAS NOT GROUNDED: REPEAT WRITE UP. STRONG BURNING SMELL FROM OVEN NUMBER 2. FLIGHT ATTENDANTS REPORT EYE IRRITATION FROM THE FUMES GENERATED INSIDE THE OVEN.  REMOVED AND REPLACED NUMBER 2 OVEN. PER AMM 25-32-03.,820111000001,PartNumber,8201-11-0000-01,2025
CALA2025012902101,2025-01-28,2025-01-29T13:43:11.800-05:00,CALA,CALA,A,GL,33,A,3030,J,,,A,,,,CR,O,68452,BOEING,737924ER,40005,40041,14530,,,,,,,,,,,BFGOODRICH,PITOT TUBE,0851HT1,,SHORTED,ZONE 500,28424,10475,28424,R,,,,,,,,,,,,,,,,,,,,,,,,,,,,,,,"L ELV PITOT LIGHT LIGHT ON FOUND LEFT ELEV PITOT HEATER CB C (4) ON P18-3 PANEL OUT, PUSHED IN AND WHEN PROBE HEAT SWITCH IS TURNED ON CB TRIPS IMMEDIATELY.   FOUND LEFT ELEVATOR PITOT PROBE, A24 SHORTAGE TO THE GROUND. REMOVED AND REPLACED PROBE IN REF. AMM TASK 27-31-94-000-801/ 27-31-94-400-801. LEAK TEST - PASS. SYSTEM TEST - PASS. ROTABLE PATR UPDATE MFG.P/N OFF S232N911-4; MFG. S/N 291956 MFG. P/N IN 0851HT1; MFG.S/N IN 381704. ROTABLE PARTS CHANGE WAS INDICATED - TT # 1390535  SN OFF 2452 PROBE, PITOT LO  OFF 61-3411-9-0001 2452 ON 61-3411-9-0001 1704",0851HT1,PartNumber,0851HT1,2025
CALA2025012301976,2025-01-19,2025-01-23T10:32:24.660-05:00,CALA,CALA,A,GL,33,A,3320,O,,,O,,,,CR,O,27509,BOEING,7379,43443,14130,4735,,,,,,,,,,,,LIGHT,9651350005,9398,MALFUNCTIONED,ZONE 200,,,,,,,,,,,,,,,,,,,,,,,,,,,,,,,,,,,"SIDEWALL LIGHT WILL NOT TURN OFF 11F SIDEWALL LIGHT AT SEAT 11F IS STROBING. LIGHT IS NIS LAS. PULLED AND COLLARED C/B PANEL P92 C/B E-11 WDO LT RIGHT. CLOSED AND SECURED E&E BAY DOOR. REQUEST MEL 3321A. DDP CW AND PLACARDED. UPDATED PARTS REQUIRED. LIGHT DEACTIVATED - TOMC APPROVED DEFERRED SIDEWALL LIGHT AT 11F PER MEL 3321A. C/B P92 E11 PULLED AND COLLORED. DDP C/W AND PLACARDED. *DM* ASSIST: {LT ASSY/60-3321-3-0007 PREV ORDERED.} IF INSUFF FOR RECOVERY, PLEASE UPDATE LP W/REQD PART NBRS & REFERENCE SOURCE REPLACED R/H ROW 11 FED SIDEWALL LIGHT REF: AMM 33-21-00. DURING OPS CHECK, THE LIGHT DID NOT RESPOND AS EXPECTED TO THE SELECTED SETTINGS, IT DID NOT TURN OFF WHEN OFF WAS SELECTED. LIGHT IS NOT FLICKERING ANYMORE. COMPLIED WITH MEL 3321A, PULLED AND COLLARED  C/B P92 E11 PERFORMED ACP SOFTWARE LOADING PER AMM TASK 23-42-03-470-801. TEST WINDOW LIGHTS PER AMM TASK 33-21-00-960-801. TESTED GOOD.",9651350005,PartNumber,9651-35-0005,2025
CALA2025012702056,2025-01-25,2025-01-27T10:36:51.793-05:00,CALA,CALA,A,GL,33,A,2730,F,J,,A,,,,CL,O,72405,BOEING,737924,30122,65101,27218,,,,,,,,,,,MOOG,COMPUTER,162700100,192,FAULTED,ELEVATOR FEEL,70333,24024,69973,R,,,,,,,,,,,,,,,,,,,,,,,,,,,,,,,"ELEVATOR EXCESS FORCE REQDEBRIEFED CREW-- STATED EXCESSIVE FORCE REQUIRED FOR ELEVATOR MOVEMENT, EMPHASIZED FELT HEAVY/OUT OF TRIM.  OCCURRED ON CLIMB OUT TO 16K AND ON FLARE FOR LANDING, SPEED OF 162 KNOTS, LEVELED OFF AT 16K. -- NO LIGHTS OR FAULTS DURING EVENT,  WHEN INITIALLY ENGAGING AUTOPILOT, INITIALLY PITCHED DOWN, DISENGAGED AUTOPILOT.  SUSPECT OUT OF RIG.  CREW REPORTED OVERWEIGHT LANDING--SMOOTH REMOVED ELEVATOR FEEL COMPUTER IAW AMM TASK 27-31-37-000-801 INSTALLED ELEVATOR FEEL COMPUTER IRW AMM TASK 27-31-37-400-801, UP TO, AND INCLUDING, STEP (G)(7). NEED QC VERIFICATION FOR RIG PIN REMOVAL.  VERIFIED RIG PIN REMOVED AND STOWED REF AMM 27-31-37-400-801 STEP G(7). IDT REQ C/W. PERFORMED ELEVATOR FEEL COMPUTER LEAK TEST REF  27-31-17-790-801 , 27-31-37-400-801 NO LEAK DECTECTED.   CONTINUED INSTALLATION TO STEP (H)(1). PITOT PROBE TOOLING IS STILL ATTACHED FOR FURTHER T/S. OBSERVED EXCESS STIFFNESS IN ELEVATOR CONTROLS WHEN SIMULATING AIRSPEEDS OF 2.46 PSIG (300 KNOTS), BUT NORMAL RESISTANCE WHEN SIMULATED PRESSURE IS RELEASED.  FEEL FORCE SYSTEM TEST PASSED AT THIS TIME. COMPLETED STEPS UP TO AND INCLUDING G. (2).   PECOMPLETED REF AMM  AMM. 27-31-00-700-812 FROM G(3) TO COMPLETION",162700100,PartNumber,162700-100,2025
UIEA2025011900089,2025-01-19,2025-01-21T13:01:45.987-05:00,UIEA,UIEA,A,EA,15,A,7900,K,J,,A,,,,CR,O,487MC,BOEING,74745EF,30609,98464,18017,GE,CF680C2B1F,,,,,,,,,,PACKING,J221P904,,LEAKING,PRESSURE SWITCH,,,,,,,,,,,,,,,,,,,,,,,,,,,,,,,,,,,"ENG 2 OIL QTY DROPPED FROM 20Q TO 9Q, FOLLOWED BY A DROP FROM 8 TO 7 TO 6 ABOUT EVERY HALF HOUR.  FOUND ENG #2 LOW PRESSURE WARNING SWITCH PACKING INSTALLED IN WRONG POSITION. INSTALLED NEW PACKING PER AMM 79-33-01 PERFORMED ENG #2 POWER PER AMM 71-00-00. AMM ENG INDICATIONS LEAK CHECK GOOD.",J221P904,PartNumber,J221P904,2025
CALA2025020502211,2025-02-02,2025-02-05T09:04:27.053-05:00,CALA,CALA,A,GL,33,A,3610,B,,,A,,,,CR,O,33264,BOEING,737824,31584,73389,25955,,,,,,,,,,,HNYWL,PRECOOLER,632921461,1302,FAULTED,NR 1 ENGINE,16168,6310,3953,R,,,,,,,,,,,,,,,,,,,,,,,,,,,,,,,"BLEED TRIP OFF LIGHT COMES ON DURING CRUISE LIGHT NO. 1 RAN QRH LIGHT CAME BACK ON. PERFORMED NO.1 ENGINE BLEED AIR SYSTEM HEALTH CHECK, RESULT NO DEFECT FOUND IAW AMM TASK 36-11-00-700-801. REMOVED AND REPLACED #1 ENG PRECOOLER CONTROL VALVE IAW AMM 36-12-02 AND #1 ENG PRECOOLER CONTROL VALVE SENSOR IAW AMM 36-12-03. INSTALLATION AND LEAK TESTS GOOD.  OPERATED BOTH ENGINE PER MM 36-00-00-860-804, OPS CHKS GOOD. NO BLEED TRIP OR DUCT SPLIT NOTED. OK FOR SERVICE. ADD EMP:U274351",632921461,PartNumber,63292146-1,2025
AALA202502104617,2025-02-07,2025-02-10T16:38:19.127-05:00,AALA,AALA,A,SW,21,A,2530,B,,,A,G,,,CL,O,950AN,BOEING,737823,30087,64694,27484,,,,,,,,,,,,OVEN,820111000001,,ODOR,ZONE 900,,,,,,,,,,,,,,,,,,,,,,,,,,,,,,,,,,,"AIRCRAFT WAS GROUNDED: AN EMERGENCY WAS DECLARED DUE TO: BURNING OIL SMOKE ODOR IN THE CABIN AND FLIGHT DECK  DURING FINAL STAGES OF CLIMB, O2 MASK HAD TO BE DEPLOYED AND USED BY EVERYONE ON THE FLIGHT; AIRCRAFT DIVERTED TO AND LANDED SAFELY AT RDU. DURING SOF CARD TROUBLESHOOTING FORWARD GALLEY NUMBER 1 OVEN FOUND TO BE THE SOURCE OF ODOR IN THE CABIN. REMOVED AND REPLACED FORWARD GALLEY NUMBER 1 OVEN. OPERTIONAL CHECK GOOD. PER AMM 25-32-03-400-801.",820111000001,PartNumber,8201-11-0000-01,2025
AALA202502171457,2025-02-13,2025-02-17T16:32:27.637-05:00,AALA,AALA,A,SW,21,A,2530,B,,,K,,,,IN,O,804NN,BOEING,737823,29567,46247,19347,,,,,,,,,,,,OVEN,820111000001,,DIRTY,ZONE 900,,,,,,,,,,,,,,,,,,,,,,,,,,,,,,,,,,,"AIRCRAFT WAS GROUNDED: FIRST CLASS GALLEY NUMBER 1 OVEN, HAS A BURNING SMELL DURING OPERATION. **SUPPLEMENTAL REPORT FOR (AALA202502141457): OPERTIONAL CHECK AND CLEAN THE NUMBER 1 OVEN. PER AMM 25-32-02 **(CLOSED).",820111000001,PartNumber,8201-11-0000-01,2025
ASAA2025021355976,2025-02-13,2025-02-14T18:21:02.710-05:00,ASAA,ASAA,A,NM,02,A,3350,L,,,K,,,,IN,C,969AK,BOEING,7379,67421,6151,1709,,,,,,,,,,,,CONTROL PANEL,115E1670G18,F10437,FAULTED,ZONE 200,6146,1708,6146,R,,,,,,,,,,,,,,,,,,,,,,,,,,,,,,,"EMERGENCY EXIT LIGHT SWITCH AT AFT F/A PANEL IS INOP, LT'S DO NOT ILLUMINATE, OBSERVED C/B OUT P6-5 CABIN EMERGENCY LTS C1949. GROUNDED - YES. REMOVED AND REPLACED AFT F/A PANEL REF AMM 23-42-03, OPENED/RESET 11 EA C/B'S REQUIRES OPS TESTS. INSPECTED C/B C1949, NO DEFECTS NOTED REF AMM 20-60-01, ACCOMPLISHED OPS TEST REF AMM 23-42-03 ALL GND TESTS, PASSED. (NOTE: STEP 4(F)1, OF AMM 32-20-00-710-801 DOES NOT APPLY TO A/C REF L/P 61052727 FOR EA).",115E1670G18,PartNumber,115E1670G18,2025
AALA202502195695,2025-02-17,2025-02-19T15:34:15.360-05:00,AALA,AALA,A,SW,21,A,3610,B,,,O,,,,DE,O,996NN,BOEING,737823,31248,24712,10817,,,,,,,,,,,HNYWL,REGULATOR VALVE,32144464,18118,FAULTY,ZONE 100,6100,2872,6100,O,,,,,,,,,,,,,,,,,,,,,,,,,,,,,,,"AIRCRAFT WAS GROUNDED: LEFT DUCT 20 PSI LOWER IN DESCENT THAN RIGHT DUCT ACCOMPANY BY A STRONG SWEET ODOR DURING DESCENT. ACCOMPLISHED LEFT HAND ENG BLEED HEALTH CHECK, PER WORKCARD 08L40036001, REMOVED AND REPLACED LEFT HAND ENGINE HIGH STAGE VALVE REGULATOR (AALA202502195695), PER AMM 36-11-07. ALSO REPLACED HIGH STAGE VALVE (AALA202502193412), PER AMM 36-11-06. OPERTIONAL CHECKS AND LEAK CHECKS GOOD AT THIS TIME. ACCOMPLISHED ENGINE RUNS, PER AMM 71-00-00 TO ISOLATE ODOR SOURCE AND FOUND NO ODOR AT THIS TIME. SEE TSI 0108999.",32144464,PartNumber,3214446-4,2025
AALA202502193412,2025-02-17,2025-02-19T15:34:15.847-05:00,AALA,AALA,A,SW,21,A,3610,B,,,O,,,,DE,O,996NN,BOEING,737823,31248,24712,10817,,,,,,,,,,,HNYWL,VALVE,1074847,12354,FAULTED,HIGH STAGE,24714,10818,10761,O,,,,,,,,,,,,,,,,,,,,,,,,,,,,,,,"AIRCRAFT WAS GROUNDED: LEFT DUCT 20 PSI LOWER IN DESCENT THAN RIGHT DUCT ACCOMPANY BY A STRONG SWEET ODOR DURING DESCENT. ACCOMPLISHED LEFT HAND ENG BLEED HEALTH CHECK, PER WORKCARD 08L40036001, REMOVED AND REPLACED LEFT HAND ENGINE HIGH STAGE VALVE REGULATOR (AALA202502195695), PER AMM 36-11-07. ALSO REPLACED HIGH STAGE VALVE (AALA202502193412), PER AMM 36-11-06. OPERTIONAL CHECKS AND LEAK CHECKS GOOD AT THIS TIME. ACCOMPLISHED ENGINE RUNS, PER AMM 71-00-00 TO ISOLATE ODOR SOURCE AND FOUND NO ODOR AT THIS TIME. SEE TSI 0108999.",1074847,PartNumber,107484-7,2025
DALA2025022001339,2025-02-19,2025-02-20T14:34:52.740-05:00,DALA,DALA,A,SO,27,A,2130,J,,,A,,,,CL,O,922DZ,BOEING,737900ER,64886,17584,7289,CFMINT,CFM567B27B1,962956,33140,17041,,,,,,,REGULATOR,1074926,15581,INOPERATIVE,CABIN PRESSURE,33140,17041,11160,R,,,,,,,,,,,,,,,,,,,,,,,,,,,,,,,SHIP 3922 -ATB- RETURNED TO STL DUE TO INABILITY TO MAINTAIN CABIN PRESSURE. CORRECTIVE ACTION: MAINTENANCE REPLACED THE #2 BLEED AIR REGULATOR PER B737 AMM 36-11 AND CABIN PRESSURE CONTROL MODULE PER B737 AMM 21-31.,1074926,PartNumber,107492-6,2025
CALA2025031902943,2025-03-16,2025-03-19T10:48:26.540-05:00,CALA,CALA,A,GL,33,A,3600,O,,,A,D,,,TO,O,37277,BOEING,737824,31595,70450,24960,,,,,,,,,,,FOKKER,VALVE,32144464,3347,FAULTY,ENG 1,22614,9311,1223,R,,,,,,,,,,,,,,,,,,,,,,,,,,,,,,,"DUCT PRESSURE INDICATION LOW (BELOW 18 PSIG) DURING TAKEOFF, CLI MB AND CRUISE; THE ENGINE IS THE BLEED SOURCE PER TECH SUPPORT REMOVED AND REPLACE THE HIGH STAGE VALVE. PERFORMED TASK 36-11-06-000-801 UP TO AND INCLUDING 2.D.(3)(E)29-3611-9-0002,QTY :1 FOR TRACKING PURPOSES ONLY ROTABLE PARTS CHG:TT # 1425541 SN OFF 3347 PN OFF 29-3611-9-0002 IPC REFERENCE # NO COMPONENT FOUND COMPLETED HIGH STAGE VALVE INSTALLATION NO LEAKS AT VALVE OR SENSE LINE PER AMM TASK 36-11-06-400-801 PERFORMED HIGH POWER RUNS SUCCESFULLY GOT ABOUT 40 PSI VALVE, HIGH STA  OFF 29-3611-9-0002 3347 ON 29-3611-9-0002 2259",32144464,PartNumber,3214446-4,2025
CALA2025031902945,2025-03-17,2025-03-19T10:48:26.870-05:00,CALA,CALA,A,GL,33,A,3411,J,,,A,,,,CR,O,76517,BOEING,737824,31628,52660,18621,,,,,,,,,,,BFGOODRICH,PITOT HEAD,0851HT1,436807,FAULTY,ZONE 100,5927,2443,5927,R,,,,,,,,,,,,,,,,,,,,,,,,,,,,,,,"CAPT PITOT LIGHT LIGHT ON CAPT PITOT LIGHT ILLUMINATED AND CB POPPED. UPDATED MAA CODE FIX USING VENDOR MAA SCREEN PLEASE CONTACT TOMC BEFORE COMMENCING ANY WORK. UNDER TOMC GUIDANCE FLT CREW APPLIED MEL 3005A. PULLED AND COLLARED PAPT PITOT HEATER CB C523 AT THE P18-3 PANEL GRID C1. TOMC VERIFIED PER SSM 30-31-11-101.1 THAT NO THER SYSTEMS ARE DEACTIVATED AS PER GMM 05-30-05 SEC P.   RESEATED CAPT HEATER CB ON THE P18-3 PANEL. BREAKER IS RELEASING WITH PROBE HEAT SWITCH IN AUTO AND ON POSITION ON THE WINDOW AND PITOT HEAT PANEL. REF FIM 30-31/802 *DM* SUGGEST REF FIM 30-31 TASK 802 "" CAPT PITOT (CAPT P/S) LIGHT IS ON - FAULT ISOLATION"".   REMOVED AND REPLACED CAPT'S PITOT PROBE IAW AMM 34-11-01/401. UPTO OPS CHECK ACCOMPLISHED LEFT PITOT SYSTEM LEAK TEST PER MMTASK 34-11-00-790-810, TEST PASSED.   CAPTS PITOT PROBE INSTALLATION C/W VERIFIED CORRECT PART AND PROPER INSTALLATION OF CAPTAIN'S PITOT PROBE. LEAK CHECK GOOD, OK TO CONTINUE C/W",0851HT1,PartNumber,0851HT1,2025
CALA2025032803271,2025-03-23,2025-03-28T07:50:33.437-05:00,CALA,CALA,A,GL,33,A,3350,O,,,K,,,,IN,V,37522,BOEING,7379,64496,14079,4692,,,,,,,,,,,,LIGHT,9701140000,,BROKEN,ZONE 200,,,,,,,,,,,,,,,,,,,,,,,,,,,,,,,,,,,"EMERGENCY AREA LIGHT SEATS 21DEF INOP LED LIGHT BELOW EXIT SIGN AT ROW 21 DEF IS OUT. SEE PHOTO. LIGHT INOP. APPROVED. NOT AN EMERGENCY LIGHT. PLACED ON 3321A. *DM* ASSIST: DRWG 2520DD15047 SHOWS 21F AS AFT OWE @ APPROX STA 628. FROM IPC 33-51-51-74D & WDM 33-21-12-3: ORDERED 14"" TYP-B AFT OWE LT M2338 I.310/60-3321-3-0008. PRECAUTIONARILY ADDED TY-F LT I.315/60-3321-3-0009, TY-C LT M2830/29-3321-3-0125, AND TY-E LT M2800/60-3322-3-0005 IN-CASE OTHER STYLE REQD. ADJ M&L TO 6 TO ALLOW FOR EXIT LINING REMOVAL, REF AMM 33-21-00-960-802 REMOVED AND REPLACED EMERGENCY AREA LIGHT.",9701140000,PartNumber,9701-14-0000,2025
2025F00094,2025-04-02,2025-04-15T09:51:30.723-05:00,BJNA,,A,SO,29,A,3610,J,,,G,B,,,DE,O,706VL,BOEING,737752,33789,58482,30977,,,,,,,,,,,HNYWL,PRESSURE VALVE,32145525,5323,SEIZED,NR 2 ENGINE,,,,,,,,,,,,,,,,,,,,,,,,,,,,,,,,,,,"PILOT REPORTED RT BLEED DUCT PSI ON LOW END,   10PSI & DESCENDED EARLY FROM 41K FT TO 29K FT. DURING DECSENT, CABIN ALT WARN ILLUM AT APPROX 35K FT.   ONCE DECENT PROFILE CAPTURED, ENGS REDUCED TO IDLE & RT PACK DUCT PRESS DROPPED.  CABIN PRESS CLIMB TO 14K FT, PILOT DROPPED O2 MASKS, CLOSED OUTFLOW VALVE & DECLARED AN EMER DECSENT TO 10K FT. AT 2K-3K, PILOT OPENED OUTFLOW VALVE & LANDED.  PROBLEM IDENTIFIED AS A FAILED PRSOV & BLEED AIR REGULATOR ON NR 2 ENG CAUSING LOW BLEED PRESS.  R & R NR 2 ENG PRSOV IAW AMM 36-11-04, OPS & LK CHKD GOOD, R & R NR 2 ENG BLEED REGULATOR IAW AMM 36-11-03. OPS & LK CHKD GOOD.  PERFORMED PACK DUCT PRESS CHK IAW AMM 21-00-05. DUCT PRESS IN LIMITS. NO DEFECTS. OK FOR SERVICE.",32145525,PartNumber,3214552-5,2025
CALA2025041503861,2025-04-12,2025-04-15T09:03:17.810-05:00,CALA,CALA,A,GL,33,A,3040,J,,,A,,,,CR,O,37308,BOEING,7378,67564,5199,1831,,,,,,,,,,,,MODULE,233A3201313,F09619,FAULTED,ZONE 200,5179,1825,5179,R,,,,,,,,,,,,,,,,,,,,,,,,,,,,,,,ALL 4 WINDOW OVHT LIGHTS  ILLUMINATED. COMPLIED W /FM PROCEDURE. LIGHTS  REMAINED ILLUMINATED. FOUND ALL 4 CIRCUIT BREAKERS OPENED.  RESET ALL CBS AND PERFORMED OPERATIONAL TEST FOR WINDOW HEAT TEST AND OVERHEAT TEST PER AMM 30-41-00-710-801. AS A PERCAUTION REMOVED AND REPLACED WINDOW PITOT HEAT MODULE PER AMM 30-00-02-400-801. OPERATIONAL CHECKED OK PER AMM 30-31-00-730-801.,233A3201313,PartNumber,233A3201-313,2025
DALA2025041502938,2025-04-13,2025-04-15T13:27:42.083-05:00,DALA,DALA,A,SO,27,A,3600,E,,,O,,,,DE,O,801DZ,BOEING,737932ER,31912,35920,13859,CFMINT,CFM567B27B1,960464,29274,19831,,,,,,,LINE,32144464,1956,DEFECTIVE,PRSOV,100464,10168,465,R,,,,,,,,,,,,,,,,,,,,,,,,,,,,,,,"SHIP 3801 -MISC/DE- DECLARED EMERGENCY ON DESCENT TO DTW DUE TO RIGHT ENGINE LOW DUCT PRESSURE AND ENGINE VIBRATION. CORRECTIVE ACTION: REPLACED PRSOV CONTROL PRESSURE LINE, PRSOV, HSV AND AC MODULE. OPS CHECKS GOOD.",32144464,PartNumber,3214446-4,2025
CALA2025041703957,2025-04-15,2025-04-17T05:50:02.383-05:00,CALA,CALA,A,GL,33,A,3610,J,,,A,,,,CR,O,87513,BOEING,737824,31621,53159,18878,,,,,,,,,,,HNYWL,SHUTOFF VALVE,32145526,4263,FAULTY,NR 2 ENGINE,73772,30641,2481,R,,,,,,,,,,,,,,,,,,,,,,,,,,,,,,,"DUCT PRESSURE INDICATION L AND R POINTERS NOT THE SAME (SPLIT), WITH EITHER POINTER BELOW 18 PSIG DURING TAKEOFF, CLIMB AND CRUI SE; THE ENGINE IS THE BLEED SOURCE FL360 NORMAL BLD CONFIG L 40 PSI R 16 PSIRIGHT ENGINE PRSOV INOP. LOCKED IN CLOSED POSITION. INOP STICKER APPLIED. V RIGHT ENGINE PRSOV INOP. LOCKED IN CLOSED POSITION. INOP STICKER APPLIED. DISPATCH DESK: 5    NAME: MW   DATE: 15-APR-25- NOC      DESK: OM6  NAME: CL  DATE: 15-APR-25- DEFERRED DIRECTLY BY TOMC UPON FURTHER INSPECTION OF #2 ENG BLEED SYSTEM FOUND PRSOV BINDING. REMOVED AND REPLACED PRSOV AS REQUIRED REF. AMM 36-11-04. OPS CHECK GOOD AT THIS TIME.",32145526,PartNumber,3214552-6,2025
CALA2025041804020,2025-04-18,2025-04-21T03:24:22.623-05:00,CALA,CALA,A,GL,33,A,7220,O,,,K,,,,IN,V,61898,BOEING,737924ER,62815,26016,9782,CFMINT,CFM567B27E,,,,,,,,,CFMINT,BLADE,3400010360,PC331402T,CHIPPED,NR 2 ENGINE FAN,26012,9781,26012,I,,,,,,,,,,,,,,,,,,,,,,,,,,,,,,,"E2  BLADE 14. ON-WING- FAN BLADE ULTRASONIC INSPECTION AND BROACHED DISK LUBRICATION - DURING BLADE LUBE, FOUND CHIPPED CU-NI-IN COATING GREATER THAN AREA X.  PER AMM 72-21-02-200-801-F00, PARAGRAPH K.(1) (C) 2) C) (2)  CONTINUE IN SERVICE LIMIT OF 50 FLIGHT CYCLE OR 75 FLIGHT HOURS, WHICH EVER COMES FIRST REMOVED AND REPLACED BLADE NO.14 ON ENG 2. REF AMM 737 72-21-02/401.",3400010360,PartNumber,340-001-036-0,2025
CALA2025042804257,2025-04-25,2025-04-28T09:58:17.990-05:00,CALA,CALA,A,GL,33,A,3350,O,,,K,,,,IN,V,27323,BOEING,7378,67574,5229,1821,,,,,,,,,,,,LIGHT,9701140001,,INOPERATIVE,ZONE 200,,,,,,,,,,,,,,,,,,,,,,,,,,,,,,,,,,,"FOUND WINDOW LIGHT AT RH EMERGENCY EXIT INOP PERFORMED REPLACEMENT OF WINDOW LIGHT - OVERWING EXIT LIGHT ASSEMBLY IAW AMM TASK 33-21-00-960-802, OPS CHECK OK.PARTS USED:  60-3321-3-0009, QTY :1",9701140001,PartNumber,9701-14-0001,2025
AALA202504286626,2025-04-25,2025-04-28T16:00:54.180-05:00,AALA,AALA,A,SW,21,A,7261,K,J,,E,A,,,NR,O,996NN,BOEING,737823,31248,25315,11092,CFMINT,CFM567B242,864440,25315,11091,,,,,,CFMINT,OIL SYSTEM,CFM567B,864440,EMPTY,NR 1 ENGINE,25315,11091,25315,O,,,,,,,,,,,,,,,,,,,,,,,,,,,,,,,"AIRCRAFT WAS GROUNDED: AN EMERGENCY WAS DECLARED DUE TO: NUMBER 1 ENGINE OIL QUANTITY DROPPED TO 0 IN FLIGHT; THEN OIL PRESSURE WENT TO 0; INFLIGHT SHUT DOWN COMPLETED. AIRCRAFT DIVERTED TO AND LANDED SAFELY AT MCO. REMOVED AND REPLACED LEFT ENGINE ASSEMBLYT, ALL OPERTIONAL AND LEAKED CHECK GOOD. PER W/C 08L40072003.",CFM567B,PartNumber,CFM56-7B,2025
CALA2025043004351,2025-04-27,2025-04-30T06:50:50.840-05:00,CALA,CALA,A,GL,33,A,3411,J,,,A,,,,CL,O,37354,BOEING,7378,67616,2547,878,,,,,,,,,,,,PITOT TUBE,0851HT1,347205,FAULTED,ZONE 100,26138,9676,2015,R,,,,,,,,,,,,,,,,,,,,,,,,,,,,,,,"FEEL DIFF PRESS LIGHT ILLUMINATED AFTER TAKEOFF INSP A/C FOUND NO FAULTS LOGGED. REF FIM 27-31 TASK 803 ACCOMPLISHED FIM TO PARA C STEP 1. REF AMM 27-31-00-700-812 FEEL DIFFERENCIAL PRESSURE LIGHT TEST, TEST PASSED. NEED TO CONTINUE FIM 27-31 TASK 803 WITH PARA C STEP 2. PERFORMED RH ELEVATOR PITOT REMOVED DUE TO BLOCKAGE REF APPLICABLE STEPS AMM 27-31-67- TEST SET HOSES INSTALLED, DRAINS REMOVED FROM ELEVATOR FEEL COMPUTER LINES. PLUGS INSTALLED ON DIAPHRAGHM FITTINGS AND LINES.  PERFORMED ELEV PITOT LEAK CHECK, LEAK CHECK PASSED RR RH ELEVATOR PITOT PROBE REF AMM 27-31-94 REQUIRES OPS CKS.   RH ELEV. PITOT OPS CHECKS GOOD.",0851HT1,PartNumber,0851HT1,2025
2025FA0000340,2025-04-28,2025-05-02T13:23:54.097-05:00,,,W,SW,99,G,3610,J,,,O,,,,TX,O,950AM,BOEING,737852,35115,66051,26292,CFMINT,CFM567B273B1,805996,37903,16744,,,,,,HNYWL,VALVE,32145525,19176,MALFUNCTIONED,ZONE 100,18689,7587,2634,R,,,,,,,,,,,,,,,,,,,,,,,,,,,,,,,DUCT L INDICATION PRESSURE IS LOW,32145525,PartNumber,3214552-5,2025
CALA2025050504462,2025-05-01,2025-05-05T06:43:40.437-05:00,CALA,CALA,A,GL,33,A,3411,C,J,,A,,,,CL,O,66841,BOEING,737924ER,42182,32653,11936,,,,,,,,,,,ROSEMOUNT,PITOT HEAD,0851HT1,374173,BLOCKED,ZONE 100,16096,5635,4466,R,,,,,,,,,,,,,,,,,,,,,,,,,,,,,,,"IAS DISAGREE AFTER T/O ON CLB 20 KNOT DIFFERENCE OCCURED ON LAND ING AGAIN PER FAULT CODE 31-65020 / 31-65060 AND 31-65050 PLUS SMYD FAULT 27-31032 REPLACED L/H AOA VANE IAW AMM 34-21-05 , OPS CHECKED FAIL .   REMOVED BOTH STATIC AND PITOT SYSTEM (4) EACH DM'S AND SLAVED IN NEW ADM'S FOR TROUBLESHOOTING PURPOSES IAW AMM 34-21-04. NO FIX INSTALLED ORIGINAL ADM'S IN IT'S PROPER LOCATION AND QC NOTIFIED FOR QUICK ISCONNECT INSTALLMENT AND SECURITY. FOUND FIRST OFFICER PITOT TUBE BLOCKED, WOULD NOT CLEAR WITH FLUSHING PROCEDURE, REMOVED AND REPLACED THE RIGHT (F/O) PITOT TUBE IAW AMM TASK 34-11-01-400-801 FROM BEGINNING UP TO STEP G. STILL REQUIRES STEP G TO CLOSE.  VERIFED BONDING CHECKS, TORQUES, PART NUMBER, AND INSTALLATION OF PITOT TUBE. ALSO VERIFIED THAT ALL QUICK DISCONECTS WERE PROPERRLY REINSTALLED FOR PITIOT STATIC SYSTEM INCLUDING ADM'S.   COMPLETED INSTALLATION TEST OF FO PITOT PROBE IAW  AMM 34-11-00.  OPS AND LEAK CHECK GOOD.  AIRSPEED DISAGREE WITH NORMAL PARAMETERS. VERIFIED THE INSTALLATION TEST OF FO PITOT PROBE IAW B737 AMM 34-11-00.  OPS AND LEAK CHECK GOOD.",0851HT1,PartNumber,0851HT1,2025
CALA2025050904586,2025-05-06,2025-05-09T08:53:47.597-05:00,CALA,CALA,A,GL,33,A,7532,J,,,A,,,,CL,O,87513,BOEING,737824,31621,53325,18955,CFMINT,CFM567B263,,,,,,,,,HNYWL,BLEED VALVE,32144464,13122,FAULTY,NR 2 ENGINE,33324,6866,6866,R,,,,,,,,,,,,,,,,,,,,,,,,,,,,,,,"BLEED TRIP OFF LIGHT COMES ON DURING TAKEOFF LIGHT NO. 2 BLEED TRIP OFF ON DEPARTURE NO RESET CREW REPORTED #2E BLEED TRIP LIGHT CAME ON DOING ""NO ENGINE BLEED TAKEOFF"". CREW REPORTS TRYINT TO RESET BLEED TRIP WITH NO SUCCESS. CREW REPORTED NO BLEED SPLIT OR OTHER INDICATIONS. ISO VALVE WAS IN THE AUTO POSSITION WHEN BLEED TRIP CAME ON. UPPON MX ARRIVAL TO AIRCRAFT #2 E BLEED TRIP LIGHT IS STILL ILLUMINATED. PER FIM 36-10 TASK 809 SUSPECT HIGH STAGE VALVE TO BE AT FAULT. POSSIBLE PART, HIGH STAGE VALVE, PN 3214446-4, M&E 29-3611-9-0002. NIS ORD.  R&R HIGH STAGE VALVE ON #2 ENG. REF AMM TASK 36-11-06-400-801 UP TO STEP G. INSTALATION TEST. NEEDS POWER RUN FOR BLEED SHIFT. VERIFY BLEED TRIP OFF LIGHT STAYS OFF. PERFORMED BLEED SHIFT OPERATIONAL TEST OF RIGHT ENGINE DUE TO HIGH STAGE VALVE REPLACMENT REF AMM 36-11-00. ALL BLEED PRESSURES WITHIN RANGE. NO BLEED TRIP DURING TESTING.",32144464,PartNumber,3214446-4,2025
AALA202505128025,2025-05-09,2025-05-12T14:43:25.010-05:00,AALA,AALA,A,SW,21,A,3244,O,,,A,,,,CL,V,887NN,BOEING,737823,31141,39010,16698,,,,,,,,,,,,TIRE,26078252,B5916,BLOWN,ZONE 700,4902,2353,25,O,,,,,,,,,,,,,,,,,,,,,,,,,,,,,,,AIRCRAFT WAS GROUNDED: AN EMERGENCY WAS DECLARED DUE TO: RIGHT HAND NOSE TIRE RECAP TREAD WAS GONE AND TIRE WAS FLAT. AIRCRAFT AIR INTERRUPTED BACK TO AND LANDED SAFELY AT DFW. REMOVED AND REPLACED RIGHT HAND NOSE LANDING GEAR TIRE AND WHEEL ASSEMBLY. PER AMM 32-45-21.,26078252,PartNumber,2607825-2,2025
AALA202505139098,2025-05-09,2025-05-13T13:32:21.120-05:00,AALA,AALA,A,SW,21,A,2530,B,,,O,,,,LD,O,163AA,AIRBUS,A321231,6866,26865,10781,,,,,,,,,,,,OVEN,820111000001,,DEFECTIVE,ZONE 900,,,,,,,,,,,,,,,,,,,,,,,,,,,,,,,,,,,AIRCRAFT WAS NOT GROUNDED: JUST PRIOR TO LANDING FLIGHT ATTENDT REPORTED LIGHT SMOKE AND ACRID BURNING SMELL COMING FROM THE FORWARD #1 OVEN. MAINTENANCE FOUND OVEN #2 BACK SHELL COVER MISSING AND ALUMINUM FOIL STUCK TO BACK BLOWER CAUSING SMELL. **SUPPLEMENTAL REPORT FOR AALA202505119098: REPLACED OVEWN AND ACCOMPLISHED A SATISFACTORY OPERTIONAL CHECK PER AMM 25-35-19. ** (CLOSED),820111000001,PartNumber,8201-11-0000-01,2025
AALA202505197868,2025-05-15,2025-05-19T15:39:02.117-05:00,AALA,AALA,A,SW,21,A,3600,J,,,A,,,,CL,O,935AN,BOEING,737823,30081,67126,28490,,,,,,,,,,,HNYWL,SHUTOFF VALVE,32145526,4315,SEIZED,ZONE 500,64663,27014,64663,O,,,,,,,,,,,,,,,,,,,,,,,,,,,,,,,"AIRCRAFT WAS GROUNDED: AN EMERGENCY WAS NOT DECLARED DUE TO: DURING CLIMB LEFT BLEED TRIP OFF ANNUNCIATOR ILLUMINATED, LEFT BLEED TRIP OFF ANNUNCIATOR REMAINED ILLUMINATED AFTER QRH. AIRCRAFT AIR INTERRUPTED BACK TO AND LANDED SAFELY AT ORD. REMOVED AND REPLACED NUMBER 1 (PRSOV)- PRESSURE REGULATOR AND SHUTOFF VALVE. PER MM 36-11-04, OPERTIONAL AND LEAK CHECK GOOD.",32145526,PartNumber,3214552-6,2025
CALA2025052805039,2025-05-25,2025-05-28T07:08:30.097-05:00,CALA,CALA,A,GL,33,A,3411,O,,,A,,,,CR,O,79521,BOEING,737824,31662,46362,16377,,,,,,,,,,,ROSEMOUNT,PITOT HEAD,0851HT2,336884,FAULTED,ZONE 100,26695,9719,26695,R,,,,,,,,,,,,,,,,,,,,,,,,,,,,,,,"CAPT PITOT LIGHT ON REQUESTING DEFERRAL 3005A MEL 3005A OM ADVISED VISIBLE MOISTURE IS ISSUE RESET CAPTAIN PITOT HEATERS, PROBE AND INDICATION BREAKERS. NO HELP. TURNING CAPTAIN SIDE SWITCH ON POPS CAPT PITOT HEATER BREAKER C1 ON P18-3. TEMP INSTALLED NEW WINDOW/PITOT HEAT MODULE. NO HELP, REINSTALLED ORIGINAL MODULE. REF FIM 30-31 TASK 802. REMOVED AND REPLACED CAPT SIDE PITOT PROBE. OPS CHECK OF HEATER NORMAL AND LEAK TEST PASS, NO CAPT PITOT LIGHT ON. REF AMM 34-11-01-400-801. REF LP 4968591 FOR APPLICATION OF SEALANT DIP.  VISUALLY INSPECT CONNECTION AND SYSTEM PRESSURE INTEGRITY (LEAK CHECK) OF CAPT'S PITOT PROBE ONLY PER GMM 09-10-05.",0851HT2,PartNumber,0851HT2,2025
CALA2025060205176,2025-05-30,2025-06-02T08:56:38.800-05:00,CALA,CALA,A,GL,33,A,7500,J,,,C,,,,TO,O,62849,BOEING,737924ER,42204,32312,11809,,,,,,,,,,,HNYWL,SHUTOFF VALVE,32145526,16688,FAULTED,NR 1 ENGINE,32288,11804,32288,R,,,,,,,,,,,,,,,,,,,,,,,,,,,,,,,"REJECTED TAKEOFF DUE TO MOMENTARY FIRE/OVERHEAT INDICATION ON EN GINE 1 PER CAPT , RTO WAS AROUNF 110-120 KTS , ACFT HAS HAD COOLDOWN PERIOD. PERFORMED BITE CK ON ENG/APU FIRE DETECTION CNTL MODULE. NO FAULTS NOTED REF AMM 26-10 TASK 801.  ALSO CKD EEC BITE ON #1 ENG. NO FAULTS NOTED. ALSO CKD ENG EXCEEDANCES #1 ENG. NO CURRECT EXCEEDANCES. OPENED UP #1 ENGINE FOR LEAK CK OF DUCTS, USING APU AIR/ SOAPY WATER.NO LEAKS NOTED. FOUND PRSOV BLEEDING AIR EXCESSIVLY FROM WEEP HOLE. VERY LOUD AND HOT. NEED TO CHANGE PRSOV. REMOVED AND REPLACED ENG #1 PRSOV PER AMM 36-11-04 OPS AND LEAK CHECK GOOD.",32145526,PartNumber,3214552-6,2025
AALA202506028860,2025-05-30,2025-06-02T15:21:34.470-05:00,AALA,AALA,A,SW,21,A,2530,B,,,O,,,,NR,9,857NN,BOEING,737823,30907,43610,18583,,,,,,,,,,,,OVEN,820111000001,,SHORTED,ZONE 900,,,,,,,,,,,,,,,,,,,,,,,,,,,,,,,,,,,AIRCRAFT WAS NOT GROUNDED: OVEN NUMBER 1 HAS WEIRD SMELL POSSIBLE BURNING ELECTRICAL VERIFIED FORWARD GALLEY OVEN NUMBER 1 FAULTY. REMOVED AND REPLACED FORWARD GALLEY OVEN NUMBER 1. PER  AMM 25-32-03. OPERTIONAL CHECK GOOD.,820111000001,PartNumber,8201-11-0000-01,2025
AALA202506043726,2025-05-31,2025-06-04T15:16:19.957-05:00,AALA,AALA,A,SW,21,A,7200,X,J,,C,,,,TO,O,933AN,BOEING,737823,30080,63101,26420,CFMINT,CFM567B242,802901,41867,17730,,,,,,CFMINT,ENGINE,CFM567B,,FLAMED OUT,NR 1,41867,17730,41867,O,,,,,,,,,,,,,,,,,,,,,,,,,,,,,,,"AIRCRAFT WAS GROUNDED: AN EMERGENCY WAS DECLARED DUE TO: HEARD LOUD POP NOISE ON TAKEOFF ROLL, ENGINE COMPRESSOR STALL DURING TAKEOFF. AIRCRAFT REJECTED TAKEOFF AT 110 KNOTS AND RETURN TO BLOCK SAFELY AT STL. C/W FIM 71-05-00-810-805-F00. FOUND FAN LOCKED UP AND WILL NOT MOVE. REMOVED AND INSTALLED SERVICEABLE NUMBER 1 ENGINE, PER WORK CARD 08L40072003.",CFM567B,PartNumber,CFM56-7B,2025
AALA202506045074,2025-05-31,2025-06-04T15:16:20.130-05:00,AALA,AALA,A,SW,21,A,2730,B,,,O,,,,CL,O,895NN,BOEING,737823,31149,37758,16292,,,,,,,,,,,MOOG,COMPUTER,162700100,737,LEAKING,ZONE 300,9040,4248,9040,O,,,,,,,,,,,,,,,,,,,,,,,,,,,,,,,"AIRCRAFT WAS GROUNDED: MODERATE MUSTY AND DIRTY SOCK ODOR JUST AFTER SETTING TAKEOFF THRUST, IT CONTINUED THROUGH CLIMB TO APPROXIMATELY 10,000 FT. SUSPECT OIL SEAL SEEPAGE.  DURING FAULT ISOLATION FOR SOF EVENT, FOUND ELEVATOR FEEL COMPUTER LEAKING, WITH LEAKAGE SEEPING INTO GASKET BETWEEN APU DIFFUSER DUCT AND PLENUM. REMOVE AND REPLACED ELEVATOR FEEL COMPUTER, PER J/C 08L30027002. OPERTIONAL CHECK AND LEAK CHECK GOOD, NO MORE SOF.",162700100,PartNumber,162700-100,2025
CALA2025061105449,2025-06-08,2025-06-11T10:59:44.313-05:00,CALA,CALA,A,GL,33,A,3320,O,,,K,,,,IN,V,77539,BOEING,737824,63642,24778,9147,,,,,,,,,,,,LIGHT,9701140001,,ABNORMAL,ZONE 200,,,,,,,,,,,,,,,,,,,,,,,,,,,,,,,,,,,"EMERGENCY EXIT LIGHT 20DEF FLICKERS FOUND HALF OF THE WINDOW LED LIGHT NEAR SEATS 20DEF FLICKERING RESET POWER TO LIGHT NO HELP REQUESTING MEL 3302B DEACTIVATED ADD FAULT: 3321 RIGHT SIDE WINDOW LIGHTS BY PULLING AND SAFTYING BREAKER E11 ON P92 CB PANEL IN REFERENCE TO AMM 33-21-00 EMERGENCY LIGHTS WORK AS REQUIRED AT SEAT 20FED IN REFERENCE TO AMM 33-51-00 TOMC APPROVED DEACTIVATED RH WINDOW LIGHTS COMPLIED WITH MEL 3302B PLACARD INSTALLED ADD EMP:U410980 ADD FAULT: 3300 REMOVED AND REPLACED WINDOW LIGHT ON SEAT 20DEF OVERWING EMERGENCY EXIT DOOR IN REF AMM.TASK 33-21-00-960-805. OPS CHECK GOOD PARTS USED:  60-3321-3-0009, QTY :1",9701140001,PartNumber,9701-14-0001,2025
AALA202506127305,2025-06-09,2025-06-12T10:29:14.467-05:00,AALA,AALA,A,SW,21,A,2731,S,J,,A,,,,AP,O,800NN,BOEING,737823,29564,47340,19993,,,,,,,,,,,MOOG,COMPUTER,162700100,2739,LEAKING,ELEV FEEL,9086,4333,9086,O,,,,,,,,,,,,,,,,,,,,,,,,,,,,,,,"AIRCRAFT WAS GROUNDED: AN EMERGENCY WAS DECLARED DUE TO: FEEL DIFFERENTIAL PRESS LIGHT ILLUMINATED ON CLIMBOUT AFTER TAKEOFF AT 1000FT, LIGHT WENT OUT AT 12,000FT, 295KTS. BUT THEN CAME BACK ON AGAIN FL320, 260KTS AND STAYED ON THE REMAINDER OF FLIGHT. REPEAT ITEM. AIRCRAFT EMERGENCY LANDED SAFELY AT RDU. **SUPPLEMENTAL REPORT FOR (AALA202506107305): ACCOMPLISHED TROUBLESHOOTING, PER JOB CARD 08L30027003, FOUND HYDRAULIC LEAK AT ELEVATOR FEEL COMPUTER. REMOVE AND REPALCED ELEVATOR FEEL COMPUTER. PER JOB CARD 08L30027002**(CLOSED).",162700100,PartNumber,162700-100,2025
AALA202506181962,2025-06-09,2025-06-18T10:52:35.350-05:00,AALA,AALA,A,SW,21,A,2530,C,B,,O,,,,NR,O,882NN,BOEING,737823,33221,39309,16822,,,,,,,,,,,,OVEN,820111000001,,CONTAMINATED,ZONE 900,,,,,,,,,,,,,,,,,,,,,,,,,,,,,,,,,,,AIRCRAFT WAS NOT GROUNDED: FLIGHT ATTENDANT IS SAYING THE NUMBER 1 OVEN HAS A BURNING SMELL WHEN USED.   REMOVE AND REPLACE NUMBER 1 OVEN. PER AMM 25-32-03. OPERATIONAL CHECK GOOD.,820111000001,PartNumber,8201-11-0000-01,2025
DALA2025062404704,2025-06-24,2025-06-24T10:05:21.603-05:00,DALA,DALA,A,SO,27,A,3411,O,,,A,,,,CR,O,377DA,BOEING,737832,29625,78644,31797,,,,,,,,,,,,PITOT TUBE,0851HT1,321632,DAMAGED,ZONE 100,28928,11858,1386,R,,,,,,,,,,,,,,,,,,,,,,,,,,,,,,,SHIP 3707 -DIV- DIVERTED TO JFK DUE TO IAS DISAGREE. CORRECTIVE ACTION: FOUND FIRST OFFICER'S PITOT TUBE INLET DAMAGED. REPLACED PITOT TUBE AND ADM. OPS CHECKS GOOD.,0851HT1,PartNumber,0851HT1,2025
AALA202506240445,2025-06-22,2025-06-24T13:12:04.737-05:00,AALA,AALA,A,SW,21,A,7532,R,J,,A,,,,CR,O,938NN,BOEING,737823,33490,34750,15175,CFMINT,CFM567B20,658129,34750,15175,,,,,,HNYWL,REGULATOR,1074926,12763,FAILED,NR 1 ENGINE,10951,4979,10951,O,,,,,,,,,,,,,,,,,,,,,,,,,,,,,,,"AIRCRAFT WAS GROUNDED: AN EMERGENCY WAS DECLARED DUE TO: SHORTLY AFTER TURNING OFF THE LEFT PACK FOR BLEED, THE TRIP NUMBER 1 ENGINE ROLLED BACK WITH ACCOMPANYING THUMPING AND CLUNKING SOUND. WITH ENGINE AT IDLE, ENGINE INDICATIONS WERE NORMAL. WHEN POWER IS ADDED, A CLUNKING SOUND WOULD RETURN. AIRCRAFT AIR INTERRUPTED, BACK TO AND LANDED SAFELY AT DFW. REMOVED AND REPLACED NUMBER 1 ENGINE (AALA202506236217). PER J/C 08L40072003. ADDITIONALLY, REMOVE AND REPLACED THE ENGINE NUMBER 1 BLEED AIR REGULATOR (AALA202506240445). PER AMM 36-11-03. OPERATIONAL AND LEAK CHECK GOOD.",1074926,PartNumber,107492-6,2025
CALA2025062505869,2025-06-22,2025-06-25T07:55:05.960-05:00,CALA,CALA,A,GL,33,A,7532,J,,,A,,,,AP,O,73445,BOEING,737924ER,40000,44607,16214,CFMINT,CFM567B263,,,,,,,,,HNYWL,SHUTOFF VALVE,32145526,14832,BINDING,NR 1 ENGINE,,,,,,,,,,,,,,,,,,,,,,,,,,,,,,,,,,,"NUMBER 1 ENG 9 PSI LEFT BLEED AFTER TAKEOFF PLACARDED #1 ENGINE BLEED PER MEL 3605A, LOCKED #1 PRSOV CLOSED. DISPATCH DESK: 35 TOMC APPROVES PLACARDED #1 ENGINE BLEED INOP PER MEL 3605A, PRSOV NEEDS REPLACEMENT REF AMM 36-11-04. REMOVED AND REPLACED ENG 1 PRSOV REF AMM: 36-11-04. LEAK CHECK GOOD, NO LEAKS NOTED AT THIS TIME. SUGGEST HIGH POWER RUN TO ADD EMP:U413935 VERIFY FIX DUE TO ENG 1 LOW BLEED AFTER TAKEOFF. ACCOMPLISHED ENGINE RUNS NO BLEED FROM #1 ENGINE. ACCOMPLISHED PRSOV HEALTH CHECK REF AMM 36-11-00 FOUND PRSOV CONTROL SENSE LINE WITH LARGE LEAK. REPLACED LIKE REF IPC 36-11-51-02. ACCOMPLISHED ENGINE RUNS AFTER REPLACEMENT ALL BLEEDS NORMAL.",32145526,PartNumber,3214552-6,2025
CALA2025063006079,2025-06-27,2025-06-30T07:27:00.973-05:00,CALA,CALA,A,GL,33,A,3830,K,,,A,,,,CR,O,73275,BOEING,737824,31593,73085,26071,,,,,,,,,,,,TOILET,158000293,11812,LEAKING,ZONE 900,33852,12312,984,R,,,,,,,,,,,,,,,,,,,,,,,,,,,,,,,"LAV D FLUSHES CONTINUE OUSLY REF FIM 38-30 TASK 816 VERIFIED NO CLOG VERIFIED RINSE VALVE OPENS AND CLOSES SUSPECT FLUSH CONTROL ASSEMBLY NEEDS TO BE CHANGED REQUEST MEL 3802D REQUESTING MEL TOILET VALVE MANUALLY CLOSED IN ACCORDANCE WITH MEL.  SLAVE IN LAV FLUSH SWITCH, NO HELP. REINSTALLED ORIG FLUSH SWITCH. R/R VACUUM TOILET ASSY PER AMM 38-32-01-000/400-838-002. OPS TESTS FOUND WATER CONTINOUSLY DRIPPING INSIDE THE BOWL AND COLLECTED IN THE LOWER PORTION. PART IS BAD OUT OF STOCK.  MEL STAYS, PROCEDURES COMPLIED WITH. LAV D STILL INOP.  REPLACED LAV D VACUUM TOILET ASSEMBLY REF AMM 38-32-01, OPS CHECKED GOOD.",158000293,PartNumber,15800-029-3,2025
DALA2025070705007,2025-07-05,2025-07-07T13:41:46.117-05:00,DALA,DALA,A,SO,27,A,7500,J,,,A,,,,CL,O,377DA,BOEING,737832,29625,78733,31837,CFMINT,CFM567B262,889444,72940,28124,,,,,,,REGULATOR,1074926,6243,INOPERATIVE,BLEED SYS,19989,8998,12707,R,,,,,,,,,,,,,,,,,,,,,,,,,,,,,,,"SHIP 3707 -ATB- RETURNED TO JFK DUE TO PRESSURIZATION ISSUES AND NO LT DUCT PRESSURE. CORRECTIVE ACTION: REPLACED LT PRSOV SENSE LINE AND LT HPV MUSCLE AIR LINE FOR LT ENGINE BLEED ISSUE. REPLACED RT BLEED AIR REGULATOR, RT SECONDARY HEAT EXCHANGER AND RT TCV SENSE LINE FOR RT BLEED SYSTEM ISSUES. OPS NORMAL.",1074926,PartNumber,107492-6,2025
CALA2025070806345,2025-07-07,2025-07-08T08:51:12.033-05:00,CALA,CALA,A,GL,33,A,7532,L,,,K,,,,IN,C,78540,BOEING,737824,63646,25027,9193,CFMINT,CFM567B26E,,,,,,,,,HNYWL,CHECK VALVE,32022221,19712,FAILED,NR 1 ENGINE,24900,9134,24900,R,,,,,,,,,,,,,,,,,,,,,,,,,,,,,,,FOUND OP1 5TH STAGE VALVE TO BE UNSERVICEABLE. REMOVED AND REPLACED L/H #1 ENG.T/R 5TH STAGE VALVE I.A.W. AMM 36-11-02  THIS ENTRY IS FOR FAILURE OF 5TH STAGE CHECK VALVE.,32022221,PartNumber,3202222-1,2025
AALA202507085440,2025-07-06,2025-07-08T14:40:27.320-05:00,AALA,AALA,A,SW,21,A,2612,N,,,A,,,,CR,O,862NN,BOEING,737823,30905,43169,18419,,,,,,,,,,,KIDDE,SMOKE DETECTOR,4735975,,FAULTED,ZONE 100,,,,,,,,,,,,,,,,,,,,,,,,,,,,,,,,,,,"AIRCRAFT WAS GROUNDED: AN EMERGENCY WAS DECLARED DUE TO: HAD FIRE INDICATIONS ON FORWARD CARGO COMPARMENT INFLIGHT, DISCHARGE BOTTLE, NO INDICATIONS OF ANY FIRE ONCE ON GROUND. AIRCRAFT DIVERTED TO AND LANDED SAFELY AT JAX. REMOVED AND REPLACED FAULTY CARGO FIRE CONTROL PANEL (AALA202507075560), PER AMM 26-00-02. REMOVED AND REPLACED CARGO ELECTRONIC UNIT (AALA202507085326), PER AMM 26-16-02. REMOVED AND REPLACED ALL FORWARD CARGO SMOKE DETECTORS (AALA202507085440), PER AMM 26-16-01. REMOVED AND REPLACED CARGO FIRE EXTINGUISHER BOTTLE (AALA202507081564), PER AMM 26-23-01.",4735975,PartNumber,473597-5,2025
CALA2025070906379,2025-07-07,2025-07-09T09:52:33.117-05:00,CALA,CALA,A,GL,33,A,2612,N,,,F,A,,,CL,O,33292,BOEING,737824,33455,61024,22420,,,,,,,,,,,KIDDE,SMOKE DETECTOR,4735975,,FALSE ACTIVATION,ZONE 100,,,,,,,,,,,,,,,,,,,,,,,,,,,,,,,,,,,"AFT CARGO FIRE WARNING ILLUMINATED 3 TIMES  BOTTLE WAS DISCHARGE DPER CAPTAIN, DURING CLIMB OUT AGT CARGO PIT SMOKE DET LITE ILLUMINATED TWICE. HE BLEW THE BOTTLE AND THE LITE CAME ON AGAIN. CABIN CREW DID NOT SMELL SMOKE.   REMOVED FIRE BOTTLE 1 REF AMM 26-23-01-000-801-001.  REMOVED AND REPLACED CARGO FIRE EXTINGUISING FILTER/DRIER DUE TO BOTTLE BEING DISCHARGED. REF AMM 26-23-04-400-801.  ALL FIRE DETECTION/ SUPPRESSION CIRCUIT BREAKERS PULLED AND RESET REF SDS 26-23-00-007.  COMPLETED INSTALLATION OF LEFT BOTTLE CARGO REF AMM 26-23-01-400-802-001 CONTINUING FROM STEP H SUBTASK D.  TEST OPS CHECK GOOD REF AMM 26-23-01.",4735975,PartNumber,473597-5,2025
CALA2025071506594,2025-07-13,2025-07-15T08:40:19.053-05:00,CALA,CALA,A,GL,33,A,7532,O,,,A,,,,CL,O,66814,BOEING,737924ER,42745,36185,13056,CFMINT,CFM567B27E,,,,,,,,,HNYWL,BLEED VALVE,1074926,8566,FAULTED,RT ENGINE,58044,20772,3615,R,,,,,,,,,,,,,,,,,,,,,,,,,,,,,,,"AIR CONDITIONING VALVES RIGHT BREAKER TRIPPED REF SSM 36-11-11-103 SH. 2 AIR CONDITIONING BLEED AIR VALVES RIGHT C.B. B7 ON P6-4 PNL PROVIDES POWER TO ENG 2 BLEED AIR REGULATOR M1180. RESET C.B. &  WITH RIGHT ENG RUNNING CYCLED #2 ENG BLEED AIR SWITCH, CIRCUIT BREAKER REMAINED CLOSED. SUSPECT FAULTY BLD AIR REG M1180 REMOVE AND REPLACED BLEED AIR REGULATOR IAW AMM 36-11-03. LEAK CHECK GOOD. OPS CHECK GOOD.",1074926,PartNumber,107492-6,2025
CALA2025072907052,2025-07-26,2025-07-29T09:41:53.040-05:00,CALA,CALA,A,GL,33,A,7532,O,,,A,D,,,CL,O,69839,BOEING,737924ER,60316,31310,11520,CFMINT,CFM567B27E,,,,,,,,,HNYWL,BLEED VALVE,1074926,16988,FAULTED,NR 1 ENGINE,31292,11512,31292,R,,,,,,,,,,,,,,,,,,,,,,,,,,,,,,,"ON CLIMBOUT LEFT BLEED ZERO PRESSURE NORMAL INDICATIONS ON START AND TAXI DEBRIEF CREW, LOST OF DUCT PRESSURE AT CLIMB OUT #1 ENGINE . (LEFT DUCT ZERO 0) (RIGHT DUCT PRESSUREGHT 50 PSI). ENGINE BEEN THE SOURCE. PREFORMED PNUEMATIC HEALTH CHECK REF. AMM 36-11-00-700-801 FOUND THAT BLEED AIR REGULATOR WAS NOT COMMANDING PRSOV TO OPEN. REMOVED AND REPLACED ENG# 1 BLEED AIR REGULATOR REF. AMM 36-11-03-400-801 LEAK CHECKS GOOD. PERFORMED BLEED AIR CROSSOVER CHECK REF. AMM 36-11-00-710-801 ALL PARAMETERS IN LIMITS. OK FOR SERVICE.",1074926,PartNumber,107492-6,2025
AALA202507316943,2025-07-18,2025-08-01T00:52:36.500-05:00,AALA,AALA,A,SW,21,A,3350,L,,,K,,,,IN,C,322TH,BOEING,7378,68102,6607,2430,,,,,,,,,,,,LIGHT,9701140001,,INOPERATIVE,ZONE 200,,,,,,,,,,,,,,,,,,,,,,,,,,,,,,,,,,,AIRCRAFT WAS NOT GROUNDED: SEAT 16CBA OVERHEAD LIGHT ON EMERGENCY DOOR INOPERATIVE.   REMOVED AND REPLACED SIDEWALL LIGHT AT 4AB. PER AMM 33-21-00. OPERATIONAL CHECK GOOD.,9701140001,PartNumber,9701-14-0001,2025
AALA202507316019,2025-07-25,2025-07-31T14:46:17.773-05:00,AALA,AALA,A,SW,21,A,2611,N,,,F,,,,NR,O,967AN,BOEING,737823,29545,68562,29049,,,,,,,,,,,KIDDE,SMOKE DETECTOR,4735975,,FALSE INDICATION,ZONE 100 - FUSE,,,,,,,,,,,,,,,,,,,,,,,,,,,,,,,,,,,"AIRCRAFT WAS GROUNDED: FORWARD CARGO FIRE LIGHT ILLUMINATED ON THE GROUND. FIRE WARNING BELL SOUNDED AND THE CARGO FIRE BOTTLE DISCHARGED. REMOVED AND REPLACED CARGO FIRE EXTINGUISHING BOTTLE (AALA202507315282), PER AMM 26-23-01. ALSO REMOVED AND REPLACED CARGO FIRE CONTROL UNIT (AALA202507316361), PER AMM 26-16-02, ALSO, REMOVED AND REPLACED ALL 4 FORWARD CARGO SMOKE DETECTOR (AALA202507314614), (AALA202507312870), (AALA202507317070), (AALA202507316019), PER AMM 26-16-01. OPERATIONAL CHECK GOOD.",4735975,PartNumber,473597-5,2025
AALA202507317070,2025-07-25,2025-07-31T14:46:17.607-05:00,AALA,AALA,A,SW,21,A,2612,N,,,F,,,,NR,O,967AN,BOEING,737823,29545,68562,29049,,,,,,,,,,,KIDDE,FIRE DETECTOR,4735975,,FALSE INDICATION,ZONE 100,,,,,,,,,,,,,,,,,,,,,,,,,,,,,,,,,,,"AIRCRAFT WAS GROUNDED: FORWARD CARGO FIRE LIGHT ILLUMINATED ON THE GROUND. FIRE WARNING BELL SOUNDED AND THE CARGO FIRE BOTTLE DISCHARGED. REMOVED AND REPLACED CARGO FIRE EXTINGUISHING BOTTLE (AALA202507315282), PER AMM 26-23-01. ALSO REMOVED AND REPLACED CARGO FIRE CONTROL UNIT (AALA202507316361), PER AMM 26-16-02, ALSO, REMOVED AND REPLACED ALL 4 FORWARD CARGO SMOKE DETECTOR (AALA202507314614), (AALA202507312870), (AALA202507317070), (AALA202507316019), PER AMM 26-16-01. OPERATIONAL CHECK GOOD.",4735975,PartNumber,473597-5,2025
AALA202507312870,2025-07-25,2025-07-31T14:46:17.437-05:00,AALA,AALA,A,SW,21,A,2612,N,,,F,,,,NR,O,967AN,BOEING,737823,29545,68562,29049,,,,,,,,,,,KIDDE,FIRE DETECTOR,4735975,,FALSE INDICATION,ZONE 100,,,,,,,,,,,,,,,,,,,,,,,,,,,,,,,,,,,"AIRCRAFT WAS GROUNDED: FORWARD CARGO FIRE LIGHT ILLUMINATED ON THE GROUND. FIRE WARNING BELL SOUNDED AND THE CARGO FIRE BOTTLE DISCHARGED. REMOVED AND REPLACED CARGO FIRE EXTINGUISHING BOTTLE (AALA202507315282), PER AMM 26-23-01. ALSO REMOVED AND REPLACED CARGO FIRE CONTROL UNIT (AALA202507316361), PER AMM 26-16-02, ALSO, REMOVED AND REPLACED ALL 4 FORWARD CARGO SMOKE DETECTOR (AALA202507314614), (AALA202507312870), (AALA202507317070), (AALA202507316019), PER AMM 26-16-01. OPERATIONAL CHECK GOOD.",4735975,PartNumber,473597-5,2025
AALA202507314614,2025-07-25,2025-07-31T14:46:17.267-05:00,AALA,AALA,A,SW,21,A,2612,N,,,F,,,,NR,O,967AN,BOEING,737823,29545,68562,29049,,,,,,,,,,,KIDDE,FIRE DETECTOR,4735975,,FALSE INDICATION,ZONE 100,,,,,,,,,,,,,,,,,,,,,,,,,,,,,,,,,,,"AIRCRAFT WAS GROUNDED: FORWARD CARGO FIRE LIGHT ILLUMINATED ON THE GROUND. FIRE WARNING BELL SOUNDED AND THE CARGO FIRE BOTTLE DISCHARGED. REMOVED AND REPLACED CARGO FIRE EXTINGUISHING BOTTLE (AALA202507315282), PER AMM 26-23-01. ALSO REMOVED AND REPLACED CARGO FIRE CONTROL UNIT (AALA202507316361), PER AMM 26-16-02, ALSO, REMOVED AND REPLACED ALL 4 FORWARD CARGO SMOKE DETECTOR (AALA202507314614), (AALA202507312870), (AALA202507317070), (AALA202507316019), PER AMM 26-16-01. OPERATIONAL CHECK GOOD.",4735975,PartNumber,473597-5,2025
AALA202507316361,2025-07-25,2025-07-31T14:46:17.100-05:00,AALA,AALA,A,SW,21,A,2612,N,,,O,,,,NR,O,967AN,BOEING,737823,29545,68562,29049,,,,,,,,,,,KIDDE,CONTROL UNIT,4739551,,FALSE ACTIVATION,ZONE 200,,,,,,,,,,,,,,,,,,,,,,,,,,,,,,,,,,,"AIRCRAFT WAS GROUNDED: FORWARD CARGO FIRE LIGHT ILLUMINATED ON THE GROUND. FIRE WARNING BELL SOUNDED AND THE CARGO FIRE BOTTLE DISCHARGED. REMOVED AND REPLACED CARGO FIRE EXTINGUISHING BOTTLE (AALA202507315282), PER AMM 26-23-01. ALSO REMOVED AND REPLACED CARGO FIRE CONTROL UNIT (AALA202507316361), PER AMM 26-16-02, ALSO, REMOVED AND REPLACED ALL 4 FORWARD CARGO SMOKE DETECTOR (AALA202507314614), (AALA202507312870), (AALA202507317070), (AALA202507316019), PER AMM 26-16-01. OPERATIONAL CHECK GOOD.",4739551,PartNumber,473955-1,2025
ASMF202508040001,2025-07-28,2025-08-04T14:47:40.783-05:00,ASMF,ASMF,W,SW,23,A,3610,J,,,O,,,,CR,O,950AM,BOEING,737852,35115,66610,26579,,,,,,,,,,,HNYWL,SHUTOFF VALVE,32145526,6513,FAULTY,,15484,6564,241,O,,,,,,,,,,,,,,,,,,,,,,,,,,,,,,,"DUCT PRESSURE INDICATION LOW DURING TAKEOFF, CLIMB AND CRUISE, ENGINE IS THE BLEED SOURCE. FRM 361 040 00",32145526,PartNumber,3214552-6,2025
CALA2025081307689,2025-08-11,2025-08-13T10:20:57.320-05:00,CALA,CALA,A,GL,33,A,3411,J,,,A,,,,CR,O,75426,BOEING,737924ER,31622,53092,18796,,,,,,,,,,,,PITOT TUBE,0851HT1,336665,SHORTED,ZONE 300,27261,10228,27261,R,,,,,,,,,,,,,,,,,,,,,,,,,,,,,,,LEFT ELEVATOR PITOT MASTER CAUTION.  T/S IAW FIM 30-31 TASK 805 AND WDM 30-31-11-900. FOUND LT ELEVATOR PITOT PROBE A24 INTERNALLY SHORTED. REMOVED L ELEV PROBE IAW AMM 27-31-94-000-801 AND COVERED LINE.    LEFT ELEV PITOT PROBE REPLACED.,0851HT1,PartNumber,0851HT1,2025
AALA202508197007,2025-08-14,2025-08-19T14:46:01.700-05:00,AALA,AALA,A,SW,21,A,7540,J,,,A,,,,CL,O,948AN,BOEING,737823,30086,70738,29840,CFMINT,CFM567B242,,,,,,,,,HNYWL,SENSOR,1296663,10711,FAILED,NR 2 ENGINE,13306,6217,13306,O,,,,,,,,,,,,,,,,,,,,,,,,,,,,,,,AIRCRAFT WAS GROUNDED: AN EMERGENCY WAS NOT DECLARED DUE TO: BLEED TRIP LIGHT ILLUMINATED IN CLIMB. AIRCRAFT DIVERTED TO AND LANDED SAFELY AT CLT. TROUBLESHOT PER FIM 36-10-00-810-809. REPLACED ENGINE NUMBER 2 PRECOOLER CONTROL VALVE SENSOR. PER AMM 36-12-03-400-801. OPERATIONAL AND LEAK CHECK GOOD.,1296663,PartNumber,129666-3,2025
AALA202508283445,2025-08-24,2025-08-28T11:06:23.520-05:00,AALA,AALA,A,SW,21,A,2530,B,,,O,,,,NR,O,300UB,BOEING,7378,44506,1776,706,,,,,,,,,,,,OVEN,820111000001,,SMOKE,ZONE 900,,,,,,,,,,,,,,,,,,,,,,,,,,,,,,,,,,,AIRCRAFT WAS NOT GROUNDED: LEFT OVEN IN FORWARD GALLEY STARTS SMOKING WHEN TURNED ON.   REMOVED AND REPLACED NUMBER 1 OVEN AT FIRST CLASS GALLEY. PER AMM 25-32-00. OPERATIONAL CHECKS GOOD.,820111000001,PartNumber,8201-11-0000-01,2025
CALA2025082908278,2025-08-28,2025-08-29T08:59:46.053-05:00,CALA,CALA,A,GL,33,A,3350,L,,,K,,,,IN,C,57409,BOEING,7379,68818,1,1,,,,,,,,,,,,LIGHT,9701140000,,INOPERATIVE,ZONE 200,,,,,,,,,,,,,,,,,,,,,,,,,,,,,,,,,,,"RIGHT AFT OVERWING EMERGENCY LIGHT (SIDEWALL LIGHT) INOPERATIVE.  WDM 33-51-13-4. AT D14724, VERIFIED WIRES TO POWER SUPPLY AND GROUND CHKD NORMAL. NEED LIGHT ASSY. REPLACED RT AFT OVERWING LIGHT ASSY IAW AMM 33-21-00-960-802. EMERGENCY LIGHTS OPS CHKD NORMAL.",9701140000,PartNumber,9701-14-0000,2025
AALA202508153246,2025-08-12,2025-08-16T00:52:50.450-05:00,AALA,AALA,A,SW,21,A,3610,B,,,K,,,,NR,O,944AN,BOEING,737823,29535,70904,29890,,,,,,,,,,,,COMPRESSOR,32145526,6148,BURNED OUT,ZONE 100,65397,27565,65397,O,,,,,,,,,,,,,,,,,,,,,,,,,,,,,,,"AIRCRAFT WAS GROUNDED: FLIGHT ATTENDANTS SAY THERE IS A BURNT SMELL AROUND THE AFT GALLEY. ACCOMPLISHED SOF INITIAL T/S PER CARD 08L00021001. FOUND POTABLE WATER COMPRESSOR CONTINUOSLY RUNNING AND BURNT SMELL FROM HOUSING CAUSING ODOR IN CABIN. REMOVE AND REPLACED COMPRESSOR (AALA202508141303). ALSO FOUND E1 BLEED PRESSURE LOW. REMOVE AND REPLACED PRSOV (AALA202508153246), PER AMM 36-11-04. ALSO, REMOVE AND REPLACED SENSE LINE ON HIGH PRESSURE VALVE (AALA202508158279), PER AMM 36-11-06.",32145526,PartNumber,3214552-6,2025
CALA2025091508920,2025-09-12,2025-09-15T09:45:01.000-05:00,CALA,CALA,A,GL,33,A,2612,N,,,A,,,,CR,O,39297,BOEING,737824,34003,57388,21155,,,,,,,,,,,,CONTROL UNIT,473925,8829,FAULTED,FIRE DETECTION,57388,2155,57388,R,,,,,,,,,,,,,,,,,,,,,,,,,,,,,,,"FLIGHT CREW REPORTED DURING CRUISE CREW GOT AFT CARGO FIRE WARNING LIGHT, PERFORMED QRH PROCEDURES LIGHT REMAINED ON.  PERFORMED CARGO SMOKE DETECTION OPS TEST IAW AMM 26-16-00 -710-801. OPS AND COCKPIT INDICATION NORMAL. PERFORMED TEST WITH AFT CARGO CEU.  ALL LAMPS ILLUMINATE & COCKPIT IND NORMAL.  PERFORMED WIRING CHECK IAW WDM 26-16-22, PAGE 3, SHEET 1. AFT  CARGO CEU TO EACH SMOKE DETECTOR  (1A/ 2A/ 3A/ 1B/ 2B/ 3B) COCKPIT P8 -75 TO AFT CARGO CEU.CONTINUTY CHECK & INSULATION CHECK RUSE ULT OK (NO FLUX WITH WIRE SHAKE) RESULT ATTACH WDM SHEET REMOVED AFT CEU IAW AMM 26-16-02-000-801.   CARGO ELECTRPNIC UNIT INSTALLED.INST TEST PASSED. REF AMM 26-16-02-400-801,  R &R CEU & WIRING CK COMPLETED.",473925,PartNumber,473925,2025
CALA2025091909041,2025-09-16,2025-09-19T10:37:09.527-05:00,CALA,CALA,A,GL,33,A,7532,J,,,A,,,,CL,O,67827,BOEING,737924ER,44581,35095,12895,CFMINT,CFM567B27,660782,33474,12285,,,,,,HNYWL,BLEED VALVE,1074926,6012,INOPERATIVE,NR 1 ENGINE,66973,24260,7600,R,,,,,,,,,,,,,,,,,,,,,,,,,,,,,,,"LEFT ENGINE BLEED  PRESSURE INDICATES 7PSI IN CLIMB & CRUISE, OPENED NR 1 ENGINE & TR FOUND NO OBVIOUS VISIAL DESCREPENCIES. OPENED & CLOSED NR 1 ENGINE.   PERFORMED HIGH POWER RUN REF FIM 36-10 TASK 804.  ZERO DUCT PRESSURE ON ENG NR 1 AT ALL POWER LEVELS.  PERFORMED ENG BLEED AIR SYS HEALTH CHK IAW AMM 36-11-00-700-801 UP TO STEP G.5(D).2,  PRSOV FAILED.   R & R PRSOV REF AMM 36-11-04. CONTINUED ENG HEALTH CHK.    R & R BLEED AIR REGULATOR REF AMM 36-11-03. NO FIX. CONTINUED HEALTH CHK AMM 36-11-00-700-801 UP TO BUT NOT INCLUDING STEP G.6(E)9.  R & R THE BLEED AIR REGULATOR REF AMM:36-11-03,  ATTEMPTED HEALTH CHK FROM PREVIOUS STEP, COULD NOT GET ANY SUPPLY AIR THROUGH BAR. BENCHED CHKD BAR, &  FOUND OPEN NR 1 ENG, ACCOMPLISHED ENG BLEED AIR CROSSOVER OPS TEST PER MM 36-11-00-710-801. ALL DUCT PRESSURES WITHIN MM LIMITS.",1074926,PartNumber,107492-6,2025
AALA202509156095,2025-09-11,2025-09-15T13:06:20.313-05:00,AALA,AALA,A,SW,21,A,2530,B,,,O,,,,NR,O,138AN,AIRBUS,A321231,6650,31268,12392,,,,,,,,,,,,OVEN,820111000001,,ODOR,ZONE 900,,,,,,,,,,,,,,,,,,,,,,,,,,,,,,,,,,,AIRCRAFT WAS NOT GROUNDED: FORWARD GALLEY LEFT OVEN SMELLS LIKE BURNING PAPER WHEN RUN. OPEN,820111000001,PartNumber,8201-11-0000-01,2025
AALA202509275566,2025-09-20,2025-09-27T06:39:56.787-05:00,AALA,AALA,A,SW,21,A,2530,B,,,O,,,,NR,O,951AA,BOEING,737823,29538,66152,27893,,,,,,,,,,,,OVEN,820111000001,,FAULTED,ZONE 900,,,,,,,,,,,,,,,,,,,,,,,,,,,,,,,,,,,AIRCRAFT WAS NOT GROUNDED: LEFT GALLEY OVEN BEEPING AND HOT WHEN NOT ON. COULD SMELL FROM THE FLIGHT DECK.   REPLACED FIRST CLASS OVEN NUMBER 1 PER AMM 25-32-03.,820111000001,PartNumber,8201-11-0000-01,2025
AALA202510016788,2025-09-30,2025-10-01T16:00:51.050-05:00,AALA,AALA,A,SW,21,A,2611,L,,,K,,,,IN,C,931AN,BOEING,737823,30079,68004,28475,,,,,,,,,,,KIDDE,SMOKE DETECTOR,4735975,,FAULTED,ZONE 100,,,,,,,,,,,,,,,,,,,,,,,,,,,,,,,,,,,AIRCRAFT WAS NOT GROUNDED: FOUND AFT CARGO SMOKE DETECTOR M2246-B2 AND M2247-B3 FAULTY. REMOVED AND REPLACED AFT CARGO SMOKE DETECTOR M2246-B2 (AALA202510016788) AND M2247-B3 (AALA202510016525). PER AMM 26-16-01. OPERATIONAL CHECK GOOD.,4735975,PartNumber,473597-5,2025
AALA202510016525,2025-09-30,2025-10-01T16:00:52.670-05:00,AALA,AALA,A,SW,21,A,2611,L,,,K,,,,IN,C,931AN,BOEING,737823,30079,68004,28475,,,,,,,,,,,KIDDE,SMOKE DETECTOR,4735975,,FAULTY,ZONE 100,,,,,,,,,,,,,,,,,,,,,,,,,,,,,,,,,,,AIRCRAFT WAS NOT GROUNDED: FOUND AFT CARGO SMOKE DETECTOR M2246-B2 AND M2247-B3 FAULTY. REMOVED AND REPLACED AFT CARGO SMOKE DETECTOR M2246-B2 (AALA202510016788) AND M2247-B3 (AALA202510016525). PER AMM 26-16-01. OPERATIONAL CHECK GOOD.,4735975,PartNumber,473597-5,2025
AALA202510022865,2025-09-29,2025-10-02T13:55:49.443-05:00,AALA,AALA,A,SW,21,A,2612,L,,,K,,,,IN,C,912AN,BOEING,737823,29513,67045,27713,,,,,,,,,,,KIDDE,FIRE DETECTOR,4735975,,INTERMITTENT,ZONE 100,,,,,,,,,,,,,,,,,,,,,,,,,,,,,,,,,,,"AIRCRAFT WAS GROUNDED: AFT AND FORWARD CARGO FIRE LOOPS TEST RANDOMLY, INTERMITTENTLY AND NOT AT ALL ON BOTH LOOPS. DETECTOR FAULT LIGHT ILLUMINATES INTERMITTENTLY. REMOVED AND REPLACED A1-(AALA202510022865), A2-(AALA202510028734), B1-(AALA202510022821) AND B2-(AALA202510022099) CARGO BAY SMOKE DETECTORS. PER AMM 26-16-01. OPERATIONAL TESTS NORMAL AT THIS TIME.",4735975,PartNumber,473597-5,2025
AALA202510028734,2025-09-29,2025-10-02T13:55:49.787-05:00,AALA,AALA,A,SW,21,A,2612,L,,,K,,,,NR,C,912AN,BOEING,737823,29513,67045,27713,,,,,,,,,,,KIDDE,FIRE DETECTOR,4735975,,INTERMITTENT,ZONE 100,,,,,,,,,,,,,,,,,,,,,,,,,,,,,,,,,,,"AIRCRAFT WAS GROUNDED: AFT AND FORWARD CARGO FIRE LOOPS TEST RANDOMLY, INTERMITTENTLY AND NOT AT ALL ON BOTH LOOPS. DETECTOR FAULT LIGHT ILLUMINATES INTERMITTENTLY. REMOVED AND REPLACED A1-(AALA202510022865), A2-(AALA202510028734), B1-(AALA202510022821) AND B2-(AALA202510022099) CARGO BAY SMOKE DETECTORS. PER AMM 26-16-01. OPERATIONAL TESTS NORMAL AT THIS TIME.",4735975,PartNumber,473597-5,2025
AALA202510022821,2025-09-29,2025-10-02T13:55:49.947-05:00,AALA,AALA,A,SW,21,A,2612,L,,,K,,,,IN,C,912AN,BOEING,737823,29513,67045,27713,,,,,,,,,,,KIDDE,FIRE DETECTOR,4735975,,INTERMITTENT,ZONE 100,,,,,,,,,,,,,,,,,,,,,,,,,,,,,,,,,,,"AIRCRAFT WAS GROUNDED: AFT AND FORWARD CARGO FIRE LOOPS TEST RANDOMLY, INTERMITTENTLY AND NOT AT ALL ON BOTH LOOPS. DETECTOR FAULT LIGHT ILLUMINATES INTERMITTENTLY. REMOVED AND REPLACED A1-(AALA202510022865), A2-(AALA202510028734), B1-(AALA202510022821) AND B2-(AALA202510022099) CARGO BAY SMOKE DETECTORS. PER AMM 26-16-01. OPERATIONAL TESTS NORMAL AT THIS TIME.",4735975,PartNumber,473597-5,2025
AALA202510022099,2025-09-29,2025-10-02T13:55:50.120-05:00,AALA,AALA,A,SW,21,A,2612,L,,,K,,,,IN,C,912AN,BOEING,737823,29513,67045,27713,,,,,,,,,,,KIDDE,FIRE DETECTOR,4735975,,INTERMITTENT,ZONE 100,,,,,,,,,,,,,,,,,,,,,,,,,,,,,,,,,,,"AIRCRAFT WAS GROUNDED: AFT AND FORWARD CARGO FIRE LOOPS TEST RANDOMLY, INTERMITTENTLY AND NOT AT ALL ON BOTH LOOPS. DETECTOR FAULT LIGHT ILLUMINATES INTERMITTENTLY. REMOVED AND REPLACED A1-(AALA202510022865), A2-(AALA202510028734), B1-(AALA202510022821) AND B2-(AALA202510022099) CARGO BAY SMOKE DETECTORS. PER AMM 26-16-01. OPERATIONAL TESTS NORMAL AT THIS TIME.",4735975,PartNumber,473597-5,2025
CALA2025100909840,2025-10-07,2025-10-09T09:50:36.213-05:00,CALA,CALA,A,GL,33,A,7220,O,,,K,,,,IN,V,78506,BOEING,7378,32832,58067,21745,CFMINT,CFM567B262,,,,,,,,,CFMINT,BLADE,3400010390,DB3808408,OUT OF LIMITS,NR 2 ENGINE,46037,33872,16533,R,,,,,,,,,,,,,,,,,,,,,,,,,,,,,,,"DURING WALK AROUND, FOUND FAN BLADE TIP OF NR 2 ENG BENT.  ON FURTHER INSPECTION IAW AMM 72-21-02-200-801-F00, FOUND ORIGINAL BLADE NR 8 TO BE OUT OF LIMITS. IN ADDITION,  FOUND ADJACENT BLADE NR 9 TO HAVE A TIP CURL OUT OF LIMITS.   FOUND SEVERAL OTHER BLADES TO HAVE SMALL NICKS ON L/ES IAW AMM 72-21-02-200-801-F00, PART J, 2. BLADE NR 8 EXCEEDS W DIMENSION BY OVER AN INCH. BLADE NR 9 EXCEEDS X DIMENSION BY 0.7 INCH &  W DIMENSION 0.5 INCH.   R & R NR 2 ENG FAN BLADES NR 9 & 8 IAW AMM 72-21-02-000-802-F00.  PERFORMED ENG RUN AT IDLE. DURING N2 AT 69%,  NOTICED HIGH ENGINE VIBRATION AT 1.5.  PERFORMED NR 2 ENGINE VIBRATION SURVEY TEST IAW AMM 71-00-00-00-700-814-F00.   ACCOMPLISHED ENGINE RUN AT ALL POWER SETTINGS ENGINE VIBRATION INDICATION NEVER EXCEEDED 1.4.",3400010390,PartNumber,340-001-039-0,2025
CALA2025102410499,2025-10-21,2025-10-24T09:54:53.407-05:00,CALA,CALA,A,GL,33,A,3610,J,,,A,,,,CL,O,61882,BOEING,737924ER,42201,33401,12232,CFMINT,CFM567B262,,,,,,,,,HNYWL,VALVE,632921461,3943,FAULTED,NR 1 ENGINE,12569,5329,1700,R,,,,,,,,,,,,,,,,,,,,,,,,,,,,,,,"LEFT BLEED TRIP OFF LIGHT ILLUMINATED REPEAT WRITE UP.  NR 1 ENG HIGH STAGE REGULATOR (HSR) FAIL HEALTH CHECK TEST REGULATOR,   REMOVED N REPLACED HI STAGE REGULATOR REF AMM 36-11-07 OPS CHECKS GOOD.   PERFORMED HEALTH CHECK FOR 1 ENG, FOUND BLEED AIR REGULATOR (BAR) HAVE A BLEED AIR LEAK REGULATOR,  REMOVED AND REPLACED BLEED AIR REGULATOR REF AMM 36-11-03/401. ENGINE IDLE LEAK CHECK. OPS CHECK GOOD. PERFORMED HEALTH CHECK FOR 1 ENG P, FOUND PRECOOLER VALVE HAVE A BLEED AIR LEAK.  REMOVED AND REPLACED #1 ENG PRECOOLER CONTROL VALVE REFERENCE: TASK 36-12-02-400-801 . PARA A TO F, UP TO TEST INSTALLATION .  PERFORMED OPS CHECK GOOD.",632921461,PartNumber,63292146-1,2025
AALA202510246095,2025-09-11,2025-10-24T12:32:25.820-05:00,AALA,AALA,A,SW,21,A,2530,B,,,O,,,,NR,O,138AN,AIRBUS,A321231,6650,31268,12392,,,,,,,,,,,,OVEN,820111000001,,ODOR,ZONE 900,,,,,,,,,,,,,,,,,,,,,,,,,,,,,,,,,,,AIRCRAFT WAS NOT GROUNDED: FORWARD GALLEY LEFT OVEN SMELLS LIKE BURNING PAPER WHEN RUN. : MAINTENANCE ACCOMPLISHED INSTRUCTIONS FOR EA 368117.,820111000001,PartNumber,8201-11-0000-01,2025
CALA2025102710584,2025-10-23,2025-10-27T09:51:56.080-05:00,CALA,CALA,A,GL,33,A,7532,O,,,K,,,,UK,O,36272,BOEING,737824,31590,74868,26839,CFMINT,CFM567B262,,,,,,,,,,REGULATOR,1074926,15704,FAULTED,NR 2 ENGINE,29474,11688,9634,R,,,,,,,,,,,,,,,,,,,,,,,,,,,,,,,"CHIME QAR ALERTING RIGHT *DUCT PRESSURE < 29*. RT SIDE HAS BEEN RUNNING 10+ PSI LOWER THAN LT SIDE DURING HIGH N1 (5TH STAGE) OPS FOR A FEW LEGS NOW.    PERFORMED ENG BLEED AIR SYS HEALTH CHK ON ENG NR 2 IAW AMM TASK 36-11-00-700-801, & FOUND PC LESS THAN 20 PSIG FROM BAR. PERFORMED REMOVAL & INSTALLATION OF BLEED AIR REGULATOR IAW AMM TASK 36-11-03. OPS TEST REQUIRED.  PERFORMED  ENG BLEED AIR SYS HEALTH CHK ON ENG NR 1 IAW AMM TASK 36-11-00-700-801. NO FAULTS FOUND.  PERFORMED ENG BLEED AIR CROSSOVER OPS TEST ON BOTH ENGS IAW AMM 36-11-00-710-801.  BOTH ENG IN PARAMETERS OF OPS TEST.",1074926,PartNumber,107492-6,2025
CALA2025102910716,2025-10-26,2025-10-29T08:11:24.133-05:00,CALA,CALA,A,GL,33,A,3610,J,,,A,,,,CR,O,68817,BOEING,737924ER,42747,36638,13355,,,,,,,,,,,HNYWL,SENSOR,1296663,9019,FAULTED,LT ENGINE,111189,44009,5819,R,,,,,,,,,,,,,,,,,,,,,,,,,,,,,,,"CHIME ALERTED LEFT ENGINE BLEED TEMP NEARING BLEED TRIP OFF, DURING CRUISE AND DESCENT. THE BLEED REPORT CAPTURED THAT THE PRE-COOLER OUTLET TEMPERATURE REACHED AS HIGH AS 490 Â°F, RESULTING IN A LOW BLEED DUCT PRESSURE OUTPUT OF 17 PSI. (SYSTEM HAS GONE INTO OVERTEMP PROTECTION MODE)   PERFORMED TEST ON LT PRE-COOLER CONTROL VALVE IAW AMM 36-12-00-700-801. CHECK PASSED.  REMOVED AND REPLACED 390 SENSOR IAW AMM 36-13-03. LEAK CHECK PASSED.",1296663,PartNumber,129666-3,2025
CALA2025110310847,2025-10-31,2025-11-03T10:14:32.590-05:00,CALA,CALA,A,GL,33,A,3830,J,,,A,,,,CR,O,37413,BOEING,737924ER,31664,52162,18722,,,,,,,,,,,,VALVE,158000293,1310,STUCK,LAVATORY,69152,17264,4122,R,,,,,,,,,,,,,,,,,,,,,,,,,,,,,,,"ALL LAVS OUT OF SERVICE.  FOUND LAV D GATE VALVE STUCK OPEN,  DEPLETING VACUUM FROM OTHER TOILETS. AFTER MANUALLY CLOSING LAV D GATE VALVE ALL OTHER TOILETS OPS NORMAL ON GROUND. REF LOG PG 6790548 FOR WORK ACCOMPLISHED. OPS CHECK GOOD. NO LEAKS NOTED. NO FURTHER DEFECTS. ALL LAVS OPS.  REMOVED AND REPLACED LT LAV D TOILET IAW AMM 38-32-01. OPS CHECKED GOOD NO LEAKS NOTED.  NO FURTHER DEFECTS NOTED. ALL LAVS FLUSH PROPERLY.",158000293,PartNumber,15800-029-3,2025
CALA2025111311177,2025-11-11,2025-11-13T10:43:48.343-05:00,CALA,CALA,A,GL,33,A,8011,J,,,B,A,,,CR,O,12221,BOEING,737824,28930,80759,30264,,,,,,,,,,,,CONTROL UNIT,655281064,D04439,FAULTED,NR 1,73676,27523,35736,R,,,,,,,,,,,,,,,,,,,,,,,,,,,,,,,"STARTER VALVE OPEN LIGHT ON AT ROTATION. LEFT PACK OFF. 3 ENGINE LIGHTS FLASHED DISCONNECTED CONNECTOR DP1202 AT START VALVE, START VALVE LIGHT STILL ON. DISCONNECTED FIREWALL CONNECTOR D30234 START VALVE STILL ON. REMOVED DEU-1 WITH DEU-2 STILL POWERED START VLV LIGHT STILL ON. REINSTALLED DEU-1.   REMOVED DEU-2 WITH DEU-1 STILL POWERED START VLV LIGHT STILL ON. REINSTALLED DEU-2, REF AMM 31-62-21. REF WDM 80-11-11-1 PG1 CHECKED FOR CONTINUITY FROM PIN 38 ON D30234 TO GROUND HAD 2.2 OHMS, SHOULD BE OPEN. WENT TO REMOVE ACAU REF AMM 21-51-02 WHILE TOUCH LH ACAU SHORT ENT AWAY, SUSPECT K20 IN ACAU WIRE NOW SHOWS OPEN. REINSTALLED ACAU AND POWERED UP A/C START VLV NOW SHOWS CLOSED. REMOVED ACAU AND BOTH DEUS AND DID MERGER CHECKS FROM CONNECTOR DP1202 PIN 4TO K12 ON D3973B & D3975B & D458A PIN 5. NO SIGN OF SHORT. REINSTALLED BOTH DEUS REF AMM 31-62-21 & REPLACED LH ACAU REF AMM 21-51-02 DUE TO SUSPECTED BAD K20 RELAY, OPS CHECKS GOOD. ACP ENGINE RUN REF AMM 71-00-00-700-801-F00 START VLV INDICATION NORMAL. A/C OK FOR SERVICE.",655281064,PartNumber,65-52810-64,2025
2025F00271,2025-11-14,2025-11-18T13:32:32.880-05:00,,,A,SW,99,G,3610,J,,,A,,,,CR,O,945FL,BOEING,737800*,29445,66004,27265,CFMINT,CFM567B26B2,89188,45822,29675,,,,,,,REGULATOR VALVE,1074847,10348,LEAKING,NR 2 ENGINE,,,,,,,,,,,,,,,,,,,,,,,,,,,,,,,,,,,"PILOT REPORTED: ""RIGHT BLEED TRIP OFF LIGHT ILLUMINATED IN FL 390. PERFORMED THE QRH AND THE LIGHT CAME BACK ON"". THE PILOT ELECTED TO DO AN AIR TURN BACK AND LAND AT STA: KMIA. AIRCRAFT LANDED WITHOUT FURTHER INCIDENT.    MAINTENANCE PERFORMED ENGINE AIR SYSTEM HEALTH CHECK IAW AMM 36-11-00-700-801 UP TO STEP I NUMBER 5, FOUND HIGH STAGE VALVE IN FAULT WITH A LEAK. REMOVED AND REPLACED HIGH STAGE REGULATOR IAW B737 AMM 36-11-07. PENDING LEAK TEST. B. AMBROISE 4784457 ACCOMPLISHED LEAK TEST IAW AMM 36-11-07 NO LEAK NOTED ACTION IAW FIM 36-10 TASK 08-809. ACCOMPLISHED POWER RUN FOR LEFT AND RIGHT ENGINES IAW AMM 71-00-00 AND AMM 36-11-07 OP'S CHECK ON. NO DISCREPANCIES NOTED. AIRCRAFT RETURNED BACK TO SERVICE.",1074847,PartNumber,107484-7,2025
CALA2025111811331,2025-11-16,2025-11-19T10:21:41.963-05:00,CALA,CALA,A,GL,33,A,3350,L,,,K,,,,IN,C,27290,BOEING,7378,44309,7415,2570,,,,,,,,,,,,LIGHT,9701140000,,FAULTED,ZONE 200,,,,,,,,,,,,,,,,,,,,,,,,,,,,,,,,,,,"EMERGENCY EXIT LIGHT FLICKING AC LEFT ROW 20 PULLED AND COLLARED C/B E12 ON P92 PANEL COLLARED CB , REF ATTACHED PIC. PLACED ON MEL 3321A . TOMC APPROVED MEL 3321A APPROVED *DM* ASSIST: {LT ASSY/60-3321-3-0004 PREV ORDERED.} REF WDM 33-21-12-1.1: PRECAUTIONARILY ADDED OWE LT ASSY'S M2837 & M2838 TO ENSURE AVAIL. ADJ M&L TO 6 TO ALLOW FOR DISTURBANCE OF OWE HATCH R/R LIGHT ASSY AT LEFT ROW 20. LOADED DATABASE SOFTWARE, OPS CHKD OK.",9701140000,PartNumber,9701-14-0000,2025
CALA2025120411778,2025-11-30,2025-12-04T09:54:52.510-05:00,CALA,CALA,A,GL,33,A,3610,J,,,A,,,,DE,O,17753,BOEING,737724,30463,70278,27456,,,,,,,,,,,BOEING,TUBE,332A235012,,SHORT,NR 1 ENGINE,,,,,,,,,,,,,,,,,,,,,,,,,,,,,,,,,,,"ALERTING DUCT PRESSURE LOW FOR NR 1 ENG. ON DESCENT.  PRESSURE CONSISTENT AT 8 PSI VS 35 PSI.    DURING INSPECTION OF SENSE LINES AND FITTINGS, FOUND SHORT ELBOW SENSE LINE ON THE SUPPLY PRESSURE SENSE LINE OF THE BLEED AIR REGULATOR BROKEN & SEVERED.  CHECKED & ENSURED SMOOTH TRAVEL OF PRSOV BUTTERFLY VALVE AND PCCV.   INSTALLED A NEW  ELBOW SENSE LINE ON THE SUPPLY PRESSURE SENSE LINE OF BLEED AIR REGULATOR IAW AMM 36-11-03. LEAK CHECKED GOOD.  PERFORMED HIGH POWER RUN TO CONFIRM PROPER DUCT PRESSURE. OPS CHECKS PASSED IAW AMM 36-11-00-710-801.",332A235012,PartNumber,332A2350-12,2025
DALA2025121209095,2025-12-10,2025-12-12T14:12:19.743-05:00,DALA,DALA,A,SO,27,A,2130,J,,,A,,,,CR,O,3740C,BOEING,737832,30800,73838,32165,,,,,,,,,,,,SHUTOFF VALVE,32145525,6285,FLUCTUATES,BLEED,68390,29719,7834,R,,,,,,,,,,,,,,,,,,,,,,,,,,,,,,,SHIP 3740 -ATB/DE- DUE TO CABIN PRESSURE AND RIGHT BLEED PRESSURE FLUCTUATIONS.   MTC R/R PRSOV PER B737 AMM 36-11.,32145525,PartNumber,3214552-5,2025
CALA2025122412397,2025-12-21,2025-12-24T10:00:59.343-05:00,CALA,CALA,A,GL,33,A,3030,J,,,A,,,,CR,O,17753,BOEING,737724,30463,70324,27487,,,,,,,,,,,,PITOT TUBE,0851HT1,406751,FAULTED,ZONE 100,11554,4612,11554,R,,,,,,,,,,,,,,,,,,,,,,,,,,,,,,,"CAPT PITOT LIGHT ON,  LIGHT WITH ASSOCIATED TRIPPED C/B.   REMOVED AND REPLACED CAPT PITOT PROBE IAW AMM 34-11-01. OPS CHECKED GOOD. BREAKER REMAINS IN. REFER TO LOG 7349998 FOR LT PITOT SYSTEM LEAK TEST IAW AMM 34-11-00-790-810.",0851HT1,PartNumber,0851HT1,2025
SWAA2025122956229,2025-12-26,2025-12-29T17:29:48.893-05:00,SWAA,SWAA,A,SW,29,A,3610,J,,,O,,,,DE,O,565WN,BOEING,73776Q,30282,65043,42465,,,,,,,,,,,,VALVE,32144464,4497,LOW PRESSURE,ZONE 400,,,,,,,,,,,,,,,,,,,,,,,,,,,,,,,,,,,"AT FL250 CABIN PRESSURE DROPPED TO -4000 PSI; ALT HORN SOUNDED. RAN QRH PRESSURE WAS CONTROLLED IN MANUAL.   INSPECTED BOTH CARGO DOOR PRESSURE SEALS IAW MM 52-09-11 NO DEFECTS NOTED. PRESSURIZED AIRCRAFT TO 4.5 PSID NO ABNORMAL LEAKS NOTED IAW MM 21-31-00.  PERFORMED PRESSURIZATION DECAY TEST TWICE WITH DECAY TIMES TO BE 119 SECS.  PERFORMED BOTH PRESSURE CONTROLLER BITE TEST IAW MM 21-31-01 & FOUND SEVERAL LEGS WITH LOW INFLOW,  HIGH LEAKAGE FOUND ON SEVERAL RANDOM FLT LEGS.  R & R NR 1 ENG. HIGH STAGE REGULATOR IAW AMM 36-11-07,  LEAK & OPS CHECK DUE.  R & R NR 2 ENG. HIGH STAGE REGULATOR IAW AMM 36-11-07, LEAK & OPS CHECK DUE.  R & R NR 2 ENG. HIGH STAGE VALVE IAW AMM 36-11-06, LEAK & OPS CHECK DUE.  R & R NR 1 ENG. HIGH STAGE VALVE IAW AMM 36-11-06,  LEAK & OPS CHECK DUE.  COMPLETED OPS CHECKS IAW AMM 36-11-06 AND AMM 36-11-07.",32144464,PartNumber,3214446-4,2025
SWAA2025122956228,2025-12-26,2025-12-29T17:29:49.063-05:00,SWAA,SWAA,A,SW,29,A,3610,J,,,O,,,,DE,O,565WN,BOEING,73776Q,30282,65043,42465,,,,,,,,,,,,VALVE,32144464,1647C,LOW PRESSURE,ZONE 400,,,,,,,,,,,,,,,,,,,,,,,,,,,,,,,,,,,"AT FL250 CABIN PRESSURE DROPPED TO -4000 PSI,  ALT HORN SOUNDED.  RAN QRH PRESSURE WAS CONTROLLED IN MANUAL.  INSPECTED BOTH CARGO DOOR PRESSURE SEALS IAW MM 52-09-11, NO DEFECTS  NOTED.  PRESSURIZED ACFT TO 4.5 PSID, NO ABNORMAL LEAKS NOTED IAW MM 21-31-00.  PERFORMED PRESSURIZATION DECAY TEST TWICE WITH DECAY TIMES TO BE 119 SECONDS.  PERFORMED BOTH PRESSURE CONTROLLER BITE TEST IAW MM 21-31-01 & FOUND SEVERAL LEGS WITH LOW INFLOW, HIGH LEAKAGE FOUND ON SEVERAL RANDOM FLT LEGS. R & R NR 1 ENG. HIGH STAGE REGULATOR IAW AMM 36-11-07, LEAK & OPS CHECK DUE.  R & R NR 2 ENG. HIGH STAGE REGULATOR IAW AMM 36-11-07, LEAK & OPS CHECK DUE. R & R NR 2 ENG. HIGH STAGE VALVE IAW AMM 36-11-06, LEAK & OPS CHECK DUE.  R & R NR 1 ENG HIGH STAGE VALVE IAW AMM 36-11-06, LEAK & OPS CHECK DUE.  COMPLETED OPS CHECKS IAW AMM 36-11-06 & AMM 36-11-07.",32144464,PartNumber,3214446-4,2025
SWAA2025122956227,2025-12-26,2025-12-29T17:29:49.230-05:00,SWAA,SWAA,A,SW,29,A,3610,J,,,O,,,,DE,O,565WN,BOEING,73776Q,30282,65043,42465,,,,,,,,,,,,REGULATOR,1074847,12138,LOW PRESSURE,ZONE 400,,,,,,,,,,,,,,,,,,,,,,,,,,,,,,,,,,,"AT FL250 CABIN PRESSURE DROPPED TO -4000 PSI; ALT HORN SOUNDED. RAN QRH PRESSURE WAS CONTROLLED IN MANUAL.   INSPECTED BOTH CARGO DOOR PRESSURE SEALS IAW MM 52-09-11, NO DEFECTS NOTED.  PRESSURIZED ACFT TO 4.5 PSID, NO ABNORMAL LEAKS NOTED IAW MM 21-31-00.  PERFORMED PRESSURIZATION DECAY TEST TWICE WITH DECAY TIMES TO BE 119 SECS.  PERFORMED BOTH PRESSURE CONTROLLER BITE TEST IAW MM 21-31-01 & FOUND SEVERAL LEGS WITH LOW INFLOW, HIGH LEAKAGE FOUND ON SEVERAL RANDOM FLT LEGS.  R & R NR 1 ENG. HIGH STAGE REGULATOR IAW AMM 36-11-07,  LEAK & OPS CHECK DUE.  R & R NR 2 ENG HIGH STAGE REGULATOR IAW AMM 36-11-07, LEAK & OPS CHECK DUE.  R & R NR 2 ENG HIGH STAGE VALVE IAW AMM 36-11-06, LEAK & OPS CHECK DUE. R & R NR 1 ENG HIGH STAGE VALVE IAW AMM 36-11-06, LEAK & OPS CHECK DUE.  COMPLETED OPS CHECKS IAW AMM 36-11-06, & AMM 36-11-07.",1074847,PartNumber,107484-7,2025
SWAA2025122955746,2025-12-26,2025-12-29T17:29:49.397-05:00,SWAA,SWAA,A,SW,29,A,3610,J,,,O,,,,DE,O,565WN,BOEING,73776Q,30282,65043,42465,,,,,,,,,,,,REGULATOR,1074847,18614,LOW PRESSURE,ZONE 400,,,,,,,,,,,,,,,,,,,,,,,,,,,,,,,,,,,"AT FL250 CABIN PRESSURE DROPPED TO -4000 PSI; ALT HORN SOUNDED. RAN QRH PRESSURE WAS CONTROLLED IN MANUAL.   INSPECTED BOTH CARGO DOOR PRESSURE SEALS IAW MM 52-09-11, NO DEFECTS NOTED.  PRESSURIZED ACFT TO 4.5 PSID,  NO ABNORMAL LEAKS NOTED IAW MM 21-31-00.  ALSO PERFORMED PRESSURIZATION DECAY TEST TWICE WITH DECAY TIMES TO BE 119 SECS.  PERFORMED BOTH PRESSURE CONTROLLER BITE TEST IAW MM 21-31-01, & FOUND SEVERAL LEGS WITH LOW INFLOW, HIGH LEAKAGE FOUNDS ON SEVERAL RANDOM FLIGHT LEGS.  R & R NR 1 ENG HIGH STAGE REGULATOR IAW AMM 36-11-07, LEAK & OPS CHECK DUE.  R & R NR 2 ENG HIGH STAGE REGULATOR IAW AMM 36-11-07, LEAK & OPS CHECK DUE.  R & R NR 2 ENG HIGH STAGE VALVE IAW AMM 36-11-06, LEAK & OPS CHECK DUE. R & R NR 1 ENG HIGH STAGE VALVE IAW AMM 36-11-06, LEAK AND OPS CHECK DUE.  COMPLETED OPS CHECKS IAW AMM 36-11-06, & AMM 36-11-07.",1074847,PartNumber,107484-7,2025
