wo,ata,pn,desc,qty,tool
55251195,36-00,107484-6,HIGH STAGE PNEU EBU REGULATOR,1.0,N
55251195,36-00,801A50-0005A,SEAL,2.0,N
55251195,36-00,801A50-0006A,SEAL,1.0,N
55713091,25-00,62197-301-001,WATER BOILER,1.0,N
55569854,33-20,9651-35-0000,LIGHT BSI-35 IN TYPE A HARNESS CONFI,1.0,N
190610231,33-00,9651-35-0002,LIGHT BSI-35 IN TYPE C HARNESS CONFI,1.0,N
190493271,33-21,9651-35-0005,LIGHT BSI-35 IN TYPE F HARNESS CONFI,1.0,N
190007191,25-33,62197-301-001,WATER BOILER,1.0,N
105317951,38-32,14330-230,FLUSH VALVE ASSY,1.0,N
105317951,38-32,2-135N506-65,PACKING,2.0,N
105317951,38-32,MS29513-226,PACKING,2.0,N
105317951,38-32,15800-246,SEAL,1.0,N
42050268,33-20,9651-35-0003,LIGHT BSI-35 IN TYPE D HARNESS CONFI,1.0,N
107380880,36-00,107484-6,HIGH STAGE PNEU EBU REGULATOR,1.0,N
107380880,36-00,801A50-0005A,SEAL,2.0,N
107380880,36-00,801A50-0006A,SEAL,1.0,N
105758114,36-00,3214446-4,HIGH STAGE VALVE,1.0,N
105758114,36-00,1945-04-08,PNEUMATIC TESTING KIT,1.0,Y
105758114,36-00,R0C7716128R,ROCOL LEAK DETECTOR SPRAY CODE 32030,1.0,N
105758114,36-00,3214552-6,SHUT OFF PNEU SYS VALVE (PRSOV),1.0,N
105758114,36-00,107484-6,HIGH STAGE PNEU EBU REGULATOR,1.0,N
105758114,36-00,801A50-0005A,SEAL,2.0,N
105758114,36-00,801A50-0006A,SEAL,1.0,N
105758114,36-00,16135-80,SENSE LINE,1.0,N
105758114,36-00,AS1895-7-350,SEAL,1.0,N
105758114,36-00,3289562-5,VALVE - FAN AIR (PCCV),1.0,N
105758114,36-00,82C10020-1,GASKET,1.0,N
105758114,36-00,S8990-611,PACKING,1.0,N
105758114,36-00,107492-6,BLEED AIR REGULATOR,1.0,N
55193745,25-31,BACB30LR4-23,BOLT,1.0,N
190576722,33-20,9651-35-0002,LIGHT BSI-35 IN TYPE C HARNESS CONFI,1.0,N
190576722,33-20,C33001-58,BSI LIGHT CABLE TESTER,1.0,Y
191479990,26-00,473597-5,CARGO SMOKE DETECTOR,1.0,N
191355634,33-21,9651-35-0005,LIGHT BSI-35 IN TYPE F HARNESS CONFI,1.0,N
55597658,33-21,9651-35-0004,LIGHT BSI-35 IN TYPE E HARNESS CONFI,1.0,N
55597658,33-21,C33001-58,BSI LIGHT CABLE TESTER,1.0,Y
190275440,38-00,62197-301-001,WATER BOILER,1.0,N
25705286,38-00,14330-230,FLUSH VALVE ASSY,1.0,N
25705286,38-00,2-135N506-65,PACKING,2.0,N
25705286,38-00,MS29513-226,PACKING,2.0,N
42178088,25-00,62197-301-001,WATER BOILER,1.0,N
190447179,25-31,8201-11-0000,OVEN - BRITAX SELL 737-800,1.0,N
104414404,72-00,FANLUBEFULLKIT,FAN BLADE REMOVAL TOOL KIT,1.0,Y
104414404,72-00,IPA,ISOPROPYL ALCOHOL,5.0,N
104414404,72-00,LN9051,FAN BLADE MARKER CP5061,1.0,N
104414404,72-00,NYC065,VV-P-236 D00504 GREASE PETROLATUM,1.0,N
104414404,72-00,STD585,FANLUBE PROTECTIVE MAT,1.0,Y
104414404,72-00,M0LYK0TED321,MOLYKOTE D-321 R CP5062 FILM (SPRAY),2.0,N
104414404,72-00,340-001-038-0,CFM56 FAN BLADE,1.0,N
104414404,72-00,340-001-038-0,CFM56 FAN BLADE,1.0,N
104756364,38-32,14330-230,FLUSH VALVE ASSY,1.0,N
104756364,38-32,2-135N506-65,PACKING,2.0,N
104756364,38-32,MS29513-226,PACKING,2.0,N
190262775,23-42,285W0024-1B,HANDSET - DARK GREY,1.0,N
191397683,26-00,473597-5,CARGO SMOKE DETECTOR,1.0,N
101898791,36-00,107484-6,HIGH STAGE PNEU EBU REGULATOR,1.0,N
101898791,36-00,801A50-0005A,SEAL,2.0,N
101898791,36-00,801A50-0006A,SEAL,1.0,N
101898791,36-00,3214446-4,HIGH STAGE VALVE,1.0,N
101898791,36-00,R0C7716128R,ROCOL LEAK DETECTOR SPRAY CODE 32030,1.0,N
55568391,33-00,9651-35-0002,LIGHT BSI-35 IN TYPE C HARNESS CONFI,1.0,N
55568391,33-00,C33001-58,BSI LIGHT CABLE TESTER,1.0,Y
190427795,33-21,9651-35-0003,LIGHT BSI-35 IN TYPE D HARNESS CONFI,1.0,N
106336221,36-00,R0C7716128R,ROCOL LEAK DETECTOR SPRAY CODE 32030,1.0,N
106336221,36-00,801A50-0005A,SEAL,2.0,N
106336221,36-00,801A50-0006A,SEAL,1.0,N
106336221,36-00,16135-80,SENSE LINE,1.0,N
106336221,36-00,AS1895-7-350,SEAL,1.0,N
106336221,36-00,16135-83,SENSE LINE - PNEUMATIC,1.0,N
106336221,36-00,332A2350-11,TUBE ASSY,1.0,N
106336221,36-00,16135-84,SENSE LINE - PNEUMATIC FLEXIBLE,1.0,N
106336221,36-00,1945-04-08,PNEUMATIC TESTING KIT,1.0,Y
106336221,36-00,3289562-5,VALVE - FAN AIR (PCCV),1.0,N
106336221,36-00,129666-2,ENGINE PRECOOLER CONT. VALVE SENSOR,1.0,N
106336221,36-00,107484-6,HIGH STAGE PNEU EBU REGULATOR,1.0,N
106336221,36-00,3214446-4,HIGH STAGE VALVE,1.0,N
106336221,36-00,107492-6,BLEED AIR REGULATOR,1.0,N
106336221,36-00,3214552-6,SHUT OFF PNEU SYS VALVE (PRSOV),1.0,N
106336221,36-00,801A50-0005A,SEAL,2.0,N
106336221,36-00,801A50-0006A,SEAL,1.0,N
106336221,36-00,82C10020-1,GASKET,1.0,N
106336221,36-00,S8990-611,PACKING,1.0,N
190513436,23-51,10-62090-82,PANEL - OBSERVER CONT,1.0,N
190486096,33-42,72605363-1,LTRTL MAIN POWER SUPPLY ASSY,1.0,N
190486096,33-42,M1,BONDING METER,1.0,Y
190486096,33-42,BMS5-95,SEALANT,1.0,N
191442464,33-00,9551-26-0001,LIGHT ASSY - COVE,1.0,N
42154093,33-21,C33001-58,BSI LIGHT CABLE TESTER,1.0,Y
42154093,33-21,9651-35-0005,LIGHT BSI-35 IN TYPE F HARNESS CONFI,1.0,N
190597314,38-00,MS29513-226,PACKING,2.0,N
190597314,38-00,2-135NM506-65,O-RING,1.0,N
42013723,25-00,72184025,WATER BOILER,1.0,N
106405745,38-32,14330-230,FLUSH VALVE ASSY,1.0,N
106405745,38-32,2-135N506-65,PACKING,2.0,N
106405745,38-32,MS29513-226,PACKING,2.0,N
106405745,38-32,15800-029-3,TOILET ASSY,1.0,N
190108870,38-00,72184025,WATER BOILER,1.0,N
190108870,38-00,ERT/1310-528-01,ADAPTOR FITTING MALE-FEMALE,1.0,N
190108870,38-00,ERT/1310-504-01,SWAN NECK SPIGOT ASSEMBLY,1.0,N
190108870,38-00,ERT/1310-529-01,ADAPTOR FITTING MALE-MALE,1.0,N
191446845,33-00,9651-35-0002,LIGHT BSI-35 IN TYPE C HARNESS CONFI,1.0,N
191446845,33-00,C33001-58,BSI LIGHT CABLE TESTER,1.0,Y
191235543,72-00,2085M31G03,FUEL NOZZLE ASSEMBLY,1.0,N
191235543,72-00,2085M48P07,"GASKET, FUEL NOZZLES",1.0,N
107144535,36-11,R0C7716128R,ROCOL LEAK DETECTOR SPRAY CODE 32030,1.0,N
107144535,36-11,16135-81,SENSE LINE,1.0,N
107144535,36-11,1945-04-08,PNEUMATIC TESTING KIT,1.0,Y
107144535,36-11,3289562-5,VALVE - FAN AIR (PCCV),1.0,N
107144535,36-11,129666-2,ENGINE PRECOOLER CONT. VALVE SENSOR,1.0,N
107144535,36-11,107484-6,HIGH STAGE PNEU EBU REGULATOR,1.0,N
107144535,36-11,3214446-4,HIGH STAGE VALVE,1.0,N
107144535,36-11,107492-6,BLEED AIR REGULATOR,1.0,N
107144535,36-11,3214552-6,SHUT OFF PNEU SYS VALVE (PRSOV),1.0,N
107144535,36-11,801A50-0005A,SEAL,2.0,N
107144535,36-11,801A50-0006A,SEAL,1.0,N
107144535,36-11,82C10020-1,GASKET,1.0,N
107144535,36-11,S8990-611,PACKING,1.0,N
107144535,36-11,332A2350-14,TUBE ASSY,1.0,N
107144535,36-11,332A2350-12,TUBE ASSY,1.0,N
107144535,36-11,16135-80,SENSE LINE,1.0,N
107144535,36-11,129694-3,ENG BLEED OVERTEMP SENSOR (450 STAT),1.0,N
190288040,34-11,0851HT1,PITOT PROBE,1.0,N
190288040,34-11,BMS5-95,SEALANT,1.0,N
190288040,34-11,232N9003-1,GASKET,1.0,N
104739270,72-00,FANLUBEFULLKIT,FAN BLADE REMOVAL TOOL KIT,1.0,Y
104739270,72-00,IPA,ISOPROPYL ALCOHOL,5.0,N
104739270,72-00,LN9051,FAN BLADE MARKER CP5061,1.0,N
104739270,72-00,NYC065,VV-P-236 D00504 GREASE PETROLATUM,1.0,N
104739270,72-00,STD585,FANLUBE PROTECTIVE MAT,1.0,Y
104739270,72-00,M0LYK0TED321,MOLYKOTE D-321 R CP5062 FILM (SPRAY),2.0,N
106884854,23-00,285W0024-3M,HANDSET - DARK GREY,1.0,N
104018879,23-31,285W0024-1B,HANDSET - DARK GREY,1.0,N
190626784,26-16,473597-5,CARGO SMOKE DETECTOR,1.0,N
105478504,36-11,129694-2,ENG BLEED OVERTEMP SENSOR (450 STAT),1.0,N
105478504,36-11,S8990-611,PACKING,1.0,N
105478504,36-11,1945-04-08,PNEUMATIC TESTING KIT,1.0,Y
105478504,36-11,3289562-5,VALVE - FAN AIR (PCCV),1.0,N
105478504,36-11,129666-2,ENGINE PRECOOLER CONT. VALVE SENSOR,1.0,N
105478504,36-11,107484-6,HIGH STAGE PNEU EBU REGULATOR,1.0,N
105478504,36-11,3214446-4,HIGH STAGE VALVE,1.0,N
105478504,36-11,107492-6,BLEED AIR REGULATOR,1.0,N
105478504,36-11,3214552-6,SHUT OFF PNEU SYS VALVE (PRSOV),1.0,N
105478504,36-11,801A50-0005A,SEAL,3.0,N
105478504,36-11,801A50-0006A,SEAL,1.0,N
105478504,36-11,82C10020-1,GASKET,1.0,N
105478504,36-11,S8990-611,PACKING,1.0,N
105478504,36-11,AS1895-7-350,SEAL,3.0,N
104427611,36-00,3214446-4,HIGH STAGE VALVE,1.0,N
104427611,36-00,1945-04-08,PNEUMATIC TESTING KIT,1.0,Y
104427611,36-00,R0C7716128R,ROCOL LEAK DETECTOR SPRAY CODE 32030,1.0,N
104427611,36-00,3214552-6,SHUT OFF PNEU SYS VALVE (PRSOV),1.0,N
104427611,36-00,107484-6,HIGH STAGE PNEU EBU REGULATOR,1.0,N
104427611,36-00,801A50-0005A,SEAL,2.0,N
104427611,36-00,801A50-0006A,SEAL,1.0,N
104427611,36-00,16135-80,SENSE LINE,1.0,N
104427611,36-00,AS1895-7-350,SEAL,1.0,N
104427611,36-00,16135-83,SENSE LINE - PNEUMATIC,1.0,N
104427611,36-00,332A2350-11,TUBE ASSY,1.0,N
104427611,36-00,16135-84,SENSE LINE - PNEUMATIC FLEXIBLE,1.0,N
22745961,38-00,14330-230,FLUSH VALVE ASSY,1.0,N
22745961,38-00,2-135N506-65,PACKING,2.0,N
190004192,38-00,D72D93002-111,TOILET FLUSH SWT - YOKOHAMA TOILET,1.0,N
190004192,38-00,14330-230,FLUSH VALVE ASSY,1.0,N
190004192,38-00,2-135N506-65,PACKING,2.0,N
190004192,38-00,MS29513-226,PACKING,2.0,N
190004192,38-00,15801-160,FLUSH CONTROL UNIT ASSY,1.0,N
190004192,38-00,G38004-17,TOILET UNBLOCKING TOOL,1.0,Y
190004192,38-00,15800-029-3,TOILET ASSY,1.0,N
190004192,38-00,MS29513-226,PACKING,3.0,N
190004192,38-00,M83461-1-226,PACKING,3.0,N
190321953,33-42,72605363-1,LTRTL MAIN POWER SUPPLY ASSY,1.0,N
190321953,33-42,72500410-1,LTRTL MAIN ARRAY ASSY (LH OUTBD),1.0,N
190321953,33-42,72500410-2,LTRTL MAIN ARRAY ASSY (LH INBD),1.0,N
104057804,72-00,FANLUBEFULLKIT,FAN BLADE REMOVAL TOOL KIT,1.0,Y
104057804,72-00,IPA,ISOPROPYL ALCOHOL,5.0,N
104057804,72-00,LN9051,FAN BLADE MARKER CP5061,1.0,N
104057804,72-00,NYC065,VV-P-236 D00504 GREASE PETROLATUM,1.0,N
104057804,72-00,STD585,FANLUBE PROTECTIVE MAT,1.0,Y
104057804,72-00,M0LYK0TED321,MOLYKOTE D-321 R CP5062 FILM (SPRAY),2.0,N
104057804,72-00,340-001-038-0,CFM56 FAN BLADE,1.0,N
104057804,72-00,340-001-038-0,CFM56 FAN BLADE,1.0,N
190433091,33-21,9651-35-0004,LIGHT BSI-35 IN TYPE E HARNESS CONFI,1.0,N
190433091,33-21,C33001-58,BSI LIGHT CABLE TESTER,1.0,Y
190229411,25-00,62197-301-001,WATER BOILER,1.0,N
55321189,33-21,C33001-58,BSI LIGHT CABLE TESTER,1.0,Y
55321189,33-21,9651-35-0002,LIGHT BSI-35 IN TYPE C HARNESS CONFI,1.0,N
55405908,34-11,BMS5-95,SEALANT,1.0,N
55405908,34-11,BACB30LM4H6,BOLT,1.0,N
55405908,34-11,0851HT1,PITOT PROBE,1.0,N
55405908,34-11,0851HT2,PITOT PROBE,1.0,N
104255712,36-00,3214446-4,HIGH STAGE VALVE,1.0,N
104255712,36-00,1945-04-08,PNEUMATIC TESTING KIT,1.0,Y
104255712,36-00,R0C7716128R,ROCOL LEAK DETECTOR SPRAY CODE 32030,1.0,N
104255712,36-00,3214552-6,SHUT OFF PNEU SYS VALVE (PRSOV),1.0,N
104255712,36-00,107484-6,HIGH STAGE PNEU EBU REGULATOR,1.0,N
104255712,36-00,801A50-0005A,SEAL,2.0,N
104255712,36-00,801A50-0006A,SEAL,1.0,N
104255712,36-00,16135-80,SENSE LINE,1.0,N
104255712,36-00,AS1895-7-350,SEAL,1.0,N
104255712,36-00,16135-83,SENSE LINE - PNEUMATIC,1.0,N
104255712,36-00,332A2350-11,TUBE ASSY,1.0,N
104255712,36-00,16135-84,SENSE LINE - PNEUMATIC FLEXIBLE,1.0,N
191447040,33-21,9651-35-0004,LIGHT BSI-35 IN TYPE E HARNESS CONFI,1.0,N
190532869,33-00,9701-14-0001,LIGHT ASSY - BSI LED OVERWING EXIT,1.0,N
190532869,33-00,9651-35-0002,LIGHT BSI-35 IN TYPE C HARNESS CONFI,1.0,N
190532869,33-00,C33001-58,BSI LIGHT CABLE TESTER,1.0,Y
42019248,33-00,9651-35-0002,LIGHT BSI-35 IN TYPE C HARNESS CONFI,2.0,N
42019248,33-00,C33001-58,BSI LIGHT CABLE TESTER,1.0,Y
107108309,36-00,R0C7716128R,ROCOL LEAK DETECTOR SPRAY CODE 32030,1.0,N
107108309,36-00,1945-04-08,PNEUMATIC TESTING KIT,1.0,Y
107108309,36-00,AS1895-7-400,SEAL,1.0,N
107108309,36-00,16135-84,SENSE LINE - PNEUMATIC FLEXIBLE,1.0,N
107108309,36-00,332A2350-11,TUBE ASSY,1.0,N
107108309,36-00,AS1895-7-350,SEAL,1.0,N
107108309,36-00,16135-80,SENSE LINE,1.0,N
107108309,36-00,16135-83,SENSE LINE - PNEUMATIC,1.0,N
107108309,36-00,16135-96,SENSE LINE - PNEUMATIC,1.0,N
107108309,36-00,3289562-5,VALVE - FAN AIR (PCCV),1.0,N
107108309,36-00,129666-2,ENGINE PRECOOLER CONT. VALVE SENSOR,1.0,N
107108309,36-00,107484-6,HIGH STAGE PNEU EBU REGULATOR,1.0,N
107108309,36-00,3214446-4,HIGH STAGE VALVE,1.0,N
107108309,36-00,107492-6,BLEED AIR REGULATOR,1.0,N
107108309,36-00,3214552-6,SHUT OFF PNEU SYS VALVE (PRSOV),1.0,N
107108309,36-00,801A50-0005A,SEAL,2.0,N
107108309,36-00,801A50-0006A,SEAL,1.0,N
107108309,36-00,82C10020-1,GASKET,1.0,N
107108309,36-00,S8990-611,PACKING,1.0,N
55363246,38-10,62197-301-001,WATER BOILER,1.0,N
104854514,36-11,1945-04-08,PNEUMATIC TESTING KIT,1.0,Y
104854514,36-11,3289562-5,VALVE - FAN AIR (PCCV),1.0,N
104854514,36-11,129666-2,ENGINE PRECOOLER CONT. VALVE SENSOR,1.0,N
104854514,36-11,107484-6,HIGH STAGE PNEU EBU REGULATOR,1.0,N
104854514,36-11,3214446-4,HIGH STAGE VALVE,1.0,N
104854514,36-11,107492-6,BLEED AIR REGULATOR,1.0,N
104854514,36-11,3214552-6,SHUT OFF PNEU SYS VALVE (PRSOV),1.0,N
104854514,36-11,801A50-0005A,SEAL,2.0,N
104854514,36-11,801A50-0006A,SEAL,1.0,N
104854514,36-11,82C10020-1,GASKET,1.0,N
104854514,36-11,S8990-611,PACKING,1.0,N
105948325,36-00,R0C7716128R,ROCOL LEAK DETECTOR SPRAY CODE 32030,1.0,N
105948325,36-00,1945-04-08,PNEUMATIC TESTING KIT,1.0,Y
105948325,36-00,3289562-5,VALVE - FAN AIR (PCCV),1.0,N
105948325,36-00,129666-2,ENGINE PRECOOLER CONT. VALVE SENSOR,1.0,N
105948325,36-00,107484-6,HIGH STAGE PNEU EBU REGULATOR,1.0,N
105948325,36-00,3214446-4,HIGH STAGE VALVE,1.0,N
105948325,36-00,107492-6,BLEED AIR REGULATOR,1.0,N
105948325,36-00,3214552-6,SHUT OFF PNEU SYS VALVE (PRSOV),1.0,N
105948325,36-00,801A50-0005A,SEAL,2.0,N
105948325,36-00,801A50-0006A,SEAL,1.0,N
105948325,36-00,82C10020-1,GASKET,1.0,N
105948325,36-00,S8990-611,PACKING,1.0,N
105948325,36-00,332A2350-14,TUBE ASSY,1.0,N
105948325,36-00,332A2350-12,TUBE ASSY,1.0,N
105948325,36-00,16135-81,SENSE LINE,1.0,N
105948325,36-00,16135-80,SENSE LINE,2.0,N
105948325,36-00,16135-83,SENSE LINE - PNEUMATIC,1.0,N
105948325,36-00,16135-96,SENSE LINE - PNEUMATIC,1.0,N
55462749,25-00,8201-11-0000,OVEN - BRITAX SELL 737-800,1.0,N
103684812,72-00,FANLUBEFULLKIT,FAN BLADE REMOVAL TOOL KIT,1.0,Y
103684812,72-00,IPA,ISOPROPYL ALCOHOL,5.0,N
103684812,72-00,LN9051,FAN BLADE MARKER CP5061,1.0,N
103684812,72-00,NYC065,VV-P-236 D00504 GREASE PETROLATUM,1.0,N
103684812,72-00,STD585,FANLUBE PROTECTIVE MAT,1.0,Y
103684812,72-00,M0LYK0TED321,MOLYKOTE D-321 R CP5062 FILM (SPRAY),2.0,N
107241349,36-00,1945-04-08,PNEUMATIC TESTING KIT,1.0,Y
107241349,36-00,MS24391J6,PLUG,1.0,N
107241349,36-00,332A2350-14,TUBE ASSY,1.0,N
107241349,36-00,332A2350-12,TUBE ASSY,1.0,N
107241349,36-00,16135-81,SENSE LINE,1.0,N
107241349,36-00,16135-83,SENSE LINE - PNEUMATIC,1.0,N
107241349,36-00,16135-96,SENSE LINE - PNEUMATIC,1.0,N
107241349,36-00,16135-84,SENSE LINE - PNEUMATIC FLEXIBLE,1.0,N
107241349,36-00,332A2350-11,TUBE ASSY,1.0,N
107241349,36-00,3289562-5,VALVE - FAN AIR (PCCV),1.0,N
107241349,36-00,129666-2,ENGINE PRECOOLER CONT. VALVE SENSOR,1.0,N
107241349,36-00,107484-6,HIGH STAGE PNEU EBU REGULATOR,1.0,N
107241349,36-00,3214446-4,HIGH STAGE VALVE,1.0,N
107241349,36-00,107492-6,BLEED AIR REGULATOR,1.0,N
107241349,36-00,3214552-6,SHUT OFF PNEU SYS VALVE (PRSOV),1.0,N
107241349,36-00,801A50-0005A,SEAL,2.0,N
107241349,36-00,801A50-0006A,SEAL,1.0,N
107241349,36-00,82C10020-1,GASKET,1.0,N
107241349,36-00,S8990-611,PACKING,1.0,N
107241349,36-00,129694-2,ENG BLEED OVERTEMP SENSOR (450 STAT),1.0,N
106547686,36-00,3214446-4,HIGH STAGE VALVE,1.0,N
55573220,33-21,9651-35-0005,LIGHT BSI-35 IN TYPE F HARNESS CONFI,1.0,N
55573220,33-21,C33001-58,BSI LIGHT CABLE TESTER,1.0,Y
191363050,33-21,9651-35-0003,LIGHT BSI-35 IN TYPE D HARNESS CONFI,1.0,N
191461671,33-00,C33001-58,BSI LIGHT CABLE TESTER,1.0,Y
191461671,33-00,9651-35-0005,LIGHT BSI-35 IN TYPE F HARNESS CONFI,1.0,N
191461671,33-00,9651-35-0002,LIGHT BSI-35 IN TYPE C HARNESS CONFI,1.0,N
107422896,72-00,FANLUBEFULLKIT,FAN BLADE REMOVAL TOOL KIT,1.0,Y
107422896,72-00,IPA,ISOPROPYL ALCOHOL,5.0,N
107422896,72-00,LN9051,FAN BLADE MARKER CP5061,1.0,N
107422896,72-00,NYC065,VV-P-236 D00504 GREASE PETROLATUM,1.0,N
107422896,72-00,STD585,FANLUBE PROTECTIVE MAT,1.0,Y
107422896,72-00,M0LYK0TED321,MOLYKOTE D-321 R CP5062 FILM (SPRAY),2.0,N
107195490,36-00,1945-04-08,PNEUMATIC TESTING KIT,1.0,Y
107195490,36-00,R0C7716128R,ROCOL LEAK DETECTOR SPRAY CODE 32030,1.0,N
107195490,36-00,16135-96,SENSE LINE - PNEUMATIC,1.0,N
107195490,36-00,332A2350-14,TUBE ASSY,1.0,N
107195490,36-00,332A2350-12,TUBE ASSY,1.0,N
107195490,36-00,16135-83,SENSE LINE - PNEUMATIC,1.0,N
107195490,36-00,16135-80,SENSE LINE,1.0,N
107195490,36-00,3289562-5,VALVE - FAN AIR (PCCV),1.0,N
107195490,36-00,129666-2,ENGINE PRECOOLER CONT. VALVE SENSOR,1.0,N
107195490,36-00,107484-6,HIGH STAGE PNEU EBU REGULATOR,1.0,N
107195490,36-00,3214446-4,HIGH STAGE VALVE,1.0,N
107195490,36-00,107492-6,BLEED AIR REGULATOR,1.0,N
107195490,36-00,3214552-6,SHUT OFF PNEU SYS VALVE (PRSOV),1.0,N
107195490,36-00,801A50-0005A,SEAL,2.0,N
107195490,36-00,801A50-0006A,SEAL,1.0,N
107195490,36-00,82C10020-1,GASKET,1.0,N
107195490,36-00,S8990-611,PACKING,1.0,N
42263047,23-00,10-62090-82,PANEL - OBSERVER CONT,1.0,N
190414348,38-00,62197-301-001,WATER BOILER,1.0,N
190414348,38-00,ERT/1310-504-01,SWAN NECK SPIGOT ASSEMBLY,1.0,N
103721689,36-00,3214446-4,HIGH STAGE VALVE,1.0,N
103721689,36-00,1945-04-08,PNEUMATIC TESTING KIT,1.0,Y
103721689,36-00,R0C7716128R,ROCOL LEAK DETECTOR SPRAY CODE 32030,1.0,N
103721689,36-00,3214552-6,SHUT OFF PNEU SYS VALVE (PRSOV),1.0,N
103721689,36-00,107484-6,HIGH STAGE PNEU EBU REGULATOR,1.0,N
103721689,36-00,801A50-0005A,SEAL,2.0,N
103721689,36-00,801A50-0006A,SEAL,1.0,N
103721689,36-00,16135-80,SENSE LINE,1.0,N
103475228,72-00,FANLUBEFULLKIT,FAN BLADE REMOVAL TOOL KIT,1.0,Y
103475228,72-00,IPA,ISOPROPYL ALCOHOL,5.0,N
103475228,72-00,LN9051,FAN BLADE MARKER CP5061,1.0,N
103475228,72-00,NYC065,VV-P-236 D00504 GREASE PETROLATUM,1.0,N
103475228,72-00,STD585,FANLUBE PROTECTIVE MAT,1.0,Y
103475228,72-00,M0LYK0TED321,MOLYKOTE D-321 R CP5062 FILM (SPRAY),2.0,N
190162576,38-00,D72D93002-111,TOILET FLUSH SWT - YOKOHAMA TOILET,1.0,N
190162576,38-00,14330-230,FLUSH VALVE ASSY,1.0,N
190162576,38-00,15800-029-3,TOILET ASSY,1.0,N
190162576,38-00,2-135N506-65,PACKING,4.0,N
190162576,38-00,MS29513-226,PACKING,4.0,N
55054255,23-50,5145-1-82,AUDIO CONTROL PANEL,1.0,N
106718470,36-00,107484-6,HIGH STAGE PNEU EBU REGULATOR,1.0,N
106718470,36-00,801A50-0005A,SEAL,2.0,N
106718470,36-00,801A50-0006A,SEAL,1.0,N
106718470,36-00,NSBT8N,NEVER SEEZ COMPOUND ANTISEIZE D00006,1.0,N
55538034,25-00,72184025,WATER BOILER,1.0,N
102559145,36-00,3214446-4,HIGH STAGE VALVE,1.0,N
102559145,36-00,1945-04-08,PNEUMATIC TESTING KIT,1.0,Y
102559145,36-00,R0C7716128R,ROCOL LEAK DETECTOR SPRAY CODE 32030,1.0,N
102559145,36-00,3214552-6,SHUT OFF PNEU SYS VALVE (PRSOV),1.0,N
102559145,36-00,16135-80,SENSE LINE,1.0,N
102559145,36-00,16135-81,SENSE LINE,1.0,N
102559145,36-00,332A2350-14,TUBE ASSY,1.0,N
102559145,36-00,332A2350-12,TUBE ASSY,1.0,N
102559145,36-00,107484-6,HIGH STAGE PNEU EBU REGULATOR,1.0,N
102559145,36-00,801A50-0005A,SEAL,2.0,N
102559145,36-00,801A50-0006A,SEAL,1.0,N
102559145,36-00,82C10020-1,GASKET,1.0,N
101848907,36-11,R0C7716128R,ROCOL LEAK DETECTOR SPRAY CODE 32030,1.0,N
101848907,36-11,107484-6,HIGH STAGE PNEU EBU REGULATOR,1.0,N
101848907,36-11,332A2350-11,TUBE ASSY,1.0,N
101848907,36-11,16135-84,SENSE LINE - PNEUMATIC FLEXIBLE,1.0,N
101848907,36-11,801A50-0005A,SEAL,2.0,N
101848907,36-11,801A50-0006A,SEAL,1.0,N
190224420,33-00,PR1440B1-2,SEALANT,1.0,N
190087684,33-40,45-0351-4,RH LANDING LIGHT,1.0,N
190087684,33-40,BACC63BP12C12SN,CONNECTOR (RLL OLD CONNECTOR),1.0,N
55600439,33-21,9651-35-0004,LIGHT BSI-35 IN TYPE E HARNESS CONFI,1.0,N
55600439,33-21,C33001-58,BSI LIGHT CABLE TESTER,1.0,Y
55135436,25-00,5145-1-82,AUDIO CONTROL PANEL,1.0,N
55285014,25-00,62197-301-001,WATER BOILER,1.0,N
104932900,72-00,FANLUBEFULLKIT,FAN BLADE REMOVAL TOOL KIT,1.0,Y
104932900,72-00,IPA,ISOPROPYL ALCOHOL,5.0,N
104932900,72-00,LN9051,FAN BLADE MARKER CP5061,1.0,N
104932900,72-00,NYC065,VV-P-236 D00504 GREASE PETROLATUM,1.0,N
104932900,72-00,STD585,FANLUBE PROTECTIVE MAT,1.0,Y
104932900,72-00,M0LYK0TED321,MOLYKOTE D-321 R CP5062 FILM (SPRAY),2.0,N
191457607,23-42,HA623-257B,CORD ASSY (ATT HANDSET TO PCB),1.0,N
55682816,33-00,9651-35-0002,LIGHT BSI-35 IN TYPE C HARNESS CONFI,1.0,N
104493000,36-00,R0C7716128R,ROCOL LEAK DETECTOR SPRAY CODE 32030,1.0,N
104493000,36-00,1945-04-08,PNEUMATIC TESTING KIT,1.0,Y
104493000,36-00,3289562-5,VALVE - FAN AIR (PCCV),1.0,N
104493000,36-00,129666-2,ENGINE PRECOOLER CONT. VALVE SENSOR,1.0,N
104493000,36-00,107484-6,HIGH STAGE PNEU EBU REGULATOR,1.0,N
104493000,36-00,3214446-4,HIGH STAGE VALVE,1.0,N
104493000,36-00,107492-6,BLEED AIR REGULATOR,1.0,N
104493000,36-00,3214552-6,SHUT OFF PNEU SYS VALVE (PRSOV),1.0,N
104493000,36-00,801A50-0005A,SEAL,2.0,N
104493000,36-00,801A50-0006A,SEAL,1.0,N
104493000,36-00,82C10020-1,GASKET,1.0,N
104493000,36-00,S8990-611,PACKING,1.0,N
55268773,23-00,5145-1-88,PANEL - AUDIO CONTROL ACP,1.0,N
191089015,33-00,9651-35-0004,LIGHT BSI-35 IN TYPE E HARNESS CONFI,1.0,N
191089015,33-00,C33001-58,BSI LIGHT CABLE TESTER,1.0,Y
190318961,33-21,9651-35-0002,LIGHT BSI-35 IN TYPE C HARNESS CONFI,1.0,N
190318961,33-21,C33001-58,BSI LIGHT CABLE TESTER,1.0,Y
104864603,36-00,1945-04-08,PNEUMATIC TESTING KIT,1.0,Y
104864603,36-00,R0C7716128R,ROCOL LEAK DETECTOR SPRAY CODE 32030,1.0,N
104864603,36-00,3289562-5,VALVE - FAN AIR (PCCV),1.0,N
104864603,36-00,129666-2,ENGINE PRECOOLER CONT. VALVE SENSOR,1.0,N
104864603,36-00,107484-6,HIGH STAGE PNEU EBU REGULATOR,1.0,N
104864603,36-00,3214446-4,HIGH STAGE VALVE,1.0,N
104864603,36-00,107492-6,BLEED AIR REGULATOR,1.0,N
104864603,36-00,3214552-6,SHUT OFF PNEU SYS VALVE (PRSOV),1.0,N
104864603,36-00,801A50-0005A,SEAL,2.0,N
104864603,36-00,801A50-0006A,SEAL,1.0,N
104864603,36-00,82C10020-1,GASKET,1.0,N
104864603,36-00,S8990-611,PACKING,1.0,N
101898029,36-00,107484-6,HIGH STAGE PNEU EBU REGULATOR,1.0,N
101898029,36-00,801A50-0005A,SEAL,2.0,N
101898029,36-00,801A50-0006A,SEAL,1.0,N
101898029,36-00,332A2350-11,TUBE ASSY,1.0,N
101898029,36-00,3214446-4,HIGH STAGE VALVE,1.0,N
101898029,36-00,R0C7716128R,ROCOL LEAK DETECTOR SPRAY CODE 32030,1.0,N
55353593,33-20,9651-35-0005,LIGHT BSI-35 IN TYPE F HARNESS CONFI,1.0,N
104889730,36-00,1945-04-08,PNEUMATIC TESTING KIT,1.0,Y
104889730,36-00,3289562-5,VALVE - FAN AIR (PCCV),1.0,N
104889730,36-00,129666-2,ENGINE PRECOOLER CONT. VALVE SENSOR,1.0,N
104889730,36-00,107484-6,HIGH STAGE PNEU EBU REGULATOR,1.0,N
104889730,36-00,3214446-4,HIGH STAGE VALVE,1.0,N
104889730,36-00,107492-6,BLEED AIR REGULATOR,1.0,N
104889730,36-00,3214552-6,SHUT OFF PNEU SYS VALVE (PRSOV),1.0,N
104889730,36-00,801A50-0005A,SEAL,2.0,N
104889730,36-00,801A50-0006A,SEAL,1.0,N
104889730,36-00,82C10020-1,GASKET,1.0,N
104889730,36-00,S8990-611,PACKING,1.0,N
52114102,73-11,2085M31G03,FUEL NOZZLE ASSEMBLY,18.0,N
52114102,73-11,AS3237-12,BOLT,72.0,N
52114102,73-11,AS1895-23-150,SEAL- HIGH CONFORMANCE,2.0,N
52114102,73-11,AS1895-23-200,"SEAL, HIGH CONFORMANCE",2.0,N
52114102,73-11,AS1895-23-100,SEAL - HIGH CONFORMANCE,2.0,N
52114102,73-11,2534M51P02,GASKET- SEAL - FUEL NOZZLES,1.0,N
52114102,73-11,AS1895-23-175,SEAL- HIGH CONFORMANCE,2.0,N
52114102,73-11,2525M65P02,GASKET- SEAL - FUEL NOZZLES,1.0,N
52114102,73-11,T8E-H,T8E-H GREASE CP2961,1.0,N
52114102,73-11,AEROKROIL,PENETRATING FLUID - CP2691 13OZ AERO,2.0,N
52114102,73-11,2085M48P07,"GASKET, FUEL NOZZLES",18.0,N
52114102,73-11,J1466P04,SCREW INSERTS,5.0,N
105009628,33-00,9651-35-0002,LIGHT BSI-35 IN TYPE C HARNESS CONFI,1.0,N
55555349,33-00,C33001-58,BSI LIGHT CABLE TESTER,1.0,Y
55555349,33-00,9651-35-0002,LIGHT BSI-35 IN TYPE C HARNESS CONFI,1.0,N
55555349,33-00,9651-35-0003,LIGHT BSI-35 IN TYPE D HARNESS CONFI,1.0,N
102846300,73-11,2085M31G03,FUEL NOZZLE ASSEMBLY,18.0,N
102846300,73-11,AS3237-12,BOLT,72.0,N
102846300,73-11,AS1895-23-100,SEAL - HIGH CONFORMANCE,2.0,N
102846300,73-11,AS1895-23-150,SEAL- HIGH CONFORMANCE,6.0,N
102846300,73-11,AS1895-23-175,SEAL- HIGH CONFORMANCE,1.0,N
102846300,73-11,AS1895-23-200,"SEAL, HIGH CONFORMANCE",1.0,N
102846300,73-11,AS1895-23-250,SEAL- HIGH CONFORMANCE,1.0,N
102846300,73-11,2532M16P01,SEAL,1.0,N
102846300,73-11,2525M65P02,GASKET- SEAL - FUEL NOZZLES,2.0,N
102846300,73-11,AS1895-7-300,SEAL,1.0,N
102846300,73-11,AS3237-10,BOLT,1.0,N
102846300,73-11,AS3510-0218K,CABLE LOCKWIRE,1.0,N
102846300,73-11,2085M48P07,"GASKET, FUEL NOZZLES",18.0,N
102846300,73-11,53128-4-190-500,LANYARD,1.0,N
102846300,73-11,2532M16P01,SEAL,1.0,N
102846300,73-11,BACB30ZF4-08,BOLT,1.0,N
102846300,73-11,BACB30US5-6,BOLT,1.0,N
102846300,73-11,AS3237-12,BOLT,1.0,N
106923803,36-00,3214446-4,HIGH STAGE VALVE,1.0,N
106923803,36-00,1945-04-08,PNEUMATIC TESTING KIT,1.0,Y
106923803,36-00,R0C7716128R,ROCOL LEAK DETECTOR SPRAY CODE 32030,1.0,N
106923803,36-00,3214552-6,SHUT OFF PNEU SYS VALVE (PRSOV),1.0,N
106923803,36-00,107484-6,HIGH STAGE PNEU EBU REGULATOR,1.0,N
106923803,36-00,801A50-0005A,SEAL,2.0,N
106923803,36-00,801A50-0006A,SEAL,1.0,N
106923803,36-00,16135-80,SENSE LINE,1.0,N
106923803,36-00,AS1895-7-350,SEAL,1.0,N
106923803,36-00,16135-83,SENSE LINE - PNEUMATIC,1.0,N
106923803,36-00,332A2350-11,TUBE ASSY,1.0,N
106923803,36-00,16135-84,SENSE LINE - PNEUMATIC FLEXIBLE,1.0,N
106923803,36-00,107492-6,BLEED AIR REGULATOR,1.0,N
106923803,36-00,NSBT8N,NEVER SEEZ COMPOUND ANTISEIZE D00006,1.0,N
106023681,36-00,107484-6,HIGH STAGE PNEU EBU REGULATOR,1.0,N
106023681,36-00,R0C7716128R,ROCOL LEAK DETECTOR SPRAY CODE 32030,1.0,N
106023681,36-00,801A50-0005A,SEAL,2.0,N
106023681,36-00,801A50-0006A,SEAL,1.0,N
102165684,36-11,1945-04-08,PNEUMATIC TESTING KIT,1.0,Y
102165684,36-11,3214552-6,SHUT OFF PNEU SYS VALVE (PRSOV),1.0,N
102165684,36-11,107484-6,HIGH STAGE PNEU EBU REGULATOR,1.0,N
102165684,36-11,801A50-0005A,SEAL,2.0,N
102165684,36-11,801A50-0006A,SEAL,1.0,N
102165684,36-11,3214446-4,HIGH STAGE VALVE,1.0,N
55369291,33-21,C33001-58,BSI LIGHT CABLE TESTER,1.0,Y
190101312,23-51,5145-1-82,AUDIO CONTROL PANEL,1.0,N
191457634,33-20,9651-35-0002,LIGHT BSI-35 IN TYPE C HARNESS CONFI,1.0,N
191457634,33-20,C33001-58,BSI LIGHT CABLE TESTER,1.0,Y
191512240,26-16,473597-5,CARGO SMOKE DETECTOR,1.0,N
190048558,38-00,14330-230,FLUSH VALVE ASSY,1.0,N
190048558,38-00,2-135N506-65,PACKING,2.0,N
190048558,38-00,MS29513-226,PACKING,2.0,N
106810256,36-00,1945-04-08,PNEUMATIC TESTING KIT,1.0,Y
106810256,36-00,R0C7716128R,ROCOL LEAK DETECTOR SPRAY CODE 32030,1.0,N
106810256,36-00,16135-96,SENSE LINE - PNEUMATIC,1.0,N
106810256,36-00,332A2350-14,TUBE ASSY,1.0,N
106810256,36-00,332A2350-12,TUBE ASSY,1.0,N
106810256,36-00,16135-83,SENSE LINE - PNEUMATIC,1.0,N
106810256,36-00,16135-80,SENSE LINE,1.0,N
106810256,36-00,3289562-5,VALVE - FAN AIR (PCCV),1.0,N
106810256,36-00,129666-2,ENGINE PRECOOLER CONT. VALVE SENSOR,1.0,N
106810256,36-00,107484-6,HIGH STAGE PNEU EBU REGULATOR,1.0,N
106810256,36-00,3214446-4,HIGH STAGE VALVE,1.0,N
106810256,36-00,107492-6,BLEED AIR REGULATOR,1.0,N
106810256,36-00,3214552-6,SHUT OFF PNEU SYS VALVE (PRSOV),1.0,N
106810256,36-00,801A50-0005A,SEAL,2.0,N
106810256,36-00,801A50-0006A,SEAL,1.0,N
106810256,36-00,82C10020-1,GASKET,1.0,N
106810256,36-00,S8990-611,PACKING,1.0,N
104796870,36-00,1945-04-08,PNEUMATIC TESTING KIT,1.0,Y
104796870,36-00,R0C7716128R,ROCOL LEAK DETECTOR SPRAY CODE 32030,1.0,N
104796870,36-00,3289562-5,VALVE - FAN AIR (PCCV),1.0,N
104796870,36-00,129666-2,ENGINE PRECOOLER CONT. VALVE SENSOR,1.0,N
104796870,36-00,107484-6,HIGH STAGE PNEU EBU REGULATOR,1.0,N
104796870,36-00,3214446-4,HIGH STAGE VALVE,1.0,N
104796870,36-00,107492-6,BLEED AIR REGULATOR,1.0,N
104796870,36-00,3214552-6,SHUT OFF PNEU SYS VALVE (PRSOV),1.0,N
104796870,36-00,801A50-0005A,SEAL,2.0,N
104796870,36-00,801A50-0006A,SEAL,1.0,N
104796870,36-00,82C10020-1,GASKET,1.0,N
104796870,36-00,S8990-611,PACKING,1.0,N
105344814,36-00,3214446-4,HIGH STAGE VALVE,1.0,N
105344814,36-00,1945-04-08,PNEUMATIC TESTING KIT,1.0,Y
105344814,36-00,R0C7716128R,ROCOL LEAK DETECTOR SPRAY CODE 32030,1.0,N
105344814,36-00,3214552-6,SHUT OFF PNEU SYS VALVE (PRSOV),1.0,N
105344814,36-00,107484-6,HIGH STAGE PNEU EBU REGULATOR,1.0,N
105344814,36-00,801A50-0005A,SEAL,2.0,N
105344814,36-00,801A50-0006A,SEAL,1.0,N
105344814,36-00,16135-80,SENSE LINE,1.0,N
105344814,36-00,AS1895-7-350,SEAL,1.0,N
105344814,36-00,3289562-5,VALVE - FAN AIR (PCCV),1.0,N
105344814,36-00,82C10020-1,GASKET,1.0,N
105344814,36-00,S8990-611,PACKING,1.0,N
105344814,36-00,107492-6,BLEED AIR REGULATOR,1.0,N
190266474,33-00,45-0351-2,LIGHT - RH LANDING RETRACT,1.0,N
190266474,33-00,BACC63BP12C12SN,CONNECTOR (RLL OLD CONNECTOR),1.0,N
190658894,38-00,62197-301-001,WATER BOILER,1.0,N
103661198,36-00,3214446-4,HIGH STAGE VALVE,1.0,N
103661198,36-00,1945-04-08,PNEUMATIC TESTING KIT,1.0,Y
103661198,36-00,R0C7716128R,ROCOL LEAK DETECTOR SPRAY CODE 32030,1.0,N
103661198,36-00,3214552-6,SHUT OFF PNEU SYS VALVE (PRSOV),1.0,N
103661198,36-00,107484-6,HIGH STAGE PNEU EBU REGULATOR,1.0,N
103661198,36-00,801A50-0005A,SEAL,2.0,N
103661198,36-00,801A50-0006A,SEAL,1.0,N
103661198,36-00,107492-6,BLEED AIR REGULATOR,1.0,N
103661198,36-00,801A50-0005A,SEAL,2.0,N
103661198,36-00,801A50-0006A,SEAL,1.0,N
107195697,38-32,14330-230,FLUSH VALVE ASSY,1.0,N
107195697,38-32,2-135N506-65,PACKING,2.0,N
107195697,38-32,MS29513-226,PACKING,2.0,N
105388799,36-11,129694-2,ENG BLEED OVERTEMP SENSOR (450 STAT),1.0,N
105388799,36-11,S8990-611,PACKING,1.0,N
105388799,36-11,1945-04-08,PNEUMATIC TESTING KIT,1.0,Y
105388799,36-11,3289562-5,VALVE - FAN AIR (PCCV),1.0,N
105388799,36-11,129666-2,ENGINE PRECOOLER CONT. VALVE SENSOR,1.0,N
105388799,36-11,107484-6,HIGH STAGE PNEU EBU REGULATOR,1.0,N
105388799,36-11,3214446-4,HIGH STAGE VALVE,1.0,N
105388799,36-11,107492-6,BLEED AIR REGULATOR,1.0,N
105388799,36-11,3214552-6,SHUT OFF PNEU SYS VALVE (PRSOV),1.0,N
105388799,36-11,801A50-0005A,SEAL,3.0,N
105388799,36-11,801A50-0006A,SEAL,1.0,N
105388799,36-11,82C10020-1,GASKET,1.0,N
105388799,36-11,S8990-611,PACKING,1.0,N
105388799,36-11,AS1895-7-350,SEAL,3.0,N
55028383,23-51,5145-1-82,AUDIO CONTROL PANEL,1.0,N
41843971,33-00,9651-35-0005,LIGHT BSI-35 IN TYPE F HARNESS CONFI,1.0,N
41843971,33-00,C33001-58,BSI LIGHT CABLE TESTER,1.0,Y
103683972,36-00,3214446-4,HIGH STAGE VALVE,1.0,N
103683972,36-00,1945-04-08,PNEUMATIC TESTING KIT,1.0,Y
103683972,36-00,R0C7716128R,ROCOL LEAK DETECTOR SPRAY CODE 32030,1.0,N
103683972,36-00,3214552-6,SHUT OFF PNEU SYS VALVE (PRSOV),1.0,N
103683972,36-00,107484-6,HIGH STAGE PNEU EBU REGULATOR,1.0,N
103683972,36-00,801A50-0005A,SEAL,2.0,N
103683972,36-00,801A50-0006A,SEAL,1.0,N
103683972,36-00,16135-80,SENSE LINE,1.0,N
190551966,33-00,9651-35-0005,LIGHT BSI-35 IN TYPE F HARNESS CONFI,1.0,N
190551966,33-00,C33001-58,BSI LIGHT CABLE TESTER,1.0,Y
190450397,33-00,9651-35-0002,LIGHT BSI-35 IN TYPE C HARNESS CONFI,1.0,N
190436696,33-00,C33001-58,BSI LIGHT CABLE TESTER,1.0,Y
190436696,33-00,9651-35-0002,LIGHT BSI-35 IN TYPE C HARNESS CONFI,1.0,N
103251640,72-00,FANLUBEFULLKIT,FAN BLADE REMOVAL TOOL KIT,1.0,Y
103251640,72-00,IPA,ISOPROPYL ALCOHOL,5.0,N
103251640,72-00,LN9051,FAN BLADE MARKER CP5061,1.0,N
103251640,72-00,NYC065,VV-P-236 D00504 GREASE PETROLATUM,1.0,N
103251640,72-00,STD585,FANLUBE PROTECTIVE MAT,1.0,Y
103251640,72-00,M0LYK0TED321,MOLYKOTE D-321 R CP5062 FILM (SPRAY),2.0,N
103251640,72-00,340-001-038-0,CFM56 FAN BLADE,1.0,N
103251640,72-00,340-001-038-0,CFM56 FAN BLADE,1.0,N
103251640,72-00,340-001-038-0,CFM56 FAN BLADE,1.0,N
103251640,72-00,340-001-038-0,CFM56 FAN BLADE,1.0,N
103251640,72-00,340-001-038-0,CFM56 FAN BLADE,1.0,N
103251640,72-00,340-001-038-0,CFM56 FAN BLADE,1.0,N
103251640,72-00,340-001-038-0,CFM56 FAN BLADE,1.0,N
103251640,72-00,340-001-038-0,CFM56 FAN BLADE,1.0,N
103251640,72-00,340-001-038-0,CFM56 FAN BLADE,1.0,N
103251640,72-00,340-001-038-0,CFM56 FAN BLADE,1.0,N
103251640,72-00,340-001-038-0,CFM56 FAN BLADE,1.0,N
103251640,72-00,340-001-038-0,CFM56 FAN BLADE,1.0,N
103251640,72-00,340-001-036-0,CFM56 FAN BLADE,1.0,N
103251640,72-00,340-001-036-0,CFM56 FAN BLADE,1.0,N
103251640,72-00,340-001-038-0,CFM56 FAN BLADE,1.0,N
103251640,72-00,340-001-038-0,CFM56 FAN BLADE,1.0,N
103251640,72-00,340-001-038-0,CFM56 FAN BLADE,1.0,N
103251640,72-00,340-001-038-0,CFM56 FAN BLADE,1.0,N
103251640,72-00,340-001-038-0,CFM56 FAN BLADE,1.0,N
190286373,72-00,1519M13P16,CLAMP,1.0,N
102802455,36-00,107484-6,HIGH STAGE PNEU EBU REGULATOR,1.0,N
102802455,36-00,801A50-0005A,SEAL,2.0,N
102802455,36-00,801A50-0006A,SEAL,1.0,N
190733384,33-00,C33001-58,BSI LIGHT CABLE TESTER,1.0,Y
190733384,33-00,9651-35-0005,LIGHT BSI-35 IN TYPE F HARNESS CONFI,1.0,N
191269925,25-00,8201-11-0000,OVEN - BRITAX SELL 737-800,1.0,N
190311708,25-00,8201-11-0000-01,OVEN - BRITAX SELL,1.0,N
103657844,23-42,FLUKE177,MULTIMETER,1.0,Y
103657844,23-42,285W0024-1B,HANDSET - DARK GREY,1.0,N
107231210,36-00,1945-04-08,PNEUMATIC TESTING KIT,1.0,Y
107231210,36-00,MS24391J6,PLUG,1.0,N
107231210,36-00,332A2350-14,TUBE ASSY,1.0,N
107231210,36-00,332A2350-12,TUBE ASSY,1.0,N
107231210,36-00,16135-81,SENSE LINE,1.0,N
107231210,36-00,16135-83,SENSE LINE - PNEUMATIC,1.0,N
107231210,36-00,16135-96,SENSE LINE - PNEUMATIC,1.0,N
107231210,36-00,16135-84,SENSE LINE - PNEUMATIC FLEXIBLE,1.0,N
107231210,36-00,332A2350-11,TUBE ASSY,1.0,N
107231210,36-00,3289562-5,VALVE - FAN AIR (PCCV),1.0,N
107231210,36-00,129666-2,ENGINE PRECOOLER CONT. VALVE SENSOR,1.0,N
107231210,36-00,107484-6,HIGH STAGE PNEU EBU REGULATOR,1.0,N
107231210,36-00,3214446-4,HIGH STAGE VALVE,1.0,N
107231210,36-00,107492-6,BLEED AIR REGULATOR,1.0,N
107231210,36-00,3214552-6,SHUT OFF PNEU SYS VALVE (PRSOV),1.0,N
107231210,36-00,801A50-0005A,SEAL,2.0,N
107231210,36-00,801A50-0006A,SEAL,1.0,N
107231210,36-00,82C10020-1,GASKET,1.0,N
107231210,36-00,S8990-611,PACKING,1.0,N
107231210,36-00,801A50-0005A,SEAL,1.0,N
107231210,36-00,801A50-0006A,SEAL,1.0,N
55602150,25-00,FR25-061,OVEN LINER ASSY,1.0,N
55602150,25-00,8201-11-0000,OVEN - BRITAX SELL 737-800,1.0,N
190014959,25-00,62197-301-001,WATER BOILER,2.0,N
190701320,33-21,9701-14-0000,LIGHT ASSY-LED O/WING TYPE B CONNECT,1.0,N
190701320,33-21,C33001-58,BSI LIGHT CABLE TESTER,1.0,Y
190701320,33-21,9651-35-0002,LIGHT BSI-35 IN TYPE C HARNESS CONFI,1.0,N
55714710,23-42,285W0024-1B,HANDSET - DARK GREY,1.0,N
55714710,23-42,INT600,DECAL-HANDSET CALL DIRECTORY,1.0,N
55474448,33-21,9651-14-0005,LIGHT BSI-14 IN TYPE F HARNESS CONFI,1.0,N
55474448,33-21,9651-35-0005,LIGHT BSI-35 IN TYPE F HARNESS CONFI,1.0,N
101942295,36-11,R0C7716128R,ROCOL LEAK DETECTOR SPRAY CODE 32030,1.0,N
101942295,36-11,1945-04-08,PNEUMATIC TESTING KIT,1.0,Y
101942295,36-11,3214552-6,SHUT OFF PNEU SYS VALVE (PRSOV),1.0,N
101942295,36-11,3289562-5,VALVE - FAN AIR (PCCV),1.0,N
101942295,36-11,82C10020-1,GASKET,1.0,N
101942295,36-11,S8990-611,PACKING,1.0,N
101942295,36-11,107484-6,HIGH STAGE PNEU EBU REGULATOR,1.0,N
101942295,36-11,3214446-4,HIGH STAGE VALVE,1.0,N
101942295,36-11,801A50-0005A,SEAL,2.0,N
101942295,36-11,801A50-0006A,SEAL,1.0,N
101942295,36-11,107492-6,BLEED AIR REGULATOR,1.0,N
190425835,33-20,9651-35-0005,LIGHT BSI-35 IN TYPE F HARNESS CONFI,2.0,N
190425835,33-20,C33001-58,BSI LIGHT CABLE TESTER,1.0,Y
190425835,33-20,115E1670G18,BSI ATTENDANT PANEL ASSY - AFT,1.0,N
190425835,33-20,TECHSATPDLLAPT0P,PDL LAPTOP WITH TECHSAT PDL MKII,1.0,Y
106910305,36-00,1945-04-08,PNEUMATIC TESTING KIT,1.0,Y
106910305,36-00,R0C7716128R,ROCOL LEAK DETECTOR SPRAY CODE 32030,1.0,N
106910305,36-00,16135-81,SENSE LINE,1.0,N
106910305,36-00,16135-80,SENSE LINE,1.0,N
106910305,36-00,332A2350-12,TUBE ASSY,1.0,N
106910305,36-00,332A2350-14,TUBE ASSY,1.0,N
106910305,36-00,3289562-5,VALVE - FAN AIR (PCCV),1.0,N
106910305,36-00,129666-2,ENGINE PRECOOLER CONT. VALVE SENSOR,1.0,N
106910305,36-00,107484-6,HIGH STAGE PNEU EBU REGULATOR,1.0,N
106910305,36-00,3214446-4,HIGH STAGE VALVE,1.0,N
106910305,36-00,107492-6,BLEED AIR REGULATOR,1.0,N
106910305,36-00,3214552-6,SHUT OFF PNEU SYS VALVE (PRSOV),1.0,N
106910305,36-00,801A50-0005A,SEAL,2.0,N
106910305,36-00,801A50-0006A,SEAL,1.0,N
106910305,36-00,82C10020-1,GASKET,1.0,N
106910305,36-00,S8990-611,PACKING,1.0,N
106910305,36-00,16135-84,SENSE LINE - PNEUMATIC FLEXIBLE,1.0,N
106910305,36-00,16135-83,SENSE LINE - PNEUMATIC,1.0,N
106910305,36-00,AS1895-7-350,SEAL,1.0,N
107297340,36-00,107484-6,HIGH STAGE PNEU EBU REGULATOR,1.0,N
107297340,36-00,R0C7716128R,ROCOL LEAK DETECTOR SPRAY CODE 32030,1.0,N
107297340,36-00,801A50-0005A,SEAL,2.0,N
107297340,36-00,801A50-0006A,SEAL,1.0,N
190389117,25-00,62197-301-001,WATER BOILER,1.0,N
190019392,33-00,45-0351-4,RH LANDING LIGHT,1.0,N
190019392,33-00,BACC63BP12C12SN,CONNECTOR (RLL OLD CONNECTOR),1.0,N
102040077,36-00,107484-6,HIGH STAGE PNEU EBU REGULATOR,1.0,N
102040077,36-00,801A50-0005A,SEAL,2.0,N
102040077,36-00,801A50-0006A,SEAL,1.0,N
102040077,36-00,3214446-4,HIGH STAGE VALVE,1.0,N
102040077,36-00,R0C7716128R,ROCOL LEAK DETECTOR SPRAY CODE 32030,1.0,N
105592676,36-00,1945-04-08,PNEUMATIC TESTING KIT,1.0,Y
105592676,36-00,R0C7716128R,ROCOL LEAK DETECTOR SPRAY CODE 32030,1.0,N
105592676,36-00,332A2350-14,TUBE ASSY,1.0,N
105592676,36-00,332A2350-12,TUBE ASSY,1.0,N
105592676,36-00,16135-81,SENSE LINE,1.0,N
105592676,36-00,16135-84,SENSE LINE - PNEUMATIC FLEXIBLE,1.0,N
105592676,36-00,16135-80,SENSE LINE,1.0,N
105592676,36-00,16135-83,SENSE LINE - PNEUMATIC,1.0,N
105592676,36-00,332A2350-11,TUBE ASSY,1.0,N
105592676,36-00,16135-96,SENSE LINE - PNEUMATIC,1.0,N
105592676,36-00,3289562-5,VALVE - FAN AIR (PCCV),1.0,N
105592676,36-00,129666-2,ENGINE PRECOOLER CONT. VALVE SENSOR,1.0,N
105592676,36-00,107484-6,HIGH STAGE PNEU EBU REGULATOR,1.0,N
105592676,36-00,3214446-4,HIGH STAGE VALVE,1.0,N
105592676,36-00,107492-6,BLEED AIR REGULATOR,1.0,N
105592676,36-00,3214552-6,SHUT OFF PNEU SYS VALVE (PRSOV),1.0,N
105592676,36-00,801A50-0005A,SEAL,2.0,N
105592676,36-00,801A50-0006A,SEAL,1.0,N
105592676,36-00,82C10020-1,GASKET,1.0,N
105592676,36-00,S8990-611,PACKING,1.0,N
55060848,23-00,5145-1-82,AUDIO CONTROL PANEL,1.0,N
55060848,23-00,5145-1-82,AUDIO CONTROL PANEL,1.0,N
106002969,36-00,R0C7716128R,ROCOL LEAK DETECTOR SPRAY CODE 32030,1.0,N
106002969,36-00,801A50-0005A,SEAL,2.0,N
106002969,36-00,801A50-0006A,SEAL,1.0,N
106002969,36-00,16135-80,SENSE LINE,1.0,N
106002969,36-00,AS1895-7-350,SEAL,1.0,N
106002969,36-00,16135-83,SENSE LINE - PNEUMATIC,1.0,N
106002969,36-00,332A2350-11,TUBE ASSY,1.0,N
106002969,36-00,16135-84,SENSE LINE - PNEUMATIC FLEXIBLE,1.0,N
106002969,36-00,1945-04-08,PNEUMATIC TESTING KIT,1.0,Y
106002969,36-00,3289562-5,VALVE - FAN AIR (PCCV),1.0,N
106002969,36-00,129666-2,ENGINE PRECOOLER CONT. VALVE SENSOR,1.0,N
106002969,36-00,107484-6,HIGH STAGE PNEU EBU REGULATOR,1.0,N
106002969,36-00,3214446-4,HIGH STAGE VALVE,1.0,N
106002969,36-00,107492-6,BLEED AIR REGULATOR,1.0,N
106002969,36-00,3214552-6,SHUT OFF PNEU SYS VALVE (PRSOV),1.0,N
106002969,36-00,801A50-0005A,SEAL,2.0,N
106002969,36-00,801A50-0006A,SEAL,1.0,N
106002969,36-00,82C10020-1,GASKET,1.0,N
106002969,36-00,S8990-611,PACKING,1.0,N
191350786,38-00,SC4L500301-4,FAUCET ASSEMBLY,1.0,N
191350786,38-00,MS16625-4100,RING RETAINING,1.0,N
190698908,38-32,14330-230,FLUSH VALVE ASSY,1.0,N
190698908,38-32,2-135N506-65,PACKING,2.0,N
190698908,38-32,MS29513-226,PACKING,2.0,N
190698908,38-32,15800-246,SEAL,2.0,N
190698908,38-32,15800-029-3,TOILET ASSY,1.0,N
190698908,38-32,G38006-1,BLOCKAGE REM. EQUIP.,1.0,Y
102559366,36-11,107484-6,HIGH STAGE PNEU EBU REGULATOR,1.0,N
102559366,36-11,801A50-0005A,SEAL,2.0,N
102559366,36-11,801A50-0006A,SEAL,1.0,N
55408251,25-20,8201-11-0000-01,OVEN - BRITAX SELL,1.0,N
104992162,36-11,R0C7716128R,ROCOL LEAK DETECTOR SPRAY CODE 32030,1.0,N
104992162,36-11,16135-81,SENSE LINE,1.0,N
104992162,36-11,1945-04-08,PNEUMATIC TESTING KIT,1.0,Y
104992162,36-11,3289562-5,VALVE - FAN AIR (PCCV),1.0,N
104992162,36-11,129666-2,ENGINE PRECOOLER CONT. VALVE SENSOR,1.0,N
104992162,36-11,107484-6,HIGH STAGE PNEU EBU REGULATOR,1.0,N
104992162,36-11,3214446-4,HIGH STAGE VALVE,1.0,N
104992162,36-11,107492-6,BLEED AIR REGULATOR,1.0,N
104992162,36-11,3214552-6,SHUT OFF PNEU SYS VALVE (PRSOV),1.0,N
104992162,36-11,801A50-0005A,SEAL,2.0,N
104992162,36-11,801A50-0006A,SEAL,1.0,N
104992162,36-11,82C10020-1,GASKET,1.0,N
104992162,36-11,S8990-611,PACKING,1.0,N
104992162,36-11,MS24391J6,PLUG,1.0,N
107377914,36-00,1945-04-08,PNEUMATIC TESTING KIT,1.0,Y
107377914,36-00,R0C7716128R,ROCOL LEAK DETECTOR SPRAY CODE 32030,1.0,N
107377914,36-00,16135-96,SENSE LINE - PNEUMATIC,1.0,N
107377914,36-00,332A2350-14,TUBE ASSY,1.0,N
107377914,36-00,332A2350-12,TUBE ASSY,1.0,N
107377914,36-00,16135-83,SENSE LINE - PNEUMATIC,1.0,N
107377914,36-00,16135-80,SENSE LINE,1.0,N
107377914,36-00,3289562-5,VALVE - FAN AIR (PCCV),1.0,N
107377914,36-00,129666-2,ENGINE PRECOOLER CONT. VALVE SENSOR,1.0,N
107377914,36-00,107484-6,HIGH STAGE PNEU EBU REGULATOR,1.0,N
107377914,36-00,3214446-4,HIGH STAGE VALVE,1.0,N
107377914,36-00,107492-6,BLEED AIR REGULATOR,1.0,N
107377914,36-00,3214552-6,SHUT OFF PNEU SYS VALVE (PRSOV),1.0,N
107377914,36-00,801A50-0005A,SEAL,2.0,N
107377914,36-00,801A50-0006A,SEAL,1.0,N
107377914,36-00,82C10020-1,GASKET,1.0,N
107377914,36-00,S8990-611,PACKING,1.0,N
190246173,36-00,107484-6,HIGH STAGE PNEU EBU REGULATOR,1.0,N
190246173,36-00,801A50-0005A,SEAL,2.0,N
190246173,36-00,801A50-0006A,SEAL,1.0,N
190246173,36-00,BACB30ZF3-08,BOLT,1.0,N
190246173,36-00,332A2920-185,BRACKET,1.0,N
190526307,36-11,107484-7,HIGH STAGE PNEU EBU REGULATOR,1.0,N
190226103,25-30,8201-11-0000,OVEN - BRITAX SELL 737-800,1.0,N
107131923,36-00,R0C7716128R,ROCOL LEAK DETECTOR SPRAY CODE 32030,1.0,N
107131923,36-00,1945-04-08,PNEUMATIC TESTING KIT,1.0,Y
107131923,36-00,AS1895-7-400,SEAL,1.0,N
107131923,36-00,16135-84,SENSE LINE - PNEUMATIC FLEXIBLE,1.0,N
107131923,36-00,332A2350-11,TUBE ASSY,1.0,N
107131923,36-00,AS1895-7-350,SEAL,1.0,N
107131923,36-00,16135-80,SENSE LINE,1.0,N
107131923,36-00,16135-83,SENSE LINE - PNEUMATIC,1.0,N
107131923,36-00,16135-96,SENSE LINE - PNEUMATIC,1.0,N
107131923,36-00,3289562-5,VALVE - FAN AIR (PCCV),1.0,N
107131923,36-00,129666-2,ENGINE PRECOOLER CONT. VALVE SENSOR,1.0,N
107131923,36-00,107484-6,HIGH STAGE PNEU EBU REGULATOR,1.0,N
107131923,36-00,3214446-4,HIGH STAGE VALVE,1.0,N
107131923,36-00,107492-6,BLEED AIR REGULATOR,1.0,N
107131923,36-00,3214552-6,SHUT OFF PNEU SYS VALVE (PRSOV),1.0,N
107131923,36-00,801A50-0005A,SEAL,2.0,N
107131923,36-00,801A50-0006A,SEAL,1.0,N
107131923,36-00,82C10020-1,GASKET,1.0,N
107131923,36-00,S8990-611,PACKING,1.0,N
105206639,36-00,1945-04-08,PNEUMATIC TESTING KIT,1.0,Y
105206639,36-00,3289562-5,VALVE - FAN AIR (PCCV),1.0,N
105206639,36-00,129666-2,ENGINE PRECOOLER CONT. VALVE SENSOR,1.0,N
105206639,36-00,107484-6,HIGH STAGE PNEU EBU REGULATOR,1.0,N
105206639,36-00,3214446-4,HIGH STAGE VALVE,1.0,N
105206639,36-00,107492-6,BLEED AIR REGULATOR,1.0,N
105206639,36-00,3214552-6,SHUT OFF PNEU SYS VALVE (PRSOV),1.0,N
105206639,36-00,801A50-0005A,SEAL,2.0,N
105206639,36-00,801A50-0006A,SEAL,1.0,N
105206639,36-00,82C10020-1,GASKET,1.0,N
105206639,36-00,S8990-611,PACKING,1.0,N
105206639,36-00,16135-84,SENSE LINE - PNEUMATIC FLEXIBLE,1.0,N
105206639,36-00,332A2350-11,TUBE ASSY,1.0,N
190597418,33-00,9651-35-0005,LIGHT BSI-35 IN TYPE F HARNESS CONFI,1.0,N
190597418,33-00,9502-13-0001,LIGHT ASSY - DIRECT,1.0,N
190597418,33-00,9552-26-0000,LIGHT ASSY,1.0,N
190597418,33-00,C33001-58,BSI LIGHT CABLE TESTER,1.0,Y
55538328,33-21,9651-35-0005,LIGHT BSI-35 IN TYPE F HARNESS CONFI,1.0,N
55628963,33-42,72500410-1,LTRTL MAIN ARRAY ASSY (LH OUTBD),1.0,N
55628963,33-42,72605363-1,LTRTL MAIN POWER SUPPLY ASSY,1.0,N
55563179,33-00,9651-35-0005,LIGHT BSI-35 IN TYPE F HARNESS CONFI,1.0,N
55167781,25-00,72184025,WATER BOILER,1.0,N
55167781,25-00,2KILF15,COUPLING - QUICK DISCONNECT,1.0,N
191125163,23-42,020003263,CORD-TERMINATE AT INTERPHONE HANDSET,1.0,N
103580983,36-00,107492-5,BLEED AIR CONTROL INSTL REGULATOR,1.0,N
103580983,36-00,975-0172-006,TEMP SWITCH,1.0,N
103580983,36-00,65-52810-64,ACCESSORY UNIT - AIR CONDITIONING,1.0,N
103580983,36-00,1945-04-08,PNEUMATIC TESTING KIT,1.0,Y
103580983,36-00,3289562-5,VALVE - FAN AIR (PCCV),1.0,N
103580983,36-00,129666-2,ENGINE PRECOOLER CONT. VALVE SENSOR,1.0,N
103580983,36-00,107484-6,HIGH STAGE PNEU EBU REGULATOR,1.0,N
103580983,36-00,3214446-4,HIGH STAGE VALVE,1.0,N
103580983,36-00,3214552-6,SHUT OFF PNEU SYS VALVE (PRSOV),1.0,N
103580983,36-00,801A50-0005A,SEAL,2.0,N
103580983,36-00,801A50-0006A,SEAL,1.0,N
103580983,36-00,82C10020-1,GASKET,1.0,N
103580983,36-00,S8990-611,PACKING,1.0,N
103580983,36-00,325-029-905-0,HARNESS (MW0311),1.0,N
42169500,33-21,9651-35-0005,LIGHT BSI-35 IN TYPE F HARNESS CONFI,1.0,N
106961030,36-00,R0C7716128R,ROCOL LEAK DETECTOR SPRAY CODE 32030,1.0,N
106961030,36-00,1945-04-08,PNEUMATIC TESTING KIT,1.0,Y
106961030,36-00,3289562-5,VALVE - FAN AIR (PCCV),1.0,N
106961030,36-00,129666-2,ENGINE PRECOOLER CONT. VALVE SENSOR,1.0,N
106961030,36-00,107484-6,HIGH STAGE PNEU EBU REGULATOR,1.0,N
106961030,36-00,3214446-4,HIGH STAGE VALVE,1.0,N
106961030,36-00,107492-6,BLEED AIR REGULATOR,1.0,N
106961030,36-00,3214552-6,SHUT OFF PNEU SYS VALVE (PRSOV),1.0,N
106961030,36-00,801A50-0005A,SEAL,2.0,N
106961030,36-00,801A50-0006A,SEAL,1.0,N
106961030,36-00,82C10020-1,GASKET,1.0,N
106961030,36-00,S8990-611,PACKING,1.0,N
106961030,36-00,332A2350-14,TUBE ASSY,1.0,N
106961030,36-00,332A2350-12,TUBE ASSY,1.0,N
106961030,36-00,16135-81,SENSE LINE,1.0,N
106961030,36-00,16135-80,SENSE LINE,2.0,N
106961030,36-00,16135-83,SENSE LINE - PNEUMATIC,1.0,N
106961030,36-00,16135-96,SENSE LINE - PNEUMATIC,1.0,N
190291609,38-11,62197-301-001,WATER BOILER,1.0,N
55357340,33-00,9651-35-0005,LIGHT BSI-35 IN TYPE F HARNESS CONFI,1.0,N
41702816,38-00,14330-230,FLUSH VALVE ASSY,1.0,N
41702816,38-00,15800-246,SEAL,2.0,N
191315885,33-42,BMS5-95,SEALANT,1.0,N
191315885,33-42,M1,BONDING METER,1.0,Y
191315885,33-42,72605363-1,LTRTL MAIN POWER SUPPLY ASSY,1.0,N
55684970,25-30,8201-11-0000,OVEN - BRITAX SELL 737-800,1.0,N
42063528,33-21,9651-35-0002,LIGHT BSI-35 IN TYPE C HARNESS CONFI,2.0,N
104456703,36-00,3214446-4,HIGH STAGE VALVE,1.0,N
104456703,36-00,107484-6,HIGH STAGE PNEU EBU REGULATOR,1.0,N
104456703,36-00,801A50-0005A,SEAL,2.0,N
104456703,36-00,801A50-0006A,SEAL,1.0,N
55443778,25-32,FR25-061,OVEN LINER ASSY,1.0,N
105040721,36-00,107484-7,HIGH STAGE PNEU EBU REGULATOR,1.0,N
105040721,36-00,801A50-0005A,SEAL,2.0,N
105040721,36-00,801A50-0006A,SEAL,1.0,N
105040721,36-00,1945-04-08,PNEUMATIC TESTING KIT,1.0,Y
105040721,36-00,3289562-5,VALVE - FAN AIR (PCCV),1.0,N
105040721,36-00,129666-2,ENGINE PRECOOLER CONT. VALVE SENSOR,1.0,N
105040721,36-00,107484-6,HIGH STAGE PNEU EBU REGULATOR,1.0,N
105040721,36-00,3214446-4,HIGH STAGE VALVE,1.0,N
105040721,36-00,107492-6,BLEED AIR REGULATOR,1.0,N
105040721,36-00,3214552-6,SHUT OFF PNEU SYS VALVE (PRSOV),1.0,N
105040721,36-00,801A50-0005A,SEAL,2.0,N
105040721,36-00,801A50-0006A,SEAL,1.0,N
105040721,36-00,82C10020-1,GASKET,1.0,N
105040721,36-00,S8990-611,PACKING,1.0,N
102731841,36-00,3214446-4,HIGH STAGE VALVE,1.0,N
102731841,36-00,1945-04-08,PNEUMATIC TESTING KIT,1.0,Y
102731841,36-00,R0C7716128R,ROCOL LEAK DETECTOR SPRAY CODE 32030,1.0,N
102731841,36-00,3214552-6,SHUT OFF PNEU SYS VALVE (PRSOV),1.0,N
102731841,36-00,107484-6,HIGH STAGE PNEU EBU REGULATOR,1.0,N
102731841,36-00,801A50-0005A,SEAL,2.0,N
102731841,36-00,801A50-0006A,SEAL,1.0,N
55323769,33-00,9651-35-0002,LIGHT BSI-35 IN TYPE C HARNESS CONFI,1.0,N
55553249,33-20,9651-35-0002,LIGHT BSI-35 IN TYPE C HARNESS CONFI,1.0,N
55553249,33-20,C33001-58,BSI LIGHT CABLE TESTER,1.0,Y
55332346,38-00,62197-301-001,WATER BOILER,1.0,N
55356686,38-00,SC4L500301-5,FAUCET ASSY,1.0,N
190531563,33-21,9651-35-0005,LIGHT BSI-35 IN TYPE F HARNESS CONFI,1.0,N
190698965,30-31,0851HT1,PITOT PROBE,1.0,N
190698965,30-31,BMS5-95,SEALANT,1.0,N
190698965,30-31,BMS5-45,SEALANT,1.0,N
190698965,30-31,BMS11-7,SOLVENT - CLEANING - PRESEAL,1.0,N
190698965,30-31,MS20995NC32,LOCKWIRE,1.0,N
190698965,30-31,232N9003-1,GASKET,1.0,N
190698965,30-31,M1,BONDING METER,1.0,Y
40821600,38-32,14330-050,FLUSH VALVE ASSY,1.0,N
40821600,38-32,2-135N506-65,PACKING,1.0,N
40821600,38-32,7800084-001,"VACUUM T, FLUSH CONTROL UNIT",1.0,N
55575459,33-00,9651-35-0005,LIGHT BSI-35 IN TYPE F HARNESS CONFI,1.0,N
55575459,33-00,C33001-58,BSI LIGHT CABLE TESTER,1.0,Y
980007354,25-00,8201-11-0000,OVEN - BRITAX SELL 737-800,2.0,N
190379365,33-00,9651-35-0005,LIGHT BSI-35 IN TYPE F HARNESS CONFI,1.0,N
55358917,33-21,9651-35-0005,LIGHT BSI-35 IN TYPE F HARNESS CONFI,1.0,N
55358917,33-21,C33001-58,BSI LIGHT CABLE TESTER,1.0,Y
190284732,33-21,9651-35-0002,LIGHT BSI-35 IN TYPE C HARNESS CONFI,1.0,N
191382716,33-21,9651-35-0005,LIGHT BSI-35 IN TYPE F HARNESS CONFI,1.0,N
41887337,38-00,6001-990671-02,ADAPTER2 - INST ON SWAN NECK OUTLET,1.0,N
41887337,38-00,1703280,AERATOR CAP THREAD,1.0,N
41887337,38-00,ERT/1310-504-01,SWAN NECK SPIGOT ASSEMBLY,1.0,N
41887337,38-00,62197-301-001,WATER BOILER,2.0,N
41887337,38-00,778000,CARTRIDGE,1.0,N
190651325,33-21,9651-35-0005,LIGHT BSI-35 IN TYPE F HARNESS CONFI,1.0,N
190651325,33-21,C33001-58,BSI LIGHT CABLE TESTER,1.0,Y
55261007,23-31,285W0024-1B,HANDSET - DARK GREY,1.0,N
55261007,23-31,INT600,DECAL-HANDSET CALL DIRECTORY,1.0,N
190395539,38-11,62197-301-001,WATER BOILER,1.0,N
106071104,36-00,1945-04-08,PNEUMATIC TESTING KIT,1.0,Y
106071104,36-00,332A2350-14,TUBE ASSY,1.0,N
106071104,36-00,332A2350-12,TUBE ASSY,1.0,N
106071104,36-00,16135-81,SENSE LINE,1.0,N
106071104,36-00,16135-80,SENSE LINE,1.0,N
106071104,36-00,16135-83,SENSE LINE - PNEUMATIC,1.0,N
106071104,36-00,16135-96,SENSE LINE - PNEUMATIC,1.0,N
106071104,36-00,3289562-5,VALVE - FAN AIR (PCCV),1.0,N
106071104,36-00,129666-2,ENGINE PRECOOLER CONT. VALVE SENSOR,1.0,N
106071104,36-00,107484-6,HIGH STAGE PNEU EBU REGULATOR,1.0,N
106071104,36-00,3214446-4,HIGH STAGE VALVE,1.0,N
106071104,36-00,107492-6,BLEED AIR REGULATOR,1.0,N
106071104,36-00,3214552-6,SHUT OFF PNEU SYS VALVE (PRSOV),1.0,N
106071104,36-00,801A50-0005A,SEAL,2.0,N
106071104,36-00,801A50-0006A,SEAL,1.0,N
106071104,36-00,82C10020-1,GASKET,1.0,N
106071104,36-00,S8990-611,PACKING,1.0,N
106071104,36-00,129694-2,ENG BLEED OVERTEMP SENSOR (450 STAT),1.0,N
190388722,25-35,62197-301-001,WATER BOILER,1.0,N
106562045,36-00,1945-04-08,PNEUMATIC TESTING KIT,1.0,Y
106562045,36-00,3289562-5,VALVE - FAN AIR (PCCV),1.0,N
106562045,36-00,129666-2,ENGINE PRECOOLER CONT. VALVE SENSOR,1.0,N
106562045,36-00,82C10020-1,GASKET,1.0,N
106562045,36-00,S8990-611,PACKING,1.0,N
106562045,36-00,107484-6,HIGH STAGE PNEU EBU REGULATOR,1.0,N
106562045,36-00,3214446-4,HIGH STAGE VALVE,1.0,N
106562045,36-00,107492-6,BLEED AIR REGULATOR,1.0,N
106562045,36-00,3214552-6,SHUT OFF PNEU SYS VALVE (PRSOV),1.0,N
106562045,36-00,801A50-0005A,SEAL,2.0,N
106562045,36-00,801A50-0006A,SEAL,1.0,N
102550281,33-21,9651-35-0004,LIGHT BSI-35 IN TYPE E HARNESS CONFI,1.0,N
102829906,30-31,FLUKE177,MULTIMETER,1.0,Y
102829906,30-31,BACR13CG2AB,RELAY,1.0,N
102829906,30-31,YD4N,RELAY,1.0,N
190198910,25-00,8201-11-0000-01,OVEN - BRITAX SELL,1.0,N
42063522,25-31,FR25-061,OVEN LINER ASSY,1.0,N
40026136,23-42,AD020003263,CORD-TERMINATE AT INTERPHONE HANDSET,1.0,N
190078500,25-00,62197-301-001,WATER BOILER,1.0,N
190078500,25-00,ERT/1310-528-01,ADAPTOR FITTING MALE-FEMALE,1.0,N
190078500,25-00,ERT/1310-529-01,ADAPTOR FITTING MALE-MALE,1.0,N
190078500,25-00,1903280,AERATOR CAP THREAD,1.0,N
190078500,25-00,ERT/1310-504-01,SWAN NECK SPIGOT ASSEMBLY,1.0,N
190078500,25-00,ERT/1310-528-01,ADAPTOR FITTING MALE-FEMALE,1.0,N
55513249,33-21,9651-35-0002,LIGHT BSI-35 IN TYPE C HARNESS CONFI,1.0,N
55513249,33-21,9651-35-0004,LIGHT BSI-35 IN TYPE E HARNESS CONFI,1.0,N
55513249,33-21,C33001-58,BSI LIGHT CABLE TESTER,1.0,Y
103661883,36-00,3214446-4,HIGH STAGE VALVE,1.0,N
103661883,36-00,1945-04-08,PNEUMATIC TESTING KIT,1.0,Y
103661883,36-00,R0C7716128R,ROCOL LEAK DETECTOR SPRAY CODE 32030,1.0,N
103661883,36-00,3214552-6,SHUT OFF PNEU SYS VALVE (PRSOV),1.0,N
103661883,36-00,107484-6,HIGH STAGE PNEU EBU REGULATOR,1.0,N
103661883,36-00,801A50-0005A,SEAL,2.0,N
103661883,36-00,801A50-0006A,SEAL,1.0,N
103661883,36-00,16135-84,SENSE LINE - PNEUMATIC FLEXIBLE,1.0,N
103661883,36-00,332A2350-11,TUBE ASSY,1.0,N
55452283,38-00,62197-301-001,WATER BOILER,1.0,N
190566813,33-21,9651-35-0004,LIGHT BSI-35 IN TYPE E HARNESS CONFI,1.0,N
41937047,25-00,2KILF15,COUPLING - QUICK DISCONNECT,1.0,N
55299789,33-20,9651-35-0005,LIGHT BSI-35 IN TYPE F HARNESS CONFI,1.0,N
55075489,38-30,14330-230,FLUSH VALVE ASSY,1.0,N
55075489,38-30,2-135N506-65,PACKING,2.0,N
55075489,38-30,MS29513-226,PACKING,2.0,N
55075489,38-30,15800-246,SEAL,2.0,N
55075489,38-30,AN960C10L,WASHER,1.0,N
55075489,38-30,M0LYK0TE111,GREASE 100G,1.0,N
191372998,33-21,9651-35-0003,LIGHT BSI-35 IN TYPE D HARNESS CONFI,1.0,N
191446869,33-21,9651-35-0004,LIGHT BSI-35 IN TYPE E HARNESS CONFI,1.0,N
107380903,36-00,1945-04-08,PNEUMATIC TESTING KIT,1.0,Y
107380903,36-00,332A2350-14,TUBE ASSY,1.0,N
107380903,36-00,332A2350-12,TUBE ASSY,1.0,N
107380903,36-00,16135-80,SENSE LINE,1.0,N
107380903,36-00,16135-81,SENSE LINE,1.0,N
107380903,36-00,16135-84,SENSE LINE - PNEUMATIC FLEXIBLE,1.0,N
107380903,36-00,16135-83,SENSE LINE - PNEUMATIC,1.0,N
107380903,36-00,332A2350-11,TUBE ASSY,1.0,N
107380903,36-00,3289562-5,VALVE - FAN AIR (PCCV),1.0,N
107380903,36-00,129666-2,ENGINE PRECOOLER CONT. VALVE SENSOR,1.0,N
107380903,36-00,107484-6,HIGH STAGE PNEU EBU REGULATOR,1.0,N
107380903,36-00,3214446-4,HIGH STAGE VALVE,1.0,N
107380903,36-00,107492-6,BLEED AIR REGULATOR,1.0,N
107380903,36-00,3214552-6,SHUT OFF PNEU SYS VALVE (PRSOV),1.0,N
107380903,36-00,801A50-0005A,SEAL,2.0,N
107380903,36-00,801A50-0006A,SEAL,1.0,N
107380903,36-00,82C10020-1,GASKET,1.0,N
107380903,36-00,S8990-611,PACKING,1.0,N
107380903,36-00,AS1895-7-400,SEAL,1.0,N
107170970,72-00,FANLUBEFULLKIT,FAN BLADE REMOVAL TOOL KIT,1.0,Y
107170970,72-00,IPA,ISOPROPYL ALCOHOL,5.0,N
107170970,72-00,LN9051,FAN BLADE MARKER CP5061,1.0,N
107170970,72-00,NYC065,VV-P-236 D00504 GREASE PETROLATUM,1.0,N
107170970,72-00,STD585,FANLUBE PROTECTIVE MAT,1.0,Y
107170970,72-00,M0LYK0TED321,MOLYKOTE D-321 R CP5062 FILM (SPRAY),2.0,N
190284471,33-21,9651-35-0005,LIGHT BSI-35 IN TYPE F HARNESS CONFI,1.0,N
190284471,33-21,C33001-58,BSI LIGHT CABLE TESTER,1.0,Y
107223134,72-00,FANLUBEFULLKIT,FAN BLADE REMOVAL TOOL KIT,1.0,Y
107223134,72-00,IPA,ISOPROPYL ALCOHOL,5.0,N
107223134,72-00,LN9051,FAN BLADE MARKER CP5061,1.0,N
107223134,72-00,NYC065,VV-P-236 D00504 GREASE PETROLATUM,1.0,N
107223134,72-00,STD585,FANLUBE PROTECTIVE MAT,1.0,Y
107223134,72-00,M0LYK0TED321,MOLYKOTE D-321 R CP5062 FILM (SPRAY),2.0,N
190190674,33-00,45-0351-4,RH LANDING LIGHT,1.0,N
190190674,33-00,BACC63BP12C12SN,CONNECTOR (RLL OLD CONNECTOR),1.0,N
106877780,36-00,16135-83,SENSE LINE - PNEUMATIC,1.0,N
106877780,36-00,1945-04-08,PNEUMATIC TESTING KIT,1.0,Y
106877780,36-00,R0C7716128R,ROCOL LEAK DETECTOR SPRAY CODE 32030,1.0,N
106877780,36-00,16135-81,SENSE LINE,1.0,N
106877780,36-00,16135-80,SENSE LINE,1.0,N
106877780,36-00,332A2350-12,TUBE ASSY,1.0,N
106877780,36-00,332A2350-14,TUBE ASSY,1.0,N
106877780,36-00,3289562-5,VALVE - FAN AIR (PCCV),1.0,N
106877780,36-00,129666-2,ENGINE PRECOOLER CONT. VALVE SENSOR,1.0,N
106877780,36-00,107484-6,HIGH STAGE PNEU EBU REGULATOR,1.0,N
106877780,36-00,3214446-4,HIGH STAGE VALVE,1.0,N
106877780,36-00,107492-6,BLEED AIR REGULATOR,1.0,N
106877780,36-00,3214552-6,SHUT OFF PNEU SYS VALVE (PRSOV),1.0,N
106877780,36-00,801A50-0005A,SEAL,2.0,N
106877780,36-00,801A50-0006A,SEAL,1.0,N
106877780,36-00,82C10020-1,GASKET,1.0,N
106877780,36-00,S8990-611,PACKING,1.0,N
106877780,36-00,16135-84,SENSE LINE - PNEUMATIC FLEXIBLE,1.0,N
190576475,25-00,FR25-061,OVEN LINER ASSY,1.0,N
104345488,36-00,107484-6,HIGH STAGE PNEU EBU REGULATOR,1.0,N
104345488,36-00,R0C7716128R,ROCOL LEAK DETECTOR SPRAY CODE 32030,1.0,N
104345488,36-00,129694-2,ENG BLEED OVERTEMP SENSOR (450 STAT),1.0,N
104345488,36-00,332A2350-14,TUBE ASSY,1.0,N
104345488,36-00,332A2350-12,TUBE ASSY,1.0,N
104345488,36-00,16135-81,SENSE LINE,1.0,N
104345488,36-00,16135-80,SENSE LINE,2.0,N
104345488,36-00,16135-83,SENSE LINE - PNEUMATIC,1.0,N
104345488,36-00,16135-96,SENSE LINE - PNEUMATIC,1.0,N
104345488,36-00,801A50-0005A,SEAL,2.0,N
104345488,36-00,801A50-0006A,SEAL,1.0,N
106511338,36-00,1945-04-08,PNEUMATIC TESTING KIT,1.0,Y
106511338,36-00,332A2350-14,TUBE ASSY,1.0,N
106511338,36-00,332A2350-12,TUBE ASSY,1.0,N
106511338,36-00,325-029-905-0,HARNESS (MW0311),1.0,N
106511338,36-00,16135-80,SENSE LINE,1.0,N
106511338,36-00,16135-81,SENSE LINE,1.0,N
106511338,36-00,S8990-611,PACKING,1.0,N
106511338,36-00,82C10020-1,GASKET,1.0,N
106511338,36-00,3289562-5,VALVE - FAN AIR (PCCV),1.0,N
106511338,36-00,129666-2,ENGINE PRECOOLER CONT. VALVE SENSOR,1.0,N
106511338,36-00,107484-6,HIGH STAGE PNEU EBU REGULATOR,1.0,N
106511338,36-00,3214446-4,HIGH STAGE VALVE,1.0,N
106511338,36-00,107492-6,BLEED AIR REGULATOR,1.0,N
106511338,36-00,3214552-6,SHUT OFF PNEU SYS VALVE (PRSOV),1.0,N
106511338,36-00,801A50-0005A,SEAL,2.0,N
106511338,36-00,801A50-0006A,SEAL,1.0,N
106511338,36-00,82C10020-1,GASKET,1.0,N
106511338,36-00,S8990-611,PACKING,1.0,N
103694343,36-00,3214446-4,HIGH STAGE VALVE,1.0,N
103694343,36-00,1945-04-08,PNEUMATIC TESTING KIT,1.0,Y
103694343,36-00,R0C7716128R,ROCOL LEAK DETECTOR SPRAY CODE 32030,1.0,N
103694343,36-00,3214552-6,SHUT OFF PNEU SYS VALVE (PRSOV),1.0,N
103694343,36-00,107484-6,HIGH STAGE PNEU EBU REGULATOR,1.0,N
103694343,36-00,801A50-0005A,SEAL,2.0,N
103694343,36-00,801A50-0006A,SEAL,1.0,N
103694343,36-00,16135-80,SENSE LINE,1.0,N
105324849,36-00,C36001-64,TEST EQUIP - ENGINE BLEED AIR SYSTEM,1.0,Y
105324849,36-00,107484-7,HIGH STAGE PNEU EBU REGULATOR,1.0,N
105324849,36-00,801A50-0005A,SEAL,2.0,N
105324849,36-00,801A50-0006A,SEAL,1.0,N
105324849,36-00,332A2350-14,TUBE ASSY,1.0,N
105324849,36-00,332A2350-12,TUBE ASSY,1.0,N
105324849,36-00,332A2350-11,TUBE ASSY,1.0,N
105324849,36-00,16135-83,SENSE LINE - PNEUMATIC,1.0,N
191408735,33-00,9651-35-0002,LIGHT BSI-35 IN TYPE C HARNESS CONFI,1.0,N
55331450,33-20,9651-35-0005,LIGHT BSI-35 IN TYPE F HARNESS CONFI,1.0,N
191095306,38-10,62197-301-001,WATER BOILER,1.0,N
190701343,38-00,62197-301-001,WATER BOILER,1.0,N
106934128,34-00,0851HT1,PITOT PROBE,1.0,N
106934128,34-00,BMS5-95,SEALANT,1.0,N
106934128,34-00,M1,BONDING METER,1.0,Y
106934128,34-00,DPS1000,PITOT STATIC TEST SET HIGH RANGE,1.0,Y
106934128,34-00,232N9003-1,GASKET,1.0,N
190259666,23-41,285W0024-1B,HANDSET - DARK GREY,1.0,N
190259666,23-41,476W2220-9P,CRADLE,1.0,N
42104336,33-21,9651-35-0005,LIGHT BSI-35 IN TYPE F HARNESS CONFI,1.0,N
55359469,33-42,NAS1149D0316J,WASHER,1.0,N
55359469,33-42,PR1826B1-4,COLD CURE SEALANT,1.0,N
107105843,36-00,R0C7716128R,ROCOL LEAK DETECTOR SPRAY CODE 32030,1.0,N
107105843,36-00,1945-04-08,PNEUMATIC TESTING KIT,1.0,Y
107105843,36-00,AS1895-7-400,SEAL,1.0,N
107105843,36-00,16135-84,SENSE LINE - PNEUMATIC FLEXIBLE,1.0,N
107105843,36-00,332A2350-11,TUBE ASSY,1.0,N
107105843,36-00,AS1895-7-350,SEAL,1.0,N
107105843,36-00,16135-80,SENSE LINE,1.0,N
107105843,36-00,16135-83,SENSE LINE - PNEUMATIC,1.0,N
107105843,36-00,16135-96,SENSE LINE - PNEUMATIC,1.0,N
107105843,36-00,3289562-5,VALVE - FAN AIR (PCCV),1.0,N
107105843,36-00,129666-2,ENGINE PRECOOLER CONT. VALVE SENSOR,1.0,N
107105843,36-00,107484-6,HIGH STAGE PNEU EBU REGULATOR,1.0,N
107105843,36-00,3214446-4,HIGH STAGE VALVE,1.0,N
107105843,36-00,107492-6,BLEED AIR REGULATOR,1.0,N
107105843,36-00,3214552-6,SHUT OFF PNEU SYS VALVE (PRSOV),1.0,N
107105843,36-00,801A50-0005A,SEAL,2.0,N
107105843,36-00,801A50-0006A,SEAL,1.0,N
107105843,36-00,82C10020-1,GASKET,1.0,N
107105843,36-00,S8990-611,PACKING,1.0,N
191382717,33-21,9651-35-0005,LIGHT BSI-35 IN TYPE F HARNESS CONFI,1.0,N
190286496,33-00,9651-35-0002,LIGHT BSI-35 IN TYPE C HARNESS CONFI,1.0,N
190286496,33-00,C33001-58,BSI LIGHT CABLE TESTER,1.0,Y
191167818,25-00,62197-301-001,WATER BOILER,1.0,N
42098601,33-42,PR1826B1-2,COLD CURE SEALANT,1.0,N
107199898,36-00,R0C7716128R,ROCOL LEAK DETECTOR SPRAY CODE 32030,1.0,N
107199898,36-00,801A50-0005A,SEAL,2.0,N
107199898,36-00,801A50-0006A,SEAL,1.0,N
107199898,36-00,16135-80,SENSE LINE,1.0,N
107199898,36-00,AS1895-7-350,SEAL,1.0,N
107199898,36-00,16135-83,SENSE LINE - PNEUMATIC,1.0,N
107199898,36-00,332A2350-11,TUBE ASSY,1.0,N
107199898,36-00,16135-84,SENSE LINE - PNEUMATIC FLEXIBLE,1.0,N
107199898,36-00,1945-04-08,PNEUMATIC TESTING KIT,1.0,Y
107199898,36-00,3289562-5,VALVE - FAN AIR (PCCV),1.0,N
107199898,36-00,129666-2,ENGINE PRECOOLER CONT. VALVE SENSOR,1.0,N
107199898,36-00,107484-6,HIGH STAGE PNEU EBU REGULATOR,1.0,N
107199898,36-00,3214446-4,HIGH STAGE VALVE,1.0,N
107199898,36-00,107492-6,BLEED AIR REGULATOR,1.0,N
107199898,36-00,3214552-6,SHUT OFF PNEU SYS VALVE (PRSOV),1.0,N
107199898,36-00,801A50-0005A,SEAL,2.0,N
107199898,36-00,801A50-0006A,SEAL,1.0,N
107199898,36-00,82C10020-1,GASKET,1.0,N
107199898,36-00,S8990-611,PACKING,1.0,N
105380507,36-11,R0C7716128R,ROCOL LEAK DETECTOR SPRAY CODE 32030,1.0,N
105380507,36-11,16135-81,SENSE LINE,1.0,N
105380507,36-11,16135-80,SENSE LINE,1.0,N
105380507,36-11,332A2350-14,TUBE ASSY,1.0,N
105380507,36-11,332A2350-12,TUBE ASSY,1.0,N
105380507,36-11,1945-04-08,PNEUMATIC TESTING KIT,1.0,Y
105380507,36-11,3289562-5,VALVE - FAN AIR (PCCV),1.0,N
105380507,36-11,129666-2,ENGINE PRECOOLER CONT. VALVE SENSOR,1.0,N
105380507,36-11,107484-6,HIGH STAGE PNEU EBU REGULATOR,1.0,N
105380507,36-11,3214446-4,HIGH STAGE VALVE,1.0,N
105380507,36-11,107492-6,BLEED AIR REGULATOR,1.0,N
105380507,36-11,3214552-6,SHUT OFF PNEU SYS VALVE (PRSOV),1.0,N
105380507,36-11,801A50-0005A,SEAL,2.0,N
105380507,36-11,801A50-0006A,SEAL,1.0,N
105380507,36-11,82C10020-1,GASKET,1.0,N
105380507,36-11,S8990-611,PACKING,1.0,N
104796597,36-00,107484-6,HIGH STAGE PNEU EBU REGULATOR,1.0,N
104796597,36-00,801A50-0005A,SEAL,2.0,N
104796597,36-00,801A50-0006A,SEAL,1.0,N
55532656,33-00,C33001-58,BSI LIGHT CABLE TESTER,1.0,Y
191436060,33-20,9651-35-0002,LIGHT BSI-35 IN TYPE C HARNESS CONFI,1.0,N
103550531,72-00,340-116-931-0,ELASTOMER SPACER,8.0,N
103550531,72-00,M0BILJETII,ENGINE OIL,1.0,N
55703920,33-21,9651-35-0002,LIGHT BSI-35 IN TYPE C HARNESS CONFI,1.0,N
104675761,36-00,107484-6,HIGH STAGE PNEU EBU REGULATOR,1.0,N
104675761,36-00,801A50-0005A,SEAL,2.0,N
104675761,36-00,801A50-0006A,SEAL,1.0,N
55628759,33-42,72500410-2,LTRTL MAIN ARRAY ASSY (LH INBD),1.0,N
55628759,33-42,72500410-1,LTRTL MAIN ARRAY ASSY (LH OUTBD),1.0,N
55628759,33-42,72605363-1,LTRTL MAIN POWER SUPPLY ASSY,1.0,N
190374274,33-00,9651-35-0004,LIGHT BSI-35 IN TYPE E HARNESS CONFI,1.0,N
190027956,25-31,62197-301-001,WATER BOILER,1.0,N
190027956,25-31,ERT/1310-504-01,SWAN NECK SPIGOT ASSEMBLY,1.0,N
55521833,33-00,PR1776MB2,SEALANT BMS5-45,1.0,N
190259659,25-00,72184025,WATER BOILER,1.0,N
55592458,25-00,8201-11-0000,OVEN - BRITAX SELL 737-800,1.0,N
42178699,25-00,8201-11-0000-01,OVEN - BRITAX SELL,1.0,N
190704755,33-00,9651-35-0004,LIGHT BSI-35 IN TYPE E HARNESS CONFI,1.0,N
190704755,33-00,C33001-58,BSI LIGHT CABLE TESTER,1.0,Y
190704755,33-00,9651-35-0005,LIGHT BSI-35 IN TYPE F HARNESS CONFI,1.0,N
190574927,23-00,285W0024-1M,HANDSET - GREY,1.0,N
190574927,23-00,INT600,DECAL-HANDSET CALL DIRECTORY,1.0,N
55363455,38-00,62197-301-001,WATER BOILER,1.0,N
190651603,23-00,285W0024-1B,HANDSET - DARK GREY,1.0,N
190160141,25-00,62197-301-001,WATER BOILER,1.0,N
190124210,33-02,9651-35-0002,LIGHT BSI-35 IN TYPE C HARNESS CONFI,1.0,N
190124210,33-02,C33001-58,BSI LIGHT CABLE TESTER,1.0,Y
191355629,33-21,9651-35-0005,LIGHT BSI-35 IN TYPE F HARNESS CONFI,1.0,N
55317313,33-21,9651-35-0002,LIGHT BSI-35 IN TYPE C HARNESS CONFI,1.0,N
190030868,33-00,45-0351-2,LIGHT - RH LANDING RETRACT,1.0,N
190030868,33-00,BACC63BP12C12SN,CONNECTOR (RLL OLD CONNECTOR),1.0,N
190252595,26-00,473597-5,CARGO SMOKE DETECTOR,1.0,N
107174402,72-00,FANLUBEFULLKIT,FAN BLADE REMOVAL TOOL KIT,1.0,Y
107174402,72-00,IPA,ISOPROPYL ALCOHOL,5.0,N
107174402,72-00,LN9051,FAN BLADE MARKER CP5061,1.0,N
107174402,72-00,NYC065,VV-P-236 D00504 GREASE PETROLATUM,1.0,N
107174402,72-00,STD585,FANLUBE PROTECTIVE MAT,1.0,Y
107174402,72-00,M0LYK0TED321,MOLYKOTE D-321 R CP5062 FILM (SPRAY),2.0,N
103864202,36-00,3214446-4,HIGH STAGE VALVE,1.0,N
103864202,36-00,1945-04-08,PNEUMATIC TESTING KIT,1.0,Y
103864202,36-00,R0C7716128R,ROCOL LEAK DETECTOR SPRAY CODE 32030,1.0,N
103864202,36-00,3214552-6,SHUT OFF PNEU SYS VALVE (PRSOV),1.0,N
103864202,36-00,107484-6,HIGH STAGE PNEU EBU REGULATOR,1.0,N
103864202,36-00,801A50-0005A,SEAL,2.0,N
103864202,36-00,801A50-0006A,SEAL,1.0,N
103864202,36-00,16135-80,SENSE LINE,1.0,N
55257824,33-00,9651-35-0002,LIGHT BSI-35 IN TYPE C HARNESS CONFI,1.0,N
55257824,33-00,C33001-58,BSI LIGHT CABLE TESTER,1.0,Y
55709419,36-11,801A50-0005A,SEAL,2.0,N
55709419,36-11,801A50-0006A,SEAL,1.0,N
55709419,36-11,R0C7716128R,ROCOL LEAK DETECTOR SPRAY CODE 32030,1.0,N
55709419,36-11,801A50-0005A,SEAL,1.0,N
190486453,25-00,62197-301-001,WATER BOILER,1.0,N
191363049,25-35,8201-11-0000,OVEN - BRITAX SELL 737-800,1.0,N
55680018,27-36,162700-100,ELEVATOR FEEL COMPUTER ASSY,1.0,N
55680018,27-36,F80153-1,SAFETY PIN - ELEVATOR FEEL COMPUTER,1.0,Y
55680018,27-36,6F4016-12,VISCO  JET DRAIN,2.0,N
55680018,27-36,F80055-36,TRAMMEL BAR ASSY,1.0,Y
190414130,33-21,9651-35-0005,LIGHT BSI-35 IN TYPE F HARNESS CONFI,1.0,N
190414130,33-21,9651-14-0005,LIGHT BSI-14 IN TYPE F HARNESS CONFI,1.0,N
190414130,33-21,C33001-58,BSI LIGHT CABLE TESTER,1.0,Y
103324546,36-11,1945-04-08,PNEUMATIC TESTING KIT,1.0,Y
103324546,36-11,3214552-6,SHUT OFF PNEU SYS VALVE (PRSOV),1.0,N
103324546,36-11,107484-6,HIGH STAGE PNEU EBU REGULATOR,1.0,N
103324546,36-11,3214446-4,HIGH STAGE VALVE,1.0,N
103324546,36-11,801A50-0005A,SEAL,2.0,N
103324546,36-11,801A50-0006A,SEAL,1.0,N
104048204,23-00,FH-AV-KIT,TDR KIT,1.0,Y
104048204,23-00,G7404-124,RADIO TUNING PANEL (RTP),2.0,N
104048204,23-00,5145-1-82,AUDIO CONTROL PANEL,2.0,N
190535594,34-00,232N9003-1,GASKET,1.0,N
107272013,36-00,332A2350-14,TUBE ASSY,1.0,N
107272013,36-00,332A2350-12,TUBE ASSY,1.0,N
107272013,36-00,16135-81,SENSE LINE,1.0,N
107272013,36-00,16135-83,SENSE LINE - PNEUMATIC,1.0,N
107272013,36-00,16135-96,SENSE LINE - PNEUMATIC,1.0,N
107272013,36-00,16135-84,SENSE LINE - PNEUMATIC FLEXIBLE,1.0,N
107272013,36-00,332A2350-11,TUBE ASSY,1.0,N
107272013,36-00,3289562-5,VALVE - FAN AIR (PCCV),1.0,N
107272013,36-00,129666-2,ENGINE PRECOOLER CONT. VALVE SENSOR,1.0,N
107272013,36-00,107484-6,HIGH STAGE PNEU EBU REGULATOR,1.0,N
107272013,36-00,3214446-4,HIGH STAGE VALVE,1.0,N
107272013,36-00,107492-6,BLEED AIR REGULATOR,1.0,N
107272013,36-00,3214552-6,SHUT OFF PNEU SYS VALVE (PRSOV),1.0,N
107272013,36-00,801A50-0005A,SEAL,2.0,N
107272013,36-00,801A50-0006A,SEAL,1.0,N
107272013,36-00,82C10020-1,GASKET,1.0,N
107272013,36-00,S8990-611,PACKING,1.0,N
107272013,36-00,R0C7716128R,ROCOL LEAK DETECTOR SPRAY CODE 32030,1.0,N
107272013,36-00,1945-04-08,PNEUMATIC TESTING KIT,1.0,Y
107272013,36-00,16135-80,SENSE LINE,1.0,N
190605922,33-20,9651-35-0002,LIGHT BSI-35 IN TYPE C HARNESS CONFI,1.0,N
190605922,33-20,C33001-58,BSI LIGHT CABLE TESTER,1.0,Y
55717313,30-31,PS870B1-2,SEALANT BMS5-95,1.0,N
190081110,23-13,5145-1-88,PANEL - AUDIO CONTROL ACP,1.0,N
107247198,36-00,1945-04-08,PNEUMATIC TESTING KIT,1.0,Y
107247198,36-00,MS24391J6,PLUG,1.0,N
107247198,36-00,332A2350-14,TUBE ASSY,1.0,N
107247198,36-00,332A2350-12,TUBE ASSY,1.0,N
107247198,36-00,16135-81,SENSE LINE,1.0,N
107247198,36-00,16135-83,SENSE LINE - PNEUMATIC,1.0,N
107247198,36-00,16135-96,SENSE LINE - PNEUMATIC,1.0,N
107247198,36-00,16135-84,SENSE LINE - PNEUMATIC FLEXIBLE,1.0,N
107247198,36-00,332A2350-11,TUBE ASSY,1.0,N
107247198,36-00,3289562-5,VALVE - FAN AIR (PCCV),1.0,N
107247198,36-00,129666-2,ENGINE PRECOOLER CONT. VALVE SENSOR,1.0,N
107247198,36-00,107484-6,HIGH STAGE PNEU EBU REGULATOR,1.0,N
107247198,36-00,3214446-4,HIGH STAGE VALVE,1.0,N
107247198,36-00,107492-6,BLEED AIR REGULATOR,1.0,N
107247198,36-00,3214552-6,SHUT OFF PNEU SYS VALVE (PRSOV),1.0,N
107247198,36-00,801A50-0005A,SEAL,4.0,N
107247198,36-00,801A50-0006A,SEAL,2.0,N
107247198,36-00,82C10020-1,GASKET,1.0,N
107247198,36-00,S8990-611,PACKING,1.0,N
105277989,36-11,R0C7716128R,ROCOL LEAK DETECTOR SPRAY CODE 32030,1.0,N
105277989,36-11,1945-04-08,PNEUMATIC TESTING KIT,1.0,Y
105277989,36-11,3214552-6,SHUT OFF PNEU SYS VALVE (PRSOV),1.0,N
105277989,36-11,3289562-5,VALVE - FAN AIR (PCCV),1.0,N
105277989,36-11,82C10020-1,GASKET,1.0,N
105277989,36-11,S8990-611,PACKING,1.0,N
105277989,36-11,107492-6,BLEED AIR REGULATOR,1.0,N
105277989,36-11,16135-80,SENSE LINE,1.0,N
105277989,36-11,332A2350-14,TUBE ASSY,1.0,N
105277989,36-11,3214446-4,HIGH STAGE VALVE,1.0,N
105277989,36-11,107484-7,HIGH STAGE PNEU EBU REGULATOR,1.0,N
105277989,36-11,129694-2,ENG BLEED OVERTEMP SENSOR (450 STAT),1.0,N
105277989,36-11,801A50-0005A,SEAL,2.0,N
105277989,36-11,801A50-0006A,SEAL,1.0,N
105277989,36-11,332A2350-14,TUBE ASSY,1.0,N
105277989,36-11,332A2350-12,TUBE ASSY,1.0,N
105277989,36-11,16135-80,SENSE LINE,1.0,N
107157066,72-00,FANLUBEFULLKIT,FAN BLADE REMOVAL TOOL KIT,1.0,Y
107157066,72-00,IPA,ISOPROPYL ALCOHOL,5.0,N
107157066,72-00,LN9051,FAN BLADE MARKER CP5061,1.0,N
107157066,72-00,NYC065,VV-P-236 D00504 GREASE PETROLATUM,1.0,N
107157066,72-00,STD585,FANLUBE PROTECTIVE MAT,1.0,Y
107157066,72-00,M0LYK0TED321,MOLYKOTE D-321 R CP5062 FILM (SPRAY),2.0,N
107157066,72-00,340-001-038-0,CFM56 FAN BLADE,10.0,N
107157066,72-00,9111M35P14,CFM BALANCE SCREW,2.0,N
107157066,72-00,9111M35P13,CFM BALANCE SCREW,2.0,N
107157066,72-00,9111M35P12,CFM BALANCE SCREW,1.0,N
190319688,38-10,SC4L500301-5,FAUCET ASSY,1.0,N
190575437,33-00,72605363-1,LTRTL MAIN POWER SUPPLY ASSY,1.0,N
190575437,33-00,72500415-2,LTRTL RUNWAY TURNOFF LIGHT ASSY (RH),1.0,N
190575437,33-00,M1,BONDING METER,1.0,Y
190575437,33-00,BMS5-95,SEALANT,1.0,N
191423836,33-20,9651-35-0004,LIGHT BSI-35 IN TYPE E HARNESS CONFI,1.0,N
55564486,33-00,C33001-58,BSI LIGHT CABLE TESTER,1.0,Y
55564486,33-00,9651-14-0005,LIGHT BSI-14 IN TYPE F HARNESS CONFI,1.0,N
190414946,33-20,9651-35-0003,LIGHT BSI-35 IN TYPE D HARNESS CONFI,1.0,N
190414946,33-20,C33001-58,BSI LIGHT CABLE TESTER,1.0,Y
190414946,33-20,9552-26-0001,LIGHT ASSY - COVE,1.0,N
190414946,33-20,9552-26-0000,LIGHT ASSY,1.0,N
55443593,25-00,62197-301-001,WATER BOILER,1.0,N
106806064,36-00,1945-04-08,PNEUMATIC TESTING KIT,1.0,Y
106806064,36-00,R0C7716128R,ROCOL LEAK DETECTOR SPRAY CODE 32030,1.0,N
106806064,36-00,16135-96,SENSE LINE - PNEUMATIC,1.0,N
106806064,36-00,332A2350-14,TUBE ASSY,1.0,N
106806064,36-00,332A2350-12,TUBE ASSY,1.0,N
106806064,36-00,16135-83,SENSE LINE - PNEUMATIC,1.0,N
106806064,36-00,16135-80,SENSE LINE,1.0,N
106806064,36-00,3289562-5,VALVE - FAN AIR (PCCV),1.0,N
106806064,36-00,129666-2,ENGINE PRECOOLER CONT. VALVE SENSOR,1.0,N
106806064,36-00,107484-6,HIGH STAGE PNEU EBU REGULATOR,1.0,N
106806064,36-00,3214446-4,HIGH STAGE VALVE,1.0,N
106806064,36-00,107492-6,BLEED AIR REGULATOR,1.0,N
106806064,36-00,3214552-6,SHUT OFF PNEU SYS VALVE (PRSOV),1.0,N
106806064,36-00,801A50-0005A,SEAL,2.0,N
106806064,36-00,801A50-0006A,SEAL,1.0,N
106806064,36-00,82C10020-1,GASKET,1.0,N
106806064,36-00,S8990-611,PACKING,1.0,N
106806064,36-00,16135-84,SENSE LINE - PNEUMATIC FLEXIBLE,1.0,N
55603079,33-00,9651-35-0005,LIGHT BSI-35 IN TYPE F HARNESS CONFI,2.0,N
55603079,33-00,C33001-58,BSI LIGHT CABLE TESTER,1.0,Y
55384838,25-00,62197-301-001,WATER BOILER,1.0,N
55384838,25-00,1703280,AERATOR CAP THREAD,1.0,N
55384838,25-00,1912294,AERATOR CAP,1.0,N
55384838,25-00,6001-990671-02,ADAPTER2 - INST ON SWAN NECK OUTLET,1.0,N
55384838,25-00,ERT/1310-504-01,SWAN NECK SPIGOT ASSEMBLY,1.0,N
191433461,33-21,9651-35-0002,LIGHT BSI-35 IN TYPE C HARNESS CONFI,1.0,N
41772636,33-21,9651-35-0004,LIGHT BSI-35 IN TYPE E HARNESS CONFI,1.0,N
41772636,33-21,C33001-58,BSI LIGHT CABLE TESTER,1.0,Y
41759188,26-16,473597-5,CARGO SMOKE DETECTOR,1.0,N
104412755,36-00,3214446-4,HIGH STAGE VALVE,1.0,N
104412755,36-00,1945-04-08,PNEUMATIC TESTING KIT,1.0,Y
104412755,36-00,R0C7716128R,ROCOL LEAK DETECTOR SPRAY CODE 32030,1.0,N
104412755,36-00,3214552-6,SHUT OFF PNEU SYS VALVE (PRSOV),1.0,N
104412755,36-00,107484-6,HIGH STAGE PNEU EBU REGULATOR,1.0,N
104412755,36-00,801A50-0005A,SEAL,2.0,N
104412755,36-00,801A50-0006A,SEAL,1.0,N
104412755,36-00,16135-80,SENSE LINE,1.0,N
104412755,36-00,AS1895-7-350,SEAL,1.0,N
104412755,36-00,16135-83,SENSE LINE - PNEUMATIC,1.0,N
104412755,36-00,332A2350-11,TUBE ASSY,1.0,N
104412755,36-00,16135-84,SENSE LINE - PNEUMATIC FLEXIBLE,1.0,N
55703062,33-00,72500415-2,LTRTL RUNWAY TURNOFF LIGHT ASSY (RH),1.0,N
55703062,33-00,72500410-4,LTRTL MAIN ARRAY ASSY (RH INBD),1.0,N
55703062,33-00,72500410-3,LTRTL MAIN ARRAY ASSY (RH OUTBD),1.0,N
55703062,33-00,72605363-1,LTRTL MAIN POWER SUPPLY ASSY,1.0,N
102748600,38-32,14330-230,FLUSH VALVE ASSY,1.0,N
102748600,38-32,2-135N506-65,PACKING,2.0,N
102748600,38-32,MS29513-226,PACKING,2.0,N
102748600,38-32,NAS679C3M,NUT,1.0,N
102748600,38-32,MS15795-842,WASHER,1.0,N
190262777,26-16,473597-5,CARGO SMOKE DETECTOR,1.0,N
104892239,36-00,3214446-4,HIGH STAGE VALVE,1.0,N
104892239,36-00,R0C7716128R,ROCOL LEAK DETECTOR SPRAY CODE 32030,1.0,N
104892239,36-00,107484-6,HIGH STAGE PNEU EBU REGULATOR,1.0,N
104892239,36-00,801A50-0005A,SEAL,2.0,N
104892239,36-00,801A50-0006A,SEAL,1.0,N
35053884,33-20,9651-35-0002,LIGHT BSI-35 IN TYPE C HARNESS CONFI,1.0,N
35053884,33-20,C33001-58,BSI LIGHT CABLE TESTER,1.0,Y
190268451,33-42,45-0351-4,RH LANDING LIGHT,1.0,N
190268451,33-42,BACC63BP12C12SN,CONNECTOR (RLL OLD CONNECTOR),1.0,N
102636954,36-00,3214446-4,HIGH STAGE VALVE,1.0,N
102636954,36-00,1945-04-08,PNEUMATIC TESTING KIT,1.0,Y
102636954,36-00,R0C7716128R,ROCOL LEAK DETECTOR SPRAY CODE 32030,1.0,N
102636954,36-00,3214552-6,SHUT OFF PNEU SYS VALVE (PRSOV),1.0,N
102636954,36-00,107484-6,HIGH STAGE PNEU EBU REGULATOR,1.0,N
102636954,36-00,801A50-0005A,SEAL,2.0,N
102636954,36-00,801A50-0006A,SEAL,1.0,N
102636954,36-00,82C10020-1,GASKET,1.0,N
102636954,36-00,16135-84,SENSE LINE - PNEUMATIC FLEXIBLE,1.0,N
107308385,72-00,FANLUBEFULLKIT,FAN BLADE REMOVAL TOOL KIT,1.0,Y
107308385,72-00,IPA,ISOPROPYL ALCOHOL,5.0,N
107308385,72-00,LN9051,FAN BLADE MARKER CP5061,1.0,N
107308385,72-00,NYC065,VV-P-236 D00504 GREASE PETROLATUM,1.0,N
107308385,72-00,STD585,FANLUBE PROTECTIVE MAT,1.0,Y
107308385,72-00,M0LYK0TED321,MOLYKOTE D-321 R CP5062 FILM (SPRAY),2.0,N
190300162,25-00,62197-301-001,WATER BOILER,1.0,N
106139266,36-00,R0C7716128R,ROCOL LEAK DETECTOR SPRAY CODE 32030,1.0,N
106139266,36-00,801A50-0005A,SEAL,2.0,N
106139266,36-00,801A50-0006A,SEAL,1.0,N
106139266,36-00,16135-80,SENSE LINE,1.0,N
106139266,36-00,AS1895-7-350,SEAL,1.0,N
106139266,36-00,16135-83,SENSE LINE - PNEUMATIC,1.0,N
106139266,36-00,332A2350-11,TUBE ASSY,1.0,N
106139266,36-00,16135-84,SENSE LINE - PNEUMATIC FLEXIBLE,1.0,N
106139266,36-00,1945-04-08,PNEUMATIC TESTING KIT,1.0,Y
106139266,36-00,3289562-5,VALVE - FAN AIR (PCCV),1.0,N
106139266,36-00,129666-2,ENGINE PRECOOLER CONT. VALVE SENSOR,1.0,N
106139266,36-00,107484-6,HIGH STAGE PNEU EBU REGULATOR,1.0,N
106139266,36-00,3214446-4,HIGH STAGE VALVE,1.0,N
106139266,36-00,107492-6,BLEED AIR REGULATOR,1.0,N
106139266,36-00,3214552-6,SHUT OFF PNEU SYS VALVE (PRSOV),1.0,N
106139266,36-00,801A50-0005A,SEAL,2.0,N
106139266,36-00,801A50-0006A,SEAL,1.0,N
106139266,36-00,82C10020-1,GASKET,1.0,N
106139266,36-00,S8990-611,PACKING,1.0,N
190450474,30-31,232N9003-1,GASKET,1.0,N
190450474,30-31,PS870B1-2,SEALANT BMS5-95,1.0,N
14085518,36-00,107484-7,HIGH STAGE PNEU EBU REGULATOR,1.0,N
14085518,36-00,801A50-0005A,SEAL,2.0,N
14085518,36-00,801A50-0006A,SEAL,1.0,N
103248800,72-00,FANLUBEFULLKIT,FAN BLADE REMOVAL TOOL KIT,1.0,Y
103248800,72-00,IPA,ISOPROPYL ALCOHOL,5.0,N
103248800,72-00,LN9051,FAN BLADE MARKER CP5061,1.0,N
103248800,72-00,NYC065,VV-P-236 D00504 GREASE PETROLATUM,1.0,N
103248800,72-00,STD585,FANLUBE PROTECTIVE MAT,1.0,Y
103248800,72-00,M0LYK0TED321,MOLYKOTE D-321 R CP5062 FILM (SPRAY),2.0,N
103248800,72-00,340-001-038-0,CFM56 FAN BLADE,1.0,N
103248800,72-00,340-001-039-0,CFM56 FAN BLADE,1.0,N
103248800,72-00,340-001-038-0,CFM56 FAN BLADE,1.0,N
190602445,33-00,9651-35-0002,LIGHT BSI-35 IN TYPE C HARNESS CONFI,1.0,N
190563087,33-00,9651-35-0004,LIGHT BSI-35 IN TYPE E HARNESS CONFI,1.0,N
190563087,33-00,9651-14-0005,LIGHT BSI-14 IN TYPE F HARNESS CONFI,1.0,N
190563087,33-00,9651-35-0005,LIGHT BSI-35 IN TYPE F HARNESS CONFI,1.0,N
190563087,33-00,9651-35-0005,LIGHT BSI-35 IN TYPE F HARNESS CONFI,3.0,N
190563087,33-00,C33001-58,BSI LIGHT CABLE TESTER,1.0,Y
41961795,72-00,340-001-036-0,CFM56 FAN BLADE,2.0,N
101989779,36-00,107484-6,HIGH STAGE PNEU EBU REGULATOR,1.0,N
101989779,36-00,801A50-0005A,SEAL,2.0,N
101989779,36-00,801A50-0006A,SEAL,1.0,N
104122117,36-00,1945-04-08,PNEUMATIC TESTING KIT,1.0,Y
104122117,36-00,16135-84,SENSE LINE - PNEUMATIC FLEXIBLE,1.0,N
104122117,36-00,332A2350-11,TUBE ASSY,1.0,N
104122117,36-00,16135-81,SENSE LINE,1.0,N
104122117,36-00,16135-83,SENSE LINE - PNEUMATIC,1.0,N
104122117,36-00,3289562-5,VALVE - FAN AIR (PCCV),1.0,N
104122117,36-00,129666-2,ENGINE PRECOOLER CONT. VALVE SENSOR,1.0,N
104122117,36-00,107484-6,HIGH STAGE PNEU EBU REGULATOR,1.0,N
104122117,36-00,3214446-4,HIGH STAGE VALVE,1.0,N
104122117,36-00,107492-6,BLEED AIR REGULATOR,1.0,N
104122117,36-00,3214552-6,SHUT OFF PNEU SYS VALVE (PRSOV),1.0,N
104122117,36-00,801A50-0005A,SEAL,2.0,N
104122117,36-00,801A50-0006A,SEAL,1.0,N
104122117,36-00,82C10020-1,GASKET,1.0,N
104122117,36-00,S8990-611,PACKING,1.0,N
104122117,36-00,332A2350-14,TUBE ASSY,1.0,N
104122117,36-00,332A2350-12,TUBE ASSY,1.0,N
104122117,36-00,16135-80,SENSE LINE,2.0,N
104122117,36-00,16135-96,SENSE LINE - PNEUMATIC,1.0,N
106462067,72-00,FANLUBEFULLKIT,FAN BLADE REMOVAL TOOL KIT,1.0,Y
106462067,72-00,IPA,ISOPROPYL ALCOHOL,5.0,N
106462067,72-00,LN9051,FAN BLADE MARKER CP5061,1.0,N
106462067,72-00,NYC065,VV-P-236 D00504 GREASE PETROLATUM,1.0,N
106462067,72-00,STD585,FANLUBE PROTECTIVE MAT,1.0,Y
106462067,72-00,M0LYK0TED321,MOLYKOTE D-321 R CP5062 FILM (SPRAY),2.0,N
190538501,25-00,8201-11-0000-01,OVEN - BRITAX SELL,1.0,N
190227788,23-42,285W0024-1B,HANDSET - DARK GREY,1.0,N
190227788,23-42,INT600,DECAL-HANDSET CALL DIRECTORY,1.0,N
190354212,25-00,8201-11-0000-01,OVEN - BRITAX SELL,1.0,N
191505929,30-31,232N9003-1,GASKET,1.0,N
40884523,33-00,5145-1-82,AUDIO CONTROL PANEL,1.0,N
191457736,33-20,9651-35-0002,LIGHT BSI-35 IN TYPE C HARNESS CONFI,1.0,N
191457736,33-20,C33001-58,BSI LIGHT CABLE TESTER,1.0,Y
103245593,72-00,FANLUBEFULLKIT,FAN BLADE REMOVAL TOOL KIT,1.0,Y
103245593,72-00,IPA,ISOPROPYL ALCOHOL,5.0,N
103245593,72-00,LN9051,FAN BLADE MARKER CP5061,1.0,N
103245593,72-00,NYC065,VV-P-236 D00504 GREASE PETROLATUM,1.0,N
103245593,72-00,STD585,FANLUBE PROTECTIVE MAT,1.0,Y
103245593,72-00,M0LYK0TED321,MOLYKOTE D-321 R CP5062 FILM (SPRAY),2.0,N
103245593,72-00,340-001-038-0,CFM56 FAN BLADE,5.0,N
103245593,72-00,340-001-038-0,CFM56 FAN BLADE,5.0,N
55700613,25-00,62197-301-001,WATER BOILER,1.0,N
190528063,05-00,340-001-036-0,CFM56 FAN BLADE,2.0,N
190528063,05-00,J644P13A,BOLT,1.0,N
190528063,05-00,340-116-931-0,ELASTOMER SPACER,8.0,N
55501235,30-00,M1,BONDING METER,1.0,Y
55501235,30-00,BMS5-95,SEALANT,1.0,N
55501235,30-00,0851HT2,PITOT PROBE,1.0,N
55501235,30-00,159-2140,MULTIMETER,1.0,Y
55501235,30-00,BRAYC0248,CORRSION PREVENTIVE MILC11796CL111,1.0,N
55501235,30-00,232N9003-1,GASKET,1.0,N
55501235,30-00,DPI610,PITOT STATIC TEST SET-DRUCK HAND PUM,1.0,Y
25596076,23-00,5145-1-88,PANEL - AUDIO CONTROL ACP,1.0,N
190495420,25-30,8201-11-0000,OVEN - BRITAX SELL 737-800,1.0,N
190495420,25-30,FR25-061,OVEN LINER ASSY,1.0,N
190255964,27-00,AP1042JN0406,ELBOW,1.0,N
190255964,27-00,232N9003-1,GASKET,1.0,N
190255964,27-00,232A9116-1,GASKET,1.0,N
190255964,27-00,0851HT2,PITOT PROBE,1.0,N
190255964,27-00,BMS5-95B1-2,SEALANT - FUEL CELL,1.0,N
190255964,27-00,M1,BONDING METER,1.0,Y
190416562,33-00,9651-35-0002,LIGHT BSI-35 IN TYPE C HARNESS CONFI,1.0,N
55536744,26-23,473597-5,CARGO SMOKE DETECTOR,1.0,N
103638595,36-11,S8990-611,PACKING,1.0,N
103638595,36-11,1945-04-08,PNEUMATIC TESTING KIT,1.0,Y
103638595,36-11,3214446-4,HIGH STAGE VALVE,1.0,N
103638595,36-11,107484-6,HIGH STAGE PNEU EBU REGULATOR,1.0,N
103638595,36-11,801A50-0005A,SEAL,2.0,N
103638595,36-11,801A50-0006A,SEAL,1.0,N
103638595,36-11,107492-6,BLEED AIR REGULATOR,1.0,N
103638595,36-11,63292146-1,PRECOOLER CONTROL VALVE (PCCV),1.0,N
103638595,36-11,82C10020-1,GASKET,1.0,N
103638595,36-11,S8990-611,PACKING,1.0,N
191500950,33-21,9651-35-0002,LIGHT BSI-35 IN TYPE C HARNESS CONFI,1.0,N
190451336,25-00,8201-11-0000-01,OVEN - BRITAX SELL,1.0,N
55362237,25-00,62197-301-001,WATER BOILER,1.0,N
106938111,36-00,107484-7,HIGH STAGE PNEU EBU REGULATOR,1.0,N
106938111,36-00,801A50-0005A,SEAL,2.0,N
106938111,36-00,801A50-0006A,SEAL,1.0,N
55132272,33-00,45-0351-2,LIGHT - RH LANDING RETRACT,1.0,N
55132272,33-00,BACC63BP12C12SN,CONNECTOR (RLL OLD CONNECTOR),1.0,N
190200689,23-42,285W0024-1B,HANDSET - DARK GREY,1.0,N
190200689,23-42,INT600,DECAL-HANDSET CALL DIRECTORY,1.0,N
106629136,36-00,1945-04-08,PNEUMATIC TESTING KIT,1.0,Y
106629136,36-00,R0C7716128R,ROCOL LEAK DETECTOR SPRAY CODE 32030,1.0,N
106629136,36-00,16135-96,SENSE LINE - PNEUMATIC,1.0,N
106629136,36-00,332A2350-14,TUBE ASSY,1.0,N
106629136,36-00,332A2350-12,TUBE ASSY,1.0,N
106629136,36-00,16135-83,SENSE LINE - PNEUMATIC,1.0,N
106629136,36-00,16135-80,SENSE LINE,1.0,N
106629136,36-00,3289562-5,VALVE - FAN AIR (PCCV),1.0,N
106629136,36-00,129666-2,ENGINE PRECOOLER CONT. VALVE SENSOR,1.0,N
106629136,36-00,107484-6,HIGH STAGE PNEU EBU REGULATOR,1.0,N
106629136,36-00,3214446-4,HIGH STAGE VALVE,1.0,N
106629136,36-00,107492-6,BLEED AIR REGULATOR,1.0,N
106629136,36-00,3214552-6,SHUT OFF PNEU SYS VALVE (PRSOV),1.0,N
106629136,36-00,801A50-0005A,SEAL,2.0,N
106629136,36-00,801A50-0006A,SEAL,1.0,N
106629136,36-00,82C10020-1,GASKET,1.0,N
106629136,36-00,S8990-611,PACKING,1.0,N
55353594,33-20,9651-35-0004,LIGHT BSI-35 IN TYPE E HARNESS CONFI,1.0,N
55353594,33-20,9651-35-0005,LIGHT BSI-35 IN TYPE F HARNESS CONFI,1.0,N
55502983,33-00,45-0351-6,RH LANDING LIGHT,1.0,N
190282033,33-21,9651-35-0005,LIGHT BSI-35 IN TYPE F HARNESS CONFI,1.0,N
190282033,33-21,C33001-58,BSI LIGHT CABLE TESTER,1.0,Y
980005720,38-30,SC4L500301-5,FAUCET ASSY,1.0,N
191530352,25-31,8201-11-0000,OVEN - BRITAX SELL 737-800,1.0,N
106615112,36-00,1945-04-08,PNEUMATIC TESTING KIT,1.0,Y
106615112,36-00,R0C7716128R,ROCOL LEAK DETECTOR SPRAY CODE 32030,1.0,N
106615112,36-00,16135-96,SENSE LINE - PNEUMATIC,1.0,N
106615112,36-00,332A2350-14,TUBE ASSY,1.0,N
106615112,36-00,332A2350-12,TUBE ASSY,1.0,N
106615112,36-00,16135-83,SENSE LINE - PNEUMATIC,1.0,N
106615112,36-00,16135-80,SENSE LINE,1.0,N
106615112,36-00,3289562-5,VALVE - FAN AIR (PCCV),1.0,N
106615112,36-00,129666-2,ENGINE PRECOOLER CONT. VALVE SENSOR,1.0,N
106615112,36-00,107484-6,HIGH STAGE PNEU EBU REGULATOR,1.0,N
106615112,36-00,3214446-4,HIGH STAGE VALVE,1.0,N
106615112,36-00,107492-6,BLEED AIR REGULATOR,1.0,N
106615112,36-00,3214552-6,SHUT OFF PNEU SYS VALVE (PRSOV),1.0,N
106615112,36-00,801A50-0005A,SEAL,2.0,N
106615112,36-00,801A50-0006A,SEAL,1.0,N
106615112,36-00,82C10020-1,GASKET,1.0,N
106615112,36-00,S8990-611,PACKING,1.0,N
35046734,33-20,9651-35-0005,LIGHT BSI-35 IN TYPE F HARNESS CONFI,1.0,N
190593250,33-20,9651-35-0005,LIGHT BSI-35 IN TYPE F HARNESS CONFI,1.0,N
103273043,36-11,129694-2,ENG BLEED OVERTEMP SENSOR (450 STAT),1.0,N
103273043,36-11,S8990-611,PACKING,1.0,N
103273043,36-11,1945-04-08,PNEUMATIC TESTING KIT,1.0,Y
103273043,36-11,3289562-5,VALVE - FAN AIR (PCCV),1.0,N
103273043,36-11,129666-2,ENGINE PRECOOLER CONT. VALVE SENSOR,1.0,N
103273043,36-11,107484-6,HIGH STAGE PNEU EBU REGULATOR,1.0,N
103273043,36-11,3214446-4,HIGH STAGE VALVE,1.0,N
103273043,36-11,107492-6,BLEED AIR REGULATOR,1.0,N
103273043,36-11,3214552-6,SHUT OFF PNEU SYS VALVE (PRSOV),1.0,N
103273043,36-11,801A50-0005A,SEAL,3.0,N
103273043,36-11,801A50-0006A,SEAL,1.0,N
103273043,36-11,82C10020-1,GASKET,1.0,N
103273043,36-11,S8990-611,PACKING,1.0,N
103273043,36-11,AS1895-7-350,SEAL,3.0,N
106346004,36-00,107484-6,HIGH STAGE PNEU EBU REGULATOR,1.0,N
106346004,36-00,R0C7716128R,ROCOL LEAK DETECTOR SPRAY CODE 32030,1.0,N
106346004,36-00,801A50-0005A,SEAL,2.0,N
106346004,36-00,801A50-0006A,SEAL,1.0,N
41658054,26-23,473597-5,CARGO SMOKE DETECTOR,1.0,N
104772834,36-11,1945-04-08,PNEUMATIC TESTING KIT,1.0,Y
104772834,36-11,3214552-6,SHUT OFF PNEU SYS VALVE (PRSOV),1.0,N
104772834,36-11,107484-6,HIGH STAGE PNEU EBU REGULATOR,1.0,N
104772834,36-11,3214446-4,HIGH STAGE VALVE,1.0,N
104772834,36-11,801A50-0005A,SEAL,2.0,N
104772834,36-11,801A50-0006A,SEAL,1.0,N
104772834,36-11,107492-6,BLEED AIR REGULATOR,1.0,N
106248725,36-00,1945-04-08,PNEUMATIC TESTING KIT,1.0,Y
106248725,36-00,R0C7716128R,ROCOL LEAK DETECTOR SPRAY CODE 32030,1.0,N
106248725,36-00,332A2350-12,TUBE ASSY,1.0,N
106248725,36-00,332A2350-14,TUBE ASSY,1.0,N
106248725,36-00,129666-2,ENGINE PRECOOLER CONT. VALVE SENSOR,1.0,N
106248725,36-00,16135-80,SENSE LINE,1.0,N
106248725,36-00,16135-81,SENSE LINE,1.0,N
106248725,36-00,16135-83,SENSE LINE - PNEUMATIC,1.0,N
106248725,36-00,3289562-5,VALVE - FAN AIR (PCCV),1.0,N
106248725,36-00,129666-2,ENGINE PRECOOLER CONT. VALVE SENSOR,1.0,N
106248725,36-00,107484-6,HIGH STAGE PNEU EBU REGULATOR,1.0,N
106248725,36-00,3214446-4,HIGH STAGE VALVE,1.0,N
106248725,36-00,107492-6,BLEED AIR REGULATOR,1.0,N
106248725,36-00,3214552-6,SHUT OFF PNEU SYS VALVE (PRSOV),1.0,N
106248725,36-00,801A50-0005A,SEAL,2.0,N
106248725,36-00,801A50-0006A,SEAL,1.0,N
106248725,36-00,82C10020-1,GASKET,1.0,N
106248725,36-00,S8990-611,PACKING,1.0,N
190834459,25-00,8201-11-0000-01,OVEN - BRITAX SELL,1.0,N
102275191,36-00,107484-6,HIGH STAGE PNEU EBU REGULATOR,1.0,N
102275191,36-00,801A50-0005A,SEAL,2.0,N
102275191,36-00,801A50-0006A,SEAL,1.0,N
102275191,36-00,3214446-4,HIGH STAGE VALVE,1.0,N
102275191,36-00,R0C7716128R,ROCOL LEAK DETECTOR SPRAY CODE 32030,1.0,N
190675600,38-00,62197-301-001,WATER BOILER,1.0,N
190457994,25-00,8201-11-0000-01,OVEN - BRITAX SELL,1.0,N
190206454,25-00,8201-11-0000,OVEN - BRITAX SELL 737-800,1.0,N
102155372,36-11,R0C7716128R,ROCOL LEAK DETECTOR SPRAY CODE 32030,1.0,N
102155372,36-11,1945-04-08,PNEUMATIC TESTING KIT,1.0,Y
102155372,36-11,107492-6,BLEED AIR REGULATOR,1.0,N
102155372,36-11,3214552-6,SHUT OFF PNEU SYS VALVE (PRSOV),1.0,N
102155372,36-11,82C10020-1,GASKET,1.0,N
102155372,36-11,16135-81,SENSE LINE,1.0,N
102155372,36-11,332A2350-14,TUBE ASSY,1.0,N
102155372,36-11,16135-80,SENSE LINE,1.0,N
102155372,36-11,332A2350-12,TUBE ASSY,1.0,N
102155372,36-11,801A50-0005A,SEAL,1.0,N
102155372,36-11,801A50-0006A,SEAL,1.0,N
191388552,38-00,72184025,WATER BOILER,1.0,N
42118976,33-00,9651-35-0002,LIGHT BSI-35 IN TYPE C HARNESS CONFI,1.0,N
190334855,25-00,62197-301-001,WATER BOILER,1.0,N
104719490,36-11,S8990-611,PACKING,1.0,N
104719490,36-11,1945-04-08,PNEUMATIC TESTING KIT,1.0,Y
104719490,36-11,3289562-5,VALVE - FAN AIR (PCCV),1.0,N
104719490,36-11,129666-2,ENGINE PRECOOLER CONT. VALVE SENSOR,1.0,N
104719490,36-11,107484-6,HIGH STAGE PNEU EBU REGULATOR,1.0,N
104719490,36-11,3214446-4,HIGH STAGE VALVE,1.0,N
104719490,36-11,107492-6,BLEED AIR REGULATOR,1.0,N
104719490,36-11,3214552-6,SHUT OFF PNEU SYS VALVE (PRSOV),1.0,N
104719490,36-11,801A50-0005A,SEAL,3.0,N
104719490,36-11,801A50-0006A,SEAL,1.0,N
104719490,36-11,82C10020-1,GASKET,1.0,N
104719490,36-11,S8990-611,PACKING,1.0,N
104719490,36-11,AS1895-7-350,SEAL,3.0,N
190433066,33-20,9651-35-0005,LIGHT BSI-35 IN TYPE F HARNESS CONFI,1.0,N
191448827,33-00,9651-35-0005,LIGHT BSI-35 IN TYPE F HARNESS CONFI,1.0,N
191448827,33-00,C33001-58,BSI LIGHT CABLE TESTER,1.0,Y
191457203,33-21,9651-35-0003,LIGHT BSI-35 IN TYPE D HARNESS CONFI,1.0,N
191360138,23-00,285W0024-1B,HANDSET - DARK GREY,1.0,N
191360138,23-00,INT600,DECAL-HANDSET CALL DIRECTORY,1.0,N
103342285,36-11,1945-04-08,PNEUMATIC TESTING KIT,1.0,Y
103342285,36-11,3214552-6,SHUT OFF PNEU SYS VALVE (PRSOV),1.0,N
103342285,36-11,107484-6,HIGH STAGE PNEU EBU REGULATOR,1.0,N
103342285,36-11,3214446-4,HIGH STAGE VALVE,1.0,N
103342285,36-11,801A50-0005A,SEAL,2.0,N
103342285,36-11,801A50-0006A,SEAL,1.0,N
106285754,30-00,DPS1000,PITOT STATIC TEST SET HIGH RANGE,1.0,Y
106285754,30-00,0851HT1,PITOT PROBE,1.0,N
106285754,30-00,232N9003-1,GASKET,1.0,N
107138634,36-00,R0C7716128R,ROCOL LEAK DETECTOR SPRAY CODE 32030,1.0,N
107138634,36-00,1945-04-08,PNEUMATIC TESTING KIT,1.0,Y
107138634,36-00,AS1895-7-400,SEAL,1.0,N
107138634,36-00,16135-84,SENSE LINE - PNEUMATIC FLEXIBLE,1.0,N
107138634,36-00,332A2350-11,TUBE ASSY,1.0,N
107138634,36-00,AS1895-7-350,SEAL,1.0,N
107138634,36-00,16135-80,SENSE LINE,1.0,N
107138634,36-00,16135-83,SENSE LINE - PNEUMATIC,1.0,N
107138634,36-00,16135-96,SENSE LINE - PNEUMATIC,1.0,N
107138634,36-00,3289562-5,VALVE - FAN AIR (PCCV),1.0,N
107138634,36-00,129666-2,ENGINE PRECOOLER CONT. VALVE SENSOR,1.0,N
107138634,36-00,107484-6,HIGH STAGE PNEU EBU REGULATOR,1.0,N
107138634,36-00,3214446-4,HIGH STAGE VALVE,1.0,N
107138634,36-00,107492-6,BLEED AIR REGULATOR,1.0,N
107138634,36-00,3214552-6,SHUT OFF PNEU SYS VALVE (PRSOV),1.0,N
107138634,36-00,801A50-0005A,SEAL,2.0,N
107138634,36-00,801A50-0006A,SEAL,1.0,N
107138634,36-00,82C10020-1,GASKET,1.0,N
107138634,36-00,S8990-611,PACKING,1.0,N
104679119,38-32,14330-230,FLUSH VALVE ASSY,1.0,N
104679119,38-32,2-135N506-65,PACKING,2.0,N
104679119,38-32,MS29513-226,PACKING,2.0,N
190031531,38-32,14330-230,FLUSH VALVE ASSY,1.0,N
190031531,38-32,2-135N506-65,PACKING,2.0,N
190031531,38-32,MS29513-226,PACKING,2.0,N
102494027,36-11,R0C7716128R,ROCOL LEAK DETECTOR SPRAY CODE 32030,1.0,N
102494027,36-11,1945-04-08,PNEUMATIC TESTING KIT,1.0,Y
102494027,36-11,16135-80,SENSE LINE,1.0,N
102494027,36-11,332A2350-14,TUBE ASSY,1.0,N
102494027,36-11,129694-3,ENG BLEED OVERTEMP SENSOR (450 STAT),1.0,N
102494027,36-11,107492-6,BLEED AIR REGULATOR,1.0,N
102494027,36-11,82C10020-1,GASKET,1.0,N
102494027,36-11,S8990-611,PACKING,1.0,N
102494027,36-11,332A2350-12,TUBE ASSY,1.0,N
102494027,36-11,63292146-1,PRECOOLER CONTROL VALVE (PCCV),1.0,N
102494027,36-11,AS1895-7-400,SEAL,1.0,N
102494027,36-11,82C10020-1,GASKET,1.0,N
102494027,36-11,801A50-0006A,SEAL,7.0,N
102494027,36-11,82C10020-1,GASKET,1.0,N
102494027,36-11,S8990-611,PACKING,2.0,N
102494027,36-11,975-0172-006,TEMP SWITCH,1.0,N
102494027,36-11,R1131-908,PACKING,1.0,N
102494027,36-11,129666-3,ENGINE PRECOOLER CONT. VALVE SENSOR,1.0,N
102494027,36-11,R1131-906,PACKING,1.0,N
191560734,25-00,67262-001-003,OVEN - RUMBOLD 737-800,1.0,N
105170856,36-11,1945-04-08,PNEUMATIC TESTING KIT,1.0,Y
105170856,36-11,3214552-6,SHUT OFF PNEU SYS VALVE (PRSOV),1.0,N
105170856,36-11,107484-6,HIGH STAGE PNEU EBU REGULATOR,1.0,N
105170856,36-11,3214446-4,HIGH STAGE VALVE,1.0,N
105170856,36-11,801A50-0005A,SEAL,2.0,N
105170856,36-11,801A50-0006A,SEAL,1.0,N
105170856,36-11,107492-6,BLEED AIR REGULATOR,1.0,N
105170856,36-11,332A2350-11,TUBE ASSY,1.0,N
105170856,36-11,16135-84,SENSE LINE - PNEUMATIC FLEXIBLE,1.0,N
190230859,38-00,62197-301-001,WATER BOILER,1.0,N
190397837,33-21,9651-35-0005,LIGHT BSI-35 IN TYPE F HARNESS CONFI,1.0,N
190397837,33-21,C33001-58,BSI LIGHT CABLE TESTER,1.0,Y
191420498,25-00,8201-11-0000-01,OVEN - BRITAX SELL,1.0,N
105393928,36-11,R0C7716128R,ROCOL LEAK DETECTOR SPRAY CODE 32030,1.0,N
105393928,36-11,1945-04-08,PNEUMATIC TESTING KIT,1.0,Y
105393928,36-11,3289562-5,VALVE - FAN AIR (PCCV),1.0,N
105393928,36-11,129666-2,ENGINE PRECOOLER CONT. VALVE SENSOR,1.0,N
105393928,36-11,107484-6,HIGH STAGE PNEU EBU REGULATOR,1.0,N
105393928,36-11,3214446-4,HIGH STAGE VALVE,1.0,N
105393928,36-11,107492-6,BLEED AIR REGULATOR,1.0,N
105393928,36-11,3214552-6,SHUT OFF PNEU SYS VALVE (PRSOV),1.0,N
105393928,36-11,801A50-0005A,SEAL,2.0,N
105393928,36-11,801A50-0006A,SEAL,2.0,N
105393928,36-11,82C10020-1,GASKET,1.0,N
105393928,36-11,S8990-611,PACKING,1.0,N
105393928,36-11,16135-80,SENSE LINE,1.0,N
105393928,36-11,332A2350-14,TUBE ASSY,1.0,N
105393928,36-11,AS1895-7-400,SEAL,2.0,N
41513092,33-42,PR1826B1-2,COLD CURE SEALANT,1.0,N
190135083,34-11,232N9003-1,GASKET,1.0,N
190135083,34-11,BMS5-95,SEALANT,1.0,N
55406155,33-42,72605363-1,LTRTL MAIN POWER SUPPLY ASSY,1.0,N
55406155,33-42,BMS5-95,SEALANT,1.0,N
42108383,38-10,62197-301-001,WATER BOILER,1.0,N
55102791,23-42,285W0024-1B,HANDSET - DARK GREY,1.0,N
55102791,23-42,476W2220-9N,CRADLE,1.0,N
55102791,23-42,HA623-257A,CORD ASSY (ATT HANDSET TO PCB),1.0,N
55102791,23-42,INT600,DECAL-HANDSET CALL DIRECTORY,1.0,N
55102791,23-42,020003263,CORD-TERMINATE AT INTERPHONE HANDSET,1.0,N
190559940,23-00,5145-1-82,AUDIO CONTROL PANEL,1.0,N
102477677,23-42,FLUKE177,MULTIMETER,1.0,Y
102477677,23-42,285W0024-1B,HANDSET - DARK GREY,1.0,N
55461808,73-11,2085M31G03,FUEL NOZZLE ASSEMBLY,8.0,N
55461808,73-11,2085M48P07,"GASKET, FUEL NOZZLES",1.0,N
55461808,73-11,AS3237-12,BOLT,40.0,N
55461808,73-11,2085M48P07,"GASKET, FUEL NOZZLES",8.0,N
55461808,73-11,3M471-2,3M 471 TAPE - RED - 2IN WIDE,2.0,N
55461808,73-11,2085M48P07,"GASKET, FUEL NOZZLES",1.0,N
55461808,73-11,BACB30US5-6,BOLT,1.0,N
55461808,73-11,AS3237-12,BOLT,4.0,N
55461808,73-11,2085M48P07,"GASKET, FUEL NOZZLES",1.0,N
55461808,73-11,AS1895-23-150,SEAL- HIGH CONFORMANCE,2.0,N
55461808,73-11,AS1895-23-200,"SEAL, HIGH CONFORMANCE",2.0,N
55461808,73-11,AS1895-23-100,SEAL - HIGH CONFORMANCE,2.0,N
55461808,73-11,AS1895-23-175,SEAL- HIGH CONFORMANCE,2.0,N
55461808,73-11,AS1895-23-150,SEAL- HIGH CONFORMANCE,2.0,N
55461808,73-11,AS1895-23-150,SEAL- HIGH CONFORMANCE,2.0,N
55461808,73-11,BACC13AT3K18,CABLE,50.0,N
55461808,73-11,2525M65P02,GASKET- SEAL - FUEL NOZZLES,2.0,N
55461808,73-11,2532M16P01,SEAL,1.0,N
55461808,73-11,AS1895-23-250,SEAL- HIGH CONFORMANCE,1.0,N
55268833,27-36,0851HT2,PITOT PROBE,1.0,N
55268833,27-36,232N9003-1,GASKET,2.0,N
104395064,72-00,FANLUBEFULLKIT,FAN BLADE REMOVAL TOOL KIT,1.0,Y
104395064,72-00,IPA,ISOPROPYL ALCOHOL,5.0,N
104395064,72-00,LN9051,FAN BLADE MARKER CP5061,1.0,N
104395064,72-00,NYC065,VV-P-236 D00504 GREASE PETROLATUM,1.0,N
104395064,72-00,STD585,FANLUBE PROTECTIVE MAT,1.0,Y
104395064,72-00,M0LYK0TED321,MOLYKOTE D-321 R CP5062 FILM (SPRAY),2.0,N
102479229,38-31,2-135NM506-65,O-RING,1.0,N
102479229,38-31,MS9021-226,PACKING,2.0,N
102479229,38-31,14330-230,FLUSH VALVE ASSY,1.0,N
102479229,38-31,2-139N602-70,PACKING,1.0,N
102479229,38-31,2-135N506-65,PACKING,2.0,N
102479229,38-31,MS29513-226,PACKING,2.0,N
104413053,36-00,3214446-4,HIGH STAGE VALVE,1.0,N
104413053,36-00,1945-04-08,PNEUMATIC TESTING KIT,1.0,Y
104413053,36-00,R0C7716128R,ROCOL LEAK DETECTOR SPRAY CODE 32030,1.0,N
104413053,36-00,3214552-6,SHUT OFF PNEU SYS VALVE (PRSOV),1.0,N
104413053,36-00,107484-6,HIGH STAGE PNEU EBU REGULATOR,1.0,N
104413053,36-00,801A50-0005A,SEAL,2.0,N
104413053,36-00,801A50-0006A,SEAL,1.0,N
104413053,36-00,16135-80,SENSE LINE,1.0,N
104413053,36-00,AS1895-7-350,SEAL,1.0,N
104413053,36-00,16135-83,SENSE LINE - PNEUMATIC,1.0,N
104413053,36-00,332A2350-11,TUBE ASSY,1.0,N
104413053,36-00,16135-84,SENSE LINE - PNEUMATIC FLEXIBLE,1.0,N
191169565,25-00,8201-11-0000-01,OVEN - BRITAX SELL,1.0,N
55489502,33-00,9651-35-0002,LIGHT BSI-35 IN TYPE C HARNESS CONFI,1.0,N
55489502,33-00,C33001-58,BSI LIGHT CABLE TESTER,1.0,Y
190589481,33-00,9651-35-0002,LIGHT BSI-35 IN TYPE C HARNESS CONFI,1.0,N
190589481,33-00,C33001-58,BSI LIGHT CABLE TESTER,1.0,Y
55700623,33-42,PS870B1-2,SEALANT BMS5-95,1.0,N
103572574,72-00,FANLUBEFULLKIT,FAN BLADE REMOVAL TOOL KIT,1.0,Y
103572574,72-00,IPA,ISOPROPYL ALCOHOL,5.0,N
103572574,72-00,LN9051,FAN BLADE MARKER CP5061,1.0,N
103572574,72-00,NYC065,VV-P-236 D00504 GREASE PETROLATUM,1.0,N
103572574,72-00,STD585,FANLUBE PROTECTIVE MAT,1.0,Y
103572574,72-00,M0LYK0TED321,MOLYKOTE D-321 R CP5062 FILM (SPRAY),2.0,N
103572574,72-00,340-001-038-0,CFM56 FAN BLADE,1.0,N
103572574,72-00,340-001-038-0,CFM56 FAN BLADE,1.0,N
103572574,72-00,340-001-038-0,CFM56 FAN BLADE,1.0,N
190374024,33-21,9701-14-0001,LIGHT ASSY - BSI LED OVERWING EXIT,1.0,N
190157595,33-42,BACC63BP12C12SN,CONNECTOR (RLL OLD CONNECTOR),1.0,N
190157595,33-42,NAS1149D0416J,WASHER,1.0,N
190157595,33-42,PR1776MB2,SEALANT BMS5-45,1.0,N
40354146,23-00,285W0024-1B,HANDSET - DARK GREY,1.0,N
40255736,33-00,9651-35-0004,LIGHT BSI-35 IN TYPE E HARNESS CONFI,1.0,N
106580428,38-32,14330-230,FLUSH VALVE ASSY,1.0,N
106580428,38-32,2-135N506-65,PACKING,2.0,N
106580428,38-32,MS29513-226,PACKING,2.0,N
106580428,38-32,15800-246,SEAL,1.0,N
191269917,33-00,9651-35-0002,LIGHT BSI-35 IN TYPE C HARNESS CONFI,1.0,N
191269917,33-00,C33001-58,BSI LIGHT CABLE TESTER,1.0,Y
107267016,36-00,1945-04-08,PNEUMATIC TESTING KIT,1.0,Y
107267016,36-00,MS24391J6,PLUG,1.0,N
107267016,36-00,332A2350-14,TUBE ASSY,1.0,N
107267016,36-00,332A2350-12,TUBE ASSY,1.0,N
107267016,36-00,16135-81,SENSE LINE,1.0,N
107267016,36-00,16135-83,SENSE LINE - PNEUMATIC,1.0,N
107267016,36-00,16135-96,SENSE LINE - PNEUMATIC,1.0,N
107267016,36-00,16135-84,SENSE LINE - PNEUMATIC FLEXIBLE,1.0,N
107267016,36-00,332A2350-11,TUBE ASSY,1.0,N
107267016,36-00,3289562-5,VALVE - FAN AIR (PCCV),1.0,N
107267016,36-00,129666-2,ENGINE PRECOOLER CONT. VALVE SENSOR,1.0,N
107267016,36-00,107484-6,HIGH STAGE PNEU EBU REGULATOR,1.0,N
107267016,36-00,3214446-4,HIGH STAGE VALVE,1.0,N
107267016,36-00,107492-6,BLEED AIR REGULATOR,1.0,N
107267016,36-00,3214552-6,SHUT OFF PNEU SYS VALVE (PRSOV),1.0,N
107267016,36-00,801A50-0005A,SEAL,2.0,N
107267016,36-00,801A50-0006A,SEAL,1.0,N
107267016,36-00,82C10020-1,GASKET,1.0,N
107267016,36-00,S8990-611,PACKING,1.0,N
107267016,36-00,801A50-0005A,SEAL,1.0,N
107267016,36-00,801A50-0006A,SEAL,1.0,N
190298320,38-00,62197-301-001,WATER BOILER,1.0,N
191423967,26-00,473597-5,CARGO SMOKE DETECTOR,1.0,N
190022557,33-00,9651-35-0003,LIGHT BSI-35 IN TYPE D HARNESS CONFI,1.0,N
107320935,36-00,R0C7716128R,ROCOL LEAK DETECTOR SPRAY CODE 32030,1.0,N
107320935,36-00,1945-04-08,PNEUMATIC TESTING KIT,1.0,Y
107320935,36-00,AS1895-7-400,SEAL,1.0,N
107320935,36-00,AS1895-7-350,SEAL,1.0,N
107320935,36-00,16135-80,SENSE LINE,1.0,N
107320935,36-00,332A2350-14,TUBE ASSY,1.0,N
107320935,36-00,332A2350-12,TUBE ASSY,1.0,N
107320935,36-00,16135-81,SENSE LINE,1.0,N
107320935,36-00,16135-83,SENSE LINE - PNEUMATIC,1.0,N
107320935,36-00,16135-96,SENSE LINE - PNEUMATIC,1.0,N
107320935,36-00,16135-84,SENSE LINE - PNEUMATIC FLEXIBLE,1.0,N
107320935,36-00,332A2350-11,TUBE ASSY,1.0,N
107320935,36-00,3289562-5,VALVE - FAN AIR (PCCV),1.0,N
107320935,36-00,129666-2,ENGINE PRECOOLER CONT. VALVE SENSOR,1.0,N
107320935,36-00,107484-6,HIGH STAGE PNEU EBU REGULATOR,1.0,N
107320935,36-00,3214446-4,HIGH STAGE VALVE,1.0,N
107320935,36-00,107492-6,BLEED AIR REGULATOR,1.0,N
107320935,36-00,3214552-6,SHUT OFF PNEU SYS VALVE (PRSOV),1.0,N
107320935,36-00,801A50-0005A,SEAL,2.0,N
107320935,36-00,801A50-0006A,SEAL,1.0,N
107320935,36-00,82C10020-1,GASKET,1.0,N
107320935,36-00,S8990-611,PACKING,1.0,N
55628908,33-42,72500410-2,LTRTL MAIN ARRAY ASSY (LH INBD),1.0,N
55628908,33-42,72500410-1,LTRTL MAIN ARRAY ASSY (LH OUTBD),1.0,N
55628908,33-42,72605363-1,LTRTL MAIN POWER SUPPLY ASSY,1.0,N
103414795,38-32,14330-230,FLUSH VALVE ASSY,1.0,N
103414795,38-32,2-135N506-65,PACKING,2.0,N
103414795,38-32,MS29513-226,PACKING,2.0,N
103414795,38-32,NAS679C3M,NUT,1.0,N
103414795,38-32,MS15795-842,WASHER,1.0,N
103656804,36-11,107484-6,HIGH STAGE PNEU EBU REGULATOR,1.0,N
103656804,36-11,801A50-0005A,SEAL,2.0,N
103656804,36-11,801A50-0006A,SEAL,1.0,N
190595492,33-00,C33001-58,BSI LIGHT CABLE TESTER,1.0,Y
190595492,33-00,9651-35-0002,LIGHT BSI-35 IN TYPE C HARNESS CONFI,1.0,N
190595492,33-00,9651-35-0003,LIGHT BSI-35 IN TYPE D HARNESS CONFI,1.0,N
190114594,26-00,473597-5,CARGO SMOKE DETECTOR,1.0,N
55594324,33-00,9651-35-0002,LIGHT BSI-35 IN TYPE C HARNESS CONFI,1.0,N
55594324,33-00,C33001-58,BSI LIGHT CABLE TESTER,1.0,Y
102214877,36-11,R0C7716128R,ROCOL LEAK DETECTOR SPRAY CODE 32030,1.0,N
102214877,36-11,16135-81,SENSE LINE,1.0,N
102214877,36-11,1945-04-08,PNEUMATIC TESTING KIT,1.0,Y
102214877,36-11,3289562-5,VALVE - FAN AIR (PCCV),1.0,N
102214877,36-11,3214552-6,SHUT OFF PNEU SYS VALVE (PRSOV),1.0,N
102214877,36-11,82C10020-1,GASKET,1.0,N
102214877,36-11,S8990-611,PACKING,1.0,N
102214877,36-11,332A2350-14,TUBE ASSY,1.0,N
102214877,36-11,332A2350-12,TUBE ASSY,1.0,N
102214877,36-11,16135-80,SENSE LINE,1.0,N
102214877,36-11,107492-6,BLEED AIR REGULATOR,1.0,N
102214877,36-11,107484-6,HIGH STAGE PNEU EBU REGULATOR,1.0,N
102214877,36-11,801A50-0005A,SEAL,2.0,N
102214877,36-11,801A50-0006A,SEAL,1.0,N
103735724,33-24,FLUKE117,MULTIMETER - FLUKE 117 DIGITAL,1.0,Y
103735724,33-24,9501-13-0001,LIGHT ASSY - DIRECT,1.0,N
55123234,38-00,62197-301-001,WATER BOILER,1.0,N
55463765,25-00,62197-301-001,WATER BOILER,1.0,N
190593694,25-00,8201-11-0000-01,OVEN - BRITAX SELL,1.0,N
106951807,72-00,FANLUBEFULLKIT,FAN BLADE REMOVAL TOOL KIT,1.0,Y
106951807,72-00,IPA,ISOPROPYL ALCOHOL,5.0,N
106951807,72-00,LN9051,FAN BLADE MARKER CP5061,1.0,N
106951807,72-00,NYC065,VV-P-236 D00504 GREASE PETROLATUM,1.0,N
106951807,72-00,STD585,FANLUBE PROTECTIVE MAT,1.0,Y
106951807,72-00,M0LYK0TED321,MOLYKOTE D-321 R CP5062 FILM (SPRAY),2.0,N
106951807,72-00,340-001-816-0,PLATFORM FAN BLADE,4.0,N
55610558,33-20,9651-35-0002,LIGHT BSI-35 IN TYPE C HARNESS CONFI,1.0,N
190149093,72-00,FANLUBEFULLKIT,FAN BLADE REMOVAL TOOL KIT,1.0,Y
190149093,72-00,LN9051,FAN BLADE MARKER CP5061,1.0,N
190149093,72-00,NYC065,VV-P-236 D00504 GREASE PETROLATUM,1.0,N
190149093,72-00,M0LYK0TED321,MOLYKOTE D-321 R CP5062 FILM (SPRAY),1.0,N
190149093,72-00,340-001-036-0,CFM56 FAN BLADE,4.0,N
190508170,25-00,72184025,WATER BOILER,1.0,N
190508170,25-00,ERT/1310-528-01,ADAPTOR FITTING MALE-FEMALE,1.0,N
190284637,25-00,62197-301-001,WATER BOILER,1.0,N
55456648,33-00,9651-35-0002,LIGHT BSI-35 IN TYPE C HARNESS CONFI,1.0,N
55456648,33-00,C33001-58,BSI LIGHT CABLE TESTER,1.0,Y
55162434,25-35,72184025,WATER BOILER,1.0,N
55162434,25-35,62197-301-001,WATER BOILER,1.0,N
190574105,33-42,PR1826B1-4,COLD CURE SEALANT,1.0,N
190574105,33-42,BACC63BP12C12SN,CONNECTOR (RLL OLD CONNECTOR),1.0,N
42050269,33-20,9651-35-0005,LIGHT BSI-35 IN TYPE F HARNESS CONFI,1.0,N
190154740,23-00,285W0024-1B,HANDSET - DARK GREY,1.0,N
190154740,23-00,020003263,CORD-TERMINATE AT INTERPHONE HANDSET,1.0,N
105398207,36-11,1945-04-08,PNEUMATIC TESTING KIT,1.0,Y
105398207,36-11,3289562-5,VALVE - FAN AIR (PCCV),1.0,N
105398207,36-11,129666-2,ENGINE PRECOOLER CONT. VALVE SENSOR,1.0,N
105398207,36-11,107484-6,HIGH STAGE PNEU EBU REGULATOR,1.0,N
105398207,36-11,3214446-4,HIGH STAGE VALVE,1.0,N
105398207,36-11,107492-6,BLEED AIR REGULATOR,1.0,N
105398207,36-11,3214552-6,SHUT OFF PNEU SYS VALVE (PRSOV),1.0,N
105398207,36-11,801A50-0005A,SEAL,2.0,N
105398207,36-11,801A50-0006A,SEAL,1.0,N
105398207,36-11,82C10020-1,GASKET,1.0,N
105398207,36-11,S8990-611,PACKING,1.0,N
190287085,33-00,9651-35-0005,LIGHT BSI-35 IN TYPE F HARNESS CONFI,1.0,N
190287085,33-00,C33001-58,BSI LIGHT CABLE TESTER,1.0,Y
190774793,23-00,5145-1-82,AUDIO CONTROL PANEL,1.0,N
102474872,36-00,3214446-4,HIGH STAGE VALVE,1.0,N
102474872,36-00,1945-04-08,PNEUMATIC TESTING KIT,1.0,Y
102474872,36-00,107484-6,HIGH STAGE PNEU EBU REGULATOR,1.0,N
102474872,36-00,R0C7716128R,ROCOL LEAK DETECTOR SPRAY CODE 32030,1.0,N
102474872,36-00,801A50-0005A,SEAL,2.0,N
102474872,36-00,801A50-0006A,SEAL,1.0,N
103288780,36-00,107484-6,HIGH STAGE PNEU EBU REGULATOR,1.0,N
103288780,36-00,801A50-0005A,SEAL,2.0,N
103288780,36-00,801A50-0006A,SEAL,1.0,N
104344865,36-00,3214446-4,HIGH STAGE VALVE,1.0,N
104344865,36-00,1945-04-08,PNEUMATIC TESTING KIT,1.0,Y
104344865,36-00,R0C7716128R,ROCOL LEAK DETECTOR SPRAY CODE 32030,1.0,N
104344865,36-00,3214552-6,SHUT OFF PNEU SYS VALVE (PRSOV),1.0,N
104344865,36-00,107484-6,HIGH STAGE PNEU EBU REGULATOR,1.0,N
104344865,36-00,801A50-0005A,SEAL,2.0,N
104344865,36-00,801A50-0006A,SEAL,1.0,N
104344865,36-00,16135-80,SENSE LINE,1.0,N
104344865,36-00,AS1895-7-350,SEAL,1.0,N
104344865,36-00,16135-83,SENSE LINE - PNEUMATIC,1.0,N
104344865,36-00,332A2350-11,TUBE ASSY,1.0,N
104344865,36-00,16135-84,SENSE LINE - PNEUMATIC FLEXIBLE,1.0,N
190488641,33-21,9651-35-0003,LIGHT BSI-35 IN TYPE D HARNESS CONFI,1.0,N
107227480,36-11,129694-2,ENG BLEED OVERTEMP SENSOR (450 STAT),1.0,N
107227480,36-11,S8990-611,PACKING,1.0,N
107227480,36-11,1945-04-08,PNEUMATIC TESTING KIT,1.0,Y
107227480,36-11,3289562-5,VALVE - FAN AIR (PCCV),1.0,N
107227480,36-11,129666-2,ENGINE PRECOOLER CONT. VALVE SENSOR,1.0,N
107227480,36-11,107484-6,HIGH STAGE PNEU EBU REGULATOR,1.0,N
107227480,36-11,3214446-4,HIGH STAGE VALVE,1.0,N
107227480,36-11,107492-6,BLEED AIR REGULATOR,1.0,N
107227480,36-11,3214552-6,SHUT OFF PNEU SYS VALVE (PRSOV),1.0,N
107227480,36-11,801A50-0005A,SEAL,3.0,N
107227480,36-11,801A50-0006A,SEAL,1.0,N
107227480,36-11,82C10020-1,GASKET,1.0,N
107227480,36-11,S8990-611,PACKING,1.0,N
107227480,36-11,AS1895-7-350,SEAL,3.0,N
107227480,36-11,16135-81,SENSE LINE,1.0,N
107227480,36-11,16135-96,SENSE LINE - PNEUMATIC,1.0,N
42049257,33-20,9651-35-0005,LIGHT BSI-35 IN TYPE F HARNESS CONFI,1.0,N
106965915,72-00,FANLUBEFULLKIT,FAN BLADE REMOVAL TOOL KIT,1.0,Y
106965915,72-00,IPA,ISOPROPYL ALCOHOL,5.0,N
106965915,72-00,LN9051,FAN BLADE MARKER CP5061,1.0,N
106965915,72-00,NYC065,VV-P-236 D00504 GREASE PETROLATUM,1.0,N
106965915,72-00,STD585,FANLUBE PROTECTIVE MAT,1.0,Y
106965915,72-00,M0LYK0TED321,MOLYKOTE D-321 R CP5062 FILM (SPRAY),2.0,N
106965915,72-00,340-001-816-0,PLATFORM FAN BLADE,4.0,N
55153231,23-51,5145-1-82,AUDIO CONTROL PANEL,1.0,N
41887406,33-00,72605363-1,LTRTL MAIN POWER SUPPLY ASSY,1.0,N
191271312,38-00,62197-301-001,WATER BOILER,1.0,N
101927020,38-00,AQUAJET,POTABLE WATER DISINFECTION TOOL,1.0,Y
101927020,38-00,AA59147,CITRIC ACID,1.0,N
101927020,38-00,CB3007,INSTANT CHLORINE RELEASE TABLET,3.0,N
101927020,38-00,778000,CARTRIDGE,2.0,N
101927020,38-00,72184025,WATER BOILER,3.0,N
190376044,25-00,62197-301-001,WATER BOILER,1.0,N
191360097,38-00,62197-301-001,WATER BOILER,1.0,N
102594000,38-32,14330-230,FLUSH VALVE ASSY,1.0,N
102594000,38-32,2-135N506-65,PACKING,2.0,N
102594000,38-32,MS29513-226,PACKING,2.0,N
102594000,38-32,NAS679C3M,NUT,1.0,N
102594000,38-32,MS15795-842,WASHER,1.0,N
55349579,34-11,232N9003-1,GASKET,1.0,N
103508072,72-00,FANLUBEFULLKIT,FAN BLADE REMOVAL TOOL KIT,1.0,Y
103508072,72-00,IPA,ISOPROPYL ALCOHOL,5.0,N
103508072,72-00,LN9051,FAN BLADE MARKER CP5061,1.0,N
103508072,72-00,NYC065,VV-P-236 D00504 GREASE PETROLATUM,1.0,N
103508072,72-00,STD585,FANLUBE PROTECTIVE MAT,1.0,Y
103508072,72-00,M0LYK0TED321,MOLYKOTE D-321 R CP5062 FILM (SPRAY),2.0,N
103508072,72-00,340-001-038-0,CFM56 FAN BLADE,1.0,N
103508072,72-00,340-001-038-0,CFM56 FAN BLADE,1.0,N
103508072,72-00,340-001-036-0,CFM56 FAN BLADE,1.0,N
103508072,72-00,340-001-036-0,CFM56 FAN BLADE,1.0,N
41933277,25-31,62197-301-001,WATER BOILER,1.0,N
55736419,30-00,M1,BONDING METER,1.0,Y
55736419,30-00,MS20995NC32,LOCKWIRE,1.0,N
55412531,33-21,9651-35-0005,LIGHT BSI-35 IN TYPE F HARNESS CONFI,1.0,N
55412531,33-21,C33001-58,BSI LIGHT CABLE TESTER,1.0,Y
55412531,33-21,9701-14-0001,LIGHT ASSY - BSI LED OVERWING EXIT,1.0,N
190189945,26-00,473597-5,CARGO SMOKE DETECTOR,1.0,N
190189945,26-00,473597-5,CARGO SMOKE DETECTOR,1.0,N
190433092,33-21,9651-35-0002,LIGHT BSI-35 IN TYPE C HARNESS CONFI,1.0,N
190433092,33-21,C33001-58,BSI LIGHT CABLE TESTER,1.0,Y
55271203,30-00,BMS5-95,SEALANT,1.0,N
55271203,30-00,232N9003-1,GASKET,1.0,N
190549264,33-00,9701-14-0000,LIGHT ASSY-LED O/WING TYPE B CONNECT,1.0,N
190549264,33-00,9651-35-0002,LIGHT BSI-35 IN TYPE C HARNESS CONFI,1.0,N
190549264,33-00,C33001-58,BSI LIGHT CABLE TESTER,1.0,Y
102456128,72-00,FANLUBEFULLKIT,FAN BLADE REMOVAL TOOL KIT,1.0,Y
102456128,72-00,IPA,ISOPROPYL ALCOHOL,5.0,N
102456128,72-00,LN9051,FAN BLADE MARKER CP5061,1.0,N
102456128,72-00,NYC065,VV-P-236 D00504 GREASE PETROLATUM,1.0,N
102456128,72-00,STD585,FANLUBE PROTECTIVE MAT,1.0,Y
102456128,72-00,M0LYK0TED321,MOLYKOTE D-321 R CP5062 FILM (SPRAY),2.0,N
55363602,33-20,9651-35-0002,LIGHT BSI-35 IN TYPE C HARNESS CONFI,1.0,N
55363602,33-20,C33001-58,BSI LIGHT CABLE TESTER,1.0,Y
55363602,33-20,9651-35-0002,LIGHT BSI-35 IN TYPE C HARNESS CONFI,1.0,N
102637255,36-00,3214446-4,HIGH STAGE VALVE,1.0,N
102637255,36-00,1945-04-08,PNEUMATIC TESTING KIT,1.0,Y
102637255,36-00,R0C7716128R,ROCOL LEAK DETECTOR SPRAY CODE 32030,1.0,N
102637255,36-00,3214552-6,SHUT OFF PNEU SYS VALVE (PRSOV),1.0,N
102637255,36-00,107484-6,HIGH STAGE PNEU EBU REGULATOR,1.0,N
102637255,36-00,801A50-0005A,SEAL,2.0,N
102637255,36-00,801A50-0006A,SEAL,1.0,N
55164295,38-00,72184025,WATER BOILER,1.0,N
55374046,38-10,62197-301-001,WATER BOILER,1.0,N
55314709,33-21,9651-35-0001,LIGHT BSI-35 IN TYPE B HARNESS CONFI,1.0,N
55314709,33-21,9651-35-0005,LIGHT BSI-35 IN TYPE F HARNESS CONFI,1.0,N
55314709,33-21,C33001-58,BSI LIGHT CABLE TESTER,1.0,Y
190630038,36-00,107484-7,HIGH STAGE PNEU EBU REGULATOR,1.0,N
190630038,36-00,801A50-0005A,SEAL,2.0,N
190630038,36-00,801A50-0006A,SEAL,1.0,N
104699757,72-00,FANLUBEFULLKIT,FAN BLADE REMOVAL TOOL KIT,1.0,Y
104699757,72-00,IPA,ISOPROPYL ALCOHOL,5.0,N
104699757,72-00,LN9051,FAN BLADE MARKER CP5061,1.0,N
104699757,72-00,NYC065,VV-P-236 D00504 GREASE PETROLATUM,1.0,N
104699757,72-00,STD585,FANLUBE PROTECTIVE MAT,1.0,Y
104699757,72-00,M0LYK0TED321,MOLYKOTE D-321 R CP5062 FILM (SPRAY),2.0,N
107332878,36-00,R0C7716128R,ROCOL LEAK DETECTOR SPRAY CODE 32030,1.0,N
107332878,36-00,1945-04-08,PNEUMATIC TESTING KIT,1.0,Y
107332878,36-00,AS1895-7-400,SEAL,1.0,N
107332878,36-00,AS1895-7-350,SEAL,1.0,N
107332878,36-00,16135-80,SENSE LINE,1.0,N
107332878,36-00,332A2350-14,TUBE ASSY,1.0,N
107332878,36-00,332A2350-12,TUBE ASSY,1.0,N
107332878,36-00,16135-81,SENSE LINE,1.0,N
107332878,36-00,16135-83,SENSE LINE - PNEUMATIC,1.0,N
107332878,36-00,16135-96,SENSE LINE - PNEUMATIC,1.0,N
107332878,36-00,16135-84,SENSE LINE - PNEUMATIC FLEXIBLE,1.0,N
107332878,36-00,332A2350-11,TUBE ASSY,1.0,N
107332878,36-00,3289562-5,VALVE - FAN AIR (PCCV),1.0,N
107332878,36-00,129666-2,ENGINE PRECOOLER CONT. VALVE SENSOR,1.0,N
107332878,36-00,107484-6,HIGH STAGE PNEU EBU REGULATOR,1.0,N
107332878,36-00,3214446-4,HIGH STAGE VALVE,1.0,N
107332878,36-00,107492-6,BLEED AIR REGULATOR,1.0,N
107332878,36-00,3214552-6,SHUT OFF PNEU SYS VALVE (PRSOV),1.0,N
107332878,36-00,801A50-0005A,SEAL,2.0,N
107332878,36-00,801A50-0006A,SEAL,1.0,N
107332878,36-00,82C10020-1,GASKET,1.0,N
107332878,36-00,S8990-611,PACKING,1.0,N
190109794,25-00,62197-301-001,WATER BOILER,1.0,N
190109794,25-00,ERT-1310-606-01,KIT ERT-SB-1859 - SWAN NECKS,1.0,N
55163899,23-42,INT600,DECAL-HANDSET CALL DIRECTORY,1.0,N
191393763,25-31,62197-301-001,WATER BOILER,1.0,N
190316641,25-32,FR25-061,OVEN LINER ASSY,1.0,N
55552682,38-00,SC4L500301-4,FAUCET ASSEMBLY,1.0,N
190126826,25-31,72184025,WATER BOILER,1.0,N
103339856,36-11,R0C7716128R,ROCOL LEAK DETECTOR SPRAY CODE 32030,1.0,N
103339856,36-11,16135-81,SENSE LINE,1.0,N
103339856,36-11,1945-04-08,PNEUMATIC TESTING KIT,1.0,Y
103339856,36-11,3289562-5,VALVE - FAN AIR (PCCV),1.0,N
103339856,36-11,129666-2,ENGINE PRECOOLER CONT. VALVE SENSOR,1.0,N
103339856,36-11,107484-6,HIGH STAGE PNEU EBU REGULATOR,1.0,N
103339856,36-11,3214446-4,HIGH STAGE VALVE,1.0,N
103339856,36-11,107492-6,BLEED AIR REGULATOR,1.0,N
103339856,36-11,3214552-6,SHUT OFF PNEU SYS VALVE (PRSOV),1.0,N
103339856,36-11,801A50-0005A,SEAL,2.0,N
103339856,36-11,801A50-0006A,SEAL,1.0,N
103339856,36-11,82C10020-1,GASKET,1.0,N
103339856,36-11,S8990-611,PACKING,1.0,N
103339856,36-11,332A2350-14,TUBE ASSY,1.0,N
103339856,36-11,332A2350-12,TUBE ASSY,1.0,N
106802477,72-00,B71040-39,SLING INLET COWL,1.0,Y
106802477,72-00,BACB30PN10-19,BOLT ( ENG MOUNT FWD),4.0,N
106802477,72-00,BACB30PN14-32M,BOLT (CFM56-7B ENG MOUNT AFT),4.0,N
106802477,72-00,C71020-91,BOOTSTRAP KIT,1.0,Y
106802477,72-00,C71022-6,MOUNT NUT TORQUE WRENCH,1.0,Y
106802477,72-00,C78005-21,T/R COWL OPENING PUMP,1.0,Y
106802477,72-00,C78019-15,T/R HOLD OPEN EQUIP,1.0,Y
106802477,72-00,C78023-1,T/R COWL ACTUATOR LOCK,1.0,Y
106802477,72-00,SL4147CA10A,NUT AY - (CFM56-7B ENG MOUNT FWD),4.0,N
106802477,72-00,SL4147CA14EBSP1,NUT AY - (CFM56-7B ENG MOUNT AFT),4.0,N
106802477,72-00,3M471-2,3M 471 TAPE - RED - 2IN WIDE,1.0,N
106802477,72-00,CFM56-7B,ENGINE,1.0,N
106802477,72-00,BACW10BP14ACU,WASHER (LEAP ENG AFT MOUNT),4.0,N
106802477,72-00,BACW10BP10ACU,WASHER,4.0,N
106802477,72-00,J221P028,PACKING,3.0,N
106802477,72-00,335-299-401-0,SEAL,3.0,N
106802477,72-00,BALANCESCREWKIT,ENG FAN BALANCE SCREW KIT,1.0,Y
106802477,72-00,M0LYK0TED321,MOLYKOTE D-321 R CP5062 FILM (SPRAY),1.0,N
106802477,72-00,856A3617G01,"PULLER - MAGNETIC PLUG, LUBRICATION",1.0,Y
106802477,72-00,AEROKROIL,PENETRATING FLUID - CP2691 13OZ AERO,2.0,N
106802477,72-00,82C10020-2,SEAL - FAN AIR VALVE,1.0,N
106802477,72-00,107484-7,HIGH STAGE PNEU EBU REGULATOR,1.0,N
106802477,72-00,801A50-0005A,SEAL,2.0,N
106802477,72-00,801A50-0006A,SEAL,1.0,N
106802477,72-00,731476,GASKET,1.0,N
106802477,72-00,BH00304-4,NUT - SELF LOCKING,156.0,N
106802477,72-00,801A50-0006A,SEAL,2.0,N
106802477,72-00,801A50-0005A,SEAL,3.0,N
106802477,72-00,BACW10BP14ACU,WASHER (LEAP ENG AFT MOUNT),4.0,N
106802477,72-00,BACW10BP10ACU,WASHER,4.0,N
106802477,72-00,16135-80,SENSE LINE,1.0,N
106802477,72-00,M0BILJETII,ENGINE OIL,2.0,N
106802477,72-00,J221P904,PACKING,1.0,N
106802477,72-00,RC3506-1,BRACKET - SWIVEL,2.0,N
106802477,72-00,BACC10JB034C064,CLAMP,1.0,N
104441554,72-00,FANLUBEFULLKIT,FAN BLADE REMOVAL TOOL KIT,1.0,Y
104441554,72-00,IPA,ISOPROPYL ALCOHOL,5.0,N
104441554,72-00,LN9051,FAN BLADE MARKER CP5061,1.0,N
104441554,72-00,NYC065,VV-P-236 D00504 GREASE PETROLATUM,1.0,N
104441554,72-00,STD585,FANLUBE PROTECTIVE MAT,1.0,Y
104441554,72-00,M0LYK0TED321,MOLYKOTE D-321 R CP5062 FILM (SPRAY),2.0,N
104441554,72-00,340-001-038-0,CFM56 FAN BLADE,1.0,N
104441554,72-00,340-001-038-0,CFM56 FAN BLADE,1.0,N
105863884,38-32,14330-230,FLUSH VALVE ASSY,1.0,N
105863884,38-32,2-135N506-65,PACKING,2.0,N
105863884,38-32,MS29513-226,PACKING,2.0,N
106626865,36-00,R0C7716128R,ROCOL LEAK DETECTOR SPRAY CODE 32030,1.0,N
106626865,36-00,801A50-0005A,SEAL,2.0,N
106626865,36-00,801A50-0006A,SEAL,1.0,N
106626865,36-00,16135-80,SENSE LINE,1.0,N
106626865,36-00,AS1895-7-350,SEAL,1.0,N
106626865,36-00,16135-83,SENSE LINE - PNEUMATIC,1.0,N
106626865,36-00,332A2350-11,TUBE ASSY,1.0,N
106626865,36-00,16135-84,SENSE LINE - PNEUMATIC FLEXIBLE,1.0,N
106626865,36-00,1945-04-08,PNEUMATIC TESTING KIT,1.0,Y
106626865,36-00,3289562-5,VALVE - FAN AIR (PCCV),1.0,N
106626865,36-00,129666-2,ENGINE PRECOOLER CONT. VALVE SENSOR,1.0,N
106626865,36-00,107484-6,HIGH STAGE PNEU EBU REGULATOR,1.0,N
106626865,36-00,3214446-4,HIGH STAGE VALVE,1.0,N
106626865,36-00,107492-6,BLEED AIR REGULATOR,1.0,N
106626865,36-00,3214552-6,SHUT OFF PNEU SYS VALVE (PRSOV),1.0,N
106626865,36-00,801A50-0005A,SEAL,2.0,N
106626865,36-00,801A50-0006A,SEAL,1.0,N
106626865,36-00,82C10020-1,GASKET,1.0,N
106626865,36-00,S8990-611,PACKING,1.0,N
190138681,33-20,9651-35-0002,LIGHT BSI-35 IN TYPE C HARNESS CONFI,1.0,N
102059263,36-11,1945-04-08,PNEUMATIC TESTING KIT,1.0,Y
102059263,36-11,3214552-6,SHUT OFF PNEU SYS VALVE (PRSOV),1.0,N
102059263,36-11,107484-6,HIGH STAGE PNEU EBU REGULATOR,1.0,N
102059263,36-11,3214446-4,HIGH STAGE VALVE,1.0,N
102059263,36-11,801A50-0005A,SEAL,2.0,N
102059263,36-11,801A50-0006A,SEAL,1.0,N
105749094,72-00,FANLUBEFULLKIT,FAN BLADE REMOVAL TOOL KIT,1.0,Y
105749094,72-00,IPA,ISOPROPYL ALCOHOL,5.0,N
105749094,72-00,LN9051,FAN BLADE MARKER CP5061,2.0,N
105749094,72-00,NYC065,VV-P-236 D00504 GREASE PETROLATUM,1.0,N
105749094,72-00,STD585,FANLUBE PROTECTIVE MAT,1.0,Y
105749094,72-00,M0LYK0TED321,MOLYKOTE D-321 R CP5062 FILM (SPRAY),1.0,N
105749094,72-00,340-001-038-0,CFM56 FAN BLADE,24.0,N
105749094,72-00,9111M35P07,CFM BALANCE SCREW,4.0,N
190557101,33-00,9651-35-0002,LIGHT BSI-35 IN TYPE C HARNESS CONFI,1.0,N
190557101,33-00,C33001-58,BSI LIGHT CABLE TESTER,1.0,Y
190428335,25-32,8201-11-0000,OVEN - BRITAX SELL 737-800,1.0,N
104314079,36-00,3214446-4,HIGH STAGE VALVE,1.0,N
104314079,36-00,1945-04-08,PNEUMATIC TESTING KIT,1.0,Y
104314079,36-00,R0C7716128R,ROCOL LEAK DETECTOR SPRAY CODE 32030,1.0,N
104314079,36-00,3214552-6,SHUT OFF PNEU SYS VALVE (PRSOV),1.0,N
104314079,36-00,107484-6,HIGH STAGE PNEU EBU REGULATOR,1.0,N
104314079,36-00,801A50-0005A,SEAL,2.0,N
104314079,36-00,801A50-0006A,SEAL,1.0,N
104314079,36-00,16135-80,SENSE LINE,1.0,N
104314079,36-00,AS1895-7-350,SEAL,1.0,N
104314079,36-00,16135-83,SENSE LINE - PNEUMATIC,1.0,N
104314079,36-00,332A2350-11,TUBE ASSY,1.0,N
104314079,36-00,16135-84,SENSE LINE - PNEUMATIC FLEXIBLE,1.0,N
55000570,80-00,1945-04-08,PNEUMATIC TESTING KIT,1.0,Y
55000570,80-00,3289562-5,VALVE - FAN AIR (PCCV),1.0,N
55000570,80-00,129666-2,ENGINE PRECOOLER CONT. VALVE SENSOR,1.0,N
55000570,80-00,107484-6,HIGH STAGE PNEU EBU REGULATOR,1.0,N
55000570,80-00,3214446-4,HIGH STAGE VALVE,1.0,N
55000570,80-00,107492-6,BLEED AIR REGULATOR,1.0,N
55000570,80-00,3214552-6,SHUT OFF PNEU SYS VALVE (PRSOV),1.0,N
55000570,80-00,801A50-0005A,SEAL,2.0,N
55000570,80-00,801A50-0006A,SEAL,1.0,N
55000570,80-00,82C10020-1,GASKET,1.0,N
55000570,80-00,S8990-611,PACKING,1.0,N
41461152,38-00,SC4L500301-5,FAUCET ASSY,1.0,N
190285081,38-10,62197-301-001,WATER BOILER,1.0,N
190285081,38-10,ERT/1310-504-01,SWAN NECK SPIGOT ASSEMBLY,1.0,N
55363217,25-00,62197-301-001,WATER BOILER,1.0,N
55605792,38-10,SC4L500301-5,FAUCET ASSY,1.0,N
107272755,36-00,R0C7716128R,ROCOL LEAK DETECTOR SPRAY CODE 32030,1.0,N
107272755,36-00,801A50-0005A,SEAL,2.0,N
107272755,36-00,801A50-0006A,SEAL,1.0,N
107272755,36-00,16135-80,SENSE LINE,1.0,N
107272755,36-00,AS1895-7-350,SEAL,1.0,N
107272755,36-00,16135-83,SENSE LINE - PNEUMATIC,1.0,N
107272755,36-00,332A2350-11,TUBE ASSY,1.0,N
107272755,36-00,16135-84,SENSE LINE - PNEUMATIC FLEXIBLE,1.0,N
107272755,36-00,1945-04-08,PNEUMATIC TESTING KIT,1.0,Y
107272755,36-00,3289562-5,VALVE - FAN AIR (PCCV),1.0,N
107272755,36-00,129666-2,ENGINE PRECOOLER CONT. VALVE SENSOR,1.0,N
107272755,36-00,107484-6,HIGH STAGE PNEU EBU REGULATOR,1.0,N
107272755,36-00,3214446-4,HIGH STAGE VALVE,1.0,N
107272755,36-00,107492-6,BLEED AIR REGULATOR,1.0,N
107272755,36-00,3214552-6,SHUT OFF PNEU SYS VALVE (PRSOV),1.0,N
107272755,36-00,801A50-0005A,SEAL,2.0,N
107272755,36-00,801A50-0006A,SEAL,1.0,N
107272755,36-00,82C10020-1,GASKET,1.0,N
107272755,36-00,S8990-611,PACKING,1.0,N
42182747,33-00,9651-35-0003,LIGHT BSI-35 IN TYPE D HARNESS CONFI,1.0,N
41936577,33-42,PR1826B1-4,COLD CURE SEALANT,1.0,N
55559294,33-20,9651-35-0005,LIGHT BSI-35 IN TYPE F HARNESS CONFI,1.0,N
107169556,72-00,340-001-038-0,CFM56 FAN BLADE,4.0,N
55444702,33-20,9651-35-0003,LIGHT BSI-35 IN TYPE D HARNESS CONFI,1.0,N
190426973,33-21,9651-35-0005,LIGHT BSI-35 IN TYPE F HARNESS CONFI,1.0,N
55027563,25-00,5145-1-82,AUDIO CONTROL PANEL,1.0,N
55278748,25-30,FR25-061,OVEN LINER ASSY,1.0,N
190313779,33-21,9651-35-0005,LIGHT BSI-35 IN TYPE F HARNESS CONFI,1.0,N
190446779,25-00,8201-11-0000-01,OVEN - BRITAX SELL,1.0,N
106269584,36-00,1945-04-08,PNEUMATIC TESTING KIT,1.0,Y
106269584,36-00,R0C7716128R,ROCOL LEAK DETECTOR SPRAY CODE 32030,1.0,N
106269584,36-00,332A2350-12,TUBE ASSY,1.0,N
106269584,36-00,332A2350-14,TUBE ASSY,1.0,N
106269584,36-00,129666-2,ENGINE PRECOOLER CONT. VALVE SENSOR,1.0,N
106269584,36-00,16135-80,SENSE LINE,1.0,N
106269584,36-00,16135-81,SENSE LINE,1.0,N
106269584,36-00,16135-83,SENSE LINE - PNEUMATIC,1.0,N
106269584,36-00,3289562-5,VALVE - FAN AIR (PCCV),1.0,N
106269584,36-00,129666-2,ENGINE PRECOOLER CONT. VALVE SENSOR,1.0,N
106269584,36-00,107484-6,HIGH STAGE PNEU EBU REGULATOR,1.0,N
106269584,36-00,3214446-4,HIGH STAGE VALVE,1.0,N
106269584,36-00,107492-6,BLEED AIR REGULATOR,1.0,N
106269584,36-00,3214552-6,SHUT OFF PNEU SYS VALVE (PRSOV),1.0,N
106269584,36-00,801A50-0005A,SEAL,2.0,N
106269584,36-00,801A50-0006A,SEAL,1.0,N
106269584,36-00,82C10020-1,GASKET,1.0,N
106269584,36-00,S8990-611,PACKING,1.0,N
55604462,33-21,9651-35-0005,LIGHT BSI-35 IN TYPE F HARNESS CONFI,1.0,N
55604462,33-21,9651-35-0005,LIGHT BSI-35 IN TYPE F HARNESS CONFI,1.0,N
55604462,33-21,C33001-58,BSI LIGHT CABLE TESTER,1.0,Y
190073644,72-00,340-001-038-0,CFM56 FAN BLADE,2.0,N
55444701,33-20,9651-35-0002,LIGHT BSI-35 IN TYPE C HARNESS CONFI,1.0,N
190330238,33-21,9651-35-0004,LIGHT BSI-35 IN TYPE E HARNESS CONFI,1.0,N
190733383,33-00,C33001-58,BSI LIGHT CABLE TESTER,1.0,Y
190733383,33-00,9651-14-0005,LIGHT BSI-14 IN TYPE F HARNESS CONFI,1.0,N
190733383,33-00,9651-35-0003,LIGHT BSI-35 IN TYPE D HARNESS CONFI,1.0,N
190733383,33-00,9651-35-0002,LIGHT BSI-35 IN TYPE C HARNESS CONFI,1.0,N
107383065,36-00,1945-04-08,PNEUMATIC TESTING KIT,1.0,Y
107383065,36-00,332A2350-14,TUBE ASSY,1.0,N
107383065,36-00,332A2350-12,TUBE ASSY,1.0,N
107383065,36-00,16135-80,SENSE LINE,1.0,N
107383065,36-00,16135-81,SENSE LINE,1.0,N
107383065,36-00,16135-84,SENSE LINE - PNEUMATIC FLEXIBLE,1.0,N
107383065,36-00,16135-83,SENSE LINE - PNEUMATIC,1.0,N
107383065,36-00,332A2350-11,TUBE ASSY,1.0,N
107383065,36-00,3289562-5,VALVE - FAN AIR (PCCV),1.0,N
107383065,36-00,129666-2,ENGINE PRECOOLER CONT. VALVE SENSOR,1.0,N
107383065,36-00,107484-6,HIGH STAGE PNEU EBU REGULATOR,1.0,N
107383065,36-00,3214446-4,HIGH STAGE VALVE,1.0,N
107383065,36-00,107492-6,BLEED AIR REGULATOR,1.0,N
107383065,36-00,3214552-6,SHUT OFF PNEU SYS VALVE (PRSOV),1.0,N
107383065,36-00,801A50-0005A,SEAL,2.0,N
107383065,36-00,801A50-0006A,SEAL,1.0,N
107383065,36-00,82C10020-1,GASKET,1.0,N
107383065,36-00,S8990-611,PACKING,1.0,N
55106406,25-30,72184025,WATER BOILER,1.0,N
100023804,72-00,9048156,SEAL - OUTER,2.0,N
100023804,72-00,9048156,SEAL - OUTER,2.0,N
100023804,72-00,CP2619,NEVER-SEEZ PUR NICKEL SPECIAL - HIGH,1.0,N
100023804,72-00,CP2544,"LUBRICANT - MOLYKOTE P37, PASTE",1.0,N
100023804,72-00,956A1609G01,JACKSCREWS TOOL SET [LEAP-1B],1.0,Y
100023804,72-00,M83485-1-152,O-RING,1.0,N
100023804,72-00,2085M31G03,FUEL NOZZLE ASSEMBLY,18.0,N
100023804,72-00,2085M48P07,"GASKET, FUEL NOZZLES",18.0,N
190231517,25-00,ERT/1310-504-01,SWAN NECK SPIGOT ASSEMBLY,1.0,N
190374273,33-00,9651-35-0003,LIGHT BSI-35 IN TYPE D HARNESS CONFI,1.0,N
55110154,25-35,72184025,WATER BOILER,1.0,N
190155294,30-00,0851HT2,PITOT PROBE,1.0,N
190155294,30-00,232N9003-1,GASKET,1.0,N
190155294,30-00,PR1826B1-4,COLD CURE SEALANT,1.0,N
190155294,30-00,DPS1000,PITOT STATIC TEST SET HIGH RANGE,1.0,Y
191512174,38-32,15800-246,SEAL,2.0,N
191512174,38-32,MS29513-226,PACKING,1.0,N
191512174,38-32,14330-230,FLUSH VALVE ASSY,1.0,N
107150432,72-00,FANLUBEFULLKIT,FAN BLADE REMOVAL TOOL KIT,1.0,Y
107150432,72-00,IPA,ISOPROPYL ALCOHOL,5.0,N
107150432,72-00,LN9051,FAN BLADE MARKER CP5061,1.0,N
107150432,72-00,NYC065,VV-P-236 D00504 GREASE PETROLATUM,1.0,N
107150432,72-00,STD585,FANLUBE PROTECTIVE MAT,1.0,Y
107150432,72-00,M0LYK0TED321,MOLYKOTE D-321 R CP5062 FILM (SPRAY),2.0,N
107150432,72-00,340-001-038-0,CFM56 FAN BLADE,10.0,N
107150432,72-00,9111M35P14,CFM BALANCE SCREW,2.0,N
55203459,25-00,8201-11-0000,OVEN - BRITAX SELL 737-800,1.0,N
190414676,33-21,9651-35-0005,LIGHT BSI-35 IN TYPE F HARNESS CONFI,1.0,N
190414676,33-21,C33001-58,BSI LIGHT CABLE TESTER,1.0,Y
190719783,33-20,9651-35-0003,LIGHT BSI-35 IN TYPE D HARNESS CONFI,1.0,N
190719783,33-20,C33001-58,BSI LIGHT CABLE TESTER,1.0,Y
106074986,36-00,R0C7716128R,ROCOL LEAK DETECTOR SPRAY CODE 32030,1.0,N
106074986,36-00,801A50-0005A,SEAL,2.0,N
106074986,36-00,801A50-0006A,SEAL,1.0,N
106074986,36-00,16135-80,SENSE LINE,1.0,N
106074986,36-00,AS1895-7-350,SEAL,1.0,N
106074986,36-00,16135-83,SENSE LINE - PNEUMATIC,1.0,N
106074986,36-00,332A2350-11,TUBE ASSY,1.0,N
106074986,36-00,16135-84,SENSE LINE - PNEUMATIC FLEXIBLE,1.0,N
106074986,36-00,1945-04-08,PNEUMATIC TESTING KIT,1.0,Y
106074986,36-00,3289562-5,VALVE - FAN AIR (PCCV),1.0,N
106074986,36-00,129666-2,ENGINE PRECOOLER CONT. VALVE SENSOR,1.0,N
106074986,36-00,107484-6,HIGH STAGE PNEU EBU REGULATOR,1.0,N
106074986,36-00,3214446-4,HIGH STAGE VALVE,1.0,N
106074986,36-00,107492-6,BLEED AIR REGULATOR,1.0,N
106074986,36-00,3214552-6,SHUT OFF PNEU SYS VALVE (PRSOV),1.0,N
106074986,36-00,801A50-0005A,SEAL,2.0,N
106074986,36-00,801A50-0006A,SEAL,1.0,N
106074986,36-00,82C10020-1,GASKET,1.0,N
106074986,36-00,S8990-611,PACKING,1.0,N
190455570,33-20,9651-35-0003,LIGHT BSI-35 IN TYPE D HARNESS CONFI,1.0,N
190591060,33-00,9651-35-0002,LIGHT BSI-35 IN TYPE C HARNESS CONFI,1.0,N
190591060,33-00,C33001-58,BSI LIGHT CABLE TESTER,1.0,Y
102743285,36-00,C36001-64,TEST EQUIP - ENGINE BLEED AIR SYSTEM,1.0,Y
102743285,36-00,107484-7,HIGH STAGE PNEU EBU REGULATOR,1.0,N
102743285,36-00,801A50-0005A,SEAL,2.0,N
102743285,36-00,801A50-0006A,SEAL,1.0,N
55612851,33-20,9651-35-0002,LIGHT BSI-35 IN TYPE C HARNESS CONFI,1.0,N
41882885,38-10,62197-301-001,WATER BOILER,1.0,N
