wo,ata,ac,pos,pn_off,sn_off,pn_on,sn_on,label,cert
190770563,33-00,B737-8,FWD,285W0024-1B,D21333,285W0024-1B,D23775,3954578,ARC155645
190169453,23-51,B737-8,F/O,5145-1-82,11309,5145-1-88,26608,3916903,PAV10964
55636677,38-11,B737-8,AFT LH,SC4L500301-5,11304615-002,SC4L500301-5,172159923-003,3745951,552679
190153999,25-00,B737-8,FWD,8201-11-0000,07-08-24029,8201-11-0000,03-03-18858,3917276,KAV0625029
55628649,25-31,B737-8,7050MM4,72184025,N10030468044666,72184025,N09030621044488,3911977,WAV591
190629612,33-00,B737-8,CAB,9651-35-0002,30434,9651-35-0002,30156,3975221,20113353
55317632,25-35,M73-82,GALLEY G1,62197-301-001,23-04-0113,62197-301-001,14-09-7016,3843268,SAV559
190436207,33-00,M73-82,CABIN,9651-35-0002,61164,9651-35-0002,55424,4189979,ARC75487
190631229,33-21,B737-8,31 DEF,9651-35-0005,27558,9651-35-0005,28198,3806560,ARC140805
190879007,25-35,B737-8,AFTLH,72184025,4369,72184025,4206,4084278,WAV1225
191469459,33-00,B737-8,29DEF,9651-35-0005,36969,9651-35-0005,70634,4051633,20159778
191483696,25-00,B737-8,GALLEY 4,72184025,4441,72184025,N10100884044726,4128839,KAV0426082
42261763,25-00,B737-8,GALLEY G1,72184025,4244,72184025,N10020398044648,3964532,PAV11637
980008835,72-21,B737-8,#1,340-001-036-0,DM129511,340-001-038-0,DM185858,4135075,
190364308,33-21,M73-82,32 R/H,9651-35-0005,64771,9651-35-0005,50407,4121391,20167768-1
191069831,25-00,B737-8,AFT,72184025,3038,72184025,N12061894044872,4139389,SAV907-UKCAA
55600992,25-00,B737-8,AFTGALLY,62197-301-001,16-01-0176,62197-301-001,19-07-0268,3838991,WAV380
191457192,38-32,B737-8,LAV D,14330-230,091121,14330-230,ZSK703,4206722,90061
190249221,25-33,B737-8,AFT,62197-301-001,17-06-0375,72184025,4288,3618249,1112607
190010606,25-00,B737-8,AFT,8201-11-0000-01,17-12-39598,8201-11-0000,07-02-23328,3975904,PAV11740
190649596,25-00,B737-8,AFT GALLEY,62197-301-001,22-02-0458,72184025,4338,3747212,KAV1124025
55100617,25-00,B737-8,AFT,72184025,N10120160044759,72184025,4025,3917351,KAV0725003
55594491,26-16,B737-8,AFT,473597-5,SJA6529,473597-5,SJB1031,3790015,R548654-61478
41529130,33-42,B737-8,RH,45-0351-4,6556,45-0351-4,6212,3770915,1253616
190886184,25-00,B737-8,FWD,62197-301-001,16-08-0255,62197-301-001,18-01-0438,4199254,WAV1553
190504678,34-11,M73-82,LH STAB,0851HT1,428424,0851HT2,465288,3780233,407470783
191430084,25-00,B737-8,FWD,SC4L500301-5,172972826-007,SC4L500301-5,173574861-005,4074727,E-5869450
190537328,36-00,B737-8,#1,107484-7,11698,107484-7,8845,4011260,354827501
190537328,36-00,B737-8,#1,3214552-6,17867,3214552-5,8545,3981681,354092914
42062391,23-00,B737-8,CAPT,5145-1-82,16137,5145-1-88,29125,3822613,PAV9983
55531794,33-00,B737-8,25 DEF,9651-35-0004,12173,9651-35-0004,12252,3806593,ARC140910
55189331,05-00,B737-8,#4,8201-11-0000,07-08-24030,8201-11-0000-01,22-03-0164,4117116,PAV13712
55189331,05-00,B737-8,#3,8201-11-0000-01,18-06-0144,8201-11-0000,07-12-24537,4117113,PAV13708
190149684,25-00,B737-8,GALLEY G4,62197-301-001,21-11-0719,62197-301-001,21-11-0709,3851809,552606209
55585635,26-16,B737-8,AFT,473597-5,SJA4552,473597-5,SJA6910,3882706,R550533-62962
55251195,36-00,B737-8,#2,107484-7,18564,107484-7,17233,3793053,352033285
190275604,73-00,M73-82,#2,2085M31G03,PAT7H091,2085M31G03,PSDNF451,4019619,RG97728-1
190275604,73-00,M73-82,#2,2085M31G03,PAT7H119,2085M31G03,PAT15R41,4025502,RG82435-1
190275604,73-00,M73-82,#2,2085M31G03,PAT6H342,2085M31G03,PAT3H264,4019621,RG97493-1
55290700,33-21,M73-82,16 ABC,9651-35-0005,69378,9651-35-0005,33682,3949627,ARC155152
55713091,25-00,B737-8,AFTGALLY,62197-301-001,15-10-8018,,,9519968,
55476028,33-21,M73-82,PAX,9651-35-0002,71302,9651-35-0002,17709,3880268,148188
190888731,23-51,B737-8,FL DK,5145-1-82,23765,5145-1-88,29072,4091738,PAV13410
55655134,33-00,B737-8,30 R/H,9651-35-0005,33026,9651-35-0005,58717,3979810,20120929
55655134,33-00,B737-8,10ABC,9651-35-0004,7845,9651-35-0004,8575,3949632,ARC154591
55323716,25-00,M73-82,G1,8201-11-0000,03-09-19332,8201-11-0000,07-10-24303,3717797,1209849
190722587,33-00,B737-8,LH,72605363-1,5846,72605363-1,5741,3944243,354077410
55432640,25-32,M73-82,GALLEY G4,62197-301-001,16-01-0171,62197-301-001,18-07-0593,4090650,WAV1253
55569854,33-20,B737-8,25 DEF,9651-35-0004,12252,9651-35-0004,6775,3855253,145165
55300709,33-00,M73-82,CABIN,9651-35-0005,67320,9651-35-0005,59752,3791756,20086377
191360620,36-00,B737-8,#1,107484-7,16730,107484-7,18102,4026321,354982410
191360620,36-00,B737-8,#1,3214446-4,17339,3214446-4,8916,4076225,355200535
55376529,33-00,M73-82,CABIN,9651-35-0002,72736,9651-35-0002,70009,3872481,865-4.000
190610231,33-00,B737-8,18DEF,9651-35-0002,33916,9651-35-0002,68541,4072609,20169015
190493271,33-21,M73-82,#16,9651-35-0005,32579,9651-35-0005,17577,3841936,ARC143877
55027582,23-00,B737-8,FL DK,5145-1-82,16114,5145-1-82,16044,3810220,1287269
191129812,25-00,M73-82,GALLEY G4,8201-11-0000,07-08-24016,8201-11-0000-01,10-02-28225,4021573,KAV1125038
191120221,23-00,M73-82,FWD,285W0024-1B,D21432,285W0024-1B,D16816,4213607,177520
55563132,33-21,B737-8,11 DEF,9651-35-0004,11893,9651-35-0004,6818,3453749,106103
55563132,33-21,B737-8,2 DEF,9651-35-0004,11894,9651-35-0004,6486,3604795,121950
190522222,25-00,B737-8,AFT,62197-301-001,21-02-0305,62197-301-001,18-01-1113,3860880,SAV568
55660468,25-31,B737-8,FWD,62197-301-001,22-10-0365,72184025,N10100895044737,3925446,PAV11092
191304992,33-00,B737-8,22DEF,9651-35-0002,24692,9651-35-0002,69176,4066563,20164781
55622918,23-42,B737-8,FWD CAB,285W0024-1B,F36779,285W0024-1M,F50725,4005597,160890
980010302,25-00,M73-82,GALLEY G4,8201-11-0000-01,21-11-0977,8201-11-0000,07-10-24282,4151574,PAV14154
40629185,23-51,B737-8,FL DK,5145-1-82,13741,5145-1-82,7469,3990244,PAV11928
191325958,72-21,B737-8,#2,340-001-038-0,DM128022,340-001-038-0,DC008429,4223866,R26073112001
191325958,72-21,B737-8,#2,340-001-038-0,DC976448,340-001-036-0,PF591006,4217358,925-26-28717/1
191061842,23-51,B737-8,FL DK,5145-1-82,18195,5145-1-88,27364,4170809,PAV14306
190547817,33-21,B737-8,27DEF,9651-35-0005,32553,9651-35-0005,59127,4008374,20136403-1.000EASA
190007191,25-33,B737-8,GALLEY 4,62197-301-001,17-01-0356,62197-301-001,15-12-0147,3806029,1283424
191390037,23-12,B737-8,F/O,5145-1-82,24437,5145-1-82,13852,4115776,PAV13673
190213002,25-00,B737-8,AFT,62197-301-001,15-06-7706,72184025,3057,3788951,1267792
55293839,33-21,M73-82,21ABC,9651-35-0002,61304,9651-35-0002,72757,3898409,64980
190600527,26-00,B737-8,FWD,473597-5,SJB1002,473597-5,SJA4389,4204860,13935693
190443974,33-00,M73-82,7 ABC,9651-35-0002,40343,9651-35-0002,43001,4110255,ARC169579
190188169,25-00,B737-8,AFTGALLY,8201-11-0000-01,18-05-0280,8201-11-0000-01,15-03-35923,3807391,KAV0225058
42213091,38-11,M73-82,LAV,SC4L500301-5,172972827-003,SC4L500301-4,1604515,4058232,E-6074532
55693511,33-00,B737-8,30ABC,9651-35-0005,52673,9651-35-0005,32639,4053609,ARC165410
55371585,33-00,M73-82,CABIN,9651-35-0002,57459,9651-35-0002,40011,3990339,158673
55371585,33-00,M73-82,CABIN,9651-35-0002,57485,9651-35-0002,54274,3975281,157241
55371585,33-00,M73-82,CABIN,9651-35-0003,16588,9651-35-0003,6725,3990347,158986
190724207,26-16,B737-8,AFT,473597-5,SJA6358,473597-5,67697,3954387,12824322
191423455,33-00,B737-8,15 LH,9651-35-0005,50834,9651-35-0005,58912,4203202,20261728
191269849,25-32,M73-82,FWD,62197-301-001,18-07-0605,62197-301-001,16-06-0225,4053457,PAV12870
55118988,25-37,B737-8,#3,8201-11-0000-01,19-06-0275,8201-11-0000-01,16-08-37953,3493858,986108
55203405,33-42,B737-8,RH,45-0351-4,1611,45-0351-6,11696,4008276,PAV12247
190451367,25-00,M73-82,G1,62197-301-001,22-11-0532,62197-301-001,17-01-0340,3944150,PAV11274
55533015,25-31,B737-8,FWDGALLY,62197-301-001,21-03-0008,62197-301-001,23-09-0333,3507040,S23/4224H-1
55677937,25-31,B737-8,AFTGALLY,62197-301-001,17-06-0377,62197-301-001,23-08-0176,3693041,1186293
190254537,12-00,B737-8,FL DK,5145-1-82,17228,5145-1-82,13901,3964630,PAV11632
191413532,25-31,B737-8,AFT GALLEY,72184025,N09050474044526,72184025,N10030468044666,4048635,WAV1100
190831346,33-42,B737-8,RH,45-0351-4,5987,45-0351-4,6382,4096853,PAV13515
190128727,38-32,B737-8,FWD,14330-230,ZSK363,14330-230,ZSK653,3889988,1129620
190670254,36-11,B737-8,#2,107484-7,19173,107484-7,16710,3804559,352242535
190503229,25-00,M73-82,AFT GALLEY,62197-301-001,14-07-6907,62197-301-001,22-12-0122,3942130,KAV0725027
191433206,23-51,B737-8,FL DK,5145-1-82,11937,5145-1-82,17401,4075848,PAV13125
190310973,33-00,M73-82,CABIN,9651-35-0005,66344,9651-35-0005,18697,3795867,140037
190098579,23-51,B737-8,FL DK,5145-1-82,12411,5145-1-88,25824,3958563,PAV11520
190728733,33-21,B737-8,21ABC,9651-35-0002,39154,9651-35-0002,71927,3933792,7365-1.000
190629230,34-11,B737-8,LH,0851HT1,341141,0851HT2,472229,3898990,408056660
980007654,33-00,B737-8,RH,45-0351-4,7158,45-0351-4,5676,4120003,PAV13740
190064117,25-00,B737-8,AFTGALLY,8201-11-0000-01,19-06-0287,8201-11-0000,07-09-24242,3960344,KAV0925012-UKCAA
191484755,26-16,B737-8,AFT,473597-5,49353,473597-5,68257,3968482,00012898876
190578991,25-31,B737-8,AFTGALLY,62197-301-001,15-08-7818,62197-301-001,21-02-0113,4145934,KAV0526072
41843840,27-00,M73-82,LH STAB,0851HT1,399689,0851HT2,474388,3964176,408363369
190775423,05-00,B737-8,#1,340-001-038-0,PC194398,340-001-038-0,DM126059,3914923,8000
55352924,34-00,M73-82,F/O,0851HT1,441107,0851HT2,455727,3596454,406660800
105317951,38-32,B737-8,LAV E,14330-230,37928,14330-230,21283,3995929,0501
42050268,33-20,B737-8,24DEF,9651-35-0003,9834,9651-35-0003,20206,3706406,20073452
55479486,25-00,M73-82,GALLEY 1 FWD,62197-301-001,23-05-0004,62197-301-001,14-07-6904,3770978,KAV1124045
190540002,33-21,B737-8,#10 LH,9651-35-0003,9077,9651-35-0003,8876,3907475,150115
107380880,36-00,B737-8,#2,107484-7,8409,107484-7,20613R,4219455,355329148
190311867,38-11,M73-82,FWD,SC4L500301-5,173163656-003,SC4L500301-5,173389311-002,3893221,E-5833785
191530431,33-21,B737-8,#6 LH,9651-35-0002,53965,9651-35-0002,35253,4189980,ARC175557
55527428,25-00,B737-8,GALLEY 4,72184025,N11060377044781,72184025,N10020393044643,3788956,1267816
42025310,25-33,B737-8,AFTGALLY,72184025,N11060389044793,72184025,4326,3661170,1132204
190200251,33-00,B737-8,RH,45-0351-4,1401,45-0351-6,8515,3885345,PAV10711
105758114,36-00,B737-8,#2,107484-7,18681,107484-7,11874,3990924,354693939
190166239,23-51,B737-8,FL DK,5145-1-82,11650,5145-1-88,26637,3798028,K00383
190105016,26-16,B737-8,AFT,473597-5,54499,473597-5,SJA4399,4015714,13103242
190155306,25-33,B737-8,RH REAR,72184025,4336,72184025,4433,4009394,WAV996
55604263,72-00,B737-8,#2,340-001-036-0,DM129539,340-001-038-0,DM128145,3810313,R2502120
55604263,72-00,B737-8,#2,340-001-036-0,DM129555,340-001-038-0,DM150402,3810283,R2502141
55604263,72-00,B737-8,#2,340-001-036-0,DM129568,340-001-038-0,DM164394,3808403,9001
55604263,72-00,B737-8,#2,340-001-036-0,DM129632,340-001-039-0,DB188422,3810302,R2502141
55332931,25-32,M73-82,FWD GALLEY,62197-301-001,17-07-0394,62197-301-001,23-08-0264,4128843,KAV0526014
35050545,25-31,B737-8,FWDGALLY,72184025,4243,72184025,N12061898044876,3807433,KAV0225030
35050545,25-31,B737-8,AFTGALLY,62197-301-001,21-02-0154,62197-301-001,23-05-0007,3813334,WAV313
55193745,25-31,B737-8,AFTGALLY,8201-11-0000-01,22-02-0653,8201-11-0000-01,09-05-26954,3745311,KAV1124004
41292878,25-00,B737-8,AFT,62197-301-001,17-01-0348,62197-301-001,17-12-0457,3786294,PAV9378
55607294,33-21,B737-8,CABIN,9651-35-0002,22460,9651-35-0002,70774,3749358,20079376
190648786,33-20,B737-8,LH,9651-35-0004,7702,9651-35-0004,10562,3802624,ARC140398
41577144,27-36,B737-8,RH STAB,0851HT1,358907,0851HT2,477621,4021082,408617900
191266864,25-00,M73-82,GALLEY G4,62197-301-001,17-12-0470,62197-301-001,21-02-0164,4145904,KAV0426065
980007101,25-00,B737-8,AFT GALLEY,72184025,3052,62197-301-001,17-01-0351,4097120,
55611485,26-00,B737-8,AFT,473597-5,SJA6290,473597-5,49316,3897341,R550737-63210
190556809,34-00,B737-8,CAPT,0851HT1,429519,0851HT2,482184,4120835,409001021
55697741,25-35,B737-8,FWD,62197-301-001,17-12-0464,62197-301-001,16-10-0281,3664646,1154600
55067117,23-51,B737-8,#3,5145-1-82,19512,5145-1-82,14118,3780447,PAV9263
55564311,33-20,B737-8,31DEF,9651-35-0005,16533,9651-35-0005,20392,3907484,150308
55156029,33-21,B737-8,18ABC,9651-35-0002,39584,9651-35-0002,40013,4173752,ARC174315
190019479,25-00,B737-8,AFTGALLY,8201-11-0000,04-09-20359,8201-11-0000,08-07-25651,4072187,KAV0126074
190368385,33-21,M73-82,19ABC,9651-35-0002,51699,9651-35-0002,38792,3966596,ARX157032
55357307,33-21,M73-82,2DEF,9651-35-0005,49591,9651-35-0005,31805,3869372,ARC146901
42206366,33-21,M73-82,22ABC,9651-35-0002,63514,9651-35-0002,51188,3976993,20113356
190433636,25-00,M73-82,GALLEY G4,62197-301-001,18-01-0444,62197-301-001,21-02-0153,4213934,WAV1579
190733553,25-00,B737-8,AFTGALLY,62197-301-001,17-08-0410,62197-301-001,23-04-0113,3912308,1378274
41702599,33-00,B737-8,14 LH,9651-35-0005,50792,9651-35-0005,49296,3817217,20091176-1
190443838,25-00,M73-82,FWD,62197-301-001,16-08-0247,62197-301-001,19-07-0259,4102366,WAV1308
190576722,33-20,B737-8,21DEF,9651-35-0002,17559,9651-35-0002,39401,4084636,7668
190100199,33-00,B737-8,RH,45-0351-4,3700,45-0351-4,0223,4091861,PAV13418
191464935,33-00,B737-8,ROW 32 RH,9651-35-0005,24874,9651-35-0005,27658,4116719,ARC169949
55620167,72-21,B737-8,#1,340-001-038-0,DM143956,340-001-036-0,PF499452,3988934,60322
190960619,25-30,B737-8,AFTGALLY,72184025,4078,72184025,4418,4224682,WAV1662
190608676,33-00,B737-8,#30 LH,9651-35-0005,31805,9651-35-0005,23614,3855383,5252
190031496,25-30,B737-8,AFT,8201-11-0000-01,17-12-40074,8201-11-0000,03-09-19336,3515449,1009213
190676385,25-30,B737-8,AFTGALLY,8201-11-0000,04-09-20357,8201-11-0000-01,17-12-40061,3605903,1101496
41961765,33-00,B737-8,8DEF,9651-35-0002,16894,9651-35-0002,24674,4160172,173469
191407790,33-21,B737-8,30ABC,9651-35-0005,36960,9651-35-0005,61629,4145076,20212662
55507408,25-00,B737-8,FWDGALLY,8201-11-0000,07-10-24299,8201-11-0000-01,19-07-0772,3819934,1296652
190573801,26-16,B737-8,FWD,473597-5,SJB5722,473597-5,54499,4128827,13609254
190227994,25-00,B737-8,AFT,8201-11-0000-01,17-12-40076,8201-11-0000,02-09-18201,3841844,1315517
190789117,34-11,B737-8,CAPT,0851HT1,387693,0851HT2,468859,3828916,725552
42201743,73-00,M73-82,#1,2085M31G03,PAT1B599,2085M31G03,PSDNE956,3750186,NAB24A-04411
42201743,73-00,M73-82,#1,2085M31G03,PAT1B604,2085M31G03,PSDNF165,3750096,NAB24A-04562
190581955,25-00,B737-8,AFTGALLY,62197-301-001,21-11-0684,62197-301-001,16-08-0257,3978014,WAV879
190577527,25-31,B737-8,AFTGALLY,8201-11-0000,08-07-25651,8201-11-0000,05-08-21351,3872818,KAV0525040
55697852,25-35,B737-8,AFT,72184025,4170,72184025,4310,3747163,KAV1124035
191479990,26-00,B737-8,AFT,473597-5,SJA6637,473597-5,25114A,4050490,13287327
55739967,38-00,32S,5050MM,14330-230,15635,14330-230,ZSK198,3995938,6343
190651228,36-00,B737-8,#2,107484-7,14168,107484-7,10419,3952593,354113406
190329851,23-00,M73-82,FWD CAB,285W0024-1B,F25293,285W0024-1M,F52477,3951472,154867
190467052,33-21,M73-82,CAB,9651-35-0005,34853,9651-35-0005,18280,3763413,136825
40848911,33-42,B737-8,RH,45-0351-4,6540,45-0351-6,8262,3805295,C468759-01
190068608,33-00,B737-8,20DEF,9651-35-0002,38979,9651-35-0002,53877,4179271,ARC174475
55708960,33-00,B737-8,CABIN,9651-35-0004,12441,9651-35-0004,13754,3723086,2916
190313421,25-00,M73-82,GALLEY G4,62197-301-001,23-08-0261,62197-301-001,21-02-0166,3867476,1337711
55463545,25-00,M73-82,GALLEY G4,8201-11-0000-01,21-01-0247,8201-11-0000-01,10-07-29033,3777171,KAV0125012
191534120,38-00,B737-8,GALLEY G4,72184025,4201,72184025,3047,4116603,KAV0426047
191408680,23-00,B737-8,F/O,5145-1-82,10956,5145-1-82,11425,4196042,PAV14619
190311907,33-00,M73-82,3DEF,9651-35-0005,20363,9651-35-0005,68362,3790523,20085632
191355634,33-21,B737-8,29ABC,9651-35-0005,24573,9651-35-0005,21038,4096619,ARC168784
55660572,33-21,B737-8,04DEF,9651-35-0002,19577,9651-35-0002,30974,4006633,160510
105180619,72-00,M73-82,#2,2085M31G03,PAT1H531,2085M31G03,PAT99J84,4001506,RG81032-1
105180619,72-00,M73-82,#2,2085M31G03,PAT1H536,2085M31G03,PSDNE338,4001509,RG81227-1
105180619,72-00,M73-82,#2,2085M31G03,PAT1H535,2085M31G03,PAT65E68,4001490,RF72678-1
105180619,72-00,M73-82,#2,2085M31G03,PAT1H454,2085M31G03,PSDNE864,4001492,RG84980-1
190533162,27-00,B737-8,LH STAB,0851HT1,436501,0851HT2,468364,3830791,407734114
191328454,38-00,B737-8,LAV A,14330-230,ZSK398,14330-230,ZSK630,4167471,0000072797
55356901,72-00,M73-82,#2,2085M31G03,PAT2G351,2085M31G03,PSDNJ950,3955214,NAB25A-02019
55644036,26-00,B737-8,AFT,473597-5,SJA7080,473597-5,42346,4019917,13134036
55644036,26-00,B737-8,AFT,473597-5,SJA5143,473597-5,SJA4425,4020499,13123923
55644036,26-00,B737-8,AFT,473597-5,SJA6978,473597-5,SJA4837,3960843,12865644
40311118,25-21,B737-8,FWDGALLY,72184025,3059,72184025,4387,3830617,KAV0325009
190914599,25-00,B737-8,FWD,72184025,4120,72184025,4216,3991636,SAV672
190592354,23-00,B737-8,FWD CAB,285W0024-1B,F47819,285W0024-1M,F46530,3903908,149934
190579164,38-00,B737-8,LAV D,SC4L500301-5,11534910-001,SC4L500301-5,175167846-001,4148511,6188927
55447374,25-00,M73-82,GALLEY G4,8201-11-0000-01,19-06-0291,8201-11-0000-01,21-11-0268,3800145,1277349
190415579,33-00,M73-82,5ABC,9651-35-0002,34691,9651-35-0002,53935,4072928,ARC167102
190656754,26-00,B737-8,AFT,473597-5,SJA4169,473597-5,24555A,4229295,14041229
190173277,23-00,B737-8,FL DK,5145-1-82,12540,5145-1-82,15839,3985009,PAV11862
55046998,23-00,B737-8,FL DK,5145-1-82,14992,5145-1-82,17306,3740526,PAV8696
35059098,25-30,B737-8,AFTGALLY,8201-11-0000,07-10-24304,8201-11-0000-01,17-11-39496,3745318,1227656
55585544,72-21,B737-8,NO.1 #09,,,340-001-038-0,DD286867,3879558,R250516080
55585544,72-21,B737-8,#1,340-001-038-0,DM127800,,,9545251,
190689090,33-00,B737-8,23DEF,9651-35-0003,8832,9651-35-0003,7190,4043563,64244
190348804,33-00,M73-82,33 ABC,9651-35-0005,18371,9651-35-0005,63876,4228912,47002193-01
55518958,25-00,B737-8,AFTGALLY,8201-11-0000-01,16-10-38131,8201-11-0000,08-05-25451,4125094,PAV13804
190275440,38-00,M73-82,G1,62197-301-001,23-06-0201,62197-301-001,16-12-0316,3965213,1428766
55712149,25-00,B737-8,AFT,62197-301-001,14-12-7215,62197-301-001,21-11-0228,3829036,WAV361
55428926,33-00,M73-82,11ABC,9651-35-0004,23505,9651-35-0004,6933,3799448,ARC139393
55428926,33-00,M73-82,3DEF,9651-35-0005,61108,9651-35-0005,20363,3816541,141868
55420488,25-32,M73-82,GALLEY G1,62197-301-001,18-01-0428,62197-301-001,16-10-0264,3871475,1341857
191350945,33-00,B737-8,31ABC,9651-35-0005,21038,9651-35-0005,65977,4077906,20169911-1
26158527,25-00,B737-8,AFTGALLY,72184025,4237,72184025,4154,3886977,1356331
26158527,25-00,B737-8,AFTGALLY,72184025,4012,72184025,4304,3925176,WAV638
55311401,33-21,M73-82,07DEF,9651-35-0002,49552,9651-35-0002,52628,4173836,ARC174273
190058559,25-00,B737-8,FWD,8201-11-0000,04-12-20647,8201-11-0000-01,18-06-0134,3879850,PAV10662
190557758,33-00,B737-8,PAX CAB,9651-35-0002,25075,9651-35-0002,39153,4019660,ARC162112
55203915,25-00,B737-8,FWDGALLY,8201-11-0000-01,19-03-0818,8201-11-0000-01,21-08-0151,3763998,2KAV1224018
41702818,38-00,B737-8,LAV A,14330-230,21065,14330-230,38805,3819515,0001108938
55041139,33-00,B737-8,RH,45-0351-4,3077,45-0351-4,3130,4058416,PAV12922
190676709,33-00,B737-8,LH,72605363-1,5507,72605363-1,2791,3908114,353567146
190048042,30-30,B737-8,FIN,0851HT1,286641,0851HT1,432992,3570459,11086579
190405913,30-30,M73-82,CAPT,0851HT1,404004,0851HT2,475099,3991105,408470469
190288531,25-31,M73-82,GALLEY 4,62197-301-001,21-02-0166,62197-301-001,21-02-0104,3845053,PAV10303
40026445,33-00,B737-8,RH,45-0351-4,5193,45-0351-4,6661,3892629,PAV10771
42187945,25-00,M73-82,GALLEY G1,8201-11-0000-01,17-08-39188,8201-11-0000-01,21-11-0949,4043163,PAV12706
42152375,33-21,M73-82,1ABC,9651-14-0004,6709,9651-14-0004,3593,4176237,174850
42152375,33-21,M73-82,2ABC,9651-35-0005,66943,9651-35-0005,51620,3420635,103630
55567934,25-31,B737-8,FWD,62197-301-001,16-06-0225,62197-301-001,21-02-0131,3779618,1258900
190660338,33-00,B737-8,15 ABC,9651-35-0005,31268,9651-35-0005,15997,3945611,ARC154512
42117645,25-32,M73-82,GALLEY G4,8201-11-0000-01,10-07-29021,8201-11-0000,06-11-22821,3727444,1219203
190528360,33-00,B737-8,4DEF,9651-35-0002,55177,9651-35-0002,35370,4157062,ARC172780
980006651,33-22,B737-8,RH,45-0351-4,5739,45-0351-4,6540,4110374,
55538595,33-21,B737-8,21DEF,9651-35-0002,26429,9651-35-0002,71802,3821950,1768
190575932,33-00,B737-8,18ABC,9651-35-0002,24911,9651-35-0002,26804,4148850,172590
190584210,33-21,B737-8,CABIN,9651-35-0005,33066,9651-35-0005,32151,3867475,146344
42152248,38-00,M73-82,AFT RH,SC4L500301-5,174737226-003,SC4L500301-4,1606211,4060365,E-6074532
55403653,33-21,M73-82,CABIN,9651-35-0002,54329,9651-35-0002,24537,3782744,20084398-1
35082968,33-21,B737-8,5DEF,9651-35-0002,37301,9651-35-0002,53974,4067832,ARC166101
190072581,25-31,B737-8,AFTGALLY,72184025,4331,72184025,N10100897044739,4009400,WAV1001
42178088,25-00,M73-82,GALLEY G4,62197-301-001,23-08-0259,62197-301-001,23-08-0126,3754975,KAV1224007
190579412,26-00,B737-8,AFT,473597-5,SJA4814,473597-5,SJB0862,3921827,R551148
40244545,26-16,B737-8,AFT,473597-5,40508,473597-5,23891A,3749913,R548437-60821
55461705,25-35,M73-82,GALLEY 4,62197-301-001,18-08-0778,62197-301-001,16-10-0265,3789402,WAV234
190592004,33-00,B737-8,2DEF,9651-35-0004,7810,9651-35-0004,13423,3740815,ARC134632
190609701,33-00,M73-82,18DEF,9651-35-0002,53821,9651-35-0002,32469,3920627,ARC151798
190620440,33-20,B737-8,CABIN,9651-35-0003,5399,9651-35-0003,14658,4025745,46505
190933798,25-00,B737-8,#3,8201-11-0000-01,21-02-0365,8201-11-0000-01,16-06-37695,4177024,KAV0626010
191314032,25-00,B737-8,AFTGALLY,62197-301-001,23-04-0110,62197-301-001,16-11-0293,4230965,WAV1682
190553365,33-00,B737-8,22 ABC,9651-35-0002,22346,9651-35-0002,24972,3949640,ARC155246
190738628,36-00,B737-8,#1,107484-7,18522,107484-7,16081,3944050,354098
190012547,38-32,B737-8,LAV E,14330-230,EKW01,14330-230,35523,3867312,1112285
191384489,33-00,B737-8,7ABC,9651-35-0002,32928,9651-35-0002,33031,4173849,ARC174339
190503416,33-21,M73-82,28DEF,9651-35-0005,49043,9651-35-0005,50447,3975335,157393
190413010,33-21,M73-82,RH,9651-35-0002,61169,9651-35-0002,57491,3976985,20113357
53864195,25-00,B737-8,#4,8201-11-0000-01,15-11-36870,8201-11-0000-01,09-05-26943,4037498,PAV12597
190582463,33-00,B737-8,PAX CAB,9651-35-0005,17944,9651-35-0005,48762,4197396,ARC176003
55709473,26-16,B737-8,AFT,473597-5,68257,473597-5,37153,3942559,12765292
190447179,25-31,M73-82,GALLEY G4,8201-11-0000-01,15-03-35921,8201-11-0000,06-12-22983,4059504,KAV0126025
55378920,25-00,M73-82,GALLEY G4,8201-11-0000-01,21-11-0985,8201-11-0000-01,10-07-29015,3830707,KAV0225076
190214242,33-00,B737-8,CABIN,9651-35-0002,53934,9651-35-0002,53500,3916385,151508
55551413,33-20,B737-8,18ABC,9651-35-0002,32554,9651-35-0002,17559,4116704,ARC169982
191491378,33-21,B737-8,24 DEF,9651-35-0003,5193,9651-35-0003,10187,4179270,ARC174461
55480576,25-00,M73-82,FWDGALLY,8201-11-0000-01,22-03-0047,8201-11-0000,07-10-24305,3625667,1120640
55360667,25-32,M73-82,FWD GALLEY,8201-11-0000-01,17-06-38808,8201-11-0000-01,22-02-0656,3969100,PAV11682
190346853,25-00,M73-82,GALLEY G4,62197-301-001,22-02-0456,62197-301-001,23-10-0075,4034427,PAV12577
55491083,25-00,M73-82,GALLEY 4,8201-11-0000-01,17-11-39507,8201-11-0000-01,10-02-28215,3985662,KAV1025036
191041301,25-35,B737-8,AFT,8201-11-0000,07-09-24227,8201-11-0000-01,16-07-37785,4002190,PAV12131
40821799,25-00,B737-8,AFTGALLY,8201-11-0000-01,10-07-29002,8201-11-0000-01,15-07-36329,4013375,PAV12341
55412559,25-00,M73-82,GALLEY G1,62197-301-001,14-09-7023,62197-301-001,18-01-0428,3801569,1279013
55602207,25-00,B737-8,AFTGALLY,72184025,N11060380044784,72184025,4064,3810548,WAV307
40607506,33-22,B737-8,10DEF,9651-35-0004,8840,9651-35-0004,19725,3892675,058-1.000
40607506,33-22,B737-8,CABIN,9651-35-0003,11545,9651-35-0003,21114,3995261,20119209
190514180,33-21,B737-8,31DEF,9651-35-0005,18545,9651-35-0005,67678,3891593,20101725
41800476,25-32,M73-82,GALLEY G1,8201-11-0000-01,23-03-0632,8201-11-0000,04-09-20366,3591109,1085583
191533755,33-21,B737-8,9ABC,9651-35-0003,10575,9651-35-0003,5362,4084621,7516
191414332,33-21,B737-8,28DEF,9651-35-0005,16943,9651-35-0005,37142,4096649,ARC168775
55506587,33-21,B737-8,2ABC,9651-35-0005,49322,9651-35-0005,22822,3794353,138606
55506587,33-21,B737-8,RH,9651-35-0003,19640,9651-35-0003,5262,3723080,2971
55506587,33-21,B737-8,10 ABC,9651-35-0004,6683,9651-35-0004,22294,3735110,04172604
55406695,33-21,M73-82,#12,9651-35-0005,45235,9651-35-0005,17008,4096637,ARC168696
190089340,25-00,B737-8,AFT CAB,8201-11-0000,07-08-24183,8201-11-0000,02-09-18203,3925353,PAV11088
55623906,33-26,B737-8,6 DEF,9651-35-0002,34355,9651-35-0002,25467,3861018,ARC146216
190100094,25-00,B737-8,#4,8201-11-0000,04-11-20597,8201-11-0000-01,21-06-0257,3953558,KAV0825026
41979183,23-00,B737-8,FWD CAB,285W0024-1B,F28306,285W0024-1M,F43256,3867621,146666
191384975,33-00,B737-8,CAB,9651-35-0005,31683,9651-35-0005,22827,4222122,178719
190551155,25-35,B737-8,AFTGALLY,62197-301-001,17-12-0416,62197-301-001,16-10-0274,4138367,WAV1412
55469767,34-11,M73-82,CAPT,0851HT1,428439,0851HT2,466986,3789207,407535798
191407349,33-00,B737-8,2ABC,9651-35-0005,22877,9651-35-0005,31219,4202782,ARC176571
191360394,25-32,B737-8,AFTGALLY,8201-11-0000,07-10-24300,8201-11-0000-01,16-10-38130,4064582,KAV0126026
191389618,33-21,B737-8,28DEF,9651-35-0005,16156,9651-35-0005,59337,4105606,20188952-1
104414404,72-00,,#2,340-001-038-0,PA373861,340-001-036-0,PF478293,3893302,GEAMS1154544
104414404,72-00,,#2,340-001-036-0,PC311984,340-001-036-0,PF490465,3893309,GEAMS1154544-1
190576760,33-42,B737-8,RH,72605363-1,2931,72605363-1,6262,4071785,355526192
190956921,33-00,B737-8,23ABC,9651-35-0002,17890,9651-35-0002,26147,4203362,ARC176755
191187882,33-21,M73-82,31ABC,9651-35-0005,70796,9651-35-0005,31805,4202801,ARC176472
55410766,38-00,M73-82,CABIN,SC4L500301-5,11304588-001,SC4L500301-5,172694168-002,3797726,E-5671416
190183661,23-51,B737-8,FL DK,5145-1-82,17198,5145-1-88,25713,3803059,PAV9647
190497470,25-00,M73-82,AFT RH,62197-301-001,21-02-0154,62197-301-001,19-04-0460,4006348,KAV1225027
190363256,33-42,M73-82,LH,72605363-1,6262,72605363-1,5028,4021220,5605
55628569,25-31,B737-8,102,62197-301-001,21-11-0711,62197-301-001,23-10-0077,3786213,552378204
55684723,36-00,B737-8,#1,107484-7,12116,107484-7,14127,3810172,351811672
55047216,38-32,B737-8,FWD,14330-230,39295,14330-230,11039,3254099,913524
104756364,38-32,B737-8,AFT LH,14330-230,21075,14330-230,ZSK220,3866289,1118583
55009400,33-00,B737-8,RH,45-0351-4,5151,45-0351-4,6356,3923258,1389345
190549198,33-21,B737-8,15DEF,9651-35-0005,21329,9651-35-0005,16710,4121723,ARC170629
190262775,23-42,B737-8,CABIN,285W0024-1B,D22524,285W0024-1B,D21547,3877713,ARC147386
55165732,26-16,B737-8,FWD,473597-5,33831,473597-5,SJA9736,4142613,13678419
191362573,25-31,B737-8,AFT,72184025,4248,72184025,4402,4032641,KAV1225034
190493766,25-00,M73-82,GALLEY G4,8201-11-0000,05-09-21496,8201-11-0000,08-02-24838,3865757,KAV0525033
55605797,25-00,B737-8,AFTGALLY,8201-11-0000,07-08-24170,8201-11-0000-01,17-02-38430,3550128,1045102
190290393,38-00,M73-82,GALLEY G1,62197-301-001,16-08-0254,62197-301-001,17-12-0456,3967778,1430884
190031826,25-00,B737-8,AFT,8201-11-0000,02-10-18289,8201-11-0000,04-02-19751,4086643,PAV13313
191154718,25-35,M73-82,GALLEY G4,62197-301-001,23-04-0110,62197-301-001,19-07-1228,4175502,PAV14402
190162474,33-00,B737-8,11ABC,9651-35-0004,14003,9651-35-0004,21783,3316154,02884773
190661133,33-00,B737-8,12DEF,9651-35-0005,37526,9651-35-0005,70796,4227781,47001540-01
190594713,25-00,B737-8,AFTGALLY,8201-11-0000-01,17-11-39499,8201-11-0000-01,22-01-0902,3761082,AV1399
190547930,25-35,B737-8,FWDGALLY,72184025,N09060320044544,72184025,4361,4056425,KAV0126045
190567181,25-00,B737-8,FWDGALLY,8201-11-0000-01,17-11-39510,8201-11-0000-01,21-06-0260,3960363,KAV0925010
55417748,33-21,M73-82,24 ABC,9651-35-0002,63268,9651-35-0002,39104,3792424,39521
190531983,26-00,B737-8,AFT,473597-5,SJB1245,473597-5,SJA9048,3815967,R549299
55603629,33-00,B737-8,23ABC,9651-35-0003,15654,9651-35-0003,20161,3905750,20103123
41931304,33-21,B737-8,10 DEF,9651-35-0003,8914,9651-35-0003,19945,3559968,20052076
55643223,25-51,B737-8,OBS,5145-1-82,16450,5145-1-88,29125,3868946,PAV10546
55257567,26-00,B737-8,FWD,473597-5,41994,473597-5,SJF1351,3908379,408095
190045791,33-00,B737-8,RH,45-0351-4,6661,45-0351-4,6454,3954201,PAV11447
55524166,25-00,B737-8,LAV D,SC4L500301-5,171658448-007,SC4L500301-5,173389311-003,3893208,E-5833780
190380222,33-00,M73-82,#14 RH,9651-35-0005,77410,9651-35-0005,29743,4148448,172290
42142687,33-42,M73-82,LH,72605363-1,5553,72605363-1,2858,4110474,5685162
55564259,23-00,B737-8,CAPT,5145-1-82,11650,5145-1-82,17194,3909684,PAV10921
42074493,25-00,M73-82,G1,62197-301-001,17-06-0369,62197-301-001,16-11-0283,4061992,AV1822
190375806,33-21,M73-82,22ABC,9651-35-0002,50808,9651-35-0002,47939,4079594,20172237
190595261,26-00,B737-8,AFT,473597-5,SJA4789,473597-5,SJA6820,3897197,63124
55377241,23-00,M73-82,AFT CAB,285W0024-1B,F35950,285W0024-1M,RSC00003,4011094,161132
55512162,33-00,B737-8,30 RH,9651-35-0005,50795,9651-35-0005,50750,4079600,20167770
191397683,26-00,B737-8,AFT,473597-5,SJA9840,473597-5,45525,4182343,13830833
42049879,25-00,B737-8,FWD,8201-11-0000,02-09-18205,8201-11-0000-01,21-11-0788,3865728,PAV10500
190110907,25-00,B737-8,FWDGALLY,72184025,4315,72184025,3020,3858646,1330557
190461349,25-00,M73-82,GALLEY 4,62197-301-001,23-04-0110,62197-301-001,16-01-0171,3865676,KAV0525009
191398729,25-00,B737-8,AFTGALLY,8201-11-0000,04-08-20254,8201-11-0000,04-02-19755,3848464,1322291
55181462,25-00,B737-8,FWDGALLY,62197-301-001,19-07-0268,72184025,4291,3509567,1004841
190076729,23-51,B737-8,FL DK,5145-1-82,14368,5145-1-82,15337,4042728,PAV12697
190104301,33-00,B737-8,RH,45-0351-4,7021,45-0351-4,3480,3881976,PAV10691
55736896,38-32,B737-8,LAV E,14330-230,FEE03,14330-230,28831,4048258,1183107
190457841,33-00,M73-82,11ABC,9651-35-0004,24978,9651-35-0004,6312,4183977,175029
55433114,33-21,M73-82,CABIN,9651-35-0003,20424,9651-35-0003,5671,3890621,148961
190720545,33-00,B737-8,15ABC,9651-35-0005,17655,9651-35-0005,31850,4149328,172498
55381200,25-33,M73-82,GALLEY 4,62197-301-001,16-12-0304,62197-301-001,14-07-6911,3884736,1353758
42135072,25-00,M73-82,FWD GALLEY,8201-11-0000,08-07-25659,8201-11-0000,03-09-19329,3680232,1172845
191159148,25-32,M73-82,FWD,8201-11-0000-01,16-12-38293,8201-11-0000,02-09-18206,4091790,KAV0226013
41936741,33-21,B737-8,6DEF,9651-35-0002,41823,9651-35-0002,64860,3967327,20115051
55411806,33-21,M73-82,5 DEF,9651-35-0002,52937,9651-35-0002,51338,4121871,170433
190593515,33-20,M73-82,5ABC,9651-35-0002,70923,9651-35-0002,24496,3918224,20105846
55685088,26-16,B737-8,AFT,473597-5,20354A,473597-5,SJA8269,4056387,13317342
190544439,33-00,B737-8,30 DEF,9651-35-0005,36957,9651-35-0005,49413,4084579,ARC167941
191422703,26-16,B737-8,AFT,473597-5,SJA4324,473597-5,SJA9961,4153769,13726793
191334442,23-40,B737-8,AFT CAB,285W0024-1B,F36186,285W0024-1B,F27102,4221364,178524
101898791,36-00,B737-8,#1,107484-7,12736,107484-7,13257,3768307,20240016264094Y02
190512504,33-21,B737-8,2ABC,9651-35-0005,23787,9651-35-0005,72020,3856610,20096561
191313009,25-00,B737-8,AFTGALLY,8201-11-0000,08-05-25473,8201-11-0000,08-05-25471,3954002,KAV0825018
55429971,25-32,M73-82,FWD GALLEY,8201-11-0000-01,09-02-26575,8201-11-0000-01,10-02-28200,4030253,KAV1225030
190160144,23-00,B737-8,FL DK,5145-1-82,12542,5145-1-82,17443,3800814,PAV9623
25705369,33-42,B737-8,RH,45-0351-4,5137,45-0351-2,0415,4061149,PAV12973
40748032,25-31,B737-8,FWDGALLY,62197-301-001,17-11-0448,62197-301-001,17-01-0338,3840627,1314390
190427795,33-21,M73-82,7 RH,9651-35-0003,14787,9651-35-0003,10154,4128818,170643
191187529,25-00,M73-82,GALLEY G4,62197-301-001,19-06-0032,62197-301-001,15-12-0165,4171156,KAV0626023
26102425,33-00,B737-8,RH,45-0351-4,2199,45-0351-4,5987,4117140,PAV13703
190792443,25-00,B737-8,AFTGALLY,8201-11-0000-01,15-12-37007,8201-11-0000,08-08-25860,3758792,PAV8960
190613797,25-00,B737-8,AFT RH,SC4L500301-5,170244616-003,SC4L500301-5,173056405-008,3839185,E-5748666
106336221,36-00,B737-8,#1,107484-7,12137,107484-7,19360,4101321,19305521Y02
55700806,33-21,B737-8,20ABC,9651-35-0002,17707,9651-35-0002,53926,3929512,20106754
190672592,33-00,B737-8,6DEF,9651-35-0002,51507,9651-35-0002,35730,4096590,ARC168567
190513436,23-51,B737-8,FL DK,5145-1-82,11521,5145-1-82,17753,3861229,1332800
190233651,25-00,B737-8,CABIN,72184025,4110,72184025,N12031146044852,3758761,PAV8954
190720518,25-31,B737-8,FWDGALLY,8201-11-0000-01,17-12-40075,8201-11-0000,06-12-22982,3824132,PAV10003
190405279,38-00,M73-82,LAV FWD,SC4L500301-5,172694186-007,SC4L500301-5,173574854-004,3946834,E-5910867
55427658,34-00,M73-82,ALT,0851HT1,405084,0851HT2,467144,3800777,407594838
42148517,23-42,M73-82,FWD CAB,285W0024-1B,D16770,285W0024-1M,F46565,3951458,154765
41759006,72-00,B737-8,#1,340-001-038-0,DM020775-Y,340-001-036-0,PF414540,3763621,1146300-1
41759006,72-00,B737-8,#1,340-001-038-0,DD459781,340-001-036-0,PF414257,3763627,1146300
55371956,25-00,M73-82,AFTGALLY,62197-301-001,15-11-0122,62197-301-001,23-05-0341,3989604,KAV1125014
190137118,33-42,B737-8,RH,45-0351-4,2151,45-0351-4,1611,4090498,PAV13388
55599306,26-00,B737-8,AFT,473597-5,SJA3798,473597-5,45584,3937232,12725049
191385101,26-16,B737-8,AFT,473597-5,SJA9836,473597-5,SJA3013,3949938,5813
190457817,33-21,M73-82,10DEF,9651-35-0003,5313,9651-35-0003,17486,4190358,20252549-01
190486096,33-42,M73-82,LH,72605363-1,2761,72605363-1,0720,3917274,3786479
190588846,23-00,B737-8,F/O,5145-1-82,14544,5145-1-82,11937,4091697,PAV13398
191442464,33-00,B737-8,29ABC,9651-35-0005,49530,9651-35-0005,38312,4179319,ARC174471
190880436,25-00,B737-8,AFT,62197-301-001,15-12-0161,72184025,4389,4117156,PAV13706
55719786,25-00,B737-8,AFTGALLY,8201-11-0000-01,16-10-38124,8201-11-0000-01,18-10-0446,3953597,KAV0825025
190469850,33-21,M73-82,31DEF,9651-35-0005,47710,9651-35-0005,33345,3954422,ARC155409
55665118,25-31,B737-8,AFT,8201-11-0000-01,16-12-38285,8201-11-0000-01,21-11-0274,3803073,PAV9651
40460172,33-21,B737-8,12DEF,9651-35-0005,18697,9651-35-0005,49527,3767105,ARC137370
42146820,25-32,M73-82,GALLEY 4,8201-11-0000-01,09-04-26819,8201-11-0000-01,16-02-37188,3850967,57226
190738970,26-00,B737-8,AFT,473597-5,SJB0743,473597-5,37991,3937663,12724975
42154093,33-21,M73-82,#30 RH,9651-35-0005,72098,9651-35-0005,50893,3758405,20079395
190869778,25-31,B737-8,#3,8201-11-0000-01,11-02-29752,8201-11-0000-01,10-07-29014,4020276,PAV12389
190358515,33-21,M73-82,12ABC,9651-35-0005,63973,9651-35-0005,50423,4145172,ARC172028
190106890,23-00,B737-8,FL DK,5145-1-82,13527,5145-1-82,15711,4042864,PAV12647
190628060,33-00,B737-8,21 ABC,9651-35-0002,30475,9651-35-0002,24705,3931051,152828
191128236,33-21,M73-82,CAB,9651-35-0002,71347,9651-35-0002,79020,4188816,20247960
55362243,25-00,M73-82,G1,62197-301-001,16-02-0211,62197-301-001,23-04-0111,3780412,1259376
190118657,26-00,B737-8,AFT,473597-5,24752,473597-5,SJB6887,3848305,62434
190562627,25-00,B737-8,AFT,62197-301-001,17-12-0460,72184025,4370,3960997,1425162
190345532,25-00,M73-82,GALLEY G1,8201-11-0000-01,21-11-0947,8201-11-0000-01,10-07-29030,4039230,KAV0126008
55685269,33-20,B737-8,CABIN,9651-35-0002,30860,9651-35-0002,47815,4157426,20212002
190462359,33-00,M73-82,9ABC,9651-35-0003,19856,9651-35-0003,20814,3905707,20102440
190467791,25-00,M73-82,33 R/H,9651-35-0005,49690,9651-35-0005,58950,4145079,20213540
190640535,26-16,B737-8,AFT,473597-5,SJA4325,473597-5,49040,3897278,R550757
191400282,26-00,B737-8,FWD,473597-5,67637,473597-5,SJA8465,4053976,-13308402
190553589,33-00,B737-8,RH,45-0351-4,3458,45-0351-4,4434,3941647,PAV11236
190279613,25-00,M73-82,G1,62197-301-001,17-07-0381,62197-301-001,23-06-0201,3917361,KAV0725010
55371761,38-11,M73-82,LAV A,SC4L500301-5,173531035-004,SC4L500301-5,173574847-006,3945876,E-5907843
55551827,33-00,B737-8,23ABC,9651-35-0002,32504,9651-35-0002,35192,4116642,ARC169750
190030976,25-00,B737-8,FL DK,5145-1-82,17320,5145-1-82,16722,3796059,PAV9552
55669879,23-00,B737-8,F/O,5145-1-82,13415,5145-1-82,18376,3948041,PAV11362
55601960,33-21,B737-8,8ABC,9651-35-0002,69994,9651-35-0002,73334,3814673,20089830
55054324,25-01,B737-8,AFTGALLY,72184025,N10100891044733,L13471-12MRYAN,2059334,3917727,1384689
42131045,33-00,M73-82,CABIN,9651-35-0003,20183,9651-35-0003,19802,3971345,04860921
190563312,25-00,B737-8,FWDGALLY,8201-11-0000-01,09-10-27595,8201-11-0000-01,14-09-35273,4030208,KAV1225059
980015202,25-00,B737-8,FWD,62197-301-001,15-07-7750,62197-301-001,16-07-0240,4235758,PAV15064
55597213,23-51,B737-8,OBS,5145-1-82,12858,5145-1-88,29416,4230333,PAV15012
190720477,23-42,B737-8,CABIN,285W0024-1B,F53631,285W0024-23M,F63076,4011381,04978415
41937014,25-30,B737-8,AFTGALLY,72184025,N10121145044780,72184025,4029,3965325,1428870
190014037,23-00,B737-8,FL DK,5145-1-82,10530,5145-1-82,14544,4139203,PAV14003
55374815,25-00,M73-82,GALLEY 4,62197-301-001,23-05-0341,62197-301-001,17-11-0440,3851790,KAV0325023
190597314,38-00,B737-8,LAV A,14330-230,17524,14330-230,11034,3979133,1163667
55613656,33-00,B737-8,RH,45-0351-4,3130,45-0351-4,3458,3944118,PAV11275
190199457,12-00,B737-8,FWDGALLY,72184025,4086,72184025,4027,3903275,1369977
191400782,25-00,B737-8,AFT,62197-301-001,21-02-0161,62197-301-001,17-11-0434,4183945,WAV1509
41784371,33-21,M73-82,CABIN,9651-35-0005,24400,9651-35-0005,58390,3830737,26-1.000
190392166,33-21,M73-82,30ABC,9651-35-0005,21201,9651-35-0005,33768,4031786,163072
190964954,25-31,B737-8,FWD,62197-301-001,22-05-0084,62197-301-001,17-06-0370,4090643,WAV1258
191011721,72-00,B737-8,#2,340-001-038-0,DM007221,340-001-038-0,DM109936,4169509,R260410
191011721,72-00,B737-8,#2,340-001-038-0,DM006773,340-001-038-0,DM128950,4175097,R2605142
191011721,72-00,B737-8,#2,340-001-038-0,PA732900,340-001-038-0,DE809059,4174978,R2605124
191011721,72-00,B737-8,#2,340-001-038-0,PC682755,340-001-038-0,DM134697,4174283,R2605141
191011721,72-00,B737-8,#2,340-001-038-0,DM007187,340-001-038-0,PC272813,4181580,R26043022001
191011721,72-00,B737-8,#2,340-001-038-0,DM006940,340-001-038-0,DM139136,4174605,R2605263
190083850,26-16,B737-8,AFT,473597-5,47761,473597-5,SJE0906,3902391,407337662
55580464,33-21,B737-8,CABIN,9651-35-0002,33818,9651-35-0002,25074,3880232,ARC148249
107106328,26-00,B737-8,AFT,473597-5,23800,473597-5,SJB1170,4188488,13849157
191417810,25-00,B737-8,AFTGALLY,62197-301-001,21-11-0701,72184025,3056,4115613,KAV0426032
190888456,25-00,B737-8,AFTGALLY,72184025,N09030227044454,62197-301-001,21-02-0174,4084145,WAV1210
55050206,33-42,B737-8,RH,45-0351-4,6688,45-0351-4,5987,3773324,PAV9140
40100537,25-31,B737-8,AFTGALLY,62197-301-001,22-12-0355,72184025,4082,3755735,SAV413
42013723,25-00,B737-8,7050MM3,72184025,N09050469044521,62197-301-001,23-07-0421,4187170,WAV1526
55520409,26-00,B737-8,AFT,473597-5,SJA2326,473597-5,SJA8907,4019978,13134345
190426278,33-21,M73-82,28 DEF,9651-35-0005,31219,9651-35-0005,65827,4039692,20153906
55704131,23-51,B737-8,F/O,5145-1-82,17410,5145-1-88,27662,4016136,PAV12369
41420257,26-00,B737-8,FWD,473597-5,38258,473597-5,SJA4661,4155635,13729633
190391417,25-32,M73-82,G1,8201-11-0000,05-10-21297,8201-11-0000,02-09-18206,4163370,PAV14255
190334051,25-00,M73-82,FWD GALLEY,8201-11-0000-01,23-06-0152,8201-11-0000,05-09-21496,4001786,PAV12129
191490969,25-00,B737-8,FWDGALLY,62197-301-001,23-09-0094,72184025,N12020998044821,4078942,SAV827
55712089,33-00,B737-8,12DEF,9651-35-0005,33585,9651-35-0005,59169,3839831,20093972-1.000
190229700,38-00,B737-8,AFT,14330-230,11484,,,9715607,
190229700,38-00,B737-8,AFT,,,14330-230,16015,4153527,0000069658
40211329,33-00,B737-8,19ABC,9651-35-0002,39325,9651-35-0002,22336,3911248,ARC150696
190625388,33-21,B737-8,2 DEF,9651-35-0004,19300,9651-35-0004,11174,3930879,153232
42155917,25-00,M73-82,GALLEY G1,62197-301-001,16-01-0169,62197-301-001,21-02-0300,3791761,WAV255
55058485,25-00,B737-8,#3,8201-11-0000-01,16-06-37684,8201-11-0000,04-11-20596,3942342,KAV0825011
191375083,25-00,B737-8,AFT GALLEY,72184025,4083,62197-301-001,23-06-0214,4213985,WAV1608
191442472,33-00,B737-8,29ABC,9651-35-0005,48773,9651-35-0005,49530,4145151,ARC171862
190980614,36-11,B737-8,#1,107484-7,10651,107484-7,19302,4126472,355959264
55169044,25-33,B737-8,RH AFT,72184025,4331,72184025,3001,3589330,1082132
190309897,25-00,M73-82,GALLEY 4,62197-301-001,21-11-0218,62197-301-001,17-06-0367,3974039,WAV868
55736146,38-00,B737-8,AFTGALLY,72184025,N10030479044677,72184025,4039,3783263,WAV202
41337543,33-21,B737-8,10DEF,9651-35-0004,19219,9651-35-0004,6450,3867366,146566
55497614,25-00,M73-82,GALLEY G1,62197-301-001,15-10-8005,62197-301-001,21-11-0227,3780323,KAV0125043
55238647,33-00,B737-8,RH,45-0351-4,1570,45-0351-4,4703,3845052,PAV10301
55137266,25-00,B737-8,AFTGALLY,72184025,4147,72184025,N09040555044496,3818895,KAV0225037
190015397,30-00,B737-8,FIN,0851HT1,434832,0851HT2,479790,4070454,`408830001
190668448,33-21,B737-8,CABIN,9651-35-0003,10383,9651-35-0003,6706,4049784,ARC164661
190075514,25-00,B737-8,GALLEY G1,72184025,N10090458044712,L13471-12MRYAN,1070321,4005338,PAV12114
55622584,33-20,B737-8,CABIN,9651-35-0003,15661,9651-35-0003,7155,4061393,ARC165960
190107631,23-51,B737-8,CAPT,5145-1-82,24391,5145-1-82,24395,4178578,PAV14418
190517722,27-31,B737-8,RH STAB,0851HT1,342208,0851HT2,466867,3812712,407670237
190634315,26-00,B737-8,AFT,473597-5,SJA7036,473597-5,24985A,3960395,R550534-63983
41796296,33-21,M73-82,25DEF,9651-35-0003,15244,9651-35-0003,11840,3903239,149626
190528272,33-00,B737-8,27DEF,9651-35-0005,17927,9651-35-0005,44658,4110227,ARC169669
190396970,33-21,M73-82,25ABC,9651-35-0003,15508,,,9718082,
190396970,33-21,M73-82,25 ABC,,,9651-35-0003,10575,4210487,177495
190186875,25-00,B737-8,FWD,8201-11-0000,05-11-21446,8201-11-0000,07-08-24017,3858905,PAV10439
55428756,25-32,M73-82,GALLEY,62197-301-001,17-12-0473,62197-301-001,21-11-0693,3780352,KAV0125031
190014635,25-00,B737-8,GALLEY,8201-11-0000,06-12-22991,8201-11-0000-01,23-07-0175,3456736,S23/2965H-1
40722516,33-00,B737-8,ROW 32 RH,9651-35-0005,36304,9651-35-0005,45232,3949785,ARC155218
55181060,25-31,B737-8,AFTGALLY,62197-301-001,14-09-7020,62197-301-001,15-07-7756,3770976,1253601
26219575,25-00,B737-8,FWDGALLY,72184025,4337,72184025,3059,3776913,KAV0125014
55672521,26-16,B737-8,AFT,473597-5,23579A,473597-5,SJA3096,4138399,13661407
191398680,36-11,B737-8,#2,107484-7,8134,107484-7,18679,4089542,3340
106405745,38-32,B737-8,LAV FWD,14330-230,11133,14330-230,4070,3800764,0001029338
190108870,38-00,B737-8,FWD CABIN,72184025,N10121143044778,72184025,N10120150044749,3824272,PAV10010
55518699,25-31,B737-8,AFT,62197-301-001,16-07-0237,62197-301-001,16-12-0305,4122476,SAV891
55428241,25-30,M73-82,GALLEY G4,62197-301-001,23-08-0327,62197-301-001,21-02-0166,4065952,SAV798
55603526,23-42,B737-8,FWD CAB,285W0024-1B,F27890,285W0024-1B,F63125,3945907,07550
55280104,33-21,M73-82,CABIN,9651-35-0005,60561,9651-35-0005,51840,3788942,20085921
190622281,26-00,B737-8,AFT,473597-5,SJA6910,473597-5,SJB0856,3838435,ARC144562
55574116,38-00,B737-8,FWD,SC4L500301-5,172694186-004,SC4L500301-5,172694167-007,3821528,E-5718722
190118057,23-00,B737-8,FL DK,5145-1-82,23953,5145-1-82,15695,3807390,PAV9743
190514167,33-00,B737-8,CABIN,9651-35-0004,6612,9651-35-0004,14032,3855348,145112
190514167,33-00,B737-8,CABIN,9651-35-0005,18544,9651-35-0005,33661,3867372,146622
41966137,26-16,B737-8,AFT,473597-5,SJA4438,473597-5,SJA0616,3838329,R549832
55069660,38-32,B737-8,CABIN,15800-029-3,6680,15800-029-3,16542,3935605,RF26656-1
55501326,25-00,M73-82,GALLEY 4,62197-301-001,19-07-1221,62197-301-001,22-10-0007,3789396,WAV239
55061290,23-42,B737-8,CABIN,285W0024-1B,F25962,285W0024-1M,F50522,3907541,150177
55412647,33-00,M73-82,#22 LH,9651-35-0002,17010,9651-35-0002,71273,3830261,20092006
190144597,25-00,B737-8,FWD,8201-11-0000,07-09-24233,8201-11-0000-01,14-09-35278,4066408,KAV0126063
55698267,25-00,B737-8,AFTGALLY,62197-301-001,16-07-0243,62197-301-001,21-02-0134,3781703,WAV198
190380688,25-35,M73-82,FWD,62197-301-001,17-11-0434,62197-301-001,16-12-0311,4131763,WAV1398
190234671,38-32,B737-8,CABIN,15800-029-3,2418,15800-029-3,4101,4066925,1186219
42140216,25-00,M73-82,FWDGALLY,8201-11-0000,07-12-24520,8201-11-0000,04-12-20647,3917275,KAV0725012
55147768,25-00,B737-8,AFT CAB,8201-11-0000,04-09-20361,8201-11-0000,07-08-24183,3862397,PAV10481
190290250,33-00,M73-82,30 ABC,9651-35-0005,17479,9651-35-0005,53872,3883003,20100492
55577540,33-21,B737-8,15DEF,9651-35-0005,17711,9651-35-0005,49304,3860038,20097240-1.000
191446845,33-00,B737-8,CABIN,9651-35-0002,18742,9651-35-0002,35247,4234276,179510
190538594,33-00,B737-8,23DEF,9651-35-0002,33422,9651-35-0002,35382,3842275,143916
55091519,25-00,B737-8,AFTGALLY,62197-301-001,15-08-7819,62197-301-001,23-08-0260,4044785,WAV1094
55131587,23-42,B737-8,CABIN,285W0024-1B,D13059,285W0024-1B,F62158,3906949,MEH-E-2025-05777
191235543,72-00,M73-82,#1,2085M31G03,PAT9A235,2085M31G03,PAT51E73,4009938,RG84895-1
35048392,23-00,B737-8,FWD CAB,285W0024-1B,D23178,285W0024-1B,D22026,3951459,154883
190078267,25-00,B737-8,AFTGALLY,8201-11-0000-01,17-12-39595,8201-11-0000,08-07-25641,4009624,KAV1125012
191095563,25-31,M73-82,AFT,8201-11-0000-01,17-12-40066,8201-11-0000-01,09-05-26943,4207482,PAV14742
190143361,26-00,B737-8,FWD,473597-5,20313A,473597-5,24752A,3882624,62938
190457254,33-21,M73-82,9 DEF,9651-35-0003,17788,9651-35-0003,19599,4197137,20254377
107144535,36-11,B737-8,#2,107484-7,19993,107484-7,10139,4187500,5915255
107144535,36-11,B737-8,#2,3214552-6,20074,3214552-6,12266,4116474,5962472
190245510,25-30,B737-8,FWD,72184025,N10090447044701,72184025,N10121140044775,3887336,PAV10722
190636402,26-16,B737-8,AFT,473597-5,SJA6168,473597-5,24951A,3801481,R549251-615
190368291,33-42,M73-82,LH,72605363-1,4414,72605363-1,1210,3959093,354240222
55311540,33-21,M73-82,16 ABC,9651-35-0005,66438,,,9718264,
55311540,33-21,M73-82,16 ABC,,,9651-35-0005,68434,4219913,47000168
190574667,33-21,B737-8,15 DEF,9651-35-0005,15589,9651-35-0005,23960,4078761,7178
190288040,34-11,M73-82,CAPT,0851HT1,457186,0851HT2,479143,4053227,408759414
55445612,30-31,M73-82,ALT,0851HT1,429958,0851HT2,480545,4079481,408865160
190638401,33-00,B737-8,LH,72605363-1,5934,72605363-1,9726,4061689,05114466
104739270,72-00,,#1,340-001-038-0,PA383713,340-001-038-0,DM160486,3964135,615001
104739270,72-00,,#1,340-001-038-0,DC973212,340-001-038-0,DE175749,3809149,R25012517000
104739270,72-00,,#1,340-001-038-0,PA373912,340-001-038-0,DM160796,3964119,1611001
104739270,72-00,,#1,340-001-038-0,DC976123,340-001-038-0,DE179097,3809145,R25012505000
55733337,25-00,B737-8,FWD,8201-11-0000,07-02-23321,8201-11-0000,08-08-25852,3593456,1088239
55095567,25-00,B737-8,AFTGALLY,8201-11-0000-01,09-03-26653,8201-11-0000,06-11-22824,4026368,KAV1225041
40848616,25-00,B737-8,AFTGALLY,72184025,N09050472044524,72184025,4363,3740238,PAV8707
191251523,33-00,M73-82,26 DEF,9651-35-0004,18621,9651-35-0004,19161,4128859,170871
55472825,33-00,M73-82,24 ABC,9651-35-0002,71871,9651-35-0002,63971,3868923,20098580-1.000
55713174,33-42,B737-8,LH,72605363-1,6000,72605363-1,0021,3828281,660735
55713174,33-42,B737-8,UPR,72500410-2,1656,72500410-2,9094,3803213,352297893
55713174,33-42,B737-8,LH O/B,72500410-1,3545,72500410-1,9771,3723148,351310767
55155400,20-61,B737-8,AFT LH,72184025,N10040452044697,L13471-12MRYAN,2023989,3681654,1174517
190501866,33-00,M73-82,22 ABC,9651-35-0002,50316,9651-35-0002,56180,3950552,20111039
42128760,25-32,M73-82,GALLEY G4,62197-301-001,22-05-0082,62197-301-001,22-02-0464,3813335,WAV314
55373533,33-21,M73-82,CABIN,9651-35-0004,18484,9651-35-0004,19247,3916636,5684
190605541,26-16,B737-8,AFT,473597-5,SJA2823,473597-5,SJA6998,4001387,13028479
190559672,33-42,B737-8,LH,72605363-1,1210,72605363-1,5974,3934304,353967554
55606533,33-00,B737-8,15 LH,9651-35-0005,17473,9651-35-0005,31604,3792428,39641
191358212,34-00,B737-8,LH,0851HT1,357171,0851HT2,476769,4002886,408520635
191408560,25-00,B737-8,AFTGALLY,72184025,4418,72184025,N11060383044787,4192364,WAV1538
55515242,33-00,B737-8,RH,72605363-1,0626,72605363-1,4151,4090289,18744594Y15
190540171,33-00,B737-8,CABIN,9651-35-0002,22424,9651-35-0002,34733,3916463,151310
980007865,25-00,B737-8,AFTGALLY,72184025,4322,72184025,4228,4118179,
190586426,33-00,B737-8,12ABC,9651-35-0005,24570,9651-35-0005,47170,3945595,ARC154316
190637799,23-51,B737-8,AFT CAB,285W0024-1B,F24239,285W0024-1M,F52816,3958981,ARC155840
55313584,33-21,M73-82,14ABC,9651-35-0005,17954,9651-35-0005,31430,3869230,ARC146863
40848818,25-32,B737-8,FWDGALLY,62197-301-001,17-06-0369,62197-301-001,22-12-0118,3818395,PAV9917
190608378,33-00,B737-8,18ABC,9651-35-0002,24586,9651-35-0002,55041,4084420,ARC167843
55590085,33-21,B737-8,31ABC,9651-35-0005,51841,9651-35-0005,16125,3802630,ARC140765
191449357,33-00,B737-8,RH,45-0351-4,6699,45-0351-4,3480,4186834,PAV14552
42170943,25-00,M73-82,GALLEY 4,62197-301-001,23-09-0091,62197-301-001,16-11-0297,4157660,JN11919
190328186,25-32,M73-82,G1,62197-301-001,23-05-0411,62197-301-001,19-07-0270,4006337,WAV989
190306716,33-21,M73-82,CAB,9651-35-0005,51397,9651-35-0005,17425,3885446,ARC148567
190591125,34-00,B737-8,ALT,0851HT1,319148,0851HT2,479206,4050983,408759395
190170701,25-00,B737-8,FWD,8201-11-0000-01,10-02-28198,8201-11-0000-01,17-11-39513,3726925,KAV1024053
55356456,33-00,M73-82,LH,72605363-1,5730,72605363-1,3792,3934722,4057398
190342267,25-32,M73-82,GALLEY G4,62197-301-001,18-07-2028,62197-301-001,16-06-0219,4183960,WAV1506
190622460,25-00,B737-8,FWDGALLY,8201-11-0000-01,21-01-0271,8201-11-0000,04-08-20255,3824113,PAV10016
190282818,25-31,M73-82,GALLEY G4,62197-301-001,16-07-0241,62197-301-001,21-11-0219,4032290,WAV1052
106884854,23-00,M73-82,FWD CAB,285W0024-1B,F47982,285W0024-23M,F60278,4169511,174082
104018879,23-31,B737-8,CABIN,285W0024-1B,D22465,285W0024-1B,F52660,3916266,151549
190425782,25-40,M73-82,LAV  AFT  RH,SC4L500301-5,11451794-002,SC4L500301-5,175167846-003,4148514,6188927
190623606,25-00,B737-8,AFT,8201-11-0000,05-11-21450,8201-11-0000-01,17-08-39196,3944738,PAV11281
190506154,33-42,B737-8,RH,72605363-1,0628,72605363-1,5770,3945767,4100170
190529883,26-16,B737-8,AFT,473597-5,SJA4389,473597-5,SJA4641,4066011,13345375
190242174,26-16,B737-8,AFT,473597-5,48791,473597-5,SJA7966,3847902,62436
53883358,25-00,B737-8,AFTGALLY,62197-301-001,17-08-0408,62197-301-001,19-07-0273,4081441,1828
42108987,73-00,M73-82,#1,2085M31G03,PAT68E16,2085M31G03,PSDNK217,3957707,TCA25A-00700
42108987,73-00,M73-82,#1,2085M31G03,PAT10F15,2085M31G03,PSDNK216,3957706,TCA25A-00699
190557739,30-00,B737-8,RH STAB,0851HT1,336318,0851HT2,480140,4068194,408830008
190455947,33-21,M73-82,20 DEF,9651-35-0002,52094,9651-35-0002,51245,4202798,ARC176612
55164683,23-00,B737-8,FL DK,5145-1-82,24101,5145-1-88,27356,3810230,1287224
190302140,25-30,M73-82,AFTGALLY,62197-301-001,25-04-0277,62197-301-001,16-12-0314,3954029,PAV11452
190626784,26-16,B737-8,AFT,473597-5,SJA4641,473597-5,SJF1101,3908162,4080959
105478504,36-11,B737-8,#1,107484-7,18683,107484-7,10978,4015530,4800234
191019208,36-00,B737-8,#1,107484-7,17662,107484-7,12101,4101328,355730273
190482194,25-00,M73-82,GALLEY G4,8201-11-0000-01,21-06-0269,8201-11-0000,04-12-20663,4058256,KAV0825016
55272942,23-42,B737-8,CABIN,285W0024-1B,F44461,285W0024-1B,F28251,3979203,ARC158176
20259307,25-00,B737-8,AFT,72184025,4206,72184025,4399,3685713,1179081
190458233,25-00,M73-82,GALLEY G4,62197-301-001,19-06-0028,62197-301-001,15-12-0163,4009614,KAV1125047
190650171,25-00,B737-8,FWDGALLY,8201-11-0000-01,17-12-40037,8201-11-0000,07-10-24308,3867640,1336579
191337458,26-16,B737-8,AFT,473597-5,67692,473597-5,38258,4199187,13904103
104427611,36-00,B737-8,#2,107484-7,12577,107484-7,12214,3929823,353879332
190481588,25-00,M73-82,GALLEY 1 FWD,62197-301-001,14-07-6904,62197-301-001,14-12-7220,3975668,1436496
190462426,33-00,M73-82,05 DEF,9651-35-0002,74538,9651-35-0002,19731,3911335,150778
190251266,26-00,B737-8,AFT,473597-5,45584,473597-5,SJF1090,3908203,408095
40722573,33-00,B737-8,CABIN,9651-35-0005,33725,9651-35-0005,38302,4084610,7604
42065887,38-00,M73-82,LAV A,SC4L500301-5,171260753-006,SC4L500301-5,171707121-008,3739979,E-5549876
190770938,26-16,B737-8,FWD,473597-5,45975,473597-5,SJD5576,3837671,62123
190440609,33-21,M73-82,02 ABC,9651-35-0005,53872,9651-35-0005,34853,3857303,ARC145717
191420404,38-00,B737-8,LAV D,14330-230,37361,14330-230,34440,4066562,0001191203
190304010,33-20,M73-82,RH,9651-35-0005,63091,9651-35-0005,49305,3845404,20094125
190112725,33-00,B737-8,RH,45-0351-4,2223,45-0351-4,4933,4059641,PAV12942
190699173,33-22,B737-8,20ABC,9651-35-0002,24876,9651-35-0002,18206,4032035,ARC162903
190497288,25-33,M73-82,GALLEY 4,62197-301-001,17-12-0429,62197-301-001,15-10-8017,3937836,PAV11196
191019186,25-31,B737-8,FWDGALLY,72184025,4191,72184025,4164,4140459,KAV0526063
55534126,33-42,B737-8,LH,72605363-1,2665,72605363-1,1210,3887345,353395084
190728315,25-36,B737-8,AFTGALLY,8201-11-0000-01,17-12-40072,8201-11-0000,07-08-24168,3920269,PAV11019
55716907,38-11,B737-8,LAV A,SC4L500301-5,11304696-008,SC4L500301-4,1604491,4058218,E-6074532
191408817,33-00,B737-8,18DEF,9651-35-0002,35009,9651-35-0002,32928,4222143,178682
190046121,34-00,B737-8,F/O,0851HT1,354403,0851HT2,454592,3561725,509788
55429795,33-00,M73-82,28DEF,9651-35-0005,66236,9651-35-0005,21354,4001766,60332
190507813,25-00,B737-8,FWDGALLY,8201-11-0000-01,22-03-0152,8201-11-0000-01,17-07-39059,3800852,PAV9625
190364494,33-21,M73-82,25 ABC,9651-35-0003,15360,9651-35-0003,15252,4179431,ARC174673
190302774,25-00,M73-82,G1,8201-11-0000-01,21-01-0245,8201-11-0000,04-02-19745,3892860,KAV0625013
190456538,25-00,M73-82,GALLEY 1,62197-301-001,19-07-0257,62197-301-001,23-06-0210,4008205,PAV12246
40302259,26-00,B737-8,FWD,473597-5,36303,473597-5,SJE1098,3902415,407337662
40302259,26-00,B737-8,FWD,473597-5,37991,473597-5,SJA5086,3907316,R550862-63306
55106048,34-00,B737-8,F/O,0851HT1,378772,0851HT2,466259,3766662,407425631
190703904,25-00,B737-8,AFT,62197-301-001,17-07-0388,62197-301-001,18-03-0519,3948838,PAV11374
102745136,33-00,B737-8,CAB,9651-35-0002,30452,9651-35-0002,31388,3816766,90981-1.000
102745136,33-00,B737-8,30 R/H,9651-35-0005,18238,9651-35-0005,33026,3806572,ARC140857
102745136,33-00,B737-8,CAB,9651-35-0005,28628,9651-35-0005,67322,3815712,20090290
102745136,33-00,B737-8,CAB,9651-35-0000,4565,9651-35-0000,2283,3792414,39732
190292512,33-21,M73-82,LH,9651-35-0003,21463,9651-35-0003,9834,3867387,146652
55419668,38-00,M73-82,LAV U,SC4L500301-5,11247303,SC4L500301-5,171524577-002,3705278,40133317
190213749,25-13,B737-8,FWD,8201-11-0000-01,11-02-29759,8201-11-0000-01,19-06-0278,3826367,1302537
55580408,25-31,B737-8,FWDGALLY,62197-301-001,18-06-0115,62197-301-001,17-12-0425,3871503,1341893
191401049,36-11,B737-8,#2,107484-7,11416,107484-7,16021,4185504,355911614
190281260,25-32,M73-82,AFT GALLEY,8201-11-0000-01,22-02-0655,8201-11-0000,07-12-24540,3490646,RA367
55406227,33-21,M73-82,19DEF,9651-35-0002,30173,9651-35-0002,53118,3880247,ARC148228
190588247,33-00,B737-8,CABIN,9651-35-0002,53243,9651-35-0002,24544,4172893,ARC171506
55430977,38-00,M73-82,LAV V,SC4L500301-5,11304652-010,SC4L500301-5,172442905-004,3792477,E5664896
190540320,33-00,B737-8,RH,45-0351-4,4434,45-0351-4,6123,3936881,PAV11185
20072139,26-00,B737-8,FWD,473597-5,48180,473597-5,41969,3880397,R550407
190276235,25-00,M73-82,G1,62197-301-001,16-12-0308,62197-301-001,21-02-0298,3865655,KAV0525035
55291336,25-00,M73-82,AFT LH,62197-301-001,22-11-0533,62197-301-001,17-07-0392,3826408,SAV529
190302091,33-00,M73-82,30 L/H,9651-35-0005,42779,9651-35-0005,49415,3942861,20108442
190083459,33-00,B737-8,15 ABC,9651-35-0005,49167,9651-35-0005,31066,3885421,ARC148294
191120373,25-00,M73-82,AFTGALLEYFWD,62197-301-001,23-09-0234,62197-301-001,18-01-0436,4226802,WAV1671
42061993,33-00,B737-8,21 RH,9651-35-0002,59589,9651-35-0002,35374,3767400,ARC137455
55257297,33-00,B737-8,RH,45-0351-4,4324,45-0351-4,3252,3921893,1387950
55638692,33-00,B737-8,23DEF,9651-35-0003,18380,9651-35-0003,12741,3861063,ARC146215
22745961,38-00,B737-8,FWD,14330-230,R5186126,14330-230,20390,2260914,267021
191128531,38-00,M73-82,LAV D,SC4L500301-5,11304650-008,SC4L500301-5,175167915-008,4143483,E6178748
55440948,38-21,M73-82,LAV V,SC4L500301-5,11097887,SC4L500301-5,172972827-006,3844779,E-5748672
190144719,23-00,B737-8,CABIN,285W0024-1B,D22465,285W0024-1B,F51219,4170015,173969
190639314,33-21,B737-8,24 RH,9651-35-0003,15666,9651-35-0003,15426,3992829,20121819
55632816,25-00,B737-8,AFTGALLY,62197-301-001,21-11-0705,72184025,4213,3745433,PAV8773
55232152,25-35,B737-8,AFT,72184025,N09040561044502,72184025,4127,4134585,KAV0426094
55184408,25-00,B737-8,GALLEY G4,62197-301-001,21-02-0149,72184025,N12020999044822,3791951,1270671
55369518,33-00,M73-82,19DEF,9651-35-0002,59282,9651-35-0002,40862,4037531,163612
190911507,33-00,B737-8,18DEF,9651-35-0002,38978,9651-35-0002,62196,4012710,20133359
190310727,25-00,M73-82,AFTGALLY,8201-11-0000-01,21-11-0788,8201-11-0000-01,09-03-26638,3774399,PAV9181
190004192,38-00,B737-8,FWD,14330-230,7826,14330-230,21274,3794302,0051206221
53860917,36-00,B737-8,#1,63292146-1,7192,63292146-1,9990,3554279,349007186
191475321,33-00,B737-8,2DEF,9651-35-0004,12267,9651-35-0004,16964,4032077,ARC163037
55640683,25-00,B737-8,AFTGALLY,72184025,4135,72184025,4076,3996270,WAV941
190446088,33-00,M73-82,RH,72605363-1,5521,72605363-1,1200,3868903,3223371
190446088,33-00,M73-82,RH OUTBD,72500410-3,12280,72500410-3,1867,3881708,3301951
190446088,33-00,M73-82,RH INBD,72500410-4,12135,72500410-4,14932,3881726,3362503
190115135,26-16,B737-8,AFT,473597-5,49040,473597-5,SJA6295,3838441,R549801
191345843,38-00,B737-8,AFT RH,14330-230,ZSK630,14330-230,16583,4128536,56934
55705998,33-00,B737-8,6 DEF,9651-35-0002,34954,9651-35-0002,17706,3802715,ARC140396
55705998,33-00,B737-8,14 DEF,9651-14-0005,9057,9651-14-0005,13980,3747432,79031-1
190869879,23-42,B737-8,CABIN,285W0024-1B,F24106,285W0024-23B,F64502,4186949,05340
191481413,25-00,B737-8,FWD CAB,285W0024-1B,F25717,285W0024-23B,F64221,4150719,1625041-2.3
55762762,38-00,32S,50MG4,14330-230,LHT063AA91,14330-230,39285,4128532,61258
190119469,38-32,B737-8,LAV  FWD  LH,14330-230,11214,14330-230,10467,3841963,0001112005
102501199,33-20,B737-8,19ABC,9651-35-0002,30126,9651-35-0002,34801,3800899,7179
42108831,38-00,M73-82,LAV A,SC4L500301-5,170714883-010,SC4L500301-5,173923351-008,3965418,5943493
190531433,23-42,B737-8,AFT CAB,285W0024-1B,F26252,285W0024-1M,F52504,3813447,ARC141604
55582811,33-42,B737-8,RH,45-0351-4,2151,45-0351-4,4780,3822624,PAV9996
190040053,23-51,B737-8,FL DK,5145-1-82,13849,5145-1-82,23465,4087745,PAV13370
190584542,33-21,B737-8,18DEF,9651-35-0002,40457,9651-35-0002,22964,3893212,149312
190473682,33-20,M73-82,CABIN,9651-35-0005,47469,9651-35-0005,52138,4016046,20140698
190358040,33-00,M73-82,19DEF,9651-35-0002,64758,9651-35-0002,37301,4104308,ARC169242
106155810,33-21,M73-82,CAB,9651-35-0005,49635,9651-35-0005,50496,4072953,ARC166926
190321953,33-42,M73-82,LH OUTBD,72500410-1,13410,72500410-1,7302,3892642,353509683
190321953,33-42,M73-82,LH INBD,72500410-2,13428,72500410-2,11786,3767218,351793647
190321953,33-42,M73-82,LH,72605363-1,6230,72605363-1,5974,3908179,3642180
55683156,33-42,B737-8,RH,45-0351-4,5749,45-0351-4,5790,4096341,PAV13508
35058980,25-37,B737-8,FWDGALLY,8201-11-0000-01,10-07-29004,8201-11-0000,06-01-21698,3857836,KAV0425039
42156214,33-21,M73-82,31 DEF,9651-35-0005,46592,9651-35-0005,36284,3792396,ARC139457
190576404,33-42,B737-8,RH,72605363-1,2653,72605363-1,5972,4025875,355051400
55597204,23-51,B737-8,OBS,5145-1-82,12595,5145-1-88,28596,4229080,PAV15025
191265567,25-00,M73-82,AFT GALLEY,8201-11-0000-01,21-06-0254,8201-11-0000-01,23-04-0211,3442308,S23/2585H-1
190502980,33-00,M73-82,16ABC,9651-35-0005,48748,9651-35-0005,21208,4223171,178990
190624084,25-31,B737-8,AFTGALLY,8201-11-0000,03-03-18855,8201-11-0000,04-10-20501,4176979,KAV0626027
55634375,25-00,B737-8,FWDGALLY,62197-301-001,18-01-0445,62197-301-001,15-10-8013,3829328,PAV10102
190286601,25-32,M73-82,G1,62197-301-001,15-03-7396,62197-301-001,22-10-0366,4130063,SA12120
104057804,72-00,,#1,340-001-038-0,DM034289,340-001-038-0,HC279492,3884632,R2505141
104057804,72-00,,#1,340-001-038-0,DM034275,340-001-038-0,DE926938,3824916,31419000
42061791,36-00,B737-8,#1,107484-7,18217,107484-7,18706,3795347,352105623
190433091,33-21,M73-82,12DEF,9651-35-0004,6002,9651-35-0004,6482,4078824,167491
190603666,33-00,B737-8,CAB,9651-35-0002,17633,9651-35-0002,66008,3915756,20105199
55151818,23-51,B737-8,FL DK,5145-1-82,11882,5145-1-82,12581,3891486,PAV10776
55684728,25-31,B737-8,AFTGALLY,62197-301-001,18-07-0607,72184025,N10090461044715,3805382,KAV0225035
191265546,38-11,M73-82,LAV FWD,SC4L500301-5,173574854-004,SC4L500301-4,1604495,4058220,E-6074532
191011443,25-00,B737-8,CABIN,72184025,N09120072044595,72184025,N09050462044514,4091502,SA11893
25596051,25-00,B737-8,GALLEY G4,72184025,N10020408044658,72184025,N09030234044461,3763038,KAV1224015
41772426,33-00,B737-8,31ABC,9651-35-0005,46414,9651-35-0005,23729,3911237,ARC150977
42189020,25-00,M73-82,GALLEY G4,62197-301-001,19-06-0033,62197-301-001,21-02-0303,3792254,WAV260
190020915,38-32,B737-8,CABIN,14330-230,10871,14330-230,21075,3995949,1168322
14138076,25-31,B737-8,AFTGALLY,72184025,4331,L13471-12MRYAN,9852089,3997446,PAV12055
190229411,25-00,B737-8,FWD GALLEY,72184025,4138,72184025,3038,3791955,1270639
55657075,33-21,B737-8,10ABC,9651-35-0004,12372,9651-35-0004,12001,3658672,126903
55657075,33-21,B737-8,LH8,9651-35-0003,9064,9651-35-0003,19213,3508547,3482422
55168666,72-21,B737-8,#2,340-001-038-0,DE184699,340-001-036-0,PF459365,3805388,1138419
55168666,72-21,B737-8,#2,340-001-038-0,DE190292,340-001-038-0,PA219870,3668214,13001
55168666,72-21,B737-8,#2,340-001-038-0,DE177658,340-001-038-0,PC366013,3668432,R24071002001
55168666,72-21,B737-8,#2,340-001-038-0,DM020118,340-001-036-0,PF440044,3774436,1140555-1
190656127,34-11,B737-8,LH,0851HT1,341263,0851HT2,458452,3618407,406765456
190527861,25-00,B737-8,FWDGALLY,8201-11-0000,03-09-19331,8201-11-0000,08-08-25871,3685709,1177878
40747778,38-00,B737-8,AFTGALLY,62197-301-001,16-02-0198,62197-301-001,22-01-0390,3781137,1260049
55321008,33-21,M73-82,33 R/H,9651-35-0005,17542,9651-35-0005,38320,3770495,137894
55592800,25-61,B737-8,AFTGALLY,8201-11-0000,04-08-20257,8201-11-0000-01,16-08-37943,3719592,1211313
55674886,27-00,B737-8,FIN,0851HT1,277350,0851HT2,479056,4043930,408724970
190259874,25-00,B737-8,AFT,72184025,N09040559044500,62197-301-001,19-07-0255,4142244,SAV911
191389903,33-00,B737-8,CABIN,9651-35-0004,7804,9651-35-0004,6312,3925188,152529
190253325,25-00,B737-8,FWD GALLEY,72184025,N09060320044544,72184025,4273,3786425,PAV9369
190059650,25-31,B737-8,FWD,72184025,4048,72184025,4359,3851380,1324330
191251641,33-42,M73-82,LH,72605363-1,5853,72605363-1,2364,4205481,356755726
190561262,33-00,B737-8,29ABC,9651-35-0005,23067,9651-35-0005,46334,3953115,20111045
55642340,33-42,B737-8,LH,72605363-1,5550,72605363-1,4454,3764736,351832933
190274278,25-00,B737-8,FWD,72184025,4104,72184025,4247,4096173,SA11932
190363081,33-00,M73-82,31DEF,9651-35-0005,45198,,,9695825,
42104038,33-21,M73-82,30ABC,9651-35-0005,66269,9651-35-0005,68373,3942880,20108884
55385095,12-00,M73-82,CAB,9651-35-0002,31024,9651-35-0002,18157,3816430,90994-1.000
190286033,25-00,M73-82,LAV A,SC4L500301-5,11303967-002,SC4L500301-5,173574840-003,3907088,E-5849924
191436237,25-00,B737-8,FWDGALLY,8201-11-0000,04-12-20659,8201-11-0000,07-12-24534,4057087,
190775424,72-00,B737-8,#1,340-001-038-0,PC237142,340-001-038-0,DM175121,3879955,R25051917
55332032,25-00,M73-82,002 AFT GALLEY,8201-11-0000,04-08-20249,8201-11-0000-01,11-02-29737,4182924,PAV11496
55405908,34-11,M73-82,CAPT,0851HT1,402150,0851HT2,467057,3802386,407582979
104255712,36-00,B737-8,#2,107484-7,18514,107484-7,12677,3839611,352770164
55690902,33-42,B737-8,RH,45-0351-4,6801,45-0351-4,7155,3884726,1354235
55060695,25-32,B737-8,AFT,8201-11-0000,04-10-20489,8201-11-0000-01,16-08-37954,3567031,1056564
190665701,25-31,B737-8,FWD GALLEY,8201-11-0000-01,17-12-40038,8201-11-0000-01,19-06-0273,3865738,KAV0525034
40302430,25-00,B737-8,AFTGALLY,72184025,N10010155044611,72184025,4108,3865656,KAV0525011
55665000,25-35,B737-8,AFT GALLEY,72184025,N11060395044799,72184025,4346,4091378,WAV1273
42104391,38-11,M73-82,AFT RH,SC4L500301-5,173056426-002,SC4L500301-5,173651772-001,3940857,E-5899768
55371475,33-00,M73-82,28ABC,9651-35-0005,64059,9651-35-0005,66702,3980007,20120932
55280713,34-11,M73-82,CAPT,0851HT1,394011,0851HT2,470622,4159291,409190735
190121203,25-00,B737-8,AFT,8201-11-0000-01,09-12-27998,8201-11-0000-01,21-11-0268,3901594,PAV10834
190081906,23-42,B737-8,CABIN,285W0024-1B,F24141,285W0024-1M,F40350,3897298,ARC149488
190666052,33-21,B737-8,21DEF,9651-35-0002,68941,9651-35-0002,68959,3892631,20101877
190666052,33-21,B737-8,4ABC,9651-35-0002,18590,9651-35-0002,30474,3892049,734-1.000
190002648,36-11,B737-8,#2,107492-6,18038,107492-6,7762,4180538,356456
190002648,36-11,B737-8,#2,107484-7,10845,107484-7,17701,4182175,6355140
55428137,33-21,M73-82,7ABC,9651-35-0002,16507,9651-35-0002,70790,4061340,ARC166034
40723198,33-00,B737-8,12ABC,9651-35-0005,27557,9651-35-0005,67146,3916631,5105
42119687,33-00,M73-82,16ABC,9651-35-0005,58727,9651-35-0005,78815,3950055,78177
190039614,25-31,B737-8,AFT,72184025,N09050470044522,72184025,3003,4056442,KAV0126049
35050947,33-21,B737-8,07DEF,9651-35-0002,34733,9651-35-0002,26804,3892891,ARC149390
55313288,25-00,M73-82,GALLEY G4,62197-301-001,16-02-0197,62197-301-001,15-12-0156,3839569,1312982
191447040,33-21,B737-8,25ABC,9651-35-0004,18716,9651-35-0004,21323,4182750,20239815
55170379,33-00,B737-8,CAB,9651-35-0003,9396,9651-35-0003,14141,4028377,20146494
55636981,25-00,B737-8,AFT CAB,8201-11-0000,03-02-18708,8201-11-0000-01,09-03-26638,3756043,PAV8946
190093262,23-51,B737-8,FL DK,5145-1-82,16222,5145-1-88,28044,4016131,PAV12373
55736248,25-00,B737-8,FWDGALLY,62197-301-001,18-06-0107,72184025,4243,3724624,1216405
26233910,25-00,B737-8,AFT GALLEY,8201-11-0000-01,09-03-26644,8201-11-0000-01,23-03-0630,4006395,KAV1125042
190569893,25-00,B737-8,AFTGALLY,8201-11-0000-01,17-12-39605,8201-11-0000,05-09-21489,3605413,1101192
55071515,33-00,B737-8,21ABC,9651-35-0002,30474,9651-35-0002,31321,3869395,ARC146912
55607798,26-00,B737-8,AFT,473597-5,SJA9973,473597-5,SJB0991,3946484,0000012780567
190063495,25-00,B737-8,AFTGALLY,72184025,4403,72184025,N09050474044526,4081429,SA11839
190417177,25-00,M73-82,LAV E,SC4L500301-5,11304626-002,SC4L500301-5,174303116-001,4015913,E-6016509
190250385,23-42,B737-8,FWD,285W0024-1B,F54295,285W0024-1B,D17263,3950644,155230
190032485,23-00,B737-8,FWD,285W0024-1B,D12902,285W0024-1M,F42503,3991539,ARC159075
191342130,36-00,B737-8,#2,107484-7,18366,107484-7,16364,4051696,355110180
55358936,25-00,M73-82,GALLEY G4,62197-301-001,15-01-7299,62197-301-001,16-07-0234,3996115,KAV1125005
55378560,34-00,M73-82,ALT,0851HT1,406094,0851HT2,462844,3766714,407425988
190348710,33-00,M73-82,19ABC,9651-35-0002,66294,9651-35-0002,79167,4231005,70756
55526518,25-00,B737-8,AFT,8201-11-0000-01,21-08-0150,8201-11-0000,07-08-24180,3789444,PAV9442
190111482,33-21,B737-8,18DEF,9651-35-0002,40011,9651-35-0002,34691,4096624,ARC168884
190235096,25-00,B737-8,AFTGALLY,8201-11-0000,03-02-18699,8201-11-0000,05-08-21357,3854249,1326069
190309090,33-00,M73-82,19ABC,9651-35-0002,38792,9651-35-0002,22145,3949619,ARC155282
41745370,33-21,B737-8,25 DEF,9651-35-0004,18970,9651-35-0004,10760,3802720,ARC140463
55655239,33-42,B737-8,RH,72605363-1,5028,72605363-1,4768,3993709,354701956
55727294,38-00,B737-8,AFT LH,SC4L500301-5,170858889-004,SC4L500301-5,173651772-006,3940864,E-5899768
42178534,25-00,M73-82,GALLEY G4,62197-301-001,21-11-0732,62197-301-001,19-07-0264,3775128,1256833
55432469,33-00,M73-82,10ABC,9651-35-0003,15437,9651-35-0003,10819,4072958,
103634119,33-21,B737-8,CABIN,9651-35-0003,6634,9651-35-0003,11962,3877526,147175
190674679,33-00,B737-8,6DEF,9651-35-0002,27165,9651-35-0002,23458,4049792,164847
190903402,25-00,B737-8,FWD,62197-301-001,14-09-7012,72184025,2009,4095017,KAV0126083
41808737,38-11,M73-82,LAV A,SC4L500301-5,172442905-008,SC4L500301-5,172972826-005,3841542,E-5745477
190420874,25-00,M73-82,AFTGALLY,62197-301-001,22-01-0384,62197-301-001,17-08-0404,4183974,WAV1508
42204981,38-00,M73-82,AFT GALLEY,62197-301-001,21-02-0112,62197-301-001,21-08-0083,4173358,WAV1474
191039712,38-00,B737-8,CABIN,14330-230,12435,14330-230,14945,4206798,94543
55564944,33-21,B737-8,#30 RH,9651-35-0005,48559,9651-35-0005,30991,3758762,136155
190222624,25-31,B737-8,FWDGALLY,62197-301-001,17-01-0333,72184025,N10120145044744,4037416,WAV1062
55084432,33-21,B737-8,27DEF,9651-35-0005,17505,9651-35-0005,31394,3780350,ARC138012
55084432,33-21,B737-8,31DEF,9651-35-0005,18198,9651-35-0005,32660,3767088,ARC137274
55555737,72-21,B737-8,#2,340-001-038-0,DC980309,340-001-036-0,PF459374,4203635,GEAMS1172646-15
190135416,38-32,B737-8,LAV A,14330-230,37322,14330-230,25367,3969155,0001159273
26233761,25-00,B737-8,AFTGALLY,8201-11-0000-01,17-01-38345,8201-11-0000-01,18-01-0404,3858823,KAV0525001
55668553,25-00,B737-8,FWDGALLY,62197-301-001,21-11-0720,62197-301-001,16-12-0307,4032288,WAV1054
190532869,33-00,B737-8,CAB,9651-35-0002,18157,9651-35-0002,18700,3785090,ARC137727
190638587,26-16,B737-8,AFT,473597-5,SJA6300,473597-5,24092,3921810,R551147
55405750,33-00,M73-82,9 ABC,9651-35-0003,15354,9651-35-0003,5433,4043339,3938
190549199,25-31,B737-8,FWDGALLY,72184025,4210,72184025,N11070875044817,4164809,KAV0626017
190544896,23-42,B737-8,FWD CAB,285W0024-1B,F26407,285W0024-23M,F63686,4131774,05303149
55376868,25-32,M73-82,AFT,8201-11-0000-01,21-01-0268,8201-11-0000-01,21-11-0997,3951627,PAV11420
190649633,33-42,B737-8,RH,45-0351-4,4045,45-0351-4,6556,3819923,1296672
190530247,33-21,B737-8,30 LH,9651-35-0005,50646,9651-35-0005,20892,4104262,ARC169120
191328390,25-00,B737-8,AFTGALLY,62197-301-001,21-02-0299,62197-301-001,21-02-0085,4183999,WAV1500
190356646,25-32,M73-82,GALLEY 4,8201-11-0000-01,16-08-37950,8201-11-0000-01,15-08-36567,4095978,PAV13488
55567846,72-00,B737-8,#1,340-001-036-0,DM116990,340-001-036-0,PF306212,3665744,11243791
55567846,72-00,B737-8,#1,340-001-036-0,DM114376,340-001-036-0,PF334020,3665716,1124379
55567846,72-00,B737-8,#1,340-001-036-0,DM116755,340-001-038-0,DM008046,3648252,2913000
55567846,72-00,B737-8,#1,340-001-036-0,DM116507,340-001-038-0,DM172664,3676861,02000
55567846,72-00,B737-8,#1,340-001-036-0,DM117166,340-001-036-0,PF048886,3664265,124393
55567846,72-00,B737-8,#1,340-001-036-0,DM116662,340-001-038-0,DM149462,3677849,12001
55567846,72-00,B737-8,#1,340-001-036-0,DM116997,340-001-038-0,DM126806,3585754,6000
55567846,72-00,B737-8,#1,340-001-036-0,DM113748,340-001-038-0,DE193259,3642013,928000
55567846,72-00,B737-8,#1,340-001-036-0,DM111664,340-001-038-0,DM001964,3668040,9001
55567846,72-00,B737-8,#1,340-001-036-0,DM116823,340-001-038-0,DM149413,3677811,23001
55567846,72-00,B737-8,#1,340-001-036-0,DM116503,340-001-038-0,DM045653,3670383,311001
55567846,72-00,B737-8,#1,340-001-036-0,DM116912,340-001-038-0,DM143956,3647305,6000
55567846,72-00,B737-8,#1,340-001-036-0,DM116925,340-001-036-0,PF048901,3653638,24393-1
55567846,72-00,B737-8,#1,340-001-036-0,DM116983,340-001-036-0,DM190942,3653635,107000
55567846,72-00,B737-8,#1,340-001-036-0,DM116924,340-001-036-0,DM191053,3653631,125715
55567846,72-00,B737-8,#1,340-001-038-0,DM134707,340-001-038-0,DE191463,3667603,608000
55567846,72-00,B737-8,#1,340-001-036-0,DM115234,340-001-038-0,DM067588,3676497,71731000
55567846,72-00,B737-8,#1,340-001-038-0,PC826201,340-001-038-0,DM151715,3676875,1074560
55567846,72-00,B737-8,#1,340-001-038-0,DM150402,340-001-038-0,DM067435,3676836,28000
55567846,72-00,B737-8,#1,340-001-038-0,DM138251,340-001-039-0,BB376003,3668115,1074560
55567846,72-00,B737-8,#1,340-001-038-0,DM109779,340-001-038-0,DM167345,3674586,107000
55567846,72-00,B737-8,#1,340-001-036-0,DM116885,340-001-038-0,DC891618,3656799,829000
55567846,72-00,B737-8,#1,340-001-036-0,DM116840,340-001-036-0,DM186040,3672461,18000
55567846,72-00,B737-8,#1,340-001-028-0,PA374040,340-001-038-0,DM146165,3676857,18000
190018423,23-00,B737-8,CABIN,285W0024-1B,F29282,285W0024-1M,F52946,3825645,142423
102231925,33-00,B737-8,CABIN,9651-35-0005,31973,9651-35-0005,46227,3768179,20082303-1.000
190235034,33-42,B737-8,RH,45-0351-4,3565,45-0351-4,6476,3851469,PAV10380
980010115,33-00,B737-8,RH,45-0351-4,5676,45-0351-4,5126,4163419,
190583628,33-00,B737-8,RH,72605363-1,4768,72605363-1,1642,4048595,355308473
55583367,38-32,B737-8,AFT LH,14330-230,27105,14330-230,21241,3841648,1116029
42019248,33-00,B737-8,4,9651-35-0002,52296,9651-35-0002,17506,3875349,ARC147623
55222623,38-00,B737-8,FWD,72184025,N09030608044475,72184025,2026,4051083,KAV0126037
190276004,25-00,M73-82,6475MM,8201-11-0000,04-01-19627,8201-11-0000,08-02-24824,3797908,PAV9573
190323363,33-00,M73-82,21ABC,9651-35-0002,50764,9651-35-0002,50008,3958834,56140
55250096,33-42,B737-8,RH,45-0351-4,3480,45-0351-2,0602,3958853,PAV11539
55611736,26-00,B737-8,AFT,473597-5,SJA4412,473597-5,49283,3902712,R550957-63249
190244829,33-00,B737-8,RH,45-0351-4,3077,45-0351-4,5749,3956252,PAV11496
55472814,33-21,M73-82,CABIN,9651-35-0002,72186,9651-35-0002,57548,3868900,20097721-1.000
55703350,23-51,B737-8,FL DK,5145-1-82,13310,5145-1-82,16772,3773302,PAV9144
190493144,33-21,M73-82,16ABC,9651-35-0005,20906,9651-35-0005,58468,4230933,47002300
191372878,33-00,B737-8,CABIN,9651-35-0004,11994,9651-35-0004,26131,4153684,20200132-1
55304225,33-00,M73-82,31DEF,9651-35-0005,53185,9651-35-0005,25492,4110253,169585
190319591,33-42,M73-82,LH,72605363-1,4743,72605363-1,0799,3963152,354328832
190308071,33-21,M73-82,14 ABC,9651-35-0005,33698,9651-35-0005,56048,3869403,20098582-1
55370602,25-00,M73-82,GALLEY 4,8201-11-0000-01,21-01-0228,8201-11-0000-01,10-02-28230,4129205,PAV13877
191126267,25-00,M73-82,FWD CAB,SC4L500301-5,11485012-010,SC4L500301-5,175217853-006,4148529,6188927
191270143,25-00,M73-82,GALLEY 3,8201-11-0000-01,14-12-35640,8201-11-0000,04-12-20642,4026372,KAV1225039
190292938,38-11,M73-82,AFT RH,SC4L500301-5,11451774-003,SC4L500301-5,173192705-006,3892849,5832233
42094783,33-00,M73-82,21 DEF,9651-35-0002,50728,9651-35-0002,32462,4019499,ARC161882
190570975,25-00,B737-8,AFTGALLY,62197-301-001,18-07-0595,72184025,4196,3865886,1336113
191268922,27-00,M73-82,LH STAB,0851HT1,404913,0851HT2,468181,3815806,407680762
55548805,33-00,B737-8,LH,9651-35-0002,34761,9651-35-0002,19109,3916356,151403
55548805,33-00,B737-8,21DEF,9651-35-0002,16933,9651-35-0002,30473,3916358,151606
55548805,33-00,B737-8,9DEF,9651-35-0003,5148,9651-35-0003,19797,3919366,04690266
190019020,26-16,B737-8,AFT,473597-5,23802,473597-5,SJA5102,3947069,12785795
190463371,38-00,M73-82,AFT RH,SC4L500301-5,11247295,SC4L500301-5,175167864-003,4139052,E-6173309
55534742,33-00,B737-8,30DEF,9651-35-0005,61332,9651-35-0005,58630,3935387,20108156
191400402,26-16,B737-8,AFT,473597-5,SJA5030,473597-5,SJA7268,3998242,00013028357
190481271,33-00,M73-82,10ABC,9651-35-0003,19217,9651-35-0003,10368,3958829,55911
55714921,38-00,B737-8,FWD,14330-230,20512,14330-230,21065,3856649,1119938
190560164,33-21,B737-8,#28 RH,9651-35-0005,21687,9651-35-0005,15746,3941121,53825
191157940,33-00,M73-82,#30 RH,9651-35-0005,68443,9651-35-0005,33509,4121737,ARC170410
107108309,36-00,B737-8,#2,107484-7,11721,107484-7,11286,4183884,5638516
191499291,25-31,B737-8,AFT RH,8201-11-0000-01,10-07-29062,8201-11-0000,04-12-20657,3953579,KAV0925006
190355592,25-32,M73-82,GALLEY 4,8201-11-0000,02-09-18200,8201-11-0000-01,18-05-0268,3780507,KAV0125025
55152760,38-32,B737-8,FWD,14330-230,ZSK416,14330-230,ZSK491,3958393,1154261
191535959,33-20,B737-8,30ABC,9651-35-0005,29375,9651-35-0005,24805,4218716,ARC178629
190360915,25-00,M73-82,G1,8201-11-0000-01,09-10-27609,8201-11-0000-01,10-02-28221,3830695,KAV0225061
55502646,23-42,B737-8,FWD CABIN,,,285W0024-1M,F53800,3890665,ARC149074
55502646,23-42,B737-8,FWD CABIN,285W0024-1B,F52660,,,9545506,
55363246,38-10,M73-82,AFT GALLEY,62197-301-001,17-01-0364,62197-301-001,17-01-0339,3803067,PAV9663
190546429,26-16,B737-8,AFT,473597-5,SJA4757,473597-5,SJA4376,3920832,63486
41959319,33-00,B737-8,02ABC,9651-35-0005,28927,9651-35-0005,17915,4011327,ARC161535
41959319,33-00,B737-8,9ABC,9651-35-0003,5433,9651-35-0003,6550,4006638,160642
41959319,33-00,B737-8,15 DEF,9651-35-0005,28952,9651-35-0005,32513,4011314,ARC161052
41959319,33-00,B737-8,19 DEF,9651-35-0002,48232,9651-35-0002,50400,4019649,ARC162240
41959319,33-00,B737-8,9RH,9651-35-0003,10049,9651-35-0003,10796,4006643,160461
40880868,23-00,B737-8,FL DK,5145-1-82,20578,5145-1-82,13355,3844987,PAV10306
55505010,33-00,B737-8,25DEF,9651-35-0004,6450,9651-35-0004,8697,3844927,ARC144579
190445539,33-21,M73-82,10DEF,9651-35-0003,12095,9651-35-0003,18722,3987332,20116189
190247308,23-00,B737-8,FL DK,5145-1-82,16369,5145-1-82,16069,3803877,1280632
41307658,25-00,B737-8,AFTGALLY,72184025,4343,72184025,4237,3997478,SAV689
55570066,34-11,B737-8,ALT,0851HT1,372052,0851HT2,472710,3926167,408189228
190384214,25-32,M73-82,GALLEY G4,8201-11-0000,03-11-19512,8201-11-0000,08-07-25658,3891519,PAV10772
190408987,25-32,M73-82,GALLEY 1 FWD,62197-301-001,22-05-0078,62197-301-001,16-01-0179,4118389,KAV0326091
55673451,25-00,B737-8,FWD,62197-301-001,21-11-0228,62197-301-001,23-08-0257,3810546,WAV311
104854514,36-11,B737-8,#2,107484-7,12471,107484-7,11303,3956636,4284166
191215871,25-32,M73-82,AFT,62197-301-001,23-08-0183,62197-301-001,21-03-0019,4034421,PAV12581
55479148,25-00,M73-82,AFTGALLY,8201-11-0000-01,18-01-0408,8201-11-0000-01,10-02-28217,4006389,KAV1125018
55278666,26-16,M73-82,AFT,473597-5,27428A,473597-5,24561A,3795711,R548879
190162585,38-32,B737-8,AFT RH,14330-230,ZSK653,14330-230,37430,3851601,1108675
35048715,25-30,B737-8,AFTGALLY,62197-301-001,15-07-7754,62197-301-001,16-07-0241,4047967,SAV765-UK
55599757,33-21,B737-8,#23 LH,9651-35-0003,15423,9651-35-0003,19736,3955846,20113352
190604243,33-42,B737-8,LH,72605363-1,2581,72605363-1,3443,3907021,353640870
42121065,72-00,M73-82,#1,2085M31G03,PAT1G327,2085M31G03,PAT3C657,3935458,RF40073-1
42121065,72-00,M73-82,#1,2085M31G03,PAT1G328,2085M31G03,PAT8C512,3935454,RF76054-1
42121065,72-00,M73-82,#1,2085M31G03,PAT1G324,2085M31G03,PAT03F43,3935462,RF03610-1
42121065,72-00,M73-82,#1,2085M31G03,PAT1G323,2085M31G03,PAT43T56,3935440,RF81673-1
42121065,72-00,M73-82,#1,2085M31G03,PAT1G366,2085M31G03,PAT95E74,3855459,RF27318-1
42121065,72-00,M73-82,#1,2085M31G03,PAT1G326,2085M31G03,PAT80J04,3935436,RF03746-1
42121065,72-00,M73-82,#1,2085M31G03,PAT1G325,2085M31G03,PAT43T54,3935465,RF81677-1
42121065,72-00,M73-82,#1,2085M31G03,PAT1G365,2085M31G03,PAT9A691,3855419,RF71405-1
42121065,72-00,M73-82,#1,2085M31G03,PAT1G329,2085M31G03,PAT8C537,3855423,RF57625-1
42121065,72-00,M73-82,#1,2085M31G03,PAT1G362,2085M31G03,PAT31E51,3855436,RE66254-1
42121065,72-00,M73-82,#1,2085M31G03,PAT1G363,2085M31G03,PAT7A555,3855456,RF14418-1
42121065,72-00,M73-82,#1,2085M31G03,PAT1G330,2085M31G03,PAT5A044,3855427,RE71624-1
42121065,72-00,M73-82,#1,2085M31G03,PAT1G364,2085M31G03,PAT0C745,3855449,RF11496-1
42121065,72-00,M73-82,#1,2085M31G03,PAT1G322,2085M31G03,PAT37T11,3855429,RF21868-1
42121065,72-00,M73-82,#1,2085M31G03,PAT1G369,2085M31G03,PAT3C367,3855441,RE17561-1
42121065,72-00,M73-82,#1,2085M31G03,PAT1G370,2085M31G03,PAT3A122,3935450,RE67542-1
42121065,72-00,M73-82,#1,2085M31G03,PAT1G371,2085M31G03,PAT7A705,3935444,RF14427-1
191535461,26-16,B737-8,FWD,473597-5,SJA0201,473597-5,SJA9187,4202450,13913208
190100763,25-31,B737-8,#3,8201-11-0000-01,14-09-35273,8201-11-0000-01,09-12-27988,3561434,1051226
191407721,23-00,B737-8,AFT CAB,285W0024-1B,F24511,285W0024-1B,F64015,4128509,2026-03532
190466539,33-00,M73-82,CAB,9651-35-0002,69301,9651-35-0002,46525,3925091,ARC152540
190432005,05-00,M73-82,F/O,0851HT1,444607,0851HT2,481167,4098231,408941058
190644379,33-00,B737-8,20DEF,9651-35-0002,29754,9651-35-0002,18007,4128822,171087
55444630,27-30,M73-82,LH STAB,0851HT1,397763,0851HT2,477608,4021554,408617893
55521979,33-00,B737-8,2 DEF,9651-35-0004,6628,9651-35-0004,9487,3770498,137738
55521979,33-00,B737-8,#2 RH,9651-35-0002,19461,9651-35-0002,64958,3805463,20088874
191368146,25-00,B737-8,FWDGALLY,72184025,4109,72184025,N11070871044813,4124739,WAV1378
55175310,34-11,B737-8,RH,0851HT1,393197,0851HT2,473259,3972768,3157
55604467,33-21,B737-8,12ABC,9651-35-0005,33061,9651-35-0005,50205,3799484,ARC139028
105948325,36-00,B737-8,#1,63292146-1,2488,63292146-1,10045,4067676,5337167
105948325,36-00,B737-8,#1,3214446-4,19347,3214446-4,8975,4060573,4875764
105948325,36-00,B737-8,#1,107484-7,19222,107484-7,19394,4023838,354873396
55489829,25-00,M73-82,GALLEY G4,62197-301-001,17-07-0390,62197-301-001,23-05-0225,3799432,1276989
190083392,23-00,B737-8,FWD,285W0024-1B,F49655,285W0024-1B,F62610,3898101,05442
55532626,33-21,B737-8,27ABC,9651-35-0005,31215,9651-35-0005,56063,3733296,20078121
191436396,33-21,B737-8,CABIN,9651-35-0002,74428,9651-35-0002,18704,4134499,20200171
55675768,33-00,B737-8,31 DEF,9651-35-0005,33823,9651-35-0005,17006,3763435,136843
190486009,33-00,M73-82,LH,72605363-1,6259,72605363-1,4820,3991677,4617934
55527031,33-00,B737-8,30 DEF,9651-35-0005,52139,9651-35-0005,66728,3909683,20103432
190590598,33-00,B737-8,FWD,9651-35-0004,11751,9651-35-0004,23741,3783481,20084165
40366912,25-31,B737-8,002 AFT GALLEY,72184025,4098,72184025,4206,3820819,SAV518
55491137,25-00,M73-82,GALLEY 1 FWD,8201-11-0000-01,23-09-0238,8201-11-0000-01,21-11-0973,3980431,KAV1025026
55462749,25-00,M73-82,GALLEY 1 FWD,8201-11-0000-01,10-07-29054,8201-11-0000-01,17-06-38800,3795508,PAV9548
190493015,38-11,M73-82,LAV  AFT  RH,SC4L500301-5,170829659-004,SC4L500301-5,175800023-007,4228217,6284433
190636127,25-00,B737-8,FWD,62197-301-001,19-07-1213,62197-301-001,23-05-0224,3917352,KAV0725002
191464881,33-21,B737-8,29DEF,9651-35-0005,16633,9651-35-0005,17507,4166954,ARC173641
42156013,33-42,M73-82,RH OUTBD,72500410-3,12669,72500410-3,5628,3792671,352172506
42156013,33-42,M73-82,RH INBD,72500410-4,10470,72500410-4,11030,3802788,352261862
42156013,33-42,M73-82,RH,72605363-1,6000,72605363-1,5037,3795928,352230635
103684812,72-00,,#1,340-001-038-0,PA573433,340-001-038-0,DM184914,3849245,30616001
103684812,72-00,,#1,340-001-038-0,PA567210,340-001-036-0,PF467526,3859900,1152602
103684812,72-00,,#1,340-001-038-0,PA550921,340-001-036-0,PF473908,3865810,1151152-1
103684812,72-00,,#1,340-001-038-0,PA647011,340-001-038-0,DM170323,3838896,32018001
103684812,72-00,,#1,340-001-038-0,PA626341,340-001-036-0,PF494435,3859886,1152603
103684812,72-00,,#1,340-001-038-0,PA626355,340-001-036-0,PF389235,3861848,1144343
103684812,72-00,,#1,340-001-038-0,PA573424,340-001-038-0,DM137133,3860264,2603001
103684812,72-00,,#1,340-001-038-0,PA647009,340-001-036-0,PF494438,3859902,1152602-1
103684812,72-00,,#1,340-001-038-0,PA626337,340-001-038-0,DE196095,3860304,50210001
103684812,72-00,,#1,340-001-038-0,PA647000,340-001-038-0,DM129632,3838922,2503001
55347752,72-00,M73-82,#2,2085M31G03,PAT9E484,2085M31G03,PSDNF241,3773066,JMB24A-06765
55347752,72-00,M73-82,#2,2085M31G03,PAT9E487,2085M31G03,PSDNF724,3776835,DMR24A-00207
55347752,72-00,M73-82,#2,2085M31G03,PAT9E483,2085M31G03,PSDNF727,3776843,DMR24A-00210
190061970,25-00,B737-8,FWD,8201-11-0000-01,18-01-0415,8201-11-0000-01,17-11-39495,3942115,KAV0725040
190190710,33-21,B737-8,7DEF,9651-35-0002,39020,9651-35-0002,48659,4190001,ARC175620
191398580,33-21,B737-8,8DEF,9651-35-0002,38792,9651-35-0002,35257,4084430,ARC167849
190174733,33-21,B737-8,30ABC,9651-35-0005,37493,9651-35-0005,71725,3859765,20096896-1.000
191465341,33-21,B737-8,5DEF,9651-35-0002,31401,9651-35-0002,53243,4210483,177726
55054847,25-00,B737-8,AFT RH,8201-11-0000,08-05-25468,8201-11-0000,04-09-20359,4221573,KAV0826020
190287442,33-00,M73-82,CABIN,9651-35-0002,51903,9651-35-0002,34999,4072997,ARC166677
190287442,33-00,M73-82,CABIN,9651-35-0002,82249,9651-35-0002,35352,4073000,ARC166949ARC166949
20072225,25-00,B737-8,FWDGALLY,8201-11-0000-01,09-12-27973,8201-11-0000,04-08-20259,3861515,PAV10473
980009629,25-00,B737-8,FWD,8201-11-0000,08-05-25458,8201-11-0000,04-01-19683,3979182,KAV0925040
191341983,25-00,B737-8,FWDGALLY,62197-301-001,18-01-1104,72184025,N12021272044839,4060964,KAV0126048
35050374,33-00,B737-8,RH,45-0351-4,1817,45-0351-2,0602,4048579,PAV12796
190558548,33-00,B737-8,RH,72605363-1,4633,72605363-1,6259,4005695,4799767
55449111,33-00,M73-82,CAB,9651-35-0005,33344,9651-35-0005,58044,3986272,20121490
55680278,25-31,B737-8,AFT LH,72184025,4234,72184025,N10100880044722,4110412,WAV1330
190170980,25-00,B737-8,LAV D,SC4L500301-5,170683883-002,SC4L500301-5,173389304-003,3890070,E-5823804
190540955,33-21,B737-8,28ABC,9651-35-0005,18597,9651-35-0005,31268,3964398,ARC156569
190100892,25-00,B737-8,AFTGALLY,72184025,4333,72184025,4157,3971306,WAV855
55564329,33-21,B737-8,21 ABC,9651-35-0002,56180,9651-35-0002,68941,3911338,150901
55564329,33-21,B737-8,27 RH,9651-35-0005,50564,9651-35-0005,66344,3877768,20099601
55564329,33-21,B737-8,33 LH,9651-35-0000,3009,9651-35-0000,7379,3890623,148926
190675295,25-00,B737-8,AFTGALLY,62197-301-001,23-05-0234,62197-301-001,17-12-0472,3971457,1432972
190396323,33-00,M73-82,26ABC,9651-35-0004,25537,9651-35-0004,11709,4166982,ARC173322
190396323,33-00,M73-82,10ABC,9651-35-0003,19524,9651-35-0003,17212,4145080,20217306
55538364,33-21,B737-8,31DEF,9651-35-0005,30989,9651-35-0005,66057,3873421,20099365
190629090,26-16,B737-8,AFT,473597-5,49349,473597-5,38044,3935823,12736093
55379162,25-00,M73-82,G1,62197-301-001,16-12-0319,62197-301-001,21-02-0129,4050878,KAV0226002
191268637,25-32,M73-82,GALLEY G4,8201-11-0000,08-08-25854,8201-11-0000-01,22-01-0895,3181108,S22/0335H-1
53860596,25-00,B737-8,AFTGALLY,8201-11-0000-01,10-07-29062,8201-11-0000,07-12-24519,4002189,PAV12133
190664839,33-00,B737-8,31 DEF,9651-35-0005,21956,9651-35-0005,69553,4015969,201407
55643400,26-16,B737-8,AFT,473597-5,SJA5448,473597-5,SJA5699,3934875,12724764
55674926,25-31,B737-8,AFT GALLEY,72184025,4011,72184025,4151,3808884,SAV508
190562820,25-00,B737-8,AFTGALLY,62197-301-001,23-06-0201,62197-301-001,16-02-0199,4042570,SAV764
190911532,25-31,B737-8,FWDGALLY,72184025,4075,72184025,N10120157044756,3830631,KAV0325041
40384789,25-31,B737-8,FWDGALLY,8201-11-0000,08-08-25866,8201-11-0000-01,10-02-28236,3830647,KAV0225066
190513304,33-00,B737-8,9DEF,9651-35-0003,6703,9651-35-0003,18718,3352386,02994217
55720404,25-00,B737-8,FWD,8201-11-0000,06-11-22805,8201-11-0000,04-11-20587,3666413,1136443
190210987,38-32,B737-8,FWD,14330-230,35251,14330-230,25193,3763046,0001086068
190309751,25-32,M73-82,GALLEY G4,62197-301-001,21-08-0072,62197-301-001,16-01-0168,3954051,PAV11456
191390772,33-21,B737-8,21ABC,9651-35-0005,20401,9651-35-0005,48567,4190183,ARC175434
55469812,25-30,M73-82,GALLEY 1,62197-301-001,22-01-0391,62197-301-001,14-09-7023,3858389,1330209
107241349,36-00,B737-8,#2,107484-7,7841,107484-7,12137,4193377,356041272
107241349,36-00,B737-8,#2,3214446-4,12901,3214446-4,19618,4049825,354829544
107241349,36-00,B737-8,#2,3214552-6,12428,3214552-6,17503,4205919,6690397
107241349,36-00,B737-8,RH,129694-2,11045,129694-3,11954,3883510,3349002
190706172,33-21,B737-8,CABIN,9651-35-0004,9177,9651-35-0004,18507,3964502,3065
40746776,25-31,B737-8,#3,8201-11-0000,02-11-18315,8201-11-0000-01,21-04-0066,3786262,PAV9386
190718417,38-32,B737-8,LAV E,14330-230,34440,14330-230,11214,3921966,1141773
190133546,33-42,B737-8,RH,45-0351-4,5944,45-0351-4,3077,3881961,PAV10672
55321252,34-00,M73-82,CAPT,0851HT1,397715,0851HT1,459894,3837711,04474521
55097561,25-00,B737-8,AFT,72184025,4218,72184025,N09070385044556,4157632,JN11742
191530377,34-11,B737-8,ALT,0851HT1,425520,0851HT2,482578,4122254,409037409
190593439,33-42,B737-8,LH,72605363-1,4774,72605363-1,3592,4062789,9827
55688547,26-23,B737-8,FWD,473597-5,SJB5722,473597-5,SJA9973,4018006,13096615
190337388,25-32,M73-82,AFT LH,62197-301-001,22-01-0407,62197-301-001,16-07-0244,4180237,KAV0526084
190619932,33-00,B737-8,23DEF,9651-35-0003,5669,9651-35-0003,16247,4117276,ARC169721
190305925,33-00,M73-82,AFT CAB,9651-35-0005,29221,9651-35-0005,66634,3905611,20103438
190584533,33-21,B737-8,19DEF,9651-35-0002,17609,,,9545676,
53865841,25-00,B737-8,FWDGALLY,62197-301-001,21-03-0019,62197-301-001,16-12-0316,4005250,1775
40199545,33-42,B737-8,RH,45-0351-4,6355,45-0351-4,4090,3769251,1252095
980009483,25-31,B737-8,FWD,8201-11-0000-01,22-02-0629,8201-11-0000,08-05-25458,3800843,
190597701,25-00,B737-8,AFTGALLY,72184025,4153,72184025,N10030471044669,3839587,WAV386-UKCAA
190497511,25-00,M73-82,GALLEY G4,8201-11-0000-01,23-04-0070,8201-11-0000-01,21-01-0304,3819202,KAV0225009
190150396,33-00,B737-8,RH,45-0351-4,5084,45-0351-6,8263,4091862,PAV13415
191402619,33-42,B737-8,RH,72605363-1,0315,72605363-1,4902,4104767,355892087
190306539,33-21,M73-82,29DEF,9651-35-0005,52208,9651-35-0005,17272,3885380,ARC148402
55404758,38-00,M73-82,AFT LH,SC4L500301-5,170118769-007,SC4L500301-5,173574847-002,3945870,E-5907843
190311261,25-32,M73-82,AFT GALLEY,62197-301-001,17-01-0351,62197-301-001,17-12-0454,4070265,WAV1183
55580373,25-31,B737-8,AFTGALLY,62197-301-001,19-07-0268,62197-301-001,23-06-0214,3872433,WAV497
191395218,33-00,B737-8,31DEF,9651-35-0005,31213,9651-35-0005,31585,4207666,177413
55525096,33-20,B737-8,31 DEF,9651-35-0005,64871,9651-35-0005,21276,3842254,143845
41986958,33-21,B737-8,#28 LH,9651-35-0005,46194,9651-35-0005,49318,3765545,20081775
190450714,25-33,M73-82,AFT GALLEY,8201-11-0000-01,23-09-0302,8201-11-0000,07-10-24282,4049348,PAV12825
55378291,30-00,M73-82,ALT,0851HT1,399172,0851HT2,455184,3578078,406591616
190051250,25-00,B737-8,AFT,8201-11-0000,05-08-21357,8201-11-0000-01,11-12-31017,3698801,1191028
55562005,23-42,B737-8,AFT CABIN,285W0024-1B,D10652,285W0024-1M,F43085,3897313,149301
55574713,38-11,B737-8,LAV E,SC4L500301-5,843424,SC4L500301-5,173531035-009,3907340,5879928
55115461,25-00,B737-8,AFTGALLY,72184025,N12061899044877,72184025,N10030472044670,3805310,1282292
55604602,25-32,B737-8,AFTGALLY,72184025,N12061894044872,72184025,4383,3705182,1198186
55637321,25-00,B737-8,FWD,,,8201-11-0000,08-07-25641,3575259,1063302
55637321,25-00,B737-8,FWDGALLY,8201-11-0000-01,09-12-27982,,,9483720,
190399593,25-00,M73-82,AFT GALLEY,8201-11-0000-01,16-11-38224,8201-11-0000-01,14-12-35640,4221594,KAV0826003
191422483,33-00,B737-8,LH,9651-35-0003,9396,9651-35-0003,10163,4166945,ARC173267
191422483,33-00,B737-8,30DEF,9651-35-0005,30908,9651-35-0005,47673,4166983,ARC173353
190211730,25-00,B737-8,#3,8201-11-0000-01,16-10-38122,8201-11-0000-01,10-07-29054,4007811,KAV1225003
55224682,25-00,B737-8,GALLEY 4,62197-301-001,21-03-0019,62197-301-001,15-06-7706,3917358,KAV0725008
106547686,36-00,B737-8,#2,3214446-4,10377,3214446-4,11156,4116493,5677929
106547686,36-00,B737-8,#2,107484-7,12134,107484-7,17434,4110231,355672623
190422991,25-00,M73-82,GALLEY G4,62197-301-001,18-01-1099,62197-301-001,18-01-1114,4096982,S26/1298 S-1
190020541,33-00,B737-8,6 DEF,9651-35-0002,33725,9651-35-0002,56609,4016048,20138250
190069152,25-00,B737-8,FWD,8201-11-0000-01,09-12-27986,8201-11-0000-01,17-06-38805,3980454,PAV11815
55250143,25-37,B737-8,FWD,8201-11-0000,08-07-25648,8201-11-0000-01,09-04-26808,3818406,PAV9919
190434027,27-00,M73-82,LH STAB,0851HT1,433376,0851HT2,470825,3868984,7922063
55656145,33-00,B737-8,30ABC,9651-35-0005,36284,9651-35-0005,17449,3752456,135941
191122936,23-42,M73-82,AFT CAB,285W0024-1B,F47982,285W0024-1B,F63416,4022597,10930
190275484,38-00,M73-82,AFT,SC4L500301-5,171598953-002,SC4L500301-5,173988910-003,3974306,E-5953803
55573220,33-21,B737-8,27 RH,9651-35-0005,30782,9651-35-0005,17198,3763487,24.479
191154619,33-21,M73-82,25 DEF,9651-35-0003,20194,9651-35-0003,10026,4184199,ARC175294
190277432,38-00,M73-82,LAV A,SC4L500301-5,879506,SC4L500301-5,173651760-003,3921939,5875209
55474057,33-00,M73-82,2DEF,9651-35-0005,52920,9651-35-0005,58377,3976092,20118084
190605775,25-00,B737-8,FWD,8201-11-0000-01,09-02-26575,8201-11-0000,07-09-24233,3818934,KV0225060
980008381,33-00,M73-82,27DEF,9651-35-0004,18504,9651-35-0004,6148,4117382,169760
190209368,25-00,B737-8,AFTGALLY,62197-301-001,19-04-0542,62197-301-001,14-09-7014,4118953,KAV0126023
191354351,23-00,B737-8,CAPT,5145-1-82,24307,5145-1-82,13850,4200184,PAV14682
190191660,25-00,B737-8,AFTGALLY,8201-11-0000,04-10-20492,8201-11-0000,08-08-25854,3942224,KAV0825005
190483949,25-00,M73-82,GALLEY 4B,62197-301-001,22-02-0457,62197-301-001,22-05-0086,4028217,WAV1047
190461077,38-00,M73-82,G1,62197-301-001,18-06-0114,62197-301-001,21-02-0315,3838980,WAV383
42118861,33-00,M73-82,CABIN,9651-35-0002,70734,9651-35-0002,35081,3990143,158881
191006914,38-00,B737-8,AFT RH,14330-230,11156,14330-230,LTH063AA91,4179531,0000080589
55679430,33-00,B737-8,18ABC,9651-35-0002,19073,9651-35-0002,53864,3817249,20090986-1
55541730,27-30,B737-8,LH STAB,0851HT1,352768,0851HT2,469958,3867913,407911114
190176464,25-00,B737-8,AFTGALLY,8201-11-0000-01,09-10-27605,8201-11-0000-01,19-07-0771,4091772,PAV13416
35039714,33-00,B737-8,18 DEF,9651-35-0002,34375,9651-35-0002,53249,3999795,20129542
190625237,33-00,B737-8,RH,72605363-1,1745,72605363-1,5510,3949615,354182910
190683843,25-00,B737-8,FWD,72184025,N12061885044863,62197-301-001,21-02-0124,4041638,SAV755
190523294,25-31,B737-8,AFTGALLY,8201-11-0000,07-08-24018,8201-11-0000,02-10-18235,3891492,PAV10749
190226054,72-00,B737-8,#2,340-001-038-0,DM150629,340-001-038-0,DM011818,3916280,R25070226000
190226054,72-00,B737-8,#2,340-001-038-0,DE809589,340-001-038-0,PA584793,3928995,R25072326001
55073120,23-00,B737-8,FWD,285W0024-1B,F24096,285W0024-1M,F55608,3903396,149843
190516893,33-00,B737-8,22DEF,9651-35-0002,74403,9651-35-0002,53011,3917421,20105104
55564511,33-00,B737-8,22,9651-35-0002,22638,9651-35-0002,76263,3914440,20105102
190459976,33-00,M73-82,RH,72605363-1,5730,72605363-1,0898,3835600,11298
190626116,33-00,B737-8,24ABC,9651-35-0003,13663,9651-35-0003,6699,4084600,7600
190662308,33-21,B737-8,10DEF,9651-35-0005,16673,9651-35-0005,16146,3964359,ARC156620
55642842,33-00,B737-8,RH,72605363-1,0791,72605363-1,1520,3682418,350826060
55657223,33-21,B737-8,CABIN,9651-35-0005,33024,9651-35-0005,62746,3765621,20082115
55708144,38-00,B737-8,FWD,SC4L500301-5,11097991,SC4L500301-5,172159917-002,3769855,631652
41914118,33-00,B737-8,2 ABC,9651-35-0005,32581,9651-35-0005,66191,3790854,2008636
191305127,25-31,B737-8,AFT,72184025,4370,72184025,N09120052044575,3981630,WAV890
190406332,25-00,M73-82,GALLEY G4,8201-11-0000-01,17-12-40071,8201-11-0000-01,21-01-0267,4009578,PAV12300
55228341,23-00,B737-8,FL DK,5145-1-82,16451,5145-1-82,16243,3976488,PAV11745
190542349,33-21,B737-8,CABIN,9651-35-0002,17057,9651-35-0002,74423,3897518,04640200
190668400,23-00,B737-8,F/O,5145-1-82,11730,5145-1-88,29099,4089588,PAV13382
190324902,33-21,M73-82,#16 RH,9651-35-0005,50780,9651-35-0005,16521,3842013,ARC144064
190253743,25-00,B737-8,AFTGALLY,62197-301-001,15-10-8020,72184025,N09040558044499,3687008,1171828
105615071,33-21,B737-8,CABIN,9651-35-0005,32639,9651-35-0005,49378,4005327,20131348
55127553,25-00,B737-8,AFTGALLY,72184025,3033,72184025,4371,3707263,1200037
191165057,33-21,M73-82,#18 RH,9651-35-0002,57501,9651-35-0002,19212,4121753,170663
42211711,33-00,M73-82,22DEF,9651-35-0002,53465,9651-35-0002,73607,3788182,65504
191399137,33-00,B737-8,25RH,9651-35-0004,6436,9651-35-0004,22352,3716231,20074490
191456844,25-00,B737-8,G1,72184025,4011,72184025,N10020034044620,4084168,WAV1235
191363050,33-21,B737-8,26 ABC,9651-35-0003,9868,9651-35-0003,15374,3905721,20103121
190461860,25-00,M73-82,FWD GALLEY,62197-301-001,17-01-0329,62197-301-001,21-02-0159,3881957,PAV10689
55306534,25-00,M73-82,FWD,SC4L500301-5,170512346-004,SC4L500301-5,171187437-001,3617842,E-5363580
191331698,23-00,B737-8,FWD,285W0024-1B,F25908,285W0024-23B,F64134,4149046,03718
41980687,25-33,B737-8,FWDGALLY,62197-301-001,19-06-0016,62197-301-001,23-05-0224,3780311,1259379
40307304,23-00,B737-8,FL DK,5145-1-82,10539,5145-1-82,16934,3809237,1286084
190717359,33-21,B737-8,CABIN,9651-35-0005,51853,9651-35-0005,18596,4001769,60076
190569727,23-00,B737-8,FL DK,5145-1-82,16111,5145-1-82,16772,4079929,PAV13251
190483939,33-21,M73-82,8ABC,9651-35-0002,49495,9651-35-0002,53935,4019510,ARC161921
190069089,26-00,B737-8,AFT,473597-5,48996,473597-5,SJB0799,4050533,000132686883
190069089,26-00,B737-8,AFT,473597-5,49025,473597-5,SJA6199,4128291,13594873
190069089,26-00,B737-8,AFT,473597-5,48999,473597-5,SJA6441,4128302,13600526
190300503,33-00,M73-82,14DEF,9651-35-0005,51183,9651-35-0005,48129,4019512,ARC161861
191422855,33-00,B737-8,6DEF,9651-35-0002,43651,9651-35-0002,34983,4179322,ARC174612
191461671,33-00,B737-8,CAB,9651-35-0005,32068,9651-35-0005,16535,4173668,ARC174088
191461671,33-00,B737-8,CAB,9651-35-0002,24852,9651-35-0002,50245,4179338,ARC174637
191461571,33-00,B737-8,15DEF,9651-35-0005,29383,9651-35-0005,48749,4179315,ARC174902
190372646,38-00,M73-82,LAV A,SC4L500301-5,11451780-005,SC4L500301-4,1600157,4051924,E-6071608
107422896,72-00,,#1,340-001-038-0,DE807932,340-001-038-0,DM138632,4224072,R26073118001
107422896,72-00,,#1,340-001-038-0,DD457603,340-001-038-0,DM138777,4223875,R26073117001
107422896,72-00,,#1,340-001-036-0,DM148783,340-001-038-0,DM007221,4210703,R26072410001
107422896,72-00,,#1,340-001-038-0,DM085119,340-001-038-0,DM000300,4124462,R26022708001
107422896,72-00,,#1,340-001-036-0,PF529979,340-001-038-0,DM006773,4222339,R26072405001
107422896,72-00,,#1,340-001-036-0,DM149965,340-001-038-0,DB994755,4223872,R26080422001
107422896,72-00,,#1,340-001-036-0,PF544310,340-001-038-0,DM176193,4175981,R2605260
107422896,72-00,,#1,340-001-038-0,DM114376,340-001-038-0,DM007187,4222333,R26072314001
107422896,72-00,,#1,340-001-038-0,DM135304,340-001-038-0,DB995553,4223885,R26080418001
107422896,72-00,,#1,340-001-036-0,DM150485,340-001-038-0,DM138796,4223873,R26073119001
107422896,72-00,,#1,340-001-038-0,DD282641-M,340-001-038-0,DC616324,4176047,R2605514
55682981,25-00,B737-8,GALLEY G4,62197-301-001,17-06-0372,62197-301-001,22-12-0354,4118384,KAV0326102
55513387,33-42,B737-8,RH,72605363-1,0694,72605363-1,1622,3794312,352232016
190575338,33-00,B737-8,29DEF,9651-35-0005,33830,9651-35-0005,23329,4043406,ARC1639
107195490,36-00,B737-8,#2,107484-7,19894,107484-7,16796,4196775,356526255
190131411,38-00,B737-8,LAV E,14330-230,21283,14330-230,121642,3722208,1073317
42263047,23-00,B737-8,CAPT,5145-1-82,17378,5145-1-88,129764,4011383,PAV12309
191368160,33-21,B737-8,18,9651-35-0002,65572,9651-35-0002,66147,4197831,20256178
190778557,23-51,B737-8,FL DK,5145-1-82,15841,5145-1-82,12542,3817909,PAV9906
190033144,25-31,B737-8,AFTGALLY,72184025,4343,72184025,4346,4160340,KAV0626011
55584023,38-00,B737-8,FWDGALLY,62197-301-001,16-08-0256,62197-301-001,18-01-0445,3776919,KAV0125003
55333694,25-00,M73-82,GALLEY,62197-301-001,16-10-0264,62197-301-001,17-12-0473,3797900,1275633
104862578,73-00,M73-82,#2,2085M31G03,PAT99J84,2085M31G03,PSDMF275,3949738,RG43446-1
104862578,73-00,M73-82,#2,2085M31G03,PAT71F10,2085M31G03,PSDNG673,3949748,RG45043-1
104862578,73-00,M73-82,#2,2085M31G03,PAT63E71,2085M31G03,PSDMJ898,3949717,RF58781-1
104862578,73-00,M73-82,#2,2085M31G03,PAT08F78,2085M31G03,PSDNG237,3949742,RG45036-1
104862578,73-00,M73-82,#2,2085M31G03,PAT80R18,2085M31G03,PSDMA420,3967879,RF83074-1
104862578,73-00,M73-82,#2,2085M31G03,PAT92E13,2085M31G03,PAT85A00,3949745,RG45039-1
104862578,73-00,M73-82,#2,2085M31G03,PAT01J62,2085M31G03,PSDMH923,3967866,RF74004-1
104862578,73-00,M73-82,#2,2085M31G03,PSDKY992,2085M31G03,PSDMF276,3949733,RG43383-1
104862578,73-00,M73-82,#2,2085M31G03,PAT37T55,2085M31G03,PAT03F85,3967876,RD81417-1
104862578,73-00,M73-82,#2,2085M31G03,PAT47E38,2085M31G03,PAT5G817,3967851,RF18124-1
104862578,73-00,M73-82,#2,2085M31G03,PAT18E00,2085M31G03,PAT1C342,3949726,RG30537-1
104862578,73-00,M73-82,#2,2085M31G03,PAT03T78,2085M31G03,PAT1C540,3949713,RF04260-1
104862578,73-00,M73-82,#2,2085M31G03,PAT89J03,2085M31G03,PSDMD195,3949722,RF86731-1
104862578,73-00,M73-82,#2,2085M31G03,PAT17E27,2085M31G03,PAT91E61,3967820,RF84635-1
104862578,73-00,M73-82,#2,2085M31G03,PAT98F46,2085M31G03,PAT8C483,3967802,RF00010-1
104862578,73-00,M73-82,#2,2085M31G03,PAT94C34,2085M31G03,PAT77F54,3967873,RF27320-1
104862578,73-00,M73-82,#2,2085M31G03,PAT96C16,2085M31G03,PSDMD780,3967870,RF86694-1
104862578,73-00,M73-82,#2,2085M31G03,PAT19F62,2085M31G03,PSDMA238,3967836,RF06139-1
55405165,33-00,M73-82,26DEF,9651-35-0004,22035,9651-35-0004,7898,4049880,164835
190414348,38-00,M73-82,FWD GALLEY,62197-301-001,17-06-0370,62197-301-001,14-09-7025,3948000,PAV11371
190202107,25-00,B737-8,AFTGALLY,8201-11-0000-01,09-04-26817,8201-11-0000,07-09-24227,3926094,KAV0725033
55685000,25-37,B737-8,AFT,8201-11-0000,04-08-20258,8201-11-0000,04-11-20587,3841164,KAV0425028
55461735,33-42,M73-82,LH,72605363-1,2622,72605363-1,5435,3806767,352381203
103721689,36-00,B737-8,#1,107484-7,16349,107484-7,20566,3830193,00005Y14
55715691,33-00,B737-8,CABIN,9651-35-0005,50802,9651-35-0005,50886,3830260,20091562
55562449,38-00,B737-8,FWD,14330-230,12021,14330-230,36539,4055880,1192272
190329319,25-00,M73-82,AFT CAB,62197-301-001,18-03-0517,62197-301-001,15-03-7407,4165508,WAV1458
55553968,33-00,B737-8,RH,72605363-1,0736,72605363-1,5336,3630744,078980
190029282,25-00,B737-8,AFTGALLY,72184025,N10120148044747,72184025,3063,4032291,WAV1055
190530652,33-21,B737-8,3 ABC,9651-35-0005,31158,9651-35-0005,66203,3996330,4576
55573655,33-21,B737-8,CABIN,9651-35-0004,18714,9651-35-0004,8686,3740747,ARC134570
41753846,33-21,B737-8,10ABC,9651-35-0004,8544,9651-35-0004,12617,3705118,131125
190111272,25-00,B737-8,AFTGALLY,72184025,4013,72184025,4348,3946658,WAV746
190164493,38-32,B737-8,FWD,14330-230,25308,14330-230,ZSK661,3856657,0001119891
190297870,25-30,M73-82,GALLEY G4,62197-301-001,15-11-0131,62197-301-001,18-06-0102,3954264,PAV11462
55515197,25-35,B737-8,AFTGALLY,62197-301-001,16-11-0283,62197-301-001,21-03-0016,4045600,KAV1225037
55714764,33-00,B737-8,CABIN,9651-35-0002,53963,9651-35-0002,18791,3857307,ARC145734
190250389,23-00,B737-8,FWD,285W0024-1B,D17263,285W0024-1B,F49655,3951476,155240
55461455,23-00,M73-82,AFT CAB,285W0024-1B,D22075,285W0024-1B,F52190,3764013,ARC137270
55417924,33-00,M73-82,LH,72605363-1,5857,72605363-1,5934,3815650,352477791
190551892,33-00,B737-8,#20 RH,,,9651-35-0002,72971,3947414,20110261
190551892,33-00,B737-8,20RH,9651-35-0002,25075,,,9659739,
190454342,33-00,M73-82,31DEF,9651-35-0005,47145,9651-35-0005,31777,4222114,178708
35059076,33-21,B737-8,18DEF,9651-35-0002,18152,9651-35-0002,39061,3892800,149335
55075954,23-51,B737-8,FL DK,5145-1-82,10489,5145-1-82,16188,4031266,PAV12505
55381207,25-31,M73-82,GALLEY G4,62197-301-001,21-08-0074,62197-301-001,23-04-0046,3860587,1332280
55356133,25-00,M73-82,FWD GALLEY,8201-11-0000-01,21-06-0264,8201-11-0000-01,22-03-0051,3904085,1370735
190004386,33-00,B737-8,7 DEF,9651-35-0002,35373,9651-35-0002,72210,3867184,438-1.000
55520149,33-00,B737-8,9DEF,9651-35-0003,6699,9651-35-0003,15044,4043498,ARC164084
190535166,25-00,B737-8,AFT LH,62197-301-001,23-10-0078,62197-301-001,21-08-0081,4083579,PAV13293
191413527,25-31,B737-8,AFT GALLEY,72184025,N09070385044556,72184025,N10121138044773,4050465,PAV12692
55354983,33-21,M73-82,21 DEF,9651-35-0002,57268,9651-35-0002,19315,3930979,152857
190020359,26-16,B737-8,AFT,473597-5,25038,473597-5,SJA7263,3997794,13033962
55052563,25-00,B737-8,FWDGALLY,72184025,4430,62197-301-001,16-12-0312,3754388,KAV1124057
103475228,72-00,,#2,340-001-036-0,DM149771,340-001-038-0,DE191598,3860312,50211001
103475228,72-00,,#2,340-001-036-0,DM149470,340-001-038-0,DM182304,3865661,90509001
103475228,72-00,,#2,340-001-036-0,DM149744,340-001-038-0,DM174665,3842338,31231001
191520171,72-21,B737-8,#2,340-001-036-0,DM138999,340-001-036-0,PF499446,4177244,1171250
191520171,72-21,B737-8,#2,340-001-038-0,DM008036,340-001-036-0,PF510442,4177238,1171250
191520171,72-21,B737-8,#2,340-001-038-0,DM002849,340-001-038-0,DM131012,4190502,R26060517001
191520171,72-21,B737-8,#2,340-001-038-0,DM002821,340-001-038-0,DM129073,4184802,R26051425000
190162576,38-00,B737-8,AFT RH,14330-230,ZSK459,14330-230,ZSK653,3836238,1107171
190289420,25-00,M73-82,GALLEY G4,8201-11-0000-01,21-06-0260,8201-11-0000-01,17-02-38426,3824123,PAV10012
190776896,25-00,B737-8,AFT GALLEY,72184025,4396,72184025,4342,3903384,1370124
190900166,25-00,B737-8,FWD GALLEY,72184025,N12061890044868,72184025,N10100889044731,4131764,WAV1392
55482148,33-00,M73-82,RH,9651-35-0004,12028,9651-35-0004,21157,3763497,24.478
42108890,25-00,M73-82,GALLEY G4,62197-301-001,18-01-0444,62197-301-001,21-02-0174,3980273,1440736
190655804,33-00,B737-8,5ABC,9651-35-0002,53312,9651-35-0002,25438,3929576,20107171-1.000
190050951,23-00,B737-8,FL DK,5145-1-82,12581,5145-1-82,17227,3804547,RA177
191454461,25-35,B737-8,FWDGALLY,62197-301-001,17-12-0425,62197-301-001,23-08-0289,4084755,SAV841
55502684,38-00,B737-8,FWD,SC4L500301-5,11451782-007,SC4L500301-5,173531035-005,3906527,E-5848953
190515149,33-21,B737-8,CABIN,9651-35-0005,21334,,,9552745,
41569906,33-00,B737-8,RH,72605363-1,1697,72605363-1,6317,3828257,25.224
191446957,33-21,B737-8,30 ABC,9651-35-0005,45601,9651-35-0005,46289,4219413,ARC178583
55444854,38-11,M73-82,AFT RH,SC4L500301-5,1702213878-007,SC4L500301-5,172211394-003,3745938,552679
190587367,25-00,B737-8,AFTGALLY,62197-301-001,21-02-0094,62197-301-001,23-09-0122,4018794,SAV731
190596606,33-00,B737-8,15ABC,9651-35-0005,30844,9651-35-0005,50196,4166979,ARC173404
55710496,26-16,B737-8,AFT,473597-5,SJA6457,473597-5,SJA7066,3848258,62435
190514519,26-16,B737-8,AFT,473597-5,SJA6289,473597-5,SJA4497,3916516,63425
190514519,26-16,B737-8,AFT,473597-5,40802,473597-5,SJF1088,3908183,408095
190066674,25-37,B737-8,GALLEY,8201-11-0000-01,17-11-39495,8201-11-0000,06-12-22991,3836327,KAV0425008
42033572,33-00,B737-8,CAB,9651-35-0002,51519,9651-35-0002,70721,3760169,1272
190558380,33-21,B737-8,CAB,9651-35-0002,32571,9651-35-0002,17637,3990302,158878
41982768,26-00,B737-8,AFT,473597-5,SJA5126,473597-5,SJF1342,3908414,408095
55321554,25-00,M73-82,G1,62197-301-001,23-03-0696,62197-301-001,22-12-0119,3845100,WAV404
42098606,25-32,M73-82,GALLEY 4,62197-301-001,22-05-0082,62197-301-001,23-04-0180,4005366,PAV12212
190178677,23-00,B737-8,CABIN,285W0024-1B,D03850,285W0024-1M,F40334,3813442,ARC141769
55041623,25-31,B737-8,AFTGALLY,72184025,4030,72184025,3006,3824938,1300705
55230018,23-00,B737-8,FL DK,5145-1-82,15743,5145-1-82,15692,3986227,PAV11867
190367735,33-21,M73-82,14DEF,9651-35-0005,49533,9651-35-0005,29331,3861073,ARC145936
190882286,36-00,B737-8,#1,107484-7,12814,107484-7,10321,4183870,6482567
190882286,36-00,B737-8,#1,3214446-4,7320,3214446-4,16641,4173962,6268021
190483066,33-00,M73-82,CABIN,9651-35-0005,17782,9651-35-0005,16950,3792433,39651
190133965,25-00,B737-8,AFT,8201-11-0000-01,16-10-38122,8201-11-0000-01,19-07-0774,3602588,1098195
190189247,25-00,B737-8,AFT,72184025,4091,72184025,4035,3865665,KAV0525012
190533134,36-11,B737-8,#1,107484-7,9459,107484-7,18521,3870707,352924750
190389050,25-00,M73-82,FWDGALLY,8201-11-0000-01,22-02-0648,8201-11-0000-01,17-07-39055,4202804,KAV0626053
190545960,33-00,B737-8,RH,72605363-1,0462,72605363-1,3459,3974152,354426927
190174104,23-00,B737-8,AFT,285W0024-1B,F49318,285W0024-1B,F33320,3854425,145362
190426001,33-21,M73-82,5 DEF,9651-35-0002,17156,9651-35-0002,70924,4154772,20212028-1
55287205,25-00,M73-82,GALLEY 4,62197-301-001,23-04-0049,62197-301-001,22-12-0125,3794365,1273669
190404013,25-00,M73-82,GALLEY G1,62197-301-001,15-08-7814,62197-301-001,16-11-0292,3999601,PAV11995
190911622,25-00,B737-8,AFTGALLY,62197-301-001,16-12-0311,62197-301-001,15-12-0159,4011285,PAV12318
190634608,33-42,B737-8,RH,72605363-1,2202,72605363-1,2931,4034787,355113932
55620168,72-21,B737-8,#1,340-001-038-0,DM146165,340-001-036-0,PF508200,3988963,57996
55609706,34-11,B737-8,LH,0851HT1,363835,0851HT2,475284,3976301,3990
190284184,38-11,M73-82,AFT LH,SC4L500301-5,11212289,SC4L500301-5,170602952-004,3851097,04515710
190219108,25-00,B737-8,AFTGALLY,72184025,4243,72184025,N10121141044776,3978018,WAV882
55257975,33-00,B737-8,22DEF,9651-35-0002,39232,9651-35-0002,18238,3958800,56091
190659565,33-20,B737-8,6ABC,9651-35-0002,24267,9651-35-0002,30056,4116713,ARC169993
41601707,38-00,B737-8,LAV D,14330-230,ZSK363,14330-230,20835,3995922,7042
190503202,33-21,M73-82,31ABC,9651-35-0005,50453,9651-35-0005,47677,3895328,20102431
190516541,33-20,B737-8,31 DEF,9651-35-0005,51680,9651-35-0005,66838,3889343,20101730
191217235,33-00,M73-82,2DEF,9651-35-0005,68284,9651-35-0005,20392,4217417,ARC178047
191000925,25-00,B737-8,GALLEY 4,72184025,N11070864044806,72184025,4003,4183959,WAV1513
55084899,25-31,B737-8,GALLEY 1 FWD,72184025,N12021002044825,72184025,N12031152044858,3897542,WAV533
190415775,33-21,M73-82,14ABC,9651-35-0005,53008,9651-35-0005,70303,4066593,20164752
191410773,25-00,B737-8,AFT,72184025,4065,72184025,N09040561044502,4170878,WAV1468
40177386,23-00,B737-8,CABIN,285W0024-1B,F27065,285W0024-1B,F61416,3862428,MEH-E
55054255,23-50,B737-8,FL DK,5145-1-82,19570,5145-1-82,12540,3996322,PAV12021
190170950,33-21,B737-8,5DEF,9651-35-0002,39061,9651-35-0002,32646,3880256,148257
190170950,33-21,B737-8,CABIN,9651-35-0005,**50734**,9651-35-0005,33701,3857342,ARC145559
106718470,36-00,B737-8,#2,107484-7,9893,107484-7,7572,4114800,355181770
41306819,36-11,B737-8,#2,107484-7,11874,107484-7,19107,3947201,3680493
190608159,33-20,B737-8,18DEF,,,9651-35-0002,35983,4061336,ARC1657
190297096,38-00,M73-82,LAV FWD,SC4L500301-5,170796601-002,SC4L500301-5,173192709-004,3892831,5832234
190406629,25-35,M73-82,GALLEY 4,8201-11-0000,03-03-18854,8201-11-0000,05-01-20784,3953727,KAV0825024
55538034,25-00,B737-8,AFT,72184025,4261,72184025,N09120064044587,3834333,PAV10170
190608198,33-00,B737-8,15DEF,9651-35-0005,36960,9651-35-0005,16535,4019498,ARC162094
190246536,23-00,B737-8,FL DK,5145-1-82,14426,5145-1-82,17077,3995338,PAV12006
191325818,33-21,B737-8,23ABC,9651-35-0002,35192,9651-35-0002,33468,4203348,ARC176481
191390651,33-21,B737-8,32 L/H,9651-35-0005,26580,9651-35-0005,33319,4110264,169591
55685738,25-31,B737-8,FWDGALLY,62197-301-001,25-03-0475,62197-301-001,14-09-7021,4224285,WAV1660
190944931,36-00,B737-8,#2,107484-7,12136,107484-7,17056,4051682,5086892
102559145,36-00,B737-8,#1,107484-7,13751,107484-7,12711,3793460,352243430
55591664,33-21,B737-8,24ABC,9651-35-0002,50008,9651-35-0002,22424,3941063,ARC154184
55446094,25-00,M73-82,GALLEY G4,8201-11-0000-01,17-11-39511,8201-11-0000-01,23-03-0631,3416413,S23/2226H-1
190561892,33-21,B737-8,25DEF,9651-35-0004,8241,9651-35-0004,18728,3986301,158230
980007102,25-00,B737-8,AFT,8201-11-0000-01,10-07-29012,8201-11-0000,08-05-25477,4120863,
190209746,33-00,B737-8,18DEF,9651-35-0002,39231,9651-35-0002,33014,4128929,171080
190441468,33-21,M73-82,CAB,9651-35-0005,60314,9651-35-0005,47710,4043880,164568
190094469,23-42,B737-8,FWD,285W0024-1B,F47977,285W0024-1B,F52887,3944350,ARC154504
190791406,36-11,B737-8,#2,107484-7,16146,107484-7,13605,3839627,352836442
191395092,33-00,B737-8,#25 RH,9651-35-0004,7810,9651-35-0004,23121,4121746,20197248-1
190864873,38-00,B737-8,LAV D,14330-230,LHTVV541,14330-230,36549,4048283,1184757
101848907,36-11,B737-8,#2,107484-7,7589,107484-7,18130,3764476,351801588
40745154,30-00,B737-8,CAPT,0851HT1,429811,0851HT2,466656,3811511,407663000
42184517,25-32,M73-82,GALLEY G4,62197-301-001,21-02-0166,62197-301-001,21-02-0315,4077511,SAV826-UK
190314284,25-40,M73-82,LAV  AFT  RH,,,SC4L500301-5,174244485-004,4008781,E-6004130
190328112,25-00,M73-82,GALLEY 4,62197-301-001,23-05-0406,62197-301-001,23-03-0518,3995631,PAV12005
55600458,23-51,B737-8,CPT,5145-1-82,15695,5145-1-82,13310,3797989,PAV9567
190862819,26-00,B737-8,FL DK,473955-1,8090,473955-1,8593,4220557,14013822
190862819,26-00,B737-8,FWD,473597-5,33844,473597-5,49112,4222729,R554465-66838
190862819,26-00,B737-8,FWD,473597-5,33845,473597-5,SJA2723,4227590,14028224
55284192,33-42,M73-82,RH,72605363-1,5226,72605363-1,0727,3818427,352635220
190224420,33-00,B737-8,RH,45-0351-4,4703,45-0351-4,5917,4112750,PAV13655
190087684,33-40,B737-8,RH,45-0351-4,5790,45-0351-4,6801,4083585,PAV13303
191133305,30-00,M73-82,FL DK,233A3201-313,F09177,233A3201-313,F09899,4019360,0015700
191133305,30-00,M73-82,RH STAB,0851HT1,433405,0851HT2,471547,3915586,408131654
190661125,33-00,B737-8,CABIN,9651-35-0005,16387,9651-35-0005,47772,4223152,178866
190617791,33-00,B737-8,CABIN,9651-35-0005,61629,9651-35-0005,30840,4116700,ARC170171
190982200,23-00,B737-8,FL DK,5145-1-82,17273,5145-1-82,19518,4201154,PAV14688
190513894,33-20,B737-8,18 ABC,9651-35-0002,42624,9651-35-0002,18274,3886831,148762
190469843,33-21,M73-82,CABIN,9651-35-0005,33546,9651-35-0005,18500,3975341,157114
55387087,25-00,M73-82,FWD GALLEY,8201-11-0000-01,25-05-0106,8201-11-0000-01,18-10-0445,3917114,KAV0725016
190300244,23-00,M73-82,FWD,285W0024-1B,F30624,285W0024-1B,F53022,3924456,152772
55454072,33-00,M73-82,20ABC,9651-35-0002,48649,9651-35-0002,69149,4064498,4782
55237104,33-42,B737-8,RH,45-0351-4,6388,45-0351-4,4176,4095325,PAV13480
190237985,33-21,B737-8,27 DEF,9651-35-0005,38198,9651-35-0005,58351,3944167,20108885-1.000
190676724,33-42,B737-8,LH,72605363-1,2791,72605363-1,0799,3846119,352944548
190201329,23-51,B737-8,F/O,5145-1-82,13362,5145-1-82,11975,4005030,PAV12197
55356014,25-00,M73-82,FWD,8201-11-0000,08-02-24825,8201-11-0000,07-09-24215,3879857,PAV10660
55380495,25-00,M73-82,G1,8201-11-0000-01,21-11-0165,8201-11-0000-01,19-05-0593,3807275,PAV9725
191473008,33-21,B737-8,9DEF,9651-35-0003,7736,9651-35-0003,5692,4189992,ARC175559
42183432,33-00,M73-82,23ABC,9651-35-0002,59275,9651-35-0002,39223,4202792,ARC176644
190302746,33-00,M73-82,LH,72605363-1,5028,72605363-1,6295,3958293,354253603
190262947,25-00,B737-8,FWD,8201-11-0000,04-01-19673,8201-11-0000,02-09-18202,3561416,1051173
55238589,25-00,B737-8,AFT,72184025,N09050472044524,72184025,N10100884044726,3805371,KAV0225033
40300520,34-00,B737-8,F/O,0851HT1,395750,0851HT2,467429,3803667,407611894
55600439,33-21,B737-8,30ABC,9651-35-0005,20363,9651-35-0005,22940,3767119,ARC137719
55631206,25-37,B737-8,AFTGALLY,8201-11-0000-01,09-05-26924,8201-11-0000-01,23-04-0070,4051495,R145257825
191046456,25-00,B737-8,AFT,8201-11-0000-01,15-10-36717,8201-11-0000-01,23-05-0269,3437849,S23/2614H-1
191397005,38-00,B737-8,AFT RH,SC4L500301-5,173163663-010,SC4L500301-5,175217853-005,4148527,6188927
191354416,26-00,B737-8,AFT,473597-5,20366A,473597-5,SJA4311,4204861,13935768
40746942,33-42,B737-8,RH,45-0351-4,2188,45-0351-2,0693,3829186,PAV10112
55135436,25-00,B737-8,FL DK,5145-1-82,17321,5145-1-88,26977,3941662,PAV11234
190468483,25-00,M73-82,GALLEY G4,62197-301-001,21-02-0111,62197-301-001,18-07-0599,4159559,WAV1452
55357436,38-00,M73-82,GALLEY 4,62197-301-001,15-11-0133,62197-301-001,23-10-0077,3925045,WAV640
55350712,25-00,M73-82,GALLEY G4,62197-301-001,15-12-0163,62197-301-001,18-01-1104,4081195,KAV0326052
190103386,33-42,B737-8,#2,45-0351-4,2150,45-0351-6,8565,3961149,PAV11580
190587287,34-11,B737-8,AUX,0851HT1,350000,0851HT2,472163,3907328,408088240
42204486,33-00,M73-82,30DEF,9651-35-0005,31117,9651-35-0005,50219,4091532,ARC168367
190461142,25-32,M73-82,G1,8201-11-0000-01,21-01-0312,8201-11-0000-01,16-11-38220,3272619,AV0822
190461849,25-32,M73-82,AFT,8201-11-0000-01,17-12-40031,8201-11-0000,05-10-21303,3786279,PAV9387
190592946,33-00,B737-8,3ABC,9651-35-0005,16429,9651-35-0005,23718,4072962,ARC166872
55285014,25-00,M73-82,FWD,62197-301-001,22-01-0384,62197-301-001,15-10-8005,3822627,PAV9994
35082322,25-00,B737-8,AFTGALLY,8201-11-0000,03-09-19334,8201-11-0000-01,22-01-0898,3181072,S22/0335H-1
55508028,33-00,B737-8,ROW 21,9651-35-0005,21644,9651-35-0005,66836,3960362,20112412
190223437,25-00,B737-8,FWDGALLY,72184025,3012,72184025,4260,4031722,SAV741
191421933,36-11,B737-8,#2,107484-7,19438,107484-7,17038,4101237,355448160
191408270,25-31,B737-8,FWD,8201-11-0000-01,16-10-38129,8201-11-0000,07-09-24226,4163397,PAV14258
191403414,72-21,B737-8,#1,340-001-036-0,DM136969,340-001-038-0,PA410693,3711076,091813000
191403414,72-21,B737-8,#1,340-001-036-0,DM136515,340-001-038-0,BC565313,4175671,R260506
55189594,23-51,B737-8,FL DK,5145-1-82,16225,5145-1-82,10957,4123990,T344417E
191525885,25-31,B737-8,#4,72184025,4128,72184025,N10020032044618,4139193,PAV14011
42169608,72-00,M73-82,#2,2085M31G03,PAT1G390,2085M31G03,PAT90E76,3935447,RD80328-1
42169608,72-00,M73-82,#2,2085M31G03,PAT1G382,2085M31G03,PAT7C416,3946434,RF84545-1
55385483,73-00,M73-82,#1,2085M31G03,PAT2B445,2085M31G03,PSDNF306,3805617,JMB24A-06847
55385483,73-00,M73-82,#1,2085M31G03,PAT1C449,2085M31G03,PSDNF776,3781145,DMR24A-00240
55385483,73-00,M73-82,#1,2085M31G03,PAT2B441,2085M31G03,PSDNF308,3805625,JMB24A-06849
55385483,73-00,M73-82,#1,2085M31G03,PAT2B442,2085M31G03,PSDNF008,3805612,JMB24A-06835
55385483,73-00,M73-82,#1,2085M31G03,PAT2B437,2085M31G03,PSDNG548,3802177,NAB25A-00387
55385483,73-00,M73-82,#1,2085M31G03,PAT2B436,2085M31G03,PSDNG544,3802162,NAB25A-00383
55385483,73-00,M73-82,#1,2085M31G03,PAT2B438,2085M31G03,PSDNF772,3781117,DMR24A-00236
55385483,73-00,M73-82,#1,2085M31G03,PAT2B439,2085M31G03,PSDNF774,3781140,DMR24A-00238
55385483,73-00,M73-82,#1,2085M31G03,PAT2B457,2085M31G03,PSDNF779,3781159,DMR24A-00243
55385483,73-00,M73-82,#1,2085M31G03,PAT2B455,2085M31G03,PSDNG546,3802170,NAB25A-00385
55385483,73-00,M73-82,#1,2085M31G03,PAT2B449,2085M31G03,PSDNF771,3781110,DMR24A-00235
55385483,73-00,M73-82,#1,2085M31G03,PAT2B450,2085M31G03,PSDNG545,3802165,NAB25A-00384
55385483,73-00,M73-82,#1,2085M31G03,PAT2B448,2085M31G03,PSDNF309,3805628,JMB24A-06850
55385483,73-00,M73-82,#1,2085M31G03,PAT2B451,2085M31G03,PSDNF305,3805614,JMB24A-06846
55385483,73-00,M73-82,#1,2085M31G03,PAT2B452,2085M31G03,PSDNF312,3805608,JMB24A-06853
190192016,38-32,B737-8,LAV A,14330-230,ZSK176,14330-230,22503,3867299,1122124
190460773,25-32,M73-82,GALLEY 4,8201-11-0000-01,15-08-36565,8201-11-0000-01,21-02-0366,3980602,KAV1025022
190404698,25-00,M73-82,AFT,62197-301-001,16-10-0273,62197-301-001,26-04-0212,4150847,S26/2195
104932900,72-00,,#2,340-001-036-0,DM177166,340-001-038-0,DC616602,3978797,13000
104932900,72-00,,#2,340-001-036-0,DM177019,340-001-038-0,DM135846,3978912,R25091826001
104932900,72-00,,#2,340-001-036-0,DM177358,340-001-038-0,DM107213,3980283,R25091824
55472869,33-00,M73-82,3DEF,9651-35-0005,49635,9651-35-0005,33706,3741246,ARC134989
55663786,33-21,B737-8,12ABC,9651-35-0005,33707,9651-35-0005,19788,3826300,ARC142865
190882467,25-00,B737-8,AFT LH,8201-11-0000,05-11-21453,8201-11-0000-01,21-01-0247,3851521,PAV10379
55515365,23-42,B737-8,AFT CAB,285W0024-1B,F25741,285W0024-1M,F47292,3841979,ARC144340
190360626,33-21,M73-82,31DEF,9651-35-0005,59746,9651-35-0005,57645,3906989,20103440-1.000
55703966,33-21,B737-8,22ABC,9651-35-0002,24521,9651-35-0002,35316,4050004,164679
55717620,26-16,B737-8,AFT,473597-5,SJA5626,473597-5,SJB0891,3815970,R549216
190571237,33-00,B737-8,8 ABC,9651-35-0002,26115,9651-35-0002,35382,3979083,ARC158048
55710504,33-00,B737-8,4 DEF,9651-35-0002,26544,9651-35-0002,19421,3986304,158286
55562666,33-00,B737-8,ROW4 RH,9651-35-0001,12116,9651-35-0001,3114,3763479,137116
55562666,33-00,B737-8,5ABC,9651-35-0002,17296,9651-35-0002,64280,3759523,104-1.000
55693219,33-21,B737-8,25ABC,9651-35-0004,12729,9651-35-0004,17372,3760144,842
191457607,23-42,B737-8,FWD CAB,285W0024-1B,F37810,285W0024-1M,F54757,4170007,174069
55257723,36-00,B737-8,#1,107484-7,12688,107484-7,7577,3944671,354098269
190310426,25-40,M73-82,LAV A,SC4L500301-5,171381561-005,SC4L500301-5,173056427-008,3852119,E-5762710
190339214,33-21,M73-82,26ABC,9651-35-0004,19203,9651-35-0004,6544,3867455,146476
191449707,25-00,B737-8,#4,62197-301-001,18-07-2027,62197-301-001,21-02-0310,4142249,SAV913
190673060,23-42,B737-8,FWD CAB,285W0024-1B,D10665,285W0024-23B,F63481,4119573,2026-03202
55655346,25-00,B737-8,AFTGALLY,62197-301-001,16-01-0174,62197-301-001,23-06-0196,4016299,KAV1025057
41887418,33-42,M73-82,LH,72605363-1,0410,72605363-1,0684,3767361,351861370
190301349,33-00,M73-82,31DEF,9651-35-0005,46334,9651-35-0005,36708,3902926,20102433
55558194,33-00,B737-8,30DEF,9651-35-0005,16748,9651-35-0005,17155,4019659,ARC161831
190255963,27-00,B737-8,FIN,0851HT1,279360,,,9547963,
190183584,23-00,B737-8,FWD,285W0024-1B,F27898,285W0024-1M,F44303,3844947,4424
41221667,33-00,B737-8,18 ABC,9651-35-0002,26259,9651-35-0002,79651,4230978,71383
55177041,26-16,B737-8,FWD,473597-5,36309,473597-5,SJA4557,3988616,12983694
26120835,38-32,B737-8,LAV D,14330-230,EKL02,14330-230,20933,3763098,0001087495
55638323,21-00,B737-8,#1,107484-7,7250,107484-7,14272,3841513,352631163
55353836,25-00,M73-82,7050MM1,8201-11-0000-01,18-05-0270,8201-11-0000,02-11-18423,3768408,PAV9053
104812721,72-00,M73-82,#1,2085M31G03,PAT3G187,2085M31G03,PSDNG104,3949695,RF79619-1
190535690,33-00,B737-8,12 DEF,9651-35-0005,34017,9651-35-0005,68056,4011277,20138290
55612883,33-21,B737-8,10ABC,9651-35-0004,19326,9651-35-0004,7694,4050023,164980
55290943,25-00,M73-82,GALLEY G4,8201-11-0000-01,09-02-26585,8201-11-0000,08-05-25462,3942110,KAV0825008
190001467,33-00,B737-8,6DEF,9651-35-0002,40890,9651-35-0002,72754,3898413,64980
190457143,25-00,M73-82,FWD,62197-301-001,15-10-8012,62197-301-001,18-01-0442,4016368,KAV1025051
190242113,26-00,B737-8,AFT,473597-5,45828,473597-5,SJA0325,3838338,R549912
191403753,33-00,B737-8,CABIN,9651-35-0005,31112,9651-35-0005,53185,4128823,170964
55352121,25-00,M73-82,AFTGALLY,62197-301-001,15-12-0151,62197-301-001,18-01-1103,4082299,WAV1211
55430243,33-21,M73-82,30 DEF,9651-35-0005,58702,9651-35-0005,34017,4067845,ARC1664
55463491,38-11,M73-82,LAV U,SC4L500301-5,872872,SC4L500301-5,172442905-009,3792474,4902
190456502,25-00,M73-82,GALLEY 4,8201-11-0000-01,17-12-39601,8201-11-0000-01,15-08-36565,3925358,PAV11103
55524988,25-00,B737-8,FWDGALLY,72184025,4066,72184025,N10121144044779,3839570,1313252
55526140,33-00,B737-8,CABIN,9651-35-0002,55791,9651-35-0002,53963,3875196,ARC147636
55526140,33-00,B737-8,29ABC,9651-35-0005,51843,9651-35-0005,47238,3872049,146740
190660124,72-00,B737-8,#2,340-001-038-0,BC394244-7,340-001-038-0,DM033773,3955538,R25082718001
190660124,72-00,B737-8,#2,340-001-038-0,PA212779,340-001-038-0,DM041013,3955508,R25082715001
191359877,25-00,B737-8,AFTGALLY,72184025,4364,62197-301-001,21-11-0216,4117347,KAV0426059
980009672,25-00,B737-8,AFTGALLY,72184025,4221,72184025,3035,4157514,SA12235
190401174,25-00,M73-82,FWD G1,62197-301-001,15-12-0145,62197-301-001,23-06-0197,3957782,PAV11517
55533877,25-00,B737-8,AFT,72184025,4373,62197-301-001,16-01-0176,3898423,1364167
190267310,25-31,B737-8,AFTGALLY,72184025,N10100893044735,72184025,4277,4169878,KAV0626025
191453377,33-21,B737-8,15ABC,9651-35-0005,16492,9651-35-0005,47215,4207416,130770
190050948,25-00,B737-8,AFT,8201-11-0000,08-05-25451,8201-11-0000,04-10-20500,3819935,1296571
190728486,38-00,B737-8,LAV E,14330-230,ZSK671,14330-230,40005,3902563,1135903
55481960,38-11,M73-82,AFT LH,SC4L500301-5,11221155,SC4L500301-4,1606251,4060405,E-6074532
190337517,25-32,M73-82,FWD,8201-11-0000,02-10-18288,8201-11-0000-01,14-07-35019,4158791,PAV14234
190733550,25-00,B737-8,FWDGALLY,8201-11-0000,05-11-21456,8201-11-0000,08-07-25656,3807425,KAV0225025
190309343,25-40,M73-82,AFT RH,SC4L500301-5,11485018-006,SC4L500301-5,173519520-001,3907104,E-5849924
190086240,25-00,B737-8,AFT,8201-11-0000-01,10-07-29047,8201-11-0000-01,21-11-0275,3891528,PAV10774
190779736,26-00,B737-8,AFT,473597-5,39311,473597-5,SJB0997,3941371,R551203
14085771,25-00,B737-8,AFTGALLY,72184025,N09120052044575,72184025,4138,3906835,WAV562
190368395,33-21,M73-82,18DEF,9651-35-0002,32469,9651-35-0002,72118,3965305,20112405
190522293,33-00,B737-8,CABIN,9651-35-0003,7155,9651-35-0003,6643,4010604,ARC1611
190522293,33-00,B737-8,7DEF,9651-35-0002,24893,9651-35-0002,79544,4080137,70108
191313188,33-21,B737-8,18 DEF,9651-35-0002,24674,9651-35-0002,65557,4122990,20200131
42120349,30-31,M73-82,CAPT,0851HT1,403087,0851HT2,482778,4134150,409062937
190471547,33-21,M73-82,01-RH,9651-35-0005,18148,9651-35-0005,43435,4117266,ARC169697
191423956,26-00,B737-8,AFT,473597-5,SJA4642,473597-5,SJA2930,4206807,R554350
55624993,23-00,B737-8,FWD CAB,,,285W0024-23B,F64022,4121449,2026-03190
55536878,25-00,B737-8,FWD,62197-301-001,16-08-0250,72184025,3009,3825556,WAV338
55394517,33-21,M73-82,11 ABC,9651-35-0004,18507,9651-35-0004,7726,3795852,139973
55313494,33-00,M73-82,26DEF,9651-35-0004,24410,9651-35-0004,24542,3885417,ARC148478
35049482,33-20,B737-8,#9 RH,9651-35-0003,7212,9651-35-0003,10420,3723169,132887
190192645,38-00,B737-8,CABIN,14330-230,7292,14330-230,15635,4167476,0000072844
191041899,23-51,B737-8,FL DK,5145-1-82,18343,5145-1-82,11781,4137249,PAV13989
55716536,25-31,B737-8,AFTGALLY,8201-11-0000-01,16-12-38294,8201-11-0000-01,14-09-35281,3857800,KAV0425043
55056577,38-00,B737-8,FWD,72184025,4027,72184025,4178,3828907,PAV10098
191475757,33-42,B737-8,LH,72605363-1,5846,72605363-1,2928,4176627,356389974
190986325,25-00,B737-8,AFT RH,72184025,4063,72184025,4001,4147238,WAV1433-UKCAA
190306087,33-21,M73-82,29ABC,9651-35-0005,67215,9651-35-0005,66649,3916460,151677
55605519,25-00,B737-8,AFTGALLY,62197-301-001,17-07-0384,62197-301-001,14-09-7014,3780391,1259784
41998247,25-00,B737-8,AFTGALLY,62197-301-001,15-11-0132,62197-301-001,23-05-0052,3761067,AV1398
191465124,33-21,B737-8,25DEF,9651-35-0004,13398,9651-35-0004,18776,4173722,ARC173927
190249160,26-16,B737-8,AFT,473597-5,45496,473597-5,23862A,3749906,R548438-60823
42251162,25-31,B737-8,#4,8201-11-0000,07-01-23117,8201-11-0000-01,17-08-39195,3747099,PAV8803
55458774,38-00,M73-82,AFT RH,SC4L500301-5,173519520-001,SC4L500301-5,174737226-003,4069220,E-6089877
55680360,25-00,B737-8,AFT LH,72184025,4343,72184025,N12061899044877,4225090,PAV14971
55533097,33-00,B737-8,CABIN,9651-35-0003,10244,9651-35-0003,8924,3758718,ARC136265
55688120,25-00,B737-8,AFTGALLY,8201-11-0000-01,18-10-0448,8201-11-0000,08-05-25479,3648936,1142001
190050125,25-00,B737-8,GALLEY 4,72184025,4288,72184025,N10100885044727,4094594,WAV1279
190206402,25-00,B737-8,AFT,8201-11-0000-01,14-09-35272,8201-11-0000-01,15-10-36716,4031283,PAV12512
105472293,33-00,M73-82,CAB,9651-35-0004,17641,9651-35-0004,12436,4011075,ARC161065
55591188,33-00,B737-8,31 DEF,9651-35-0005,21660,9651-35-0005,31968,3867371,146561
55663002,33-00,B737-8,RH,72605363-1,2298,72605363-1,5730,4027298,354982559
41914689,25-31,B737-8,AFTGALLY,72184025,4446,72184025,N09050465044517,3780326,KAV0125032
55672994,33-20,B737-8,30DEF,9651-35-0005,29383,9651-35-0005,27563,4091523,ARC168070
40884775,25-33,B737-8,AFT RH,72184025,3047,72184025,4223,3991321,WAV922
190361224,33-00,M73-82,2ABC,9651-35-0005,71992,9651-35-0005,51397,3955609,20114442
42033917,25-00,B737-8,AFTGALLY,8201-11-0000,02-09-18203,8201-11-0000,08-07-25651,3575251,1065102
190583821,26-00,B737-8,AFT,473597-5,SJA4497,473597-5,24561A,3844281,R549879-62326
55655447,23-00,B737-8,F/O,5145-1-82,10957,5145-1-88,130557,4016565,PAV12374
42196013,25-00,M73-82,AFT GALLEY,62197-301-001,19-07-0256,62197-301-001,16-08-0250,4016323,KAV1225035
190235969,38-32,B737-8,LAV E,14330-230,EKI01,14330-230,ZSK251,4015613,1176692
40026072,25-00,B737-8,AFT,8201-11-0000,05-10-21301,8201-11-0000,07-08-24027,3726922,KAV1024050
191406587,25-20,B737-8,AFT RH,62197-301-001,21-02-0108,62197-301-001,18-07-0595,4183970,WAV1507
55536765,33-00,B737-8,CABIN,9651-35-0004,8073,9651-35-0004,12618,3770431,137855
14086149,23-42,B737-8,FWD,285W0024-1B,D12573,285W0024-1B,F53631,4067958,166246
55720549,33-00,B737-8,15 DEF,9651-35-0005,17698,9651-35-0005,60633,3760119,81279
40821490,26-00,B737-8,B3,473597-5,40757,473597-5,33106,3880345,R550441-62894
55712461,33-00,B737-8,29 ABC,9651-35-0005,32514,9651-35-0005,32090,3705073,131300
55064883,33-00,B737-8,RH,45-0351-4,6934,45-0351-4,3230,3744056,1231078
190156805,25-00,B737-8,AFTLH,72184025,4144,72184025,4369,3801467,1278883
41529056,25-31,B737-8,AFT 1,62197-301-001,21-11-0216,72184025,4177,3746994,KAV1024047
190301837,25-32,M73-82,GALLEY G4,62197-301-001,14-12-7215,62197-301-001,14-12-7227,3898166,KAV0625015
190490684,33-00,M73-82,16,9651-35-0005,17025,9651-35-0005,33316,4084605,7630
55705803,25-00,B737-8,FWDGALLY,62197-301-001,19-07-1213,62197-301-001,17-11-0448,3793183,SAV456
190076811,33-00,B737-8,RH,45-0351-4,5710,45-0351-4,5886,4041823,PAV15659
191353308,25-42,B737-8,AFTGALLY,72184025,N10030468044666,72184025,4161,4072709,KAV0326015
55777328,25-00,B737-8,AFT GALLEY,8201-11-0000-01,15-10-36716,8201-11-0000,03-03-18849,3240863,L-3240863
55629453,25-00,B737-8,AFT GALLEY,62197-301-001,17-12-0461,72184025,N09070385044556,3942633,WAV709
191474123,33-20,B737-8,22DEF,9651-35-0002,30023,9651-35-0002,24852,4209135,ARC177766
55162790,23-42,B737-8,AFT,285W0024-1B,D22838,285W0024-1M,F52951,3890572,ARC148841
191263875,33-21,M73-82,5DEF,9651-35-0002,53969,9651-35-0002,34986,4061243,ARC165745
190318961,33-21,M73-82,23RH,9651-35-0002,47939,9651-35-0002,71886,3915710,20105109
55230136,33-42,B737-8,RH,45-0351-4,5547,45-0351-4,2151,3991123,PAV11945
191328405,33-00,B737-8,30ABC,9651-35-0005,53902,9651-35-0005,50800,4179429,ARC174854
190782236,25-00,B737-8,AFT GALLEY,8201-11-0000-01,11-02-29740,8201-11-0000-01,14-09-35283,3864119,PAV10494
42122919,33-41,M73-82,LH,72605363-1,5701,72605363-1,5730,3916938,3772607
190036826,23-00,B737-8,CABIN,285W0024-1B,F24235,285W0024-1M,F46389,3807082,ARC141095
190480249,25-00,M73-82,GALLEY 3,8201-11-0000-01,21-01-0311,8201-11-0000,08-08-25867,3752225,KAV1224005
191234009,33-21,M73-82,#25 LH,9651-35-0003,18099,9651-35-0003,20813,4007795,2422-1.000
191461572,33-00,B737-8,18 ABC,9651-35-0002,19420,9651-35-0002,39257,4179275,ARC174431
190834550,38-00,B737-8,FWD,14330-230,28259,14330-230,ZSK416,4153671,0000069644
55542092,33-00,B737-8,17-RH,9651-35-0002,39224,9651-35-0002,48950,4008345,20133764
55356955,72-00,M73-82,#1,2085M31G03,PSDMD362,2085M31G03,PAT62F88,3855414,RF77406-1
55356955,72-00,M73-82,#1,2085M31G03,PSDMD370,2085M31G03,PAT3A373,3855415,RE67473-1
55356955,72-00,M73-82,#1,2085M31G03,PSDMD354,2085M31G03,PAT7A729,3855416,RF70040-1
55356955,72-00,M73-82,#1,2085M31G03,PSDMD363,2085M31G03,PSDKY953,3855417,RF76515-1
190752050,25-35,32S,GALLEY,8201-11-0000-01,19-11-0417,8201-11-0000-01,17-08-39193,4002192,PAV12132
42185556,33-21,M73-82,31 ABC,9651-35-0005,47280,9651-35-0005,36463,4134255,ARC171303
190092060,38-00,B737-8,AFT RH,14330-230,37716,14330-230,17732,4167481,0000073318
190905927,72-00,B737-8,#2,340-001-038-0,DM104710,340-001-038-0,DM164990,4188980,R2605144
40211590,33-20,B737-8,CAB,9651-35-0004,7863,9651-35-0004,12304,3599881,121064
55147651,38-00,B737-8,CABIN,14330-230,ZSK231,14330-230,7292,3867310,1122297
55594511,33-00,B737-8,24DEF,9651-35-0004,5997,9651-35-0004,21784,3700230,20069448
55360958,33-21,M73-82,ROW 5  RH,9651-35-0002,18771,9651-35-0002,18734,4043471,64110
53863465,38-00,B737-8,CABIN,15800-029-3,10900,15800-029-3,17025,4023367,1154710
190355783,25-30,M73-82,AFTGALLY,62197-301-001,21-02-0161,62197-301-001,17-11-0452,4091707,SAV852
55157873,71-00,B737-8,#1,340-001-038-0,DC610157-C,340-001-038-0,DE809218,3817079,22424001
55157873,71-00,B737-8,#1,340-001-038-0,DM186339,340-001-038-0,DM140798,3829137,R25030707
55157873,71-00,B737-8,#1,340-001-038-0,DM185406,340-001-038-0,DM136369,3854912,R25040925001
55157873,71-00,B737-8,#1,340-001-038-0,DM170615,340-001-038-0,DM130867,3800345,R250122280
55157873,71-00,B737-8,#1,340-001-038-0,DM164831,340-001-038-0,DD459781,3831453,R25031235
55157873,71-00,B737-8,#1,340-001-038-0,DM185395,340-001-038-0,DM123884,3817372,22204001
55157873,71-00,B737-8,#1,340-001-038-0,DB627773-L,340-001-038-0,DM116823,3809782,12001
55157873,71-00,B737-8,#1,340-001-038-0,DM166903,340-001-038-0,DM103996,3812539,R25021713001
55157873,71-00,B737-8,#1,340-001-038-0,DC060948-G,340-001-038-0,DM151961,3812544,R25021710001
190248218,26-00,B737-8,AFT,473597-5,45297,473597-5,SJB1017,3847197,62526
190385295,33-21,M73-82,6ABC,9651-35-0002,66359,9651-35-0002,70864,4216806,47000257-01
55442948,25-00,M73-82,GALLEY G1,62197-301-001,23-08-0329,62197-301-001,14-09-7023,3836236,1310661
190764506,25-00,32S,AFT GALLEY,8201-11-0000-01,14-09-35254,8201-11-0000-01,21-04-0063,3977177,PAV11761
191307355,36-00,B737-8,#1,107484-7,18564,107484-7,19525,4226751,356654915
55655441,25-30,B737-8,AFTGALLY,8201-11-0000-01,16-12-38289,8201-11-0000,07-10-24290,3953603,KAV0825022
190441760,25-00,M73-82,GALLEY 4,62197-301-001,17-11-0440,62197-301-001,22-12-0120,4035016,KAV0126071
55551322,33-20,B737-8,22ABC,9651-35-0002,33031,9651-35-0002,40886,4140580,ARC171656
190412327,25-30,M73-82,GALLEY G1,8201-11-0000-01,15-11-36873,8201-11-0000,04-10-20487,4163387,PAV14253
55678152,23-00,B737-8,CABIN,285W0024-1B,D22802,285W0024-1M,F56972,3740321,134638
190129635,23-00,B737-8,FL DK,5145-1-82,13702,5145-1-88,26979,4031228,PAV12507
55420445,33-21,M73-82,31ABC,9651-35-0005,58998,9651-35-0005,65821,3905709,20102275
190597455,26-00,B737-8,AFT,473597-5,SJA8888,473597-5,SJA3798,3956288,12823938
190475959,33-21,M73-82,3DEF,9651-35-0005,50662,9651-35-0005,63580,4096080,20180198-1
55067218,25-00,B737-8,GALLEY 4,62197-301-001,23-10-0077,62197-301-001,21-02-0091,3779532,SAV433
191338957,26-00,B737-8,AFT,473597-5,SJA4278,473597-5,SJA6722,4176704,13809226
190192051,26-00,B737-8,AFT,473597-5,45465,473597-5,45297,3904177,R550858-632
42120786,25-00,M73-82,FWD GALLEY,8201-11-0000-01,25-05-0119,8201-11-0000,03-02-18703,4176962,KAV0526087
190619288,33-21,B737-8,CAB,9651-35-0005,30837,9651-35-0005,50374,4219430,ARC178622
190634437,38-00,B737-8,FWD,SC4L500301-5,864726,SC4L500301-5,173662855-002,3932550,E-5886426
190516098,36-00,B737-8,#1,107484-7,18712,107484-7,9891,4135999,5505026
190004178,23-00,B737-8,CABIN,285W0024-1B,D23760,285W0024-1B,D13002,3842044,2384578
14085986,23-00,B737-8,FL DK,5145-1-82,12663,5145-1-82,16408,4031237,PAV12506
55625165,33-21,B737-8,30 DEF,9651-35-0005,60071,9651-35-0005,21985,4121708,ARC170679
55133670,36-00,B737-8,#1,107484-7,12471,107484-7,19382,3870708,352733066
104864603,36-00,B737-8,#2,107484-7,14272,107484-7,20602,3973861,8013742353
190135932,33-00,B737-8,CAB,9651-35-0002,39146,9651-35-0002,18857,4032016,163341
190087200,23-51,B737-8,FL DK,5145-1-82,11781,5145-1-88,27844,4183261,PAV14493
55594510,33-00,B737-8,23DEF,9651-35-0003,7516,9651-35-0003,15266,3693511,0283-1.000
55427741,25-32,M73-82,GALLEY G4,8201-11-0000-01,22-02-0638,8201-11-0000-01,10-07-29039,3856956,PAV10417
190427419,33-21,M73-82,#6 RH,9651-35-0002,51356,9651-35-0002,33694,4117275,ARC170133
190074272,33-00,B737-8,22ABC,9651-35-0002,39254,9651-35-0002,26116,4148451,172396
55379496,25-32,M73-82,FWD GALLEY,62197-301-001,19-07-0255,62197-301-001,16-12-0319,4116609,SAV885
190185023,33-00,B737-8,23DEF,9651-35-0005,17786,9651-35-0005,17653,4084428,ARC167877
42138995,25-00,M73-82,AFTGALLY,62197-301-001,18-01-1106,62197-301-001,18-01-1113,3966581,PAV11655
190589743,33-00,B737-8,RH,72605363-1,5622,72605363-1,0462,4001902,354701364
55365307,33-21,M73-82,19 DEF,9651-35-0002,35029,9651-35-0002,34697,3872609,147453
190296010,25-00,M73-82,G1,62197-301-001,23-08-0261,62197-301-001,25-04-0276,3874982,S25/1761H-1
190598826,25-35,B737-8,FWDGALLY,62197-301-001,14-09-7014,62197-301-001,16-02-0210,3803012,PAV9653
190410429,33-42,M73-82,RH,72605363-1,6334,72605363-1,5558,4215685,356812297
190443135,25-32,M73-82,G1,62197-301-001,15-11-0133,62197-301-001,16-10-0275,3860921,WAV471
190660339,33-00,B737-8,22DEF,9651-35-0002,32849,9651-35-0002,18788,3940987,ARC154167
55452394,33-21,M73-82,CABIN,9651-35-0005,49290,9651-35-0005,45903,3935989,20107164
101898029,36-00,B737-8,#2,107484-7,6769,107484-7,7658,3753614,351410532
42119840,33-00,M73-82,CABIN,9651-35-0002,34974,9651-35-0002,54994,3964386,ARC156607
191400051,33-00,B737-8,23 RH,9651-35-0002,25635,9651-35-0002,44983,4117273,ARC169695
190312113,38-00,M73-82,AFT LH,SC4L500301-5,170244620-009,SC4L500301-5,173519316-007,3907050,E-5849927
190286939,25-32,M73-82,GALLEY G4,62197-301-001,22-02-0454,62197-301-001,16-02-0204,3973974,WAV865
190017800,33-00,B737-8,5 ABC,9651-35-0002,52628,9651-35-0002,72468,4124437,20196051-1.000EASA
55689877,33-20,B737-8,9DEF,9651-35-0003,5453,9651-35-0003,5357,3850997,ARC144891
55353593,33-20,M73-82,16ABC,9651-35-0005,59127,9651-35-0005,24570,3975337,157482
55306520,25-00,M73-82,AFT GALLEY,62197-301-001,23-09-0331,62197-301-001,15-07-7752,3747123,KAV1024058
55362486,38-11,M73-82,AFT LH,SC4L500301-5,173923372-004,SC4L500301-5,175167846-006,4148519,6188927
55606031,34-00,B737-8,AUX,0851HT1,339458,0851HT2,462601,3748269,407357928
190023108,38-00,B737-8,CABIN,14330-230,9921/58,14330-230,22129,4179318,0000078050
190548653,72-21,B737-8,#1,340-001-036-0,DM007024,340-001-038-0,DM169207,4064043,24001
55241847,38-00,B737-8,AFT LH,14330-230,EFF01,14330-230,12429,4128525,56946
190464388,38-00,M73-82,FWD,SC4L500301-5,11303969-008,SC4L500301-5,174023114-008,3974687,E-5953777
190577748,33-00,B737-8,21DEF,9651-35-0002,33916,9651-35-0002,22868,4061384,ARC165958
35081842,33-21,B737-8,2ABC,9651-35-0005,25248,9651-35-0005,70050,3814679,20090039
55758283,25-35,32S,110,8201-11-0000-01,14-07-35015,8201-11-0000-01,14-09-35272,4072240,KAV0226006
55216115,33-00,B737-8,RH,45-0351-4,4861,45-0351-4,5667,4123135,PAV13785
42011018,26-16,B737-8,AFT,473597-5,SJB1020,473597-5,SJA5186,3821690,R549591-6
53857134,34-11,B737-8,RH,0851HT1,313383,0851HT2,466151,3790889,407532818
190151038,25-31,B737-8,FWD,62197-301-001,17-11-0433,62197-301-001,22-11-0534,3851814,KAV0225044
190123253,38-32,B737-8,LAV D,14330-230,20835,14330-230,21274,3958783,1156166
190425165,33-21,M73-82,19 DEF,9651-35-0002,27109,9651-35-0002,61153,4219584,47000141-01
190286043,33-21,M73-82,CAB,9651-35-0003,19736,9651-35-0003,5044,3930876,153218
191265950,25-32,M73-82,G1,62197-301-001,17-06-0371,62197-301-001,16-12-0322,4192464,WAV1540
55390932,25-00,M73-82,FWD GALLEY,8201-11-0000,04-12-20650,8201-11-0000-01,23-08-0109,3980347,KAV0925032
104889730,36-00,B737-8,#2,107484-7,18130,107484-7,16786,3947792,3923839
190463720,33-21,M73-82,11DEF,9651-35-0005,51190,9651-35-0005,20401,4218868,ARC178613
190463720,33-21,M73-82,16DEF,9651-35-0004,18780,9651-35-0004,13398,4222136,178753
190102331,23-00,B737-8,FL DK,5145-1-82,17001,5145-1-82,14118,3905223,PAV10859
190110550,33-21,B737-8,18 DEF,9651-35-0002,39251,9651-35-0002,24587,4027008,20147386
190231662,25-00,B737-8,AFT,72184025,4345,72184025,N11060378044782,3965595,PAV11647
35049429,25-00,B737-8,GALLEY 1,72184025,N09060310044534,72184025,4297,3840743,1314526
55608140,36-11,B737-8,#1,107484-7,19530,107484-7,19587,3951570,354192
55121055,38-00,B737-8,AFT LH,14330-230,20672,14330-230,R5131748,3906546,1137773
41431040,23-00,B737-8,CABIN,285W0024-1B,F36017,285W0024-23M,F58587,3788855,139121
55702121,33-00,B737-8,RH,72605363-1,0808,72605363-1,5710,3922008,353851879
190533088,25-00,B737-8,AFTGALLY,62197-301-001,19-06-0028,62197-301-001,16-02-0215,3871465,1341841
55186772,25-31,B737-8,FWDGALLY,62197-301-001,21-08-0088,62197-301-001,16-01-0178,4016183,SAV715
190279922,33-00,M73-82,CABIN,9651-35-0005,32039,9651-35-0005,67215,3946017,0258-1.000
190509499,26-00,B737-8,AFT,473597-5,SJB1030,473597-5,SJA6529,3838926,R549802-62355
190171952,33-42,B737-8,RH,45-0351-4,6661,45-0351-4,3565,3879837,1348983
55159762,33-00,B737-8,RH,45-0351-4,4703,45-0351-4,6499,3828850,PAV10091
190317598,33-00,M73-82,14DEF,9651-35-0005,60561,9651-35-0005,32035,3885425,ARC148359
190173274,23-00,B737-8,CAPT,5145-1-82,16951,5145-1-82,12411,3977166,PAV11756
55080322,25-00,B737-8,CABIN,8201-11-0000-01,21-02-0369,8201-11-0000-01,14-07-35018,3856968,PAV10416
55371468,33-21,M73-82,CABIN,9651-35-0003,19941,9651-35-0003,15070,3951460,20111064
190736179,33-21,B737-8,CABIN,9651-35-0002,18791,9651-35-0002,19209,3986343,ARC158210
191414008,23-00,B737-8,FL DK,5145-1-82,16111,5145-1-82,13352,4053658,PAV12884
55561726,33-21,B737-8,PAX CAB,9651-35-0005,48762,9651-35-0005,30844,4207459,177155
55567855,25-00,B737-8,AFTGALLY,72184025,N10121126044761,72184025,N09070397044568,3656476,RA177
190240755,25-00,B737-8,AFT,8201-11-0000,08-08-25854,8201-11-0000-01,21-06-0259,3768372,KAV1224020
190578187,33-00,B737-8,23DEF,9651-35-0003,15703,9651-35-0003,17191,3905653,20103964
55615343,36-00,B737-8,#2,107484-7,13593,107484-7,19173,3871833,353222415
20292514,33-00,B737-8,30DEF,9651-35-0005,29427,9651-35-0005,66269,3992909,20124583
190647921,25-31,B737-8,FWD,62197-301-001,19-06-0027,72184025,N12031146044852,4060649,WAV1133
191071506,26-00,B737-8,FWD,473597-5,40680,473597-5,SJA4195,4205762,13945187
191071506,26-00,B737-8,FWD,473597-5,40695,473597-5,21363A,4207899,13954169
190409834,33-21,M73-82,02ABC,9651-35-0005,33615,9651-35-0005,30840,4207417,30840
52114102,73-11,,#1,2085M31G03,PAT02F53,2085M31G03,PAT8E388,3965953,RG54210-1
52114102,73-11,,#1,2085M31G03,PAT82C33,2085M31G03,PAT2C674,3965959,RG54383-1
52114102,73-11,,#1,2085M31G03,PAT01J61,2085M31G03,PAT2C778,3965949,RG54416-1
52114102,73-11,,#1,2085M31G03,PAT38F87,2085M31G03,PAT2C779,3965945,RG54427-1
52114102,73-11,,#1,2085M31G03,PSDKP854,2085M31G03,PAT2C668,3965947,RG54421-1
52114102,73-11,,#1,2085M31G03,PAT24F17,2085M31G03,PAT8E386,3965951,RG54207-1
52114102,73-11,,#1,2085M31G03,PSDKR384,2085M31G03,PSDNG667,3949768,RG45094-1
52114102,73-11,,#1,2085M31G03,PAT97E82,2085M31G03,PAT01F18,3965968,RG53667-1
190404664,33-00,M73-82,31 DEF,9651-35-0005,68008,9651-35-0005,16943,4140596,ARC171472
55684619,33-42,B737-8,RH,45-0351-4,3529,45-0351-6,8126,3814922,1291907
190001422,33-42,B737-8,RH,72605363-1,3443,72605363-1,0410,3815261,352545237
190417939,25-00,M73-82,AFT GALLEY,62197-301-001,21-11-0204,62197-301-001,23-08-0183,4170871,WAV1465
41959405,33-21,B737-8,15 ABC,9651-35-0005,28633,9651-35-0005,49283,3973154,20116619-1.000
55555349,33-00,B737-8,23ABC,9651-35-0002,32536,9651-35-0002,29990,4084639,7602
55448811,33-20,M73-82,28ABC,9651-35-0005,48918,9651-35-0005,18174,3907437,150076
190537359,33-21,B737-8,14ABC,9651-35-0005,32679,9651-35-0005,33026,4011302,ARC161458
190557869,33-00,B737-8,CAB,9651-35-0002,16944,9651-35-0002,18753,4013260,20137161
55663054,33-20,B737-8,#15 RH,,,9651-35-0002,73525,3976988,20118707
191338720,26-16,B737-8,AFT,473597-5,SJA3208,473597-5,SJB1258,4222715,66834
55685664,25-00,B737-8,#1,8201-11-0000-01,10-07-28998,8201-11-0000-01,14-07-35015,4151998,PAV14173
102846300,73-11,M73-82,#1,2085M31G03,PSDMJ886,2085M31G03,PAT4A439,3830502,RE74274-1
102846300,73-11,M73-82,#1,2085M31G03,PSDMJ892,2085M31G03,PAT2B724,3830408,RF34533-1
102846300,73-11,M73-82,#1,2085M31G03,PSDMJ891,2085M31G03,PAT2B442,3830404,RF57478-1
102846300,73-11,M73-82,#1,2085M31G03,PSDMJ889,2085M31G03,PAT0C492,3830428,RF31209-1
102846300,73-11,M73-82,#1,2085M31G03,PSDMJ888,2085M31G03,PAT5A411,3830423,RE71557-1
102846300,73-11,M73-82,#1,2085M31G03,PSDMJ887,2085M31G03,PSDMF791,3830431,RF58921-1
102846300,73-11,M73-82,#1,2085M31G03,PSDMJ885,2085M31G03,PAT43T33,3830509,RE38173-1
102846300,73-11,M73-82,#1,2085M31G03,PSDMJ884,2085M31G03,PAT77E50,3830515,RF52836-1
102846300,73-11,M73-82,#1,2085M31G03,PAT57E71,2085M31G03,PAT83C99,3830425,RF57436-1
102846300,73-11,M73-82,#1,2085M31G03,PAT22F95,2085M31G03,PAT7C010,3830419,RF52803-1
102846300,73-11,M73-82,#1,2085M31G03,PAT54J39,2085M31G03,PAT97E10,3830506,RF57437-1
102846300,73-11,M73-82,#1,2085M31G03,PAT13J93,2085M31G03,PSDMA230,3830511,RF42349-1
102846300,73-11,M73-82,#1,2085M31G03,PAT23F72,2085M31G03,PAT5A986,3830503,RE74267-1
102846300,73-11,M73-82,#1,2085M31G03,PAT58F58,2085M31G03,PAT5A987,3830504,RE74268-1
102846300,73-11,M73-82,#1,2085M31G03,PAT24T37,2085M31G03,PAT3C571,3830512,RF52807-1
102846300,73-11,M73-82,#1,2085M31G03,PAT06T02,2085M31G03,PSDMD177,3830514,RF31300-1
102846300,73-11,M73-82,#1,2085M31G03,PSDMJ890,2085M31G03,PAT1C649,3830410,RF60429-1
102846300,73-11,M73-82,#1,2085M31G03,PAT22F82,2085M31G03,PAT3C539,3830434,RF38382-1
55679929,33-00,B737-8,9DEF,9651-35-0003,10163,9651-35-0003,11840,4116702,ARC170137
55141039,25-00,B737-8,GALLEY 4,72184025,N12021272044839,72184025,3043,3991322,WAV920
25760482,33-42,B737-8,RH,45-0351-4,5272,45-0351-4,5967,4049854,PAV12829
55531793,33-00,B737-8,10 DEF,9651-35-0004,12171,9651-35-0004,5810,3813482,ARC141438
191305413,25-00,B737-8,AFT LH,62197-301-001,17-11-0446,62197-301-001,21-02-0303,4070260,WAV1185
190180891,25-00,B737-8,AFT,8201-11-0000-01,09-03-26657,8201-11-0000,03-02-18693,3800144,1277330
191007034,23-41,B737-8,AFT,285W0024-1B,D14914,285W0024-1B,D12805,4207779,176950
191413978,25-00,B737-8,FWDGALLY,62197-301-001,15-11-0121,72184025,N12021273044840,4062065,WAV1152
190576843,33-21,B737-8,CABIN,,,9651-35-0002,17778,4101909,ARC168965
106923803,36-00,B737-8,#1,107484-7,9805,107484-7,17389,4144952,356017414
190736172,33-20,B737-8,30ABC,9651-35-0005,17155,9651-35-0005,33618,3986354,ARC158555
190736172,33-20,B737-8,22ABC,9651-35-0002,35677,9651-35-0002,51214,3975331,157345
55350235,33-00,M73-82,CAB,9651-35-0005,63868,9651-35-0005,28966,4049915,164929
190222752,34-11,B737-8,RH,0851HT1,296739,0851HT2,470693,3877393,407952624
55424260,73-00,M73-82,#2,2085M31G03,PAT9E579,2085M31G03,PSDNG242,3799681,NAB25A-00055
55424260,73-00,M73-82,#2,2085M31G03,PAT9E571,2085M31G03,PSDNG243,3799684,NAB25A-00056
190911941,25-00,B737-8,AFT LH,,,8201-11-0000-01,09-02-26571,3693430,1186530
190911941,25-00,B737-8,AFT RH,8201-11-0000,05-11-21457,,,9681159,
190937849,25-00,B737-8,GALLEY G4,72184025,N09120060044583,72184025,4315,4138373,WAV1410
191336285,33-00,B737-8,29DEF,9651-35-0005,16525,9651-35-0005,17771,4173657,ARC174055
106023681,36-00,B737-8,#2,107484-7,12101,107484-7,11214,4051706,355060378
190503427,33-00,M73-82,ROW 14,9651-35-0005,48923,9651-35-0005,50683,3964329,ARC156220
190322733,25-00,M73-82,FWD GALLEY,8201-11-0000-01,18-06-0213,8201-11-0000-01,15-10-36722,3980334,KAV0925031
190481702,25-00,M73-82,GALLEY G4,8201-11-0000,02-11-18322,8201-11-0000,07-10-24296,3961130,PAV11589
190449543,25-31,M73-82,001 FWD GALLEY,8201-11-0000-01,17-01-38350,8201-11-0000,02-10-18232,4016040,PAV12354
55539949,33-00,B737-8,18 RH,9651-35-0002,39103,9651-35-0002,35028,4117278,ARC169805
55285415,05-20,M73-82,7050MM,62197-301-001,15-07-7750,62197-301-001,17-12-0416,3874034,WAV502
191154714,25-32,M73-82,G1,62197-301-001,17-01-0325,62197-301-001,17-01-0361,4180227,KAV0526118
41338096,33-21,B737-8,CABIN,9651-35-0005,16149,9651-35-0005,16629,3763446,137100
102165684,36-11,B737-8,#2,107484-7,19108,107484-7,16751,3785026,351980445
55155179,23-51,B737-8,FL DK,5145-1-82,16934,5145-1-88,25824,3797982,PAV9559
190315310,25-00,M73-82,GALLEY G1,62197-301-001,16-07-0245,62197-301-001,16-08-0254,3932343,PAV11145
190042570,23-00,B737-8,CAPT,5145-1-82,16669,5145-1-82,11728,4178114,PAV14417
190025210,72-00,B737-8,#2,340-001-038-0,DE806169,340-001-038-0,PC372134,3711070,091814001
190025210,72-00,B737-8,#2,340-001-038-0,DE809934,340-001-038-0,DM128575,3796964,21118001
190025210,72-00,B737-8,#2,340-001-038-0,DE927201-U,340-001-038-0,PA206238,3695095,WO:R24082101001
190025210,72-00,B737-8,#2,340-001-038-0,DE810300,340-001-038-0,PA229233,3700159,R24082107001
55443412,25-32,M73-82,FWD GALLEY,62197-301-001,17-07-0382,62197-301-001,21-02-0094,4036986,PAV12610
190771786,36-00,B737-8,#2,107484-7,12649,107484-7,20608,3979266,202500182
190899624,23-42,B737-8,CABIN,285W0024-1B,D21547,285W0024-23B,F64020,4119572,2026-03208
55612342,33-00,B737-8,CABIN,9651-35-0002,19032,9651-35-0002,34076,3886837,148768
190620745,38-00,B737-8,LAV A,14330-230,37380,14330-230,36549,4015541,1173789
41606312,25-00,B737-8,FWD,72184025,4402,72184025,N10040446044691,3951663,PAV11433
190223944,33-42,B737-8,RH,45-0351-4,3562,45-0351-4,5272,3815756,1292762
40925449,25-00,B737-8,FWD,8201-11-0000-01,21-11-0160,8201-11-0000-01,21-01-0270,4072115,KAV0126075
191263908,23-42,M73-82,FWD CAB,285W0024-1B,D12616,285W0024-1B,F47982,4061388,ARC165889
190029731,33-42,B737-8,RH,72605363-1,2928,72605363-1,5717,4057343,355367463
55570888,33-21,B737-8,5DEF,9651-35-0002,57482,9651-35-0002,19023,3903187,149851
55650948,38-00,B737-8,AFT LH,72184025,4184,72184025,N10040440044685,3870234,PAV10559
55470869,33-00,M73-82,RH,9651-35-0002,53072,9651-35-0002,38990,3911318,151012
190515053,33-00,B737-8,CABIN,9651-35-0005,31210,9651-35-0005,33944,3911334,150983
190515053,33-00,B737-8,CABIN,9651-14-0004,3421,9651-14-0004,2487,3902950,149520
190316731,33-21,M73-82,20DEF,9651-35-0002,72993,9651-35-0002,54329,3837061,20093380-1.000
190725078,33-00,B737-8,RH,72605363-1,2364,72605363-1,2763,4112808,355853683
41579564,33-20,B737-8,8ABC,9651-35-0002,41483,9651-35-0002,22418,3907564,150452
190387258,25-00,M73-82,AFTGALLY,62197-301-001,14-12-7214,62197-301-001,23-03-0693,4145911,KAV0526067
35050409,25-31,B737-8,FWDGALLY,62197-301-001,19-04-0548,62197-301-001,17-12-0464,3788789,KAV0125028
25634504,25-00,B737-8,FWDGALLY,72184025,4044,72184025,4359,3791343,PAV9475
55486125,25-33,M73-82,AFT CAB,62197-301-001,15-03-7407,62197-301-001,22-01-0384,4213960,WAV1606
191481364,33-21,B737-8,25ABC,9651-35-0004,18728,9651-35-0004,9077,4148425,172230
55619477,33-00,B737-8,#8 RH,9651-35-0002,24894,9651-35-0002,17486,3886839,148747
190550777,25-35,B737-8,AFTGALLY,62197-301-001,21-08-0083,62197-301-001,16-06-0222,4130192,SAV892
190551943,25-00,B737-8,AFTGALLY,72184025,N09070395044566,72184025,4318,3913379,30242232
190160613,23-00,B737-8,FL DK,5145-1-82,12857,5145-1-82,11236,3891444,PAV10775
190570298,33-21,B737-8,29DEF,9651-35-0005,18596,9651-35-0005,41851,3495016,110263
190128792,33-20,B737-8,CAB,9651-35-0005,61193,9651-35-0005,16594,3867369,ARC146559
191165203,33-21,M73-82,30 DEF,9651-35-0005,24936,9651-35-0005,52241,4084620,7561
190592626,38-32,B737-8,LAV E,14330-230,37609,14330-230,20512,3896212,1132251
55575455,33-21,B737-8,CABIN,9651-35-0005,16320,9651-35-0005,30881,3925194,ARC152363
190648983,25-00,B737-8,AFT GALLEY,8201-11-0000,02-10-18262,8201-11-0000-01,23-07-0173,3456733,S23/2965H-1
191455266,25-00,B737-8,AFTGALLY,8201-11-0000,07-10-24304,8201-11-0000,08-07-25648,4009618,KAV1025027
55289816,25-00,M73-82,7050MM3,62197-301-001,18-07-0612,62197-301-001,19-07-0262,4005281,1769
190736188,33-21,B737-8,29ABC,9651-35-0005,33768,9651-35-0005,67896,3966474,20115251
190427177,33-00,M73-82,LH,72605363-1,0441,72605363-1,4424,3846916,352915401
190950311,38-22,B737-8,FWD,14330-230,13353,14330-230,ZSK698,4167483,0000073358
191405634,33-00,B737-8,ROW 7  RH,9651-35-0002,32849,9651-35-0002,26544,4019676,ARC162481
55369291,33-21,M73-82,31 ABC,9651-35-0005,51738,9651-35-0005,80209,4037020,80422
190106736,25-00,B737-8,FWDGALLY,62197-301-001,22-10-0363,62197-301-001,16-06-0230,4008720,PAV12251
190506827,23-00,B737-8,FWD CAB,285W0024-1B,F33321,285W0024-1B,F42794,4005599,160934
190101312,23-51,B737-8,FL DK,5145-1-82,18340,5145-1-88,29355,3916854,PAV10970
190622774,33-00,B737-8,#24 LH,9651-35-0004,12013,9651-35-0004,6167,3958869,55921
41989483,33-21,B737-8,CABIN,9651-35-0002,19612,9651-35-0002,48938,3768006,20082909
42033870,33-21,B737-8,CABIN,9651-35-0002,53721,9651-35-0002,71276,3860966,ARC146183
190914609,33-00,B737-8,RH,45-0351-4,7289,45-0351-4,6388,4007656,PAV12223
191216069,25-35,M73-82,FWD GALLEY,62197-301-001,18-07-0586,62197-301-001,21-02-0173,4037142,SAV747
190640149,33-21,B737-8,31DEF,9651-35-0005,17498,9651-35-0005,48583,3889824,20101731
190260100,23-00,B737-8,FL DK,5145-1-82,12097,5145-1-88,25703,4170047,PAV14301
190602304,72-21,B737-8,#2,340-001-036-0,DM134742,340-001-038-0,PC626953,3970555,R25090327000
190362777,33-42,M73-82,RH,72605363-1,2366,72605363-1,3659,4076263,355605511
190341822,25-00,M73-82,G1,62197-301-001,17-08-0408,62197-301-001,21-11-0684,4115625,KAV0426021
190635474,26-16,B737-8,AFT,473597-5,33831,473597-5,54215,4202966,13918015
191338872,26-00,B737-8,AFT,473597-5,SJA2357,473597-5,SJB1052,4011560,13103517
41931696,72-00,B737-8,#1,340-001-036-0,DM139857,340-001-038-0,DB625529,3698213,80821001
41931696,72-00,B737-8,#1,340-001-036-0,DM139753,340-001-038-0,DM115500,3706002,R2409102
41931696,72-00,B737-8,#1,340-001-036-0,DM139631,340-001-038-0,BC394211,3825512,31413000
41931696,72-00,B737-8,#1,340-001-036-0,DM139352,340-001-038-0,PC194318,3817246,21707001
191457634,33-20,B737-8,18DEF,9651-35-0002,53181,9651-35-0002,53912,4184194,ARC175279
191512240,26-16,B737-8,AFT,473597-5,SJB0398,473597-5,45375,4202833,3913099
191513471,38-00,B737-8,AFTGALLY,72184025,N09030231044458,62197-301-001,16-01-0190,4233173,PAV15041
191382781,26-16,B737-8,AFT,473597-5,SJA2372,473597-5,SJA4547,4229389,14036920
41143995,33-00,B737-8,30 DEF,9651-35-0005,31067,9651-35-0005,68883,3843107,20094121-1.000
42195982,25-31,M73-82,GALLEY G1,62197-301-001,14-09-7023,62197-301-001,17-01-0335,3842646,1316694
190520385,25-00,B737-8,FWDGALLY,8201-11-0000-01,18-06-0214,8201-11-0000,07-10-24299,3626610,1121337
55643422,26-16,B737-8,AFT,473597-5,SJB6887,473597-5,48792,3749191,R548180
191475663,36-00,B737-8,#1,107484-7,12135,107484-7,17776,4226695,356644645
190094188,25-00,B737-8,FWD,8201-11-0000-01,11-02-29750,8201-11-0000-01,09-12-27986,3841172,KAV0425014
55299811,33-21,M73-82,#21 RH,9651-35-0002,64860,9651-35-0002,55039,3934641,ARC153316
190539431,27-31,B737-8,RH STAB,0851HT1,352650,0851HT2,454680,3557594,406477241
190730092,33-21,B737-8,30 DEF,9651-35-0005,27658,9651-35-0005,50414,4066591,20162692
190424866,33-21,M73-82,ROW 5  LH,9651-35-0002,18335,9651-35-0002,51903,4140569,ARC171497
104878688,38-32,B737-8,FWD,14330-230,35696,14330-230,ZSK572,3889972,1132538
55006575,36-00,B737-8,#2,107484-7,6855,107484-7,20633,4042897,18987Y14
190783385,25-00,B737-8,AFTGALLY,8201-11-0000-01,15-11-36862,8201-11-0000-01,18-06-0214,3969107,PAV11676
26103173,25-33,B737-8,AFTGALLY,8201-11-0000,06-01-21695,8201-11-0000,07-01-23117,3800848,PAV9631
190006395,36-00,B737-8,#2,63292146-1,8338,63292146-1,8865,3779634,351747534
190006395,36-00,B737-8,#2,3214552-6,12986,3214552-6,2832,3764728,349204159
190006395,36-00,B737-8,#2,107484-7,11976,107484-7,18185,3774336,912786
55289558,25-00,M73-82,LAV A,SC4L500301-5,11304614-009,SC4L500301-5,17388904-005,3972125,E-5953785
190541858,36-00,B737-8,#2,107484-7,19031,107484-6,8864,3864381,353137230
190710845,33-00,B737-8,8 ABC,9651-35-0002,30384,9651-35-0002,77202,4043030,68323
55133133,38-32,B737-8,FWD,14330-230,38805,14330-230,2329,3763042,0001087794
190048558,38-00,B737-8,AFT LH,14330-230,ZSK428,14330-230,11206,3763091,0001077884
41936834,33-00,B737-8,RH,72605363-1,5226,72605363-1,2977,3951029,4239502
191403925,23-00,B737-8,FWD CAB,285W0024-1B,D17351,285W0024-23M,F58275,4139367,ARC171563
190964916,25-31,B737-8,AFT RH,62197-301-001,15-11-0126,62197-301-001,18-06-0108,4097102,WAV1296
35090519,33-20,B737-8,CABIN,9651-35-0002,26429,9651-35-0002,56253,3748877,79372
190425167,33-21,M73-82,12 DEF,9651-35-0005,67743,9651-35-0005,21309,4207668,177318
40748302,25-00,B737-8,FWDGALLY,62197-301-001,17-01-0365,62197-301-001,14-12-7226,3816667,KAV0225057
190550128,33-00,B737-8,11 ABC,9651-35-0005,17646,9651-35-0005,23164,3911253,ARC151026
55370686,25-31,M73-82,GALLEY 1 FWD,62197-301-001,19-07-1219,62197-301-001,17-08-0408,4128862,KAV0426084
190271420,25-00,B737-8,AFT LH,8201-11-0000-01,15-03-35928,8201-11-0000-01,09-04-26812,4202800,KAV0726005
55381701,33-00,M73-82,24DEF,9651-35-0003,19093,9651-35-0003,15550,3889821,20101319
190834322,25-31,B737-8,AFT,72184025,N10010158044614,72184025,N10120145044744,4134677,KAV0426091
106810256,36-00,B737-8,#2,3214552-6,20009,3214552-6,18782,4144967,355959695
106810256,36-00,B737-8,#2,107484-7,9100,107484-7,20634,4051263,202600188
35087307,33-00,B737-8,19DEF,9651-35-0002,35279,9651-35-0002,59282,4077899,20167771-1
190618254,25-31,B737-8,FWD,62197-301-001,25-05-0361,62197-301-001,16-06-0218,4194521,SAV941
190965083,25-35,B737-8,#4,8201-11-0000,06-11-22810,8201-11-0000-01,19-05-0647,4072213,KAV0226025
55593897,33-21,B737-8,22ABC,9651-35-0002,17709,9651-35-0002,30452,3844969,ARC144574
190361066,25-00,M73-82,GALLEY 4,62197-301-001,16-10-0269,62197-301-001,19-01-0478,3952676,552832575
190664992,26-00,B737-8,AFT,473597-5,SJA4549,473597-5,SJA8888,4055195,-13313652
190623536,25-31,B737-8,AFTGALLY,72184025,4082,72184025,4010,4007983,WAV992
55451668,33-21,M73-82,20DEF,9651-35-0002,56759,9651-35-0002,24586,4128817,170902
41936525,33-21,B737-8,6ABC,9651-35-0002,29755,9651-35-0002,18925,3941071,ARC154188
191165409,25-00,M73-82,FWD CAB,8201-11-0000,03-09-19339,8201-11-0000-01,09-12-27981,4146440,PAV14080
190539261,25-31,B737-8,AFTGALLY,8201-11-0000-01,14-07-35012,8201-11-0000,03-09-19330,4061139,PAV12970
104796870,36-00,B737-8,#2,107484-7,7699,107484-7,14272,3908523,353719
55565129,25-35,B737-8,FWDGALLY,8201-11-0000,05-10-21300,8201-11-0000,03-03-18860,3750404,PAV8881
190289730,33-21,M73-82,27DEF,9651-35-0004,19003,9651-35-0004,19166,3976360,20118418
190546436,26-16,B737-8,AFT,473597-5,SJA4820,473597-5,20988A,3911928,63365
42106678,23-42,M73-82,AFT CAB,285W0024-1B,F62747,285W0024-23M,F59274,4232124,ARC179307
55514546,33-00,B737-8,29ABC,9651-35-0005,21276,9651-35-0005,52248,3767427,20082556
190163371,25-00,B737-8,AFT RH,72184025,4257,62197-301-001,23-08-0124,4145907,KAV0526044
191523285,26-16,B737-8,AFT,473597-5,SJA6892,473597-5,SJB1013,4202193,13918029
190558392,33-00,B737-8,CAB,9651-35-0002,21932,9651-35-0002,57268,3975489,20113362
190307007,25-31,M73-82,GALLEY 4,62197-301-001,14-07-6911,62197-301-001,23-04-0106,3881931,PAV10687
190255756,33-21,B737-8,24ABC,9651-35-0003,18722,9651-35-0003,9042,3842265,144116
190055708,26-16,B737-8,FWD,473597-5,40706,473597-5,45166,3934708,12725036
105344814,36-00,B737-8,#1,107484-7,18426,107484-7,13593,3997435,4297058
55560759,33-00,B737-8,27DEF,9651-35-0005,21227,9651-35-0005,16362,3941127,54063
190266474,33-00,B737-8,RH,45-0351-4,2151,45-0351-2,0022,3965599,PAV11643
40821557,38-00,B737-8,CABIN,14330-230,3398,14330-230,ZSK459,3889986,1129547
191456439,26-00,B737-8,FWD,473597-5,SJA6722,473597-5,SJB5722,4054863,13308166
191470033,23-51,B737-8,FL DK,5145-1-82,16451,5145-1-88,26606,4223149,PAV14954
55288505,33-20,M73-82,6DEF,9651-35-0002,71301,9651-35-0002,17481,3765551,20082105
190346361,25-00,M73-82,GALLEY 4,62197-301-001,16-10-0263,62197-301-001,25-04-0277,3976446,PAV11750
191414944,33-00,B737-8,25ABC,9651-35-0004,11908,9651-35-0004,7845,4011329,ARC161396
42229467,25-35,32S,FWD,8201-11-0000,04-01-19667,8201-11-0000,04-01-19666,3932209,PAV11151
190596494,33-00,B737-8,PAX CAB,9651-35-0005,29173,9651-35-0005,17944,3954440,ARC155338
190071369,33-00,B737-8,RH,45-0351-4,3518,45-0351-4,6588,3865798,PAV10508
42119256,73-00,M73-82,#2,2085M31G03,PSDME875,2085M31G03,PAT6G266,4005153,RG84772-1
42119256,73-00,M73-82,#2,2085M31G03,PSDME886,2085M31G03,PAT3G118,4005138,RG82667-1
42119256,73-00,M73-82,#2,2085M31G03,PSDME883,2085M31G03,PAT0G609,4005140,RG84511-1
42119256,73-00,M73-82,#2,2085M31G03,PSDME876,2085M31G03,PAT88E28,4005150,RG84898-1
42119256,73-00,M73-82,#2,2085M31G03,PSDME878,2085M31G03,PAT82C28,4005166,RG84901-1
42119256,73-00,M73-82,#2,2085M31G03,PSDME884,2085M31G03,PSDNE444,4005142,RG84469-1
42119256,73-00,M73-82,#2,2085M31G03,PSDME887,2085M31G03,PAT54F32,4005152,RG82576-1
42119256,73-00,M73-82,#2,2085M31G03,PSDME881,2085M31G03,PAT23F15,4005147,RG82587-1
42119256,73-00,M73-82,#2,2085M31G03,PSDME871,2085M31G03,PAT78R67,4005155,RG67838-1
42119256,73-00,M73-82,#2,2085M31G03,PSDME880,2085M31G03,PAT6A173,4005158,RE83262-1
42119256,73-00,M73-82,#2,2085M31G03,PSDME874,2085M31G03,PAT07T99,4005109,RG82572-1
42119256,73-00,M73-82,#2,2085M31G03,PSDME872,2085M31G03,PAT8G014,4005117,RG81174-1
42119256,73-00,M73-82,#2,2085M31G03,PSDME882,2085M31G03,PAT02F81,4005161,RG82609-1
42119256,73-00,M73-82,#2,2085M31G03,PSDME877,2085M31G03,PAT02R07,4005136,RG82544-1
42119256,73-00,M73-82,#2,2085M31G03,PSDME879,2085M31G03,PAT24F34,4005124,RG82585-1
42119256,73-00,M73-82,#2,2085M31G03,PSDME885,2085M31G03,PSDMH339,4005164,RG79251-1
42119256,73-00,M73-82,#2,2085M31G03,PSDME873,2085M31G03,PSDNF295,4005144,RG82669-1
42119256,73-00,M73-82,#2,2085M31G03,PSDME870,2085M31G03,PSDNE494,4005127,RG84896-1
190305946,33-40,M73-82,LH,72605363-1,4745,72605363-1,1654,3840170,352892925
40199246,23-00,B737-8,FL DK,5145-1-82,12564,5145-1-82,15554,3865841,PAV10506
55503894,33-00,B737-8,19-RH,9651-35-0002,41242,9651-35-0002,18274,3941069,ARC154114
55681390,33-00,B737-8,#12 LH,9651-35-0005,33337,9651-35-0005,74031,3801629,04369068
41337353,27-30,B737-8,RH STAB,0851HT1,380730,0851HT2,466270,3794305,407557407
42193788,25-32,M73-82,FWD,8201-11-0000-01,16-12-38294,8201-11-0000-01,23-09-0102,4006367,KAV1125029
42204402,25-00,M73-82,AFT,62197-301-001,23-08-0289,62197-301-001,23-03-0696,4065846,WAV1169
55571089,33-21,B737-8,29DEF,9651-35-0005,24721,9651-35-0005,78653,3934087,77729
55483731,25-00,M73-82,GALLEY G4,62197-301-001,21-02-0164,62197-301-001,16-10-0272,3772799,1254539
191446894,25-00,B737-8,AFTGALLY,8201-11-0000-01,23-08-0367,8201-11-0000-01,09-12-27973,3936906,PAV11190
190488275,72-00,M73-82,#1,2085M31G03,PAT56J45,2085M31G03,PAT3G180,4110500,RH64652-1
190488275,72-00,M73-82,#1,2085M31G03,PAT1C689,2085M31G03,PAT53J56,4110513,RH50024-1
190488275,72-00,M73-82,#1,2085M31G03,PAT14C65,2085M31G03,PSDMA620,4110517,RH63666-1
190488275,72-00,M73-82,#1,2085M31G03,PAT22F80,2085M31G03,PAT2H741,4110505,RH58738-1
190834634,38-00,B737-8,AFT RH,14330-230,ZSK672,14330-230,28258,4153524,0000072424
55712419,33-00,B737-8,18 ABC,9651-35-0002,34420,9651-35-0002,30401,3844930,ARC144566
190614886,33-21,B737-8,28 ABC,,,9651-35-0005,32051,3855451,145042
190614886,33-21,B737-8,28 ABC,9651-35-0005,50342,,,9545471,
53863208,23-00,B737-8,F/O,5145-1-82,15811,5145-1-88,25856,4011304,PAV12315
35086376,26-16,B737-8,AFT,473597-5,SJB0754,473597-5,38188,3946793,12783262
190013066,34-11,B737-8,RH,0851HT1,349653,0851HT2,463055,3715899,407211955
55340873,25-00,M73-82,7050MM3,62197-301-001,19-07-1227,62197-301-001,21-08-0078,3811321,PAV9802
55340873,25-00,M73-82,7050MM4,62197-301-001,23-09-0230,62197-301-001,18-06-0112,3811316,PAV9801
190295231,25-00,M73-82,GALLEY G4,62197-301-001,23-08-0180,62197-301-001,17-01-0365,3858760,KAV0425033
980009254,25-00,M73-82,GALLEY 4,62197-301-001,21-02-0118,62197-301-001,16-07-0245,4134660,KAV0526028
190510151,38-00,B737-8,AFT LH,SC4L500301-5,11140782,SC4L500301-5,171720973-010,3692017,E-5481641
190144147,25-31,B737-8,FWD,8201-11-0000,04-06-20081,8201-11-0000,04-01-19672,4069277,PAV13078
190617665,25-31,B737-8,AFT,62197-301-001,18-07-2027,62197-301-001,21-03-0019,4084126,WAV1248
42133470,25-32,M73-82,001 FWD GALLEY,8201-11-0000-01,23-08-0468,8201-11-0000-01,14-12-35640,4119019,KAV0326036
41664742,25-31,B737-8,FWDGALLY,62197-301-001,22-11-0539,62197-301-001,21-02-0175,3826411,SAV530
191128341,25-00,M73-82,GALLEY G4,62197-301-001,23-05-0225,62197-301-001,14-07-6908,4170868,WAV1466
42028565,25-31,B737-8,FWDGALLY,62197-301-001,19-07-0259,62197-301-001,25-04-0267,3874983,S25/1757H-1
14085782,25-31,B737-8,FWD,72184025,4386,62197-301-001,22-05-0084,3955683,WAV782
190717278,25-31,B737-8,LH,8201-11-0000-01,16-06-37687,8201-11-0000,07-12-24537,3980673,KAV1025032
191468014,26-00,B737-8,AFT,473925,18254,473925,18618,4021285,53234
191468014,26-00,B737-8,AFT,473597-5,SJA8269,473597-5,36289,3937221,12725165
55602205,38-33,B737-8,AFTGALLY,62197-301-001,19-07-0258,72184025,4394,3790903,WAV249
190176447,38-00,B737-8,LAV A,15800-029-3,8610,15800-029-3,15454,4023336,1178459
55418983,25-00,M73-82,FWD GALLEY,8201-11-0000-01,17-12-39608,8201-11-0000-01,15-07-36315,4094334,KAV0226033
55302197,33-21,M73-82,CABIN,9651-35-0005,31503,9651-35-0005,51689,4190224,ARC175915
190397840,33-21,M73-82,CABIN,9651-35-0005,52354,9651-35-0005,59829,4176295,2021476702EASA
55413796,33-20,M73-82,29 ABC,9651-35-0005,66710,9651-35-0005,50780,3860054,20097012-1.000
190658894,38-00,B737-8,FWD,62197-301-001,17-01-0353,62197-301-001,16-08-0250,3822638,PAV9991
55385482,72-00,M73-82,#1,2085M31G03,PAT2B454,2085M31G03,PSDNF778,3781153,DMR24A-00242
55385482,72-00,M73-82,#1,2085M31G03,PAT2B456,2085M31G03,PSDNG551,3802190,NAB25A-00390
55385482,72-00,M73-82,#1,2085M31G03,PAT2B453,2085M31G03,PSDNF307,3805622,JMB24A-06848
190316236,33-00,M73-82,CABIN,9651-35-0005,17915,9651-35-0005,70662,3996036,04932566
55700270,38-00,B737-8,AFTGALLY,62197-301-001,16-08-0253,62197-301-001,19-02-0127,3845101,WAV405
26233815,72-21,B737-8,#2,340-001-038-0,PA704848,340-001-038-0,DM136132,3978834,R25091829001
26233815,72-21,B737-8,#2,340-001-038-0,PA674659,340-001-038-0,DM016323,3813457,10001
26233815,72-21,B737-8,#2,340-001-038-0,DM029229-W,340-001-038-0,DM136454,3979504,R25091830001
26233815,72-21,B737-8,#2,340-001-038-0,DE927188,340-001-038-0,DE177612,3813444,6001
55215657,33-42,B737-8,RH,45-0351-4,5151,45-0351-4,0182,3860274,2504456
980015197,25-00,B737-8,AFT,8201-11-0000-01,16-01-37104,8201-11-0000,08-05-25465,4209993,PAV14840
55286968,38-00,M73-82,LAV A,SC4L500301-5,171381588-008,SC4L500301-5,172972826-004,3841539,E-5745476
55002957,23-51,B737-8,F/.DECK,5145-1-82,16370,5145-1-82,11972,3857050,PAV10409
55654995,33-00,B737-8,25ABC,9651-35-0004,11891,9651-35-0004,19203,3908510,20104426
190211962,33-00,B737-8,RH,45-0351-4,3252,45-0351-4,9104,3961833,PAV11592
103661198,36-00,B737-8,#1,107484-7,14272,107484-7,6317,3891951,353348696
55113453,25-00,B737-8,AFTGALLY,8201-11-0000-01,16-02-37201,8201-11-0000-01,16-07-37790,3575334,1068653
55374092,33-00,M73-82,23ABC,9651-35-0002,44961,9651-35-0002,22779,4222089,178685
190619933,33-00,B737-8,2DEF,9651-35-0004,6360,9651-35-0004,19082,4128855,170875
190552351,33-00,B737-8,15ABC,9651-35-0005,30477,9651-35-0005,38197,3930867,153228
191123270,33-00,M73-82,CABIN,9651-35-0002,35257,9651-35-0002,66152,4060404,20162268
190598664,25-00,B737-8,FWD,8201-11-0000,07-02-23330,8201-11-0000-01,16-01-37083,4037997,PAV12630
190521282,33-00,B737-8,28ABC,9651-35-0005,32953,9651-35-0005,50702,4005636,160496
190471912,25-00,M73-82,GALLEY 1,62197-301-001,18-07-0595,62197-301-001,16-11-0294,4110397,WAV1333
35046670,23-00,B737-8,FWD,285W0024-1B,F33321,285W0024-1B,D21242,4049486,ARC164802
190905928,72-00,B737-8,#2,340-001-038-0,DE810096-9,340-001-038-0,PA526909,4169854,R2605123
191000507,30-31,B737-8,RH,0851HT1,409047,0851HT2,482886,4136629,9095293
191390793,25-00,B737-8,LAV E,SC4L500301-5,175184263-007,SC4L500301-5,175638526-007,4207310,6260995
55084437,33-20,B737-8,31DEF,9651-35-0005,32660,9651-35-0005,21211,3767033,ARC137610
190548656,72-21,B737-8,#1,340-001-036-0,DM129005,340-001-038-0,PA550876,3943193,R25072408001
55334423,25-00,M73-82,GALLEY 1 FWD,62197-301-001,17-11-0435,62197-301-001,16-01-0171,3819535,1295639
55307623,25-00,M73-82,001 FWD GALLEY,62197-301-001,15-07-7755,62197-301-001,17-01-0337,3816655,KAV0225016
35042005,25-00,B737-8,AFTGALLY,62197-301-001,15-03-7395,62197-301-001,21-02-0088,3803062,PAV9660
55569544,34-00,B737-8,F/O,0851HT1,452152,0851HT1,468957,3836637,407750238
980012700,25-35,B737-8,FWDGALLY,62197-301-001,15-10-8016,62197-301-001,23-05-0235,4175504,
191123761,33-21,M73-82,CAB,9651-35-0003,7155,9651-35-0003,11505,3986303,158200
190048021,33-42,B737-8,RH,45-0351-4,6661,45-0351-4,0119,3770912,1253763
191471118,26-16,B737-8,AFT,473597-5,21363A,473597-5,21758A,3951036,63815
190062066,25-00,B737-8,AFTGALLY,8201-11-0000-01,21-11-0983,8201-11-0000,07-08-24013,4006359,KAV1125031
190322896,33-00,M73-82,ROW 33,9651-35-0005,18082,9651-35-0005,63638,4002288,20129570
190051065,25-00,B737-8,FWD,8201-11-0000,06-12-22987,8201-11-0000-01,16-10-38136,3549765,1043803
55432675,38-00,M73-82,AFT RH,SC4L500301-5,11140741,SC4L500301-5,174677614-002,4070472,E6089371
55502937,33-00,B737-8,CAB,9651-35-0002,54299,9651-35-0002,21932,3930971,153159
55537171,33-00,B737-8,RH,9651-35-0002,35344,9651-35-0002,76339,3877405,20099053
190099365,23-42,B737-8,CABIN,285W0024-1B,F24167,285W0024-1B,F40039,3944365,ARC154313
190481686,38-11,M73-82,AFT RH,SC4L500301-5,11039486,SC4L500301-5,173942740-009,3967373,E-5943492
190878761,23-42,B737-8,CABIN,285W0024-1B,F37508,285W0024-1M,F56815,4170109,174301
55391812,73-00,M73-82,#2,2085M31G03,PSDMF480,2085M31G03,PSDNH262,3820802,NAB25A-00800
190621242,25-00,B737-8,FWDGALLY,62197-301-001,17-01-0349,62197-301-001,14-07-6905,4065898,WAV1170
190950332,25-00,B737-8,FWD,8201-11-0000-01,09-04-26813,8201-11-0000-01,21-11-0160,4130488,PAV13888
25839051,25-32,B737-8,GALLEY 4,72184025,4369,72184025,3005,3727005,1215128
191338527,26-16,B737-8,AFT,473597-5,SJA4547,473597-5,35816,4176701,R554075-66700
190573462,23-51,B737-8,CAPT,5145-1-82,017582,5145-1-82,17398,4098760,PAV13544
191325959,72-00,B737-8,#2,340-001-036-0,DM159722,340-001-038-0,DM176168,4207068,2114001
191325959,72-00,B737-8,#2,340-001-036-0,DM159585,340-001-036-0,PF591259,4217395,925-26-28717
191411084,33-21,B737-8,23 DEF,9651-35-0003,6416,9651-35-0003,15650,4228916,179075
107195697,38-32,B737-8,FWD,14330-230,28311,14330-230,ZSK702,4197663,084265
55373620,33-21,M73-82,9ABC,9651-35-0003,18687,9651-35-0003,9833,4116698,ARC170164
40876866,25-00,B737-8,GALLEY G1,72184025,N10121135044770,62197-301-001,15-03-7402,3835169,WAV374
190649363,25-00,B737-8,AFTGALLY,8201-11-0000,04-01-19625,8201-11-0000,04-11-20591,3788756,KAV0125050
190306730,33-21,M73-82,14ABC,9651-35-0005,50457,9651-35-0005,50367,3890588,148620
190541534,33-00,B737-8,27 LH,9651-35-0005,49124,9651-35-0005,31564,3857351,ARC145632
190290206,25-32,M73-82,FWD GALLEY,62197-301-001,17-07-0384,62197-301-001,16-11-0294,3903579,1370436
35090185,72-21,B737-8,#2,340-001-038-0,DM002003,340-001-036-0,PF458407,3795854,1144345
35090185,72-21,B737-8,#2,340-001-036-0,PF442493,340-001-038-0,DM100507,3796666,R2501070
35090185,72-21,B737-8,#2,340-001-038-0,DE188418,340-001-038-0,DM150747,3796978,R2501111
35090185,72-21,B737-8,#2,340-001-038-0,DM002149,,,9490559,
35090185,72-21,B737-8,#2,340-001-038-0,DM002092,340-001-038-0,DM149511,3796953,21120001
35090185,72-21,B737-8,#2,340-001-038-0,DM002159,340-001-038-0,DM170288,3796925,11509001
35090185,72-21,B737-8,#2,340-001-038-0,DM002131,340-001-038-0,DC615484,3796970,R2501083
35090185,72-21,B737-8,#2,340-001-038-0,DM002183,340-001-038-0,DM163493,3796548,R2501083
35090185,72-21,B737-8,#2,340-001-038-0,DM002171,340-001-036-0,PF458830,3795869,1144343
35090185,72-21,B737-8,#2,340-001-038-0,DM002096,340-001-038-0,DM169407,3791619,2001
35090185,72-21,B737-8,#2,340-001-038-0,DM002135,340-001-038-0,DM149612,3796956,21124001
35090185,72-21,B737-8,#2,340-001-038-0,DM002205,340-001-038-0,DM149825,3797159,R241211
35090185,72-21,B737-8,#2,340-001-038-0,DM002178,340-001-038-0,DM149600,3796539,R241211
35090185,72-21,B737-8,#2,340-001-038-0,DM002056,340-001-038-0,DM149778,3797146,R2412112
35090185,72-21,B737-8,#2,340-001-038-0,DM002025,340-001-038-0,DE186908,3796967,R250108
35090185,72-21,B737-8,#2,340-001-038-0,DM002151,340-001-038-0,DM128384,3763107,R2411141
35090185,72-21,B737-8,#2,340-001-038-0,DM002086,340-001-038-0,DM082414,3797637,R250111
35090185,72-21,B737-8,#2,340-001-036-0,PF459355,340-001-038-0,DM169526,3796957,21618001
35090185,72-21,B737-8,#2,340-001-036-0,PF459320,340-001-038-0,DM169409,3796959,21614001
35090185,72-21,B737-8,#2,,,340-001-036-0,PF458876,3795858,1144345
35090185,72-21,B737-8,#2,340-001-038-0,DM002229,340-001-038-0,DM163761,3797107,R2501082
35090185,72-21,B737-8,#2,340-001-038-0,DM002048,340-001-036-0,PF363609,3790791,8000
35090185,72-21,B737-8,#2,340-001-038-0,DM002126,340-001-038-0,DM150925,3796985,R2501113
35090185,72-21,B737-8,#2,340-001-038-0,DM002011,340-001-038-0,DD286051,3797671,R2412113
35090185,72-21,B737-8,#2,340-001-038-0,DM002150,340-001-038-0,DM131203,3796975,R250111
55530351,21-00,B737-8,AFTGALLY,8201-11-0000,03-02-18695,8201-11-0000-01,19-07-0773,3818930,KAV0225004
190240954,25-31,B737-8,RH,8201-11-0000-01,16-01-37103,8201-11-0000-01,17-07-39055,3575253,1065482
190143615,23-51,B737-8,FL DK,5145-1-82,12663,5145-1-88,29121,3862388,PAV10489
190605893,36-00,B737-8,#1,107484-7,19585,107484-7,12577,3853235,353059259
41632608,36-00,B737-8,#2,107484-7,18711,107484-7,19530,4056301,355171582
190520246,72-00,B737-8,#2,340-001-036-0,DM128173,340-001-038-0,DM174918,3879064,52304001
190520246,72-00,B737-8,#2,340-001-036-0,DM128052,340-001-038-0,DM168647,3884812,52927001
191412618,38-11,B737-8,FWD,SC4L500301-5,174853090-010,SC4L500301-5,175486113-009,4189374,E-6232201
55685438,38-00,B737-8,FWDGALLY,62197-301-001,18-07-0590,62197-301-001,19-06-0017,4154018,WAV1445
190050530,25-00,B737-8,FWD GALLEY,62197-301-001,19-06-0026,62197-301-001,17-01-0362,3818935,1295526
190044835,34-11,B737-8,RH,0851HT1,435092,0851HT2,457844,3626132,406788672
40189867,34-11,B737-8,CAPT,0851HT1,391337,0851HT2,466992,3797761,407584019
55624770,33-00,B737-8,8DEF,9651-35-0002,24469,9651-35-0002,35421,4019486,ARC162157
55592860,25-00,B737-8,AFTGALLY,72184025,3033,72184025,N10121145044780,3695017,1187389
42186034,25-00,M73-82,AFT GALLEY,62197-301-001,16-07-0239,62197-301-001,15-11-0142,4222967,WAV1577
191406854,25-00,B737-8,AFTGALLY,62197-301-001,17-11-0441,62197-301-001,22-05-0084,4147234,WAV1437
55596633,26-16,B737-8,AFT,473597-5,SJB1017,473597-5,39221,3755460,60824
105388799,36-11,B737-8,#1,107484-7,19085,107484-7,17394,3948901,354045131
191423735,33-00,B737-8,31ABC,9651-35-0005,23961,9651-35-0005,29427,4011039,ARC161161
55480483,33-21,M73-82,20DEF,9651-35-0002,19773,9651-35-0002,73525,3788163,65504
55703625,33-21,B737-8,CABIN,9651-35-0005,33661,9651-35-0005,17698,3816483,141558
190735014,25-00,B737-8,FWD,8201-11-0000,04-12-20660,8201-11-0000-01,22-02-0653,3941235,PAV11222
191312001,72-00,B737-8,#2,340-001-038-0,PA449574,340-001-038-0,DB625704,4138770,R26030401001
191312001,72-00,B737-8,#2,340-001-038-0,PA516445,340-001-038-0,PA573416,4063782,R25121222000
191312001,72-00,B737-8,#2,340-001-038-0,PA447374,340-001-038-0,PA532068,4169780,R260512
191312001,72-00,B737-8,#2,340-001-038-0,PA437969,340-001-038-0,DC977605,4136890,W336476
190312972,25-00,M73-82,AFT GALLEY,8201-11-0000-01,21-04-0063,8201-11-0000-01,21-01-0269,3934439,PAV11174
55667818,23-00,B737-8,#2,5145-1-82,17398,5145-1-82,17403,4076991,PAV13183
190635202,25-31,B737-8,FWDGALLY,72184025,N12061897044875,72184025,4258,4134034,WAV1401
55708231,25-00,B737-8,GALLEY 1,72184025,4340,72184025,4145,3788921,KAV0225012
55577955,36-00,B737-8,#2,107484-7,11912,107484-7,12631,4225018,356575805
190280123,33-21,M73-82,29DEF,9651-35-0005,44340,9651-35-0005,51398,3935389,20106761
190281815,33-00,M73-82,31ABC,9651-35-0005,50765,9651-35-0005,50528,3873412,20098872
190217445,33-00,B737-8,8ABC,,,9651-35-0003,7264,3860971,ARC145983
42169347,25-32,M73-82,GALLEY G4,62197-301-001,22-02-0466,62197-301-001,23-06-0210,4066706,SAV806
190096989,33-42,B737-8,RH,72605363-1,3459,72605363-1,0547,3954208,354252957
55052878,25-31,B737-8,AFT,72184025,N09040563044504,72184025,4238,3594939,1087499
55288544,73-11,M73-82,#2,2085M31G03,PAT0G606,2085M31G03,PSDNF162,3758932,NAB24A-04559
55462006,53-00,M73-82,10DEF,9651-35-0003,19856/IJP,9651-35-0003,10586,3758395,136596
42210305,38-00,M73-82,AFT LH,SC4L500301-5,11303952-008,SC4L500301-5,174737229-007,4069152,E-6088568
55605277,33-21,B737-8,9 DEF,9651-35-0003,5323,9651-35-0003,8025,3625517,88-1.000
190533380,25-00,B737-8,AFTGALLY,62197-301-001,16-01-0182,62197-301-001,19-04-0539,4026375,KAV1225080
191210826,33-00,M73-82,RH,9651-35-0002,24655,9651-35-0002,49724,4117367,169840
190397371,33-00,M73-82,20ABC,9651-35-0002,63979,9651-35-0002,54981,4173666,ARC174247
190137274,34-00,B737-8,F/O,0851HT1,375805,0851HT2,470225,3872019,407923627
190268349,23-00,B737-8,FWD CAB,285W0024-1B,F51061,285W0024-1M,F50564,3911294,150911
41930999,33-00,B737-8,20ABC,9651-35-0002,24972,9651-35-0002,39143,3925185,ARC152307
190364930,33-21,M73-82,7DEF,9651-35-0002,51093,9651-35-0002,39262,4234497,ARC179476
55599997,36-00,B737-8,#1,107484-7,19128,107484-7,13644,3819951,352424124
190369171,34-11,M73-82,CAPT,0851HT1,429764,0851HT2,479067,4047354,408744806
53883643,25-00,M73-82,GALLEY G4,8201-11-0000-01,19-03-0818,8201-11-0000-01,21-11-0977,4072424,PAV13123
190635502,25-00,B737-8,FWDGALLY,72184025,4030,72184025,N10121134044769,3849175,WAV427
55028383,23-51,B737-8,FL DK,5145-1-82,11564,5145-1-82,24101,3815727,1293049
190379344,25-00,M73-82,002 AFT GALLEY,62197-301-001,23-05-0289,62197-301-001,21-02-0088,4042498,WAV1093
55358574,25-00,M73-82,G1,8201-11-0000-01,23-09-0102,8201-11-0000,03-02-18695,3941089,KAV0725029
190832058,33-00,B737-8,24DEF,9651-35-0003,10806,9651-35-0003,10355,4032047,ARC162667
55378284,33-42,M73-82,RH,72605363-1,4131,72605363-1,0736,3798209,5086
190300441,25-32,M73-82,GALLEY,8201-11-0000-01,15-10-36713,8201-11-0000-01,21-11-0952,3925301,PAV11083
191499720,26-00,B737-8,AFT,473597-5,SJB1013,473597-5,SJB0909,3954114,12816703
190495073,34-11,M73-82,CAPT,0851HT1,400595,0851HT2,484003,4170642,409190749
42063713,25-00,B737-8,AFTGALLY,62197-301-001,14-09-7022,62197-301-001,21-11-0210,3876275,1346279
190465266,33-21,M73-82,5 DEF,9651-35-0002,65466,9651-35-0002,34999,4011335,ARC161422
42166419,33-20,M73-82,20,9651-35-0002,61163,9651-35-0002,56331,4021528,20144056
190130538,33-00,B737-8,LH,72605363-1,0759,72605363-1,5730,3986098,354545887
55474682,33-21,M73-82,CAB,9651-35-0002,51338,9651-35-0002,46546,4091609,ARC168424
190112388,26-00,B737-8,AFT,473597-5,48166,473597-5,SJA1807,3947145,63756
55331619,25-32,M73-82,AFTGALLY,8201-11-0000-01,23-09-0237,8201-11-0000-01,09-05-26939,4110810,PAV13639
40194172,25-00,B737-8,FWD GALLEY,62197-301-001,22-12-0117,62197-301-001,23-05-0342,3779592,1258783
55303071,25-00,M73-82,AFTGALLY,8201-11-0000-01,09-05-26939,8201-11-0000,07-09-24214,4096856,PAV13512
190581608,33-00,B737-8,20DEF,9651-35-0002,63263,9651-35-0002,60683,4012661,20141407-1.000EASA
190458134,25-32,M73-82,GALLEY 4,62197-301-001,23-05-0339,62197-301-001,22-02-0449,3990304,PAV11933
190083094,25-00,B737-8,GALLEY G1,62197-301-001,18-01-1098,62197-301-001,18-01-1099,4118184,KAV0426061
190880640,25-00,B737-8,AFT,8201-11-0000,07-02-23319,8201-11-0000,07-01-23102,4121247,KAV0326088
55491970,33-00,M73-82,29DEF,9651-35-0005,47100,9651-35-0005,17711,4078813,167522
190424415,33-21,M73-82,19DEF,9651-35-0002,50466,9651-35-0002,54344,4116708,ARC170113
55527070,25-31,B737-8,AFTGALLY,8201-11-0000,08-07-25642,8201-11-0000-01,23-03-0713,3830673,1306801
191484882,33-42,B737-8,RH,45-0351-4,4116,45-0351-4,7209,4192367,PAV14587
190997667,25-00,B737-8,FWDGALLY,8201-11-0000,04-11-20585,8201-11-0000,05-02-20902,4128968,KAV0526001
190707042,33-21,B737-8,19 ABC,9651-35-0002,32469,9651-35-0002,64272,3902220,20103219
190507537,25-36,B737-8,FWDGALLY,8201-11-0000,03-02-18710,8201-11-0000,08-05-25466,4001790,PAV12130
103683972,36-00,B737-8,#2,107484-7,17548,107484-7,8103,3810161,352315392
190151437,25-00,B737-8,FWDGALLY,8201-11-0000-01,17-12-40025,8201-11-0000,07-12-24543,3240782,L-3240782
190733773,25-31,B737-8,FWDGALLY,8201-11-0000,08-07-25656,8201-11-0000-01,14-12-35642,3908328,PAV10910
55442412,33-20,M73-82,11DEF,9651-35-0004,19258,9651-35-0004,12792,3954431,ARC155433
190009567,33-21,B737-8,CABIN,9651-35-0005,32679,9651-35-0005,58468,3791750,20086391
190165443,25-00,B737-8,FWD,8201-11-0000,05-09-21498,8201-11-0000-01,21-08-0152,3865768,KAV0525036
190292420,25-00,M73-82,GALLEY G1,8201-11-0000-01,17-02-38423,8201-11-0000-01,21-04-0054,3272209,AV0805
190540631,26-16,B737-8,AFT,473597-5,SJA1770,473597-5,27584A,3956051,12840525
191056638,25-00,B737-8,AFT,8201-11-0000,08-05-25472,8201-11-0000-01,15-11-36862,4121293,KAV0426019
190258087,25-31,B737-8,AFT,72184025,4025,72184025,4026,3848471,WAV414
190628487,38-00,B737-8,AFTGALLY,62197-301-001,16-10-0279,62197-301-001,18-07-0596,3855882,WAV442
191111532,33-00,M73-82,9DEF,9651-35-0003,10244,9651-35-0003,5292,3930949,152860
55524924,33-21,B737-8,#11 LH,9651-35-0004,8599,9651-35-0004,6167,3826333,ARC142862
35081809,25-00,B737-8,FWDGALLY,8201-11-0000-01,16-01-37094,8201-11-0000,02-11-18315,3857842,KAV0425048
190677373,33-21,B737-8,18DEF,9651-35-0002,16933,9651-35-0002,56576,3887758,320-1.000
191451209,33-00,B737-8,12ABC,9651-35-0005,16999,9651-35-0005,23151,4166956,ARC173799
55126535,25-00,B737-8,AFTGALLY,72184025,N12061892044870,72184025,4407,3851293,PAV10368
190623592,25-00,B737-8,AFT RH,62197-301-001,17-12-0428,72184025,N09040565044506,4072719,KAV0326016
190182143,25-00,B737-8,FWDGALLY,72184025,4260,72184025,N09030604044471,3820768,SAV520
55685704,33-00,B737-8,10 DEF,9651-35-0004,6727,9651-35-0004,12864,4061288,ARC165635
55412774,25-32,M73-82,GALLEY 4,62197-301-001,23-05-0227,62197-301-001,22-11-0530,3824290,PAV10002
190254200,23-00,B737-8,FL DK,5145-1-82,017581,5145-1-82,10659,3932365,PAV11148
190551966,33-00,B737-8,30DEF,9651-35-0005,21161,9651-35-0005,18716,3916388,151427
40100536,25-31,B737-8,AFTGALLY,62197-301-001,15-06-7706,62197-301-001,21-08-0080,3841560,PAV10246
190119813,25-00,B737-8,FWD,62197-301-001,22-02-0456,62197-301-001,21-02-0104,3881882,PAV10684
55619259,25-00,B737-8,AFTGALLY,62197-301-001,15-12-0151,62197-301-001,17-12-0412,3867417,1337643
190651988,33-00,B737-8,21ABC,9651-35-0002,17476,9651-35-0002,33154,4184184,ARC175284
190651988,33-00,B737-8,23ABC,9651-35-0002,29990,9651-35-0002,21929,4185485,ARC175359
190513636,33-00,B737-8,9 ABC,9651-35-0003,7146,9651-35-0003,15357,3856699,20096673
55601996,33-00,B737-8,10 ABC,9651-35-0004,14032,9651-35-0004,5757,3698562,ARC130795
190480049,25-32,M73-82,GALLEY G4,8201-11-0000-01,17-11-39511,8201-11-0000,05-11-21452,3598475,1094106
55308730,38-11,M73-82,FWD,SC4L500301-5,171187512-005,SC4L500301-5,174729449-001,4071485,E-6088632
55657444,25-00,B737-8,AFTGALLY,62197-301-001,23-05-0405,72184025,N11060380044784,3593966,1087702
191269983,33-00,M73-82,26ABC,9651-35-0004,6562,9651-35-0004,8704,3903118,149699
190450397,33-00,M73-82,CABIN,9651-35-0002,35553,9651-35-0002,29998,3975309,157221
55515128,33-21,B737-8,30ABC,9651-35-0005,15996,9651-35-0005,48851,3976098,20120927
191358174,25-00,B737-8,FWDGALLY,62197-301-001,14-09-7017,62197-301-001,23-09-0126,4053128,WAV1121
190044249,26-00,B737-8,FWD,473597-5,24426,473597-5,39301,4203884,13924222
42119570,33-00,M73-82,#14 LH,9651-35-0005,57773,9651-35-0005,38198,3975312,157118
55321608,33-00,M73-82,CABIN,9651-35-0005,58022,9651-35-0005,66183,3783495,20084164
41958828,23-51,B737-8,F/O,5145-1-82,12475,5145-1-82,15019,4053447,PAV12872
190575100,23-00,B737-8,F/O,5145-1-82,18192,5145-1-88,130557,4035066,PAV12593
55357051,33-42,M73-82,RH,72605363-1,4489,72605363-1,1210,3855729,3013273
191146725,33-00,M73-82,LH,72605363-1,4954,72605363-1,0622,4227674,356941777
41307259,38-00,B737-8,LAV A,14330-230,100250,14330-230,ZSK683,4048289,1185097
191397241,23-51,B737-8,FL DK,5145-1-82,24102,5145-1-82,11196,4165561,PAV14267
191499498,25-00,B737-8,FWD,72184025,N11060383044787,62197-301-001,21-02-0083,4173328,WAV1476
190467323,33-00,M73-82,11DEF,9651-35-0004,18180,9651-35-0004,10852,3826339,ARC142572
190100365,33-21,B737-8,16ABC,9651-35-0005,28626,9651-35-0005,34851,4084633,7664
191345442,26-10,B737-8,AFT,473597-5,SJA4223,473597-5,23800,4219678,R554347-66674
190306903,33-42,M73-82,LH,72605363-1,5741,72605363-1,6354,3919989,353796
190306903,33-42,M73-82,RH,72500410-2,2664,72500410-2,4077,3920857,353805984
190306903,33-42,M73-82,LH INBD,72500410-1,11749,72500410-1,4877,3891598,353449979
190451353,25-32,M73-82,G1,62197-301-001,21-11-0695,62197-301-001,22-11-0532,3957921,PAV11515
55474464,25-32,M73-82,GALLEY 4,8201-11-0000-01,16-02-37196,8201-11-0000-01,10-02-28231,4009573,PAV12293
55338529,25-00,M73-82,AFT RH,62197-301-001,19-07-0272,62197-301-001,22-05-0076,4083832,SAV831-UK
190602305,72-21,B737-8,#2,340-001-038-0,DE054967-W,340-001-038-0,PA242275,3970549,R25091602000
55418382,25-00,M73-82,AFT GALLEY,62197-301-001,21-11-0215,62197-301-001,16-01-0178,3942240,1405939
190697552,25-33,B737-8,AFT,62197-301-001,14-12-7222,62197-301-001,15-08-7810,4084473,SAV839-UK
190991162,26-00,B737-8,AFT,473597-5,45313,473597-5,23620A,4210490,13959321
42205838,25-00,M73-82,GALLEY G4,62197-301-001,19-07-0262,62197-301-001,16-06-0217,3989151,SAV670-UK CAA
55661237,27-00,B737-8,RH STAB,0851HT1,321244,0851HT2,463004,3748858,57962
191123917,33-21,M73-82,19 LH,9651-35-0002,62188,9651-35-0002,50728,4043503,ARC163915
55504927,26-16,B737-8,AFT,473597-5,SJA4568,473597-5,32237,3839755,R549592-62139
55504927,26-16,B737-8,AFT,473597-5,SJA4673,473597-5,SJA1394,3851115,62508
190725260,23-00,B737-8,FL DK,5145-1-82,14607,5145-1-82,12545,4230103,PAV15023
190014089,38-00,B737-8,AFT RH,14330-230,9304,14330-230,ZSK672,4048288,0001179670
190186758,26-00,B737-8,FWD,473597-5,34088,473597-5,SJA4620,3744440,R547980-6
190094337,26-00,B737-8,AFT,473597-5,49531,473597-5,SJA6457,3902577,63247
55251904,33-00,B737-8,CABIN,9651-35-0005,33661,9651-35-0005,31441,3715688,48-1.000
42212812,33-42,M73-82,RH,72605363-1,2928,72605363-1,1198,4118267,355950957
42212812,33-42,M73-82,RH INBD,72500410-4,4999,72500410-4,13196,4142283,356146318
42212812,33-42,M73-82,RH OUTBD,72500410-3,2599,72500410-3,14715,4142262,356145965
190608800,26-16,B737-8,AFT,473597-5,SJA6293,473597-5,24992A,3842436,R549863-62357
55736008,25-00,B737-8,AFTGALLY,8201-11-0000-01,15-12-37018,8201-11-0000-01,15-03-35919,3592861,1087288
55613208,33-21,B737-8,29DEF,9651-35-0005,30533,9651-35-0005,26580,4202791,ARC176365
190436696,33-00,M73-82,CAB,9651-35-0002,53812,9651-35-0002,16946,4207410,177252
190294388,25-00,M73-82,GALLEY 4,62197-301-001,23-09-0335,62197-301-001,17-11-0442,3852619,KAV0425031
190514466,25-31,B737-8,FWD,8201-11-0000,07-09-24233,8201-11-0000-01,10-07-29041,3857838,KAV0525003
190580829,23-00,B737-8,FWD,285W0024-1B,D22069,285W0024-1M,F52476,3907534,150303
41917236,72-00,B737-8,#2,340-001-036-0,DM129709,340-001-036-0,PF389143,3763662,1146310
41917236,72-00,B737-8,#2,340-001-036-0,DM131186,340-001-036-0,PF440035,3763703,1135587-1
41917236,72-00,B737-8,#2,340-001-036-0,DM129718,340-001-036-0,PF333866,3763659,1146310-1
41917236,72-00,B737-8,#2,340-001-036-0,DM130867,340-001-036-0,PF389360,3763670,1146313
190613220,33-00,B737-8,31 R/H,9651-35-0005,50781,9651-35-0005,58409,4087340,20179592
55447787,33-21,M73-82,31DEF,9651-35-0005,49721,9651-35-0005,33321,4043386,4278
55269117,25-00,B737-8,AFTGALLY,72184025,N09030618044485,72184025,N09060328044552,3809243,1286119
190619281,33-21,B737-8,CAB,9651-35-0002,22387,9651-35-0002,53846,4218980,ARC178590
190406376,33-00,M73-82,CAB,9651-35-0005,47628,9651-35-0005,16448,4019508,ARC161878
103251640,72-00,,#2,340-001-036-0,DM174864,340-001-036-0,PF334064,3843863,1150953
103251640,72-00,,#2,340-001-036-0,DM173808,340-001-038-0,DM083068,3842227,31206001
103251640,72-00,,#2,340-001-036-0,DM174935,340-001-038-0,DE189952,3834786,7000
103251640,72-00,,#2,340-001-036-0,DM174823,340-001-038-0,DM169526,3845232,3001
103251640,72-00,,#2,340-001-036-0,DM175134,340-001-038-0,DM138896,3829824,15001
103251640,72-00,,#2,340-001-036-0,DM174951,340-001-038-0,DE194197,3849410,R25031517
103251640,72-00,,#2,340-001-036-0,DM174444,340-001-038-0,DM169409,3845240,R25031517
103251640,72-00,,#2,340-001-036-0,DM174918,340-001-038-0,DE196368,3838315,1515001
103251640,72-00,,#2,340-001-036-0,DM174812,340-001-038-0,DM116925,3809940,21409001
103251640,72-00,,#2,340-001-036-0,DM175121,340-001-038-0,DC615484,3837092,26001
103251640,72-00,,#2,340-001-036-0,DM174891,340-001-038-0,DD279883,3838267,501001
103251640,72-00,,#2,340-001-036-0,DM174980,340-001-038-0,DM166867,3805762,12503001
103251640,72-00,,#2,340-001-036-0,DM175127,340-001-036-0,PF458839,3843934,1150953
103251640,72-00,,#2,340-001-036-0,DM174798,340-001-038-0,DE196229,3829811,42000
103251640,72-00,,#2,340-001-036-0,DM173298,340-001-038-0,DE191450,3825043,42000
103251640,72-00,,#2,340-001-036-0,DM173220,340-001-038-0,DM138493,3818419,R25022117001
103251640,72-00,,#2,340-001-036-0,DM174851,340-001-038-0,DM000310,3824937,30410001
103251640,72-00,,#2,340-001-036-0,DM175099,340-001-038-0,DE193108,3838331,1521001
103251640,72-00,,#2,340-001-036-0,DM175103,340-001-038-0,DE191069,3834229,10001
190286373,72-00,M73-82,#1,2085M31G03,PAT22E58,2085M31G03,PSDMF281,3976599,RF26651-1
190286373,72-00,M73-82,#1,2085M31G03,PAT11T49,2085M31G03,PAT2A736,3976505,RE16283-1
190286373,72-00,M73-82,#1,2085M31G03,PAT15R40,2085M31G03,PAT06F93,3976546,RF74843-1
190286373,72-00,M73-82,#1,2085M31G03,PAT96C22,2085M31G03,PAT2C069,3976489,RE98823-1
190286373,72-00,M73-82,#1,2085M31G03,PAT38C33,2085M31G03,PSDNK448,3953725,JMB25A-02476
190286373,72-00,M73-82,#1,2085M31G03,PAT63J91,2085M31G03,PAT07R80,3976538,RF73850-1
190286373,72-00,M73-82,#1,2085M31G03,PSDMF484,2085M31G03,PAT07F43,3976604,RD81405-1
190286373,72-00,M73-82,#1,2085M31G03,PAT09J89,2085M31G03,PAT7C517,3976541,RF84531-1
190286373,72-00,M73-82,#1,2085M31G03,PAT21F82,2085M31G03,PAT24F29,3976512,RE98630-1
190286373,72-00,M73-82,#1,2085M31G03,PAT99R41,2085M31G03,PAT91E65,3976551,RF84698-1
190286373,72-00,M73-82,#1,2085M31G03,PAT77A67,2085M31G03,PSDMF669,3976597,RD91364-1
190286373,72-00,M73-82,#1,2085M31G03,PAT61J53,2085M31G03,PAT09R14,3976501,RF78413-1
190286373,72-00,M73-82,#1,2085M31G03,PAT98E01,2085M31G03,PAT0C318,3976508,RF04236-1
190286373,72-00,M73-82,#1,2085M31G03,PSDMF328,2085M31G03,PAT85C84,3976555,RF82295-1
190286373,72-00,M73-82,#1,2085M31G03,PAT19R21,2085M31G03,PAT7A558,3976510,RF14438-1
190286373,72-00,M73-82,#1,2085M31G03,PAT24E57,2085M31G03,PAT6A985,3976492,RE83366-1
190286373,72-00,M73-82,#1,2085M31G03,PSDMD275,2085M31G03,PAT8C424,3976499,RF75828-1
190286373,72-00,M73-82,#1,2085M31G03,PAT85T75,2085M31G03,PAT1B237,3976496,RF89513-1
55200945,33-00,B737-8,RH,45-0351-4,4805,45-0351-4,3077,3985003,PAV11861
190375646,25-00,M73-82,GALLEY G4,62197-301-001,23-08-0330,62197-301-001,16-12-0305,4049987,KAV0126104
55168603,25-00,B737-8,AFT,72184025,4041,72184025,4091,3745375,PAV8779
41178909,25-00,B737-8,GALLEY G1,62197-301-001,17-12-0411,62197-301-001,17-01-0344,3753014,KAV1224002
42028476,25-31,B737-8,FWDGALLY,72184025,4278,62197-301-001,17-01-0349,3831751,SAV545
53864011,26-16,B737-8,AFT,473597-5,65982,473597-5,SJA3579,3948357,12785839
53864011,26-16,B737-8,AFT,473597-5,66011,473597-5,SJA9595,4057085,13318345
191316175,26-00,B737-8,FWD,473597-5,SJB1055,473597-5,SJA0013,4077821,13410355
55210979,23-00,B737-8,CABIN,285W0024-1B,D13930,285W0024-1M,F38907,4072898,ARC166922
190511360,33-00,B737-8,5ABC,9651-35-0002,26690,9651-35-0002,64047,3856549,20096507
55431113,33-00,M73-82,RH,72605363-1,0736,72605363-1,5133,3808569,352355379
55629140,25-31,B737-8,FWDGALLY,8201-11-0000-01,17-12-39605,8201-11-0000-01,21-01-0259,3861484,PAV10476
55225614,25-00,B737-8,AFT RH,72184025,N10120161044760,72184025,4273,3981629,WAV892
190666284,25-00,B737-8,AFTGALLY,8201-11-0000-01,22-03-0153,8201-11-0000,08-05-25459,3666611,1130853
191123799,25-30,M73-82,FWD GALLEY,62197-301-001,16-06-0222,62197-301-001,22-05-0077,4050861,KAV0226003
190697558,33-21,B737-8,6DEF,9651-35-0002,34349,9651-35-0002,34765,4084601,7718
190961896,23-00,B737-8,FWD,285W0024-1B,D23514,285W0024-1M,F39922,4160164,ARC173792
190550208,33-21,B737-8,31 DEF,9651-35-0005,1852,9651-35-0005,21089,3942178,ARC154067
40286312,38-32,B737-8,AFT  RH,14330-230,39854,14330-230,41385,4028836,516917
190219555,25-00,B737-8,FWD,8201-11-0000,07-01-23110,8201-11-0000-01,21-11-0160,3980339,KAV0925044
55151861,25-00,B737-8,FWD,72184025,4178,72184025,4112,3603989,1099315
190483009,33-21,M73-82,31ABC,9651-35-0005,61121,9651-35-0005,33612,3903128,149736
190436382,38-00,M73-82,LAV A,SC4L500301-5,171381555-006,SC4L500301-5,175167915-006,4143481,E6178748
55490714,25-32,M73-82,G1,62197-301-001,15-12-0159,62197-301-001,23-08-0122,3929043,WAV653
190878709,25-31,B737-8,AFT,8201-11-0000-01,09-02-26578,8201-11-0000-01,21-11-0164,4171238,KAV0626004
190635306,38-11,B737-8,LAV E,SC4L500301-5,175167867-003,SC4L500301-5,175184263-007,4148525,6188927
190673228,36-11,B737-8,#1,107484-7,9443,107484-7,17040,4070387,5269014
190347312,33-00,M73-82,RH,72605363-1,4820,72605363-1,1697,3975827,4460718
190589476,33-00,B737-8,RH,72605363-1,5972,72605363-1,3459,4001398,354744515
41306452,23-00,B737-8,10DEF,9651-35-0005,16594,9651-35-0005,15707,3818868,ARC142173
191328233,23-51,B737-8,#2,5145-1-82,18244,5145-1-82,14587,4192931,PAV14588
102802455,36-00,B737-8,#2,107484-7,13835,107484-7,8734,3821624,352487648
55553395,33-21,B737-8,#9,,,9651-35-0002,24601,4173641,ARC174001
42088980,33-21,M73-82,18 ABC,9651-35-0002,50245,9651-35-0002,56710,4148885,172475
191410887,38-00,B737-8,LAV A,SC4L500301-5,173942740-010,SC4L500301-5,175167862-004,4138800,E-6173313
191509291,25-35,B737-8,AFTGALLY,72184025,N10090461044715,72184025,4257,4199229,WAV1560
191125314,25-32,M73-82,AFT GALLEY,8201-11-0000-01,09-12-27974,8201-11-0000-01,17-07-39056,4179939,KAV0626037
190617725,33-00,B737-8,6DEF,9651-35-0002,26117,9651-35-0002,69685,4102755,20186951-1
190475963,33-00,M73-82,LH,9651-35-0002,53916,9651-35-0002,55052,4209137,ARC177563
191065357,25-00,B737-8,GALLEY 4,62197-301-001,15-03-7406,L13471-12MRYAN,9035297,4140651,PAV14038
55346394,34-00,M73-82,CAPT,0851HT1,433259,0851HT2,459018,3628118,809538
55377021,23-42,M73-82,AFT CAB,285W0024-1B,F37556,285W0024-1B,F27339,3979277,ARC158129
190956563,25-00,B737-8,FWD,8201-11-0000-01,23-06-0149,8201-11-0000-01,09-12-27983,4119650,KAV0326028
190781362,38-00,B737-8,CABIN,15800-029-3,1730,15800-029-3,5474,3835669,1115680
190552904,26-16,B737-8,AFT,473597-5,SJA5102,473597-5,SJF1095,3908215,408095
55280750,25-30,M73-82,FWD GALLEY,8201-11-0000-01,23-04-0213,8201-11-0000-01,22-02-0638,4119686,KAV0326026
190363151,25-32,M73-82,GALLEY G4,62197-301-001,21-02-0124,62197-301-001,23-05-0406,4023772,WAV1027
190480772,25-32,M73-82,GALLEY 4,62197-301-001,16-07-0241,62197-301-001,22-11-0532,3969021,1431805
55465061,25-00,M73-82,G1,62197-301-001,22-12-0348,62197-301-001,16-08-0259,3867421,1337647
42071609,33-20,M73-82,CABIN,9651-35-0004,6474,9651-35-0004,10823,4053612,ARC165357
42071609,33-20,M73-82,6DEF,9651-35-0002,24565,9651-35-0002,51228,4072922,ARC166759
42071609,33-20,M73-82,RH,9651-35-0003,9833,9651-35-0003,20171,3800892,7779
190486388,25-00,M73-82,GALLEY G4,62197-301-001,19-04-0028,62197-301-001,19-06-0030,4060627,WAV1146
190739327,25-00,B737-8,FWD GALLEY,72184025,N09030226044453,72184025,N10020396044646,3979787,1440192
55594476,33-00,B737-8,7 ABC,9651-35-0002,17994,9651-35-0002,35524,3806581,ARC140970
55594476,33-00,B737-8,6 ABC,9651-35-0002,49189,9651-35-0002,59589,3795782,140073
191436052,33-00,B737-8,22ABC,9651-35-0002,55171,9651-35-0002,27165,4067843,ARC166068
55536270,38-00,B737-8,FWD,SC4L500301-5,11304698-006,SC4L500301-5,171072814-001,3636841,E-5391937
980007795,23-00,B737-8,AFT CAB,285W0024-1B,F24160,285W0024-23B,F64130,4126315,
55344080,33-00,M73-82,33 ABC,9651-35-0005,66695,9651-35-0005,30952,3752340,135716
190237879,23-00,B737-8,#1,5145-1-82,13311,5145-1-82,17418,3946095,1409646
41630144,25-00,B737-8,AFT,8201-11-0000,04-01-19624,8201-11-0000-01,10-07-29057,3682387,1175335
190322900,38-00,M73-82,LAV V,SC4L500301-5,171260753-003,SC4L500301-5,173574847-008,3945857,E-5907842
190205151,26-00,B737-8,AFT,473597-5,24092,473597-5,34088,3897717,R550738-632
55456644,34-11,M73-82,F/O,0851HT1,400792,0851HT2,466660,3784105,407501517
190626562,25-00,B737-8,AFTGALLY,62197-301-001,16-06-0229,72184025,N10100896044738,3945412,WAV740
35086889,25-00,B737-8,FWD GALLEY,62197-301-001,16-08-0247,62197-301-001,18-07-0591,4060642,WAV1148
55301983,33-21,M73-82,#6 RH,9651-35-0002,33694,9651-35-0002,53817,4145182,ARC172013
191448461,33-00,B737-8,CAB,9651-35-0002,18704,9651-35-0002,53249,4084482,ARC167510
55526968,33-21,B737-8,28DEF,9651-35-0005,15746,9651-35-0005,24284,3861011,ARC146151
55441826,25-00,M73-82,FWD,8201-11-0000-01,23-08-0109,8201-11-0000,04-02-19764,3841177,KAV0425013
55673505,33-21,B737-8,22ABC,9651-35-0002,35176,9651-35-0002,19461,3845005,ARC144560
55397009,25-00,M73-82,GALLEY G4,8201-11-0000-01,18-06-2069,8201-11-0000-01,17-11-39511,3575257,1064159
55203540,23-51,B737-8,F/O,5145-1-82,11733,5145-1-82,17051,3868979,PAV10553
191157442,25-00,M73-82,GALLEY 4,8201-11-0000-01,19-06-0287,8201-11-0000-01,10-07-29040,3689132,1179316
55290078,25-00,M73-82,GALLEY 1 FWD,62197-301-001,25-06-0096,62197-301-001,16-11-0286,4006347,KAV1225015
42256789,25-31,B737-8,AFTGALLY,72184025,4388,72184025,4198,3919326,1386132
190128026,25-00,B737-8,FWD,8201-11-0000-01,21-08-0148,8201-11-0000,07-08-24169,3726881,1210643
191269925,25-00,M73-82,GALLEY G4,8201-11-0000,05-01-20785,8201-11-0000-01,16-01-37096,4021562,KAV1225009
55646838,36-00,B737-8,#1,107484-7,18627,107484-7,17521,3947195,3771893
190311708,25-00,M73-82,AFT GALLEY,8201-11-0000-01,21-11-0993,8201-11-0000-01,17-12-39605,3996075,KAV1125008
190594546,33-00,B737-8,AFT CAB,9551-26-0001,4472,9551-26-0001,5535,4157299,ARC172961
41943860,33-21,B737-8,CABIN,9651-35-0004,8191,9651-35-0004,10823,3762794,136655
41943860,33-21,B737-8,CABIN,9651-35-0005,22822,9651-35-0005,32639,3763438,136815
55279835,33-21,M73-82,23DEF,9651-35-0002,56790,9651-35-0002,71908,3886801,77-1.000
55682812,33-20,B737-8,10ABC,9651-35-0004,19082,9651-35-0004,18155,4043881,164530
190416638,25-00,M73-82,FWD GALLEY,8201-11-0000-01,17-12-40029,8201-11-0000-01,22-03-0164,4183375,PAV14503
190052913,25-00,B737-8,FWD,72184025,4378,72184025,N10020035044621,3944659,PAV11280
190179830,27-36,B737-8,FIN,0851HT1,274566,0851HT1,452394,3910443,12607489
191235254,25-31,M73-82,FWD GALLEY,8201-11-0000-01,21-08-0163,8201-11-0000,05-08-21365,3819197,KAV0125040
41931305,33-21,B737-8,11 DEF,9651-35-0004,10799,9651-35-0004,21804,3316426,02884774
190211638,33-42,B737-8,RH,45-0351-4,2247,45-0351-4,6212,4061147,PAV12968
190985854,25-00,B737-8,FWDGALLY,62197-301-001,22-01-0388,62197-301-001,15-12-0149,4145899,KAV0526027
190432324,25-35,M73-82,GALLEY G4,62197-301-001,21-02-0106,62197-301-001,23-07-0416,4094551,WAV1285
190198426,25-00,B737-8,AFT CAB,8201-11-0000-01,09-02-26577,8201-11-0000-01,17-08-39198,3932214,PAV11153
55442137,33-00,M73-82,20 DEF,9651-35-0002,53419,9651-35-0002,17966,3990208,158708
190649413,25-00,B737-8,FWD,8201-11-0000-01,21-02-0351,8201-11-0000,02-09-18205,3791117,PAV9444
103657844,23-42,B737-8,CABIN,285W0024-1B,F52034,285W0024-1M,F40811,3871970,147151
190368325,33-21,M73-82,27RH,9651-35-0004,18173,9651-35-0004,12729,3897309,ARC149484
20028318,25-00,B737-8,AFT,72184025,3035,72184025,3047,4062763,PAV12981
190129096,36-11,B737-8,#2,107484-7,19586,,,9587462,
53856973,25-31,B737-8,FWD,62197-301-001,23-05-0225,62197-301-001,17-11-0449,4045583,KAV0126051
55131623,25-31,B737-8,FWD,8201-11-0000,08-05-25471,8201-11-0000,04-09-20361,3904089,1369756
20082663,38-32,B737-8,CABIN,15800-029-3,2619,15800-029-3,11063,2302542,290439
190619564,33-00,B737-8,CABIN,9651-35-0004,12330,9651-35-0004,6562,4078754,7422
55569615,33-21,B737-8,ROW 20,9651-35-0002,25467,9651-35-0002,32934,3850996,ARC144997
190622185,33-00,B737-8,29ABC,9651-35-0005,17952,9651-35-0005,21089,3806477,ARC141053
190979440,34-11,B737-8,RH,0851HT1,408144,0851HT2,486996,4218171,409425256
190524706,23-51,B737-8,FL DK,5145-1-82,17073,5145-1-82,10820,4131865,PAV13886
190708322,25-31,B737-8,AFTGALLY,8201-11-0000,04-12-20652,8201-11-0000,07-10-24290,4145755,KAV0526064
40211091,33-21,B737-8,#21 RH,9651-35-0002,39131,9651-35-0002,22781,3941106,3782
190246788,38-00,B737-8,FWD,14330-230,37430,14330-230,39295,3794299,0051207121
191065017,72-00,B737-8,#1,340-001-038-0,BB532760-C,340-001-036-0,PF389289,4151919,GEAMS1164858-1
191065017,72-00,B737-8,#1,340-001-038-0,PA470517-2,340-001-038-0,DM157827,4178059,R260423
191065017,72-00,B737-8,#1,340-001-038-0,DC768953,340-001-038-0,DM176310,4190499,R26052222001
191065017,72-00,B737-8,#1,340-001-038-0,DC613292,340-001-038-0,DM176637,4190525,R26052219001
191065017,72-00,B737-8,#1,340-001-038-0,DC613242,340-001-036-0,PF591149,4217353,925-26-28717
191065017,72-00,B737-8,#1,340-001-038-0,DC768926,340-001-036-0,PF585170,4217348,925-26-28717
105210698,72-00,M73-82,#2,2085M31G03,PSDNE804,2085M31G03,PSDMH324,4005820,RG79235-1
105210698,72-00,M73-82,#2,2085M31G03,PSDNE802,2085M31G03,PAT1G801,4005825,RG82673-1
105210698,72-00,M73-82,#2,2085M31G03,PSDNE801,2085M31G03,PSDMH335,4005819,RG79254-1
105210698,72-00,M73-82,#2,2085M31G03,PSDNE807,2085M31G03,PAT1G799,4005821,RG82672-1
105210698,72-00,M73-82,#2,2085M31G03,PSDNE806,2085M31G03,PAT05T96,4005818,RG82594-1
105210698,72-00,M73-82,#2,2085M31G03,PSDNE808,2085M31G03,PAT11T14,4005791,RG81035-1
190104113,23-00,B737-8,CABIN,285W0024-1B,F40039,285W0024-1B,D11413,3920284,152013
190444712,38-00,M73-82,REAR,SC4L500301-5,11303901-005,SC4L500301-5,173192705-007,3892848,5832233
55445656,38-11,M73-82,LAV A,SC4L500301-5,172442901-004,SC4L500301-5,174853095-005,4088461,E-6113259
42033920,33-21,B737-8,7DEF,9651-35-0002,22964,9651-35-0002,34355,3875180,ARC147610
55164285,25-00,B737-8,AFT LH,72184025,N10090457044711,72184025,3016,4063696,KAV0226039
40114036,25-00,B737-8,7050MM3,72184025,4178,72184025,N10100887044729,3786211,SAV451
41601609,25-00,B737-8,FWDGALLY,62197-301-001,18-06-0109,72184025,4147,4059722,AV1820
55378464,25-00,M73-82,GALLEY G4,62197-301-001,15-11-0136,62197-301-001,21-11-0705,3807448,PAV9745
190078083,25-00,B737-8,AFTGALLY,72184025,4404,72184025,N10020051044637,4140453,KAV0526030
53874307,25-00,M73-82,GALLEY G4,62197-301-001,16-12-0304,62197-301-001,19-04-0541,4103997,PAV13594
55113653,33-00,B737-8,RH,45-0351-4,1993,45-0351-4,7272,4039116,PAV12652
190481772,38-00,M73-82,LAV A,SC4L500301-5,172234599-003,SC4L500301-5,172442901-008,3970516,04858397
55412642,25-00,M73-82,GALLEY G4,8201-11-0000-01,15-03-35925,8201-11-0000-01,17-12-39595,3822699,PAV9990
191387488,33-21,B737-8,ROW 25,9651-35-0004,13090,9651-35-0004,6111,4128850,170878
190522139,33-00,B737-8,5DEF,9651-35-0002,23582,9651-35-0002,74429,3892532,04631946
190489397,33-00,M73-82,CABIN,9651-35-0002,67936,9651-35-0002,17907,4104255,ARC169206
191456724,25-00,B737-8,AFT,72184025,N11070873044815,72184025,N11070862044804,4084471,WAV1234
190574243,33-21,B737-8,6LH,9651-35-0002,50003,9651-35-0002,21681,4050010,164688
190209526,23-00,B737-8,FL DK,5145-1-82,16111,5145-1-88,19511,4119028,PAV13720
42108429,25-00,M73-82,AFT GALLEY,62197-301-001,16-12-0316,62197-301-001,22-12-0117,3789398,WAV237
190032705,23-00,B737-8,FL DK,5145-1-82,16408,5145-1-82,19249,4000171,PAV12061
107231210,36-00,B737-8,#2,107484-7,16818,107484-7,18711,4182896,356343734
42155852,25-00,M73-82,GALLEY G4,62197-301-001,15-10-8021,62197-301-001,15-12-0147,3729809,1220018
190047558,25-00,B737-8,FWD,8201-11-0000,07-08-24017,8201-11-0000-01,21-04-0056,4039205,KAV1225072
55602150,25-00,B737-8,AFT,8201-11-0000-01,14-07-35018,8201-11-0000,05-02-20906,3600147,1095401
190014959,25-00,B737-8,GALLEY 4B,62197-301-001,21-02-0084,62197-301-001,23-04-0050,4116672,SAV870
191442032,23-51,B737-8,FL DK,5145-1-82,16225,5145-1-82,16115,4136104,PAV13982
190120175,25-00,B737-8,FWD,8201-11-0000-01,17-12-40058,8201-11-0000-01,14-09-35275,3930283,KAV00725034
190701320,33-21,B737-8,#17 LH,9651-35-0002,53519,9651-35-0002,70734,4019661,ARC161930
190906199,38-32,B737-8,LAV A,14330-230,25193,14330-230,8432,4206704,85932
190308933,33-00,M73-82,6 ABC,9651-35-0002,53724,9651-35-0002,60689,4022263,20144048
55655204,25-00,B737-8,AFTGALLY,62197-301-001,17-01-0327,62197-301-001,17-12-0468,3987253,PAV11823
55704113,33-00,B737-8,31LH,9651-35-0005,20367,9651-35-0005,16614,4005639,160554
191336439,25-31,B737-8,FWDGALLY,72184025,N12061896044874,72184025,4276,4063798,PAV12995
55596942,72-00,B737-8,#1,340-001-036-0,DM167093,340-001-038-0,DE188149,3834923,9001
55596942,72-00,B737-8,#1,340-001-036-0,DM167077,340-001-038-0,DE192074,3834818,27001
55596942,72-00,B737-8,#1,340-001-036-0,DM166875,340-001-038-0,DM100377,3798159,7000
55596942,72-00,B737-8,#1,340-001-036-0,DM166964,340-001-038-0,DM169284,3798063,25001
55596942,72-00,B737-8,#1,340-001-036-0,DM166972,340-001-038-0,DM100391,3798149,3000
55596942,72-00,B737-8,#1,340-001-036-0,DM166832,340-001-038-0,DD286035,3798157,6000
190259233,25-32,B737-8,FWDGALLY,62197-301-001,15-03-7406,72184025,N10030479044677,3830891,KAV0325021
55203561,25-00,B737-8,FWD G1,62197-301-001,16-11-0288,62197-301-001,22-10-0012,3855740,WAV448
190591116,23-51,B737-8,FL DK,5145-1-82,15670,5145-1-82,16553,4044513,PAV12690
190305115,72-00,M73-82,#1,2085M31G03,PAT07F28,2085M31G03,PSDNF925,3811055,NAB24A-07074
190305115,72-00,M73-82,#1,2085M31G03,PAT98F52,2085M31G03,PSDNF927,3811059,NAB24A-07076
190305115,72-00,M73-82,#1,2085M31G03,PAT10J00,2085M31G03,PSDNF923,3811052,NAB24A-07072
190305115,72-00,M73-82,#1,2085M31G03,PAT98F51,2085M31G03,PSDNF926,3811057,NAB24A-07075
190305115,72-00,M73-82,#1,2085M31G03,PAT09J90,2085M31G03,PSDNF924,3811049,NAB24A-07073
190506592,33-00,B737-8,12ABC,9651-35-0005,33768,9651-35-0005,16861,3949943,ARC155088
55300178,33-00,M73-82,CABIN,9651-35-0002,39143,9651-35-0002,70708,3884299,20100917
190235841,33-00,B737-8,RH,45-0351-4,6726,45-0351-4,5708,4001642,PAV12113
191442468,25-31,B737-8,FWDGALLY,62197-301-001,17-12-0411,62197-301-001,21-02-0153,4152808,WAV1443
190997354,25-31,B737-8,AFTGALLY,72184025,N10090463044717,72184025,4210,4183952,WAV1515
190288996,33-00,M73-82,RH,9651-35-0005,65999,9651-35-0005,52876,3851540,20095575
190288996,33-00,M73-82,LH,9651-35-0001,11953,9651-35-0001,8162,3830696,15-1.000
190130701,33-21,B737-8,18DEF,9651-35-0002,18857,9651-35-0002,69009,4012021,04985020
55391902,33-00,M73-82,5DEF,9651-35-0002,64272,9651-35-0002,39258,3830042,ARC142861
191233959,33-21,M73-82,9 DEF,9651-35-0003,9581,9651-35-0003,9834,4053626,ARC165452
191146475,25-32,M73-82,G1,62197-301-001,14-07-6912,62197-301-001,21-03-0020,4222932,WAV1656
35042014,25-00,B737-8,FWDGALLY,8201-11-0000,04-11-20576,8201-11-0000-01,19-05-0147,3768584,PAV9069
42230454,38-00,32S,50MG2,14330-230,ZSK341,14330-230,20928,3836211,239
55693532,33-21,B737-8,CAB,9651-35-0002,18175,9651-35-0002,70012,4071277,20166043
55612343,33-00,B737-8,CABIN,9651-35-0004,6562,9651-35-0004,11667,3885373,ARC148418
190526282,33-00,B737-8,CABIN,9651-35-0002,25074,9651-35-0002,39243,3861006,ARC146106
55119148,25-00,B737-8,AFTGALLY,72184025,4321,72184025,4422,3697394,1188778
190288694,25-00,M73-82,G1,62197-301-001,17-12-0472,62197-301-001,19-07-1229,3845099,WAV408
190292583,25-00,M73-82,G1,62197-301-001,17-11-0448,62197-301-001,19-04-0544,3884749,1353887
55680297,25-31,B737-8,AFT LH,72184025,N10100880044722,72184025,4343,4186471,WAV1518
190178473,33-00,B737-8,RH,45-0351-4,5126,45-0351-4,6661,3812521,PAV9825
190728395,33-00,B737-8,30ABC,9651-35-0005,50683,9651-35-0005,50468,3930868,153175
55088803,33-00,B737-8,RH,72605363-1,0410,72605363-1,4810,3815739,35244462
190091480,26-00,B737-8,AFT,473597-5,SJB8604,473597-5,SJB0805,4051591,13287331
190380399,33-00,M73-82,11DEF,9651-35-0004,19392,,,9712144,
190424663,25-32,M73-82,002 AFT GALLEY,62197-301-001,22-12-0124,62197-301-001,19-07-0260,4139395,SAV909-UKCAA
190466675,25-00,M73-82,FWD GALLEY,62197-301-001,25-05-0239,62197-301-001,18-01-1102,3986373,SAV667
190368555,25-00,M73-82,GALLEY G4,8201-11-0000,08-05-25462,8201-11-0000,07-10-24288,3858844,KAV0525018
191071955,25-31,B737-8,AFTGALLY,72184025,N09030242044469,72184025,N10040445044690,4169848,KAV0626022
35005623,33-21,B737-8,27DEF,9651-35-0005,17781,9651-35-0005,31641,3799491,ARC139034
55714710,23-42,B737-8,FWD,285W0024-1B,F37789,285W0024-1B,F47364,3736255,ARC134181
190777927,25-00,B737-8,GALLEY 1,62197-301-001,23-03-0698,62197-301-001,23-08-0288,3977156,PAV11760
55361057,25-32,M73-82,GALLEY G4,8201-11-0000-01,21-11-0264,8201-11-0000-01,17-12-40025,4032631,KAV1225069
41843938,25-32,M73-82,AFT,62197-301-001,23-05-0003,62197-301-001,16-10-0273,4030355,KAV0126033
190487869,33-00,M73-82,32 L/H,9651-35-0005,49167,9651-35-0005,17617,4228913,179286
190088815,25-00,B737-8,AFTGALLY,62197-301-001,16-11-0286,72184025,N09040559044500,3804858,SAV497
105850958,73-00,M73-82,#1,2085M31G03,PSDNH615,2085M31G03,PAT8G249,4052874,RH26434-1
105850958,73-00,M73-82,#1,2085M31G03,PSDNH501,2085M31G03,PAT02F89,4052892,RH21727-1
105850958,73-00,M73-82,#1,2085M31G03,PSDNH496,2085M31G03,PAT31E30,4052885,RH21747-1
105850958,73-00,M73-82,#1,2085M31G03,PSDNG040,2085M31G03,PAT92C74,4052903,RH20517-1
105850958,73-00,M73-82,#1,2085M31G03,PSDMD310,2085M31G03,PAT5C565,4052895,RH21550-1
105850958,73-00,M73-82,#1,2085M31G03,PSDNH514,2085M31G03,PAT47E44,4052899,RH21757-1
105850958,73-00,M73-82,#1,2085M31G03,PAT9C467,2085M31G03,PAT2B249,4052922,RH28646-1
105850958,73-00,M73-82,#1,2085M31G03,PSDNH500,2085M31G03,PST63E17,4052918,RH12073-1
105850958,73-00,M73-82,#1,2085M31G03,PSDNH498,2085M31G03,PAT61J52,4052913,RH12078-1
105850958,73-00,M73-82,#1,2085M31G03,PAT9C461,2085M31G03,PAT5C563,4052898,RH21548-1
105850958,73-00,M73-82,#1,2085M31G03,PSDNH497,2085M31G03,PAT8G245,4052893,RH26430-1
105850958,73-00,M73-82,#1,2085M31G03,PSDMJ870,2085M31G03,PSDMD240,4052935,RH21909-1
105850958,73-00,M73-82,#1,2085M31G03,PAT3C319,2085M31G03,PSDNH256,4052930,RH22553-1
105850958,73-00,M73-82,#1,2085M31G03,PAT3C324,2085M31G03,PAT5C566,4052932,RH21557-1
105850958,73-00,M73-82,#1,2085M31G03,PAT9C458,2085M31G03,PAT3C571,4052915,RH07726-1
105850958,73-00,M73-82,#1,2085M31G03,PSDNH499,2085M31G03,PAT5A987,4052939,RH07712-1
105850958,73-00,M73-82,#1,2085M31G03,PSDNH502,2085M31G03,PAT03T65,4052909,RH20485-1
105850958,73-00,M73-82,#1,2085M31G03,PSDNH495,2085M31G03,PAT2B292,4052927,RH28666-1
190405205,25-32,M73-82,FWDGALLY,62197-301-001,23-09-0233,62197-301-001,22-02-0450,3967674,1430761
190319565,33-42,M73-82,LH INBD,72500410-2,11785,72500410-2,12866,3814863,352466212
190319565,33-42,M73-82,LH,72500415-1,5429,72500415-1,3603,3974484,4497435
190319565,33-42,M73-82,LH,72605363-1,1210,72605363-1,4743,3925918,353942276
190319565,33-42,M73-82,LH OUTBD,72500410-1,1847,72500410-1,13588,3971430,354395181
55321563,25-00,M73-82,G1,8201-11-0000-01,22-01-0887,8201-11-0000-01,21-11-0165,3844456,1317130
55660478,25-31,B737-8,FWD,62197-301-001,16-10-0281,72184025,N12031153044859,3986131,PAV11884
41460913,38-32,B737-8,LAV E,14330-230,ZSK514,14330-230,ZSK458,3889983,1127348
40367613,23-00,B737-8,F/O,5145-1-82,18533,5145-1-82,16922,3970432,PAV11694
101942295,36-11,B737-8,#1,107484-7,9890,107484-7,11359,3763099,896186
101942295,36-11,B737-8,#1,3289562-5,11763,63292146-1,3556,3660919,350499342
190327495,73-11,M73-82,#2,2085M31G03,PSDNE912,2085M31G03,PAT4G319,3970655,RG60943-1
190327495,73-11,M73-82,#2,2085M31G03,PSDNE904,2085M31G03,PAT2E010,3970645,RG54260-1
190327495,73-11,M73-82,#2,2085M31G03,PSDNE861,2085M31G03,PAT1A701,3970618,RE98501-1
190327495,73-11,M73-82,#2,2085M31G03,PSDNE857,2085M31G03,PAT75J35,3970563,RF00051-1
190327495,73-11,M73-82,#2,2085M31G03,PSDNE862,2085M31G03,PAT47E62,3970611,RE05505-1
190327495,73-11,M73-82,#2,2085M31G03,PSDNE863,2085M31G03,PAT80E81,3970620,RE98579-1
190327495,73-11,M73-82,#2,2085M31G03,PSDNE864,2085M31G03,PAT1B230,3970592,RF04247-1
190327495,73-11,M73-82,#2,2085M31G03,PSDNE858,2085M31G03,PAT72J89,3970602,RE88209-1
190327495,73-11,M73-82,#2,2085M31G03,PSDNE859,2085M31G03,PAT56J96,3970599,RF73323-1
190327495,73-11,M73-82,#2,2085M31G03,PSDNE865,2085M31G03,PAT62J20,3970595,RF73322-1
190327495,73-11,M73-82,#2,2085M31G03,PSDNE860,2085M31G03,PAT2C684,3970683,RG58730-1
190327495,73-11,M73-82,#2,2085M31G03,PSDNE905,2085M31G03,PAT9C422,3970688,RG58712-1
190327495,73-11,M73-82,#2,2085M31G03,PSDNE906,2085M31G03,PAT2C784,3970672,RG54422-1
190327495,73-11,M73-82,#2,2085M31G03,PSDNE907,2085M31G03,PAT9A869,3970635,RG54848-1
190327495,73-11,M73-82,#2,2085M31G03,PSDNE908,2085M31G03,PAT2C780,3970661,RG54426-1
190327495,73-11,M73-82,#2,2085M31G03,PSDNE910,2085M31G03,PAT2E013,3970677,RG54304-1
190327495,73-11,M73-82,#2,2085M31G03,PSDNE909,2085M31G03,PAT9C543,3968663,RG58785-1
190327495,73-11,M73-82,#2,2085M31G03,PSDNE911,2085M31G03,PAT1C447,3970570,RE98501-1
190630607,33-00,B737-8,21 RH,9651-35-0002,35374,9651-35-0002,47939,3959019,20111427
40722814,23-00,B737-8,OBS1,,,5145-1-88,26692,3953264,PAV11440
40722814,23-00,B737-8,CAPT,5145-1-82,16858,,,9650216,
190864932,25-00,B737-8,102,8201-11-0000,07-01-23111,8201-11-0000-01,17-02-38423,4048504,PAV12807
55377512,25-00,M73-82,FWD GALLEY,62197-301-001,17-08-0398,62197-301-001,18-06-0107,3824045,WAV327
190997486,33-00,B737-8,5 DEF,9651-35-0002,39312,9651-35-0002,35789,4222105,ARC178801
190302990,25-32,M73-82,GALLEY 4,62197-301-001,16-07-0238,62197-301-001,17-12-0419,3958658,WAV808
190425117,25-00,M73-82,GALLEY G4,8201-11-0000-01,22-01-0884,8201-11-0000-01,17-12-40071,4132538,PAV13915
104050074,72-00,B737-8,#1,340-001-038-0,DC974705,340-001-038-0,DM174935,3879861,R2505192
104050074,72-00,B737-8,#1,340-001-038-0,DM128885,340-001-038-0,DM168724,3883041,R25052929001
104050074,72-00,B737-8,#1,340-001-038-0,DM043794,340-001-038-0,DE804165,3860298,50207001
104050074,72-00,B737-8,#1,340-001-039-0,DB620412,340-001-038-0,DM159592,3825083,30704001
190425835,33-20,M73-82,31 ABC,9651-35-0005,58912,9651-35-0005,66802,4167059,20227936-1
190425835,33-20,M73-82,32 L/H,9651-35-0005,47215,9651-35-0005,17024,4121950,170438
35046844,26-16,B737-8,AFT,473597-5,SJB0843,473597-5,SJA6990,3951071,63818
55604235,33-00,B737-8,LH,72605363-1,6317,72605363-1,5507,3815281,352545245
190588634,38-00,B737-8,LAV  AFT  LH,SC4L500301-5,869440,SC4L500301-5,174677614-006,4070487,E6088637
106910305,36-00,B737-8,#1,107484-7,12631,107484-7,18426,4173570,6215256
55408150,25-00,M73-82,GALLEY G4,8201-11-0000,08-02-24832,8201-11-0000-01,10-02-28204,3807273,PAV9728
190164963,25-00,B737-8,AFT RH,72184025,4244,72184025,4261,3848451,1322139
190328045,33-21,M73-82,#5 LH,9651-35-0002,59252,9651-35-0002,18834,3996093,ARC159568
190475608,33-20,M73-82,8ABC,9651-35-0002,70816,9651-35-0002,54163,4157521,173248
41996968,33-00,B737-8,8 DEF,9651-35-0002,69992,9651-35-0002,37535,3880240,ARC148191
190639410,25-00,B737-8,G1,72184025,N11060394044798,72184025,4011,4059251,SAV791
55594667,33-00,B737-8,6ABC,9651-35-0002,17049,9651-35-0002,24250,3860979,ARC145822
35087384,34-00,B737-8,UNKNOWN,0851HT1,349927,0851HT2,481326,4092505,408928900
190736181,33-21,B737-8,27ABC,9651-35-0005,23213,9651-35-0005,18545,3996136,ARC159863
190551292,33-21,B737-8,RH,9651-35-0002,55038,9651-35-0002,24768,4173662,ARC173935
190026031,23-00,B737-8,FWD,285W0024-1B,F25905,285W0024-1M,F42289,3830960,ARC143045
190030187,25-00,B737-8,AFTGALLY,8201-11-0000-01,19-07-0776,8201-11-0000-01,09-10-27621,4050836,KAV0126005
35049285,33-00,B737-8,2 DEF,9651-35-0004,12634,9651-35-0004,18500,3697093,70920
191258925,25-00,M73-82,FWD GALLEY,8201-11-0000,07-12-24521,8201-11-0000,07-01-23121,3917066,KAV0625007
191534498,33-21,B737-8,#18 RH,9651-35-0002,53797,9651-35-0002,50170,4148450,172175
190600349,33-00,B737-8,21DEF,9651-35-0002,22488,9651-35-0002,33817,4140573,ARC171671
55243384,38-00,B737-8,LAV D,14330-230,37158,14330-230,27158,3609007,0001037560
55402975,38-00,M73-82,FWD,SC4L500301-5,171282143-005,SC4L500301-5,171072801-008,3684726,E5467791
53879566,33-00,B737-8,RH,45-0351-4,3529,45-0351-4,6688,4080647,PAV13262
190379920,33-00,M73-82,25 ABC,9651-35-0003,18453,9651-35-0003,6634,3911348,150698
55619248,33-21,B737-8,23DEF,9651-35-0003,4945,9651-35-0003,5800,3842283,144108
190050841,27-00,B737-8,FIN,0851HT1,312663,0851HT2,465063,3748844,57972
55249106,36-11,B737-8,#2,107484-7,18898,107484-7,13644,4109262,5777704
42115109,25-00,M73-82,AFT GALLEY,62197-301-001,16-01-0185,62197-301-001,21-02-0116,3824054,WAV325
55257566,26-00,B737-8,FWD,473597-5,41931,473597-5,36790,3934712,12724994
35087099,33-00,B737-8,RH,45-0351-4,5917,45-0351-6,8262,4083577,PAV13305
190899886,25-00,B737-8,AFT,72184025,N12021002044825,72184025,N09030608044475,4116682,SAV880
190094430,25-31,B737-8,FWDGALLY,62197-301-001,16-11-0298,62197-301-001,17-08-0408,3912303,1378710
42172377,25-00,M73-82,GALLEY 4,62197-301-001,15-03-7406,62197-301-001,21-02-0118,3792583,1271931
191453481,33-20,B737-8,CABIN,9651-35-0002,54160,9651-35-0002,54365,4218995,ARC178637
190495028,33-00,M73-82,29ABC,9651-35-0005,32328,9651-35-0005,16970,4148891,172580
190282812,25-00,M73-82,GALLEY G1,62197-301-001,23-08-0264,62197-301-001,17-01-0364,4026436,WAV1035
191495332,23-00,B737-8,FL DK,5145-1-82,12869,5145-1-82,17324,4227359,PAV14980
191338843,33-21,B737-8,18 DEF,9651-35-0002,24986,9651-35-0002,18706,4219408,ARC178547
107297340,36-00,B737-8,#2,107484-7,14272,107484-7,19168,4194645,356342565
55008411,38-00,B737-8,AFT RH,14330-230,ZSK209,14330-230,14957,4141476,0000056947
190389117,25-00,M73-82,GALLEY 4,62197-301-001,16-08-0249,62197-301-001,23-06-0193,4217362,WAV1602
190193984,25-00,B737-8,FWDGALLY,62197-301-001,23-06-0210,62197-301-001,16-11-0298,3906836,WAV561
55006548,25-00,B737-8,AFTGALLY,72184025,N12061899044877,72184025,N10010155044611,3978022,WAV878
55133646,23-42,B737-8,CABIN,285W0024-1B,D12902,285W0024-1M,F52792,3871969,146795
190019392,33-00,B737-8,RH,45-0351-4,6556,45-0351-4,6356,4101035,PAV13553
55685192,25-00,B737-8,FWD GALLEY,8201-11-0000,08-02-24823,8201-11-0000-01,16-11-38227,4051474,KAV0126016
190911457,33-00,B737-8,RH,45-0351-4,4988,45-0351-6,8670,4020275,PAV12395
102040077,36-00,B737-8,#2,107484-7,16710,107484-7,18123,3781750,351955694
102040077,36-00,B737-8,#2,3214446-4,13499,3214446-4,9744,3779732,352036873
190355348,33-21,M73-82,AFT CABIN,9651-35-0005,47677,9651-35-0005,52914,3860067,20096869
190593556,26-00,B737-8,AFT,473597-5,SJA3579,473597-5,26969A,3902573,63252
55357297,33-00,M73-82,CAB,9651-35-0005,52970,9651-35-0005,49635,3891063,20101499
190332925,25-00,M73-82,AFT GALLEY,62197-301-001,17-12-0418,62197-301-001,23-05-0231,4178981,WAV1492
980011516,23-00,B737-8,CABIN,285W0024-1B,F29083,285W0024-1M,F53492,4170182,
190343528,33-21,M73-82,CABIN,9651-35-0005,23196,9651-35-0005,30908,4197398,ARC176033
42086818,25-31,M73-82,GALLEY 3,8201-11-0000,08-08-25867,8201-11-0000-01,14-12-35640,4002963,KAV1125010
190357628,25-32,M73-82,FWD GALLEY,62197-301-001,23-09-0127,62197-301-001,17-12-0426,4116641,SAV883
55432895,33-00,M73-82,CAB,9651-35-0005,52732,9651-35-0005,51960,3872051,147065
191513364,33-00,B737-8,18 DEF,9651-35-0002,53753,9651-35-0002,19420,4223177,179014
190289337,25-00,M73-82,AFT LH,SC4L500301-5,171495963-007,SC4L500301-5,173531025-006,3907171,E-5849929
105592676,36-00,B737-8,#2,107484-7,18679,107484-7,11437,3956683,4270400
105592676,36-00,B737-8,#2,3214446-4,18783,3214446-4,18648,4018792,354495869
190912299,25-00,B737-8,FWD,62197-301-001,19-07-0275,L13471-12MRYAN,1070330,3953156,PAV11437
41772406,33-21,B737-8,30DEF,9651-35-0005,47603,9651-35-0005,61332,3740584,20078766-1
55474171,25-00,M73-82,FWD GALLEY,8201-11-0000,05-08-21365,8201-11-0000-01,15-11-36862,4005068,PAV12203
41989496,38-11,B737-8,FWD,SC4L500301-5,11304668-009,SC4L500301-5,172159917-001,3769858,631652
41630329,33-21,B737-8,5 ABC,9651-35-0002,17075,9651-35-0002,24544,3793894,ARC138771
190312694,33-21,M73-82,CABIN,9651-35-0003,15374,9651-35-0003,20183,3791927,5478
190401962,25-35,M73-82,GALLEY 4,62197-301-001,21-02-0104,62197-301-001,18-07-0590,4226847,WAV1548
190363237,72-00,M73-82,#1,2085M31G03,PAT6A864,2085M31G03,PAT2C944,4031095,RG89920-1
190363237,72-00,M73-82,#1,2085M31G03,PAT2C297,2085M31G03,PSDNE808,4026813,RH04912-1
190363237,72-00,M73-82,#1,2085M31G03,PAT2C298,2085M31G03,PAT72F84,4026840,RG89564-1
190363237,72-00,M73-82,#1,2085M31G03,PAT6A861,2085M31G03,PSDMD321,4026827,RH03907-1
190363237,72-00,M73-82,#1,2085M31G03,PAT2C296,2085M31G03,PAT33E31,4031087,RH06793-1
190363237,72-00,M73-82,#1,2085M31G03,PAT6A860,2085M31G03,PAT0G857,4026830,RG89526-1
190363237,72-00,M73-82,#1,2085M31G03,PAT6A855,2085M31G03,PSDMJ597,4026808,RH04599-1
190363237,72-00,M73-82,#1,2085M31G03,PAT2C293,2085M31G03,PAT85E09,4026805,RH03921-1
190363237,72-00,M73-82,#1,2085M31G03,PAT2C300,2085M31G03,PSDME872,4026833,RH03009-1
190363237,72-00,M73-82,#1,2085M31G03,PAT2C299,2085M31G03,PAT4G713,4026841,RG97970-1
190363237,72-00,M73-82,#1,2085M31G03,PAT6A863,2085M31G03,PSDNE802,4026804,RH04921-1
190363237,72-00,M73-82,#1,2085M31G03,PAT2C292,2085M31G03,PAT1H536,4031074,RH04931-1
190363237,72-00,M73-82,#1,2085M31G03,PAT6A858,2085M31G03,PAT07R83,4026843,RG95801-1
190363237,72-00,M73-82,#1,2085M31G03,PAT6A862,2085M31G03,PSDNG502,4026810,RH04032-1
190363237,72-00,M73-82,#1,2085M31G03,PAT6A859,2085M31G03,PAT63J93,4026834,RG97781-1
190363237,72-00,M73-82,#1,2085M31G03,PAT6A857,2085M31G03,PAT4G817,4026831,RG97982-1
190363237,72-00,M73-82,#1,2085M31G03,PAT2C291,2085M31G03,PSDMJ087,4026822,RG90282-1
190363237,72-00,M73-82,#1,2085M31G03,PAT6A856,2085M31G03,PSDNF450,4026838,RG97722-1
55434195,25-31,M73-82,GALLEY 4,62197-301-001,21-02-0082,62197-301-001,21-03-0009,3898123,KAV0525010
55459263,25-00,M73-82,FWD,8201-11-0000-01,21-01-0256,8201-11-0000,02-10-18288,3980461,PAV11813
191046010,23-00,B737-8,AFT,285W0024-1B,D10410,285W0024-1M,F48248,4189842,ARC175505
190535640,23-00,B737-8,AFT CAB,285W0024-1B,D14555,285W0024-1B,F63411,4022603,10928
190093469,23-00,B737-8,FL DK,5145-1-82,19622,5145-1-82,18619,4025806,PAV12431
55100402,27-00,B737-8,FIN,0851HT1,294350,0851HT2,465305,3774638,467971
55302102,25-31,M73-82,GALLEY G1,62197-301-001,16-01-0186,62197-301-001,17-06-0372,4145927,WAV1430
190434212,73-00,M73-82,#2,2085M31G03,PAT4G712,2085M31G03,PAT50J08,3987505,RF62987-1
190434212,73-00,M73-82,#2,2085M31G03,PAT4G713,2085M31G03,PAT07R53,3988050,RG64118-1
190434212,73-00,M73-82,#2,2085M31G03,PAT4G719,2085M31G03,PAT15R39,3998796,RG75233-1
190434212,73-00,M73-82,#2,2085M31G03,PAT4G714,2085M31G03,PSDKY992,3998800,RG82552-1
190434212,73-00,M73-82,#2,2085M31G03,PAT4G720,2085M31G03,PSDKP892,3998803,RG71942-1
190434212,73-00,M73-82,#2,2085M31G03,PAT4G721,2085M31G03,PAT14C68,3999113,RG75217-1
190434212,73-00,M73-82,#2,2085M31G03,PAT4G812,2085M31G03,PAT37T56,3998482,RG82412-1
190434212,73-00,M73-82,#2,2085M31G03,PAT4G817,2085M31G03,PAT17E79,3987523,RD50026-1
190434212,73-00,M73-82,#2,2085M31G03,PAT4G818,2085M31G03,PAT4C064,3965678,RE99264-1
190434212,73-00,M73-82,#2,2085M31G03,PAT4G813,2085M31G03,PAT29F14,3998805,RG66262-1
190434212,73-00,M73-82,#2,2085M31G03,PAT4G814,2085M31G03,PSDMH919,3987517,RF74033-1
190434212,73-00,M73-82,#2,2085M31G03,PAT4G819,2085M31G03,PAT74C35,3987520,RD85894-1
190434212,73-00,M73-82,#2,2085M31G03,PAT4G820,2085M31G03,PAT23F77,3987479,RG17873-1
190434212,73-00,M73-82,#2,2085M31G03,PAT4G815,2085M31G03,PSDNE645,3987503,RG67697-1
190434212,73-00,M73-82,#2,2085M31G03,PAT4G816,2085M31G03,PAT37T19,3987512,RF21862-1
190434212,73-00,M73-82,#2,2085M31G03,PAT4G821,2085M31G03,PAT12R12,3987531,RF82345-1
190434212,73-00,M73-82,#2,2085M31G03,PAT4G715,2085M31G03,PAT8G019,3999116,RG81183-1
14085814,25-00,B737-8,GALLEY G1,62197-301-001,23-04-0050,62197-301-001,14-12-7218,3970674,1433045
41930992,33-00,B737-8,#22 LH,9651-35-0002,24890,9651-35-0002,18152,3916466,151677
55381049,33-00,M73-82,CAB,9651-35-0002,53062,9651-35-0002,74431,3915374,04692411
55378478,25-32,M73-82,GALLEY G4,62197-301-001,21-11-0705,62197-301-001,17-06-0377,3813219,KAV0225014
55359095,25-32,M73-82,AFT GALLEY,62197-301-001,21-02-0126,62197-301-001,16-02-0201,4008182,PAV12250
190597958,23-00,B737-8,AFT CAB,285W0024-1B,D12573,285W0024-1M,F52912,4018078,162120
190561464,33-21,B737-8,PAX CAB,9651-35-0005,50702,9651-35-0005,64056,3947514,20110596
42121323,33-00,M73-82,CABIN,9651-35-0005,59830,9651-35-0005,33698,3949777,ARC154607
55664977,25-31,B737-8,AFT LH,8201-11-0000-01,22-03-0155,8201-11-0000,07-08-24169,4051093,KAV0126012
55299680,34-00,M73-82,CAPT,0851HT1,391085,0851HT2,461517,3781397,11978748
190502491,33-21,M73-82,14DEF,,,9651-35-0005,36960,4189999,ARC175614
55636982,25-00,B737-8,AFT,8201-11-0000,07-09-24218,8201-11-0000-01,09-12-27995,3756036,1200820
55060848,23-00,B737-8,2RN1,5145-1-82,16206,5145-1-82,16206,4024926,PAV12415
55377830,33-00,M73-82,CABIN,9651-35-0002,34338,9651-35-0002,73492,3878774,20100047-1.000
55703981,33-00,B737-8,22DEF,9651-35-0002,24351,9651-35-0002,38978,4037572,163728
41477860,25-33,B737-8,AFT,62197-301-001,22-01-0394,62197-301-001,23-05-0227,3835617,PAV10184
190775803,33-00,B737-8,RH,45-0351-4,3252,45-0351-4,4703,3911458,PAV10923
107059684,33-00,M73-82,CABIN,9651-35-0003,21462,9651-35-0003,7536,4183988,175101
53863245,25-00,B737-8,FWD,62197-301-001,21-02-0167,62197-301-001,23-05-0225,4015514,WAV1008
191335117,38-00,B737-8,LAV A,SC4L500301-5,171187522-009,SC4L500301-5,175638526-010,4209944,E-6260998
191390859,25-00,B737-8,FWDGALLY,62197-301-001,14-09-7021,72184025,4205,4130190,SAV898
55310481,33-21,M73-82,16ABC,9651-35-0005,37999,9651-35-0005,66718,4112679,20181309-1
41420672,23-42,B737-8,FWD,285W0024-1B,D23808,285W0024-1B,D19673,4190219,ARC175967
190488992,25-00,M73-82,AFT GALLEY,62197-301-001,21-11-0684,62197-301-001,17-01-0345,4095329,PAV13477
190647934,25-35,B737-8,FWD,72184025,N12031146044852,72184025,4108,4085212,KAV0326056
190507994,26-00,B737-8,FWD,473597-5,26790,473597-5,SJA6300,3946372,0000012781160
191334109,33-21,B737-8,4 RH,9651-35-0002,33451,9651-35-0002,61164,4213823,47000139
191390823,33-21,B737-8,CABIN,9651-35-0005,49043,9651-35-0005,37963,4183973,175044
42175680,33-21,M73-82,ROW 21,9651-35-0002,62170,9651-35-0002,53213,3760121,80899
55520305,25-00,B737-8,AFT,72184025,N09120052044575,72184025,N10100892044734,4063763,KAV0126065
55371032,33-21,M73-82,26 DEF,9651-35-0004,24521,9651-35-0004,18495,4019650,ARC161769
42210359,33-00,M73-82,RH,9651-35-0005,66718,9651-35-0005,61329,4072607,20167329
42120078,33-21,M73-82,CABIN,9651-35-0002,50648,9651-35-0002,18852,3949633,ARC155167
190122845,34-00,B737-8,RH,0851HT1,358643,0851HT2,459595,3753621,407357887
55321176,25-32,M73-82,G1,8201-11-0000-01,16-01-37105,8201-11-0000-01,21-01-0229,3795496,PAV9537
190493765,25-00,M73-82,GALLEY G1,8201-11-0000-01,22-02-0627,8201-11-0000,06-12-22970,3249278,L-3249278
106002969,36-00,B737-8,#2,107492-6,20400,107492-6,10338,3971383,353892939
106002969,36-00,B737-8,#2,107484-7,19891,107484-7,10989,4007999,354605711
106002969,36-00,B737-8,#2,3214446-4,13499,3214446-4,11520,4059539,354923008
106002969,36-00,B737-8,#2,63292146-1,5161,63292146-1,3286,3960346,4260567
55355997,25-00,M73-82,GALLEY G4,8201-11-0000,08-02-24826,8201-11-0000,04-07-20159,3596429,1090594
55164330,38-00,B737-8,LAV D,14330-230,ZSK501,14330-230,17738,3753652,1084450
190553426,33-21,B737-8,ROW 2 RH,9651-35-0004,18728,9651-35-0004,11798,3877515,147525
190610891,36-00,B737-8,#2,107484-7,19526,107484-7,9443,4182906,356310972
55127518,23-00,B737-8,FL DK,5145-1-82,14516,5145-1-82,24983,3854017,T335458
191474110,23-51,B737-8,CAPT,5145-1-82,17357,5145-1-82,16669,4188757,PAV14574
55354986,33-21,M73-82,25 ABC,9651-35-0003,16546,9651-35-0003,10167,3861007,ARC145938
190548655,72-00,B737-8,#1,340-001-036-0,DM129104,340-001-038-0,DM130187,4000194,5102311000
191071871,35-00,B737-8,LH,72605363-1,7590,72605363-1,4874,4103485,0652
190584513,33-21,B737-8,6DEF,9651-35-0002,23636,9651-35-0002,16078,3890631,148952
40388613,25-00,B737-8,AFT,8201-11-0000-01,16-01-37092,8201-11-0000,07-08-24016,3609486,1106199
40877146,25-00,B737-8,AFT GALLEY,8201-11-0000-01,11-02-29735,8201-11-0000-01,16-11-38221,3851019,KAV0425037
42161218,25-31,M73-82,GALLEY 4,8201-11-0000-01,16-12-38293,8201-11-0000,07-10-24295,4001263,PAV12096
190162514,26-16,B737-8,FWD,473597-5,24985,473597-5,SJA7048,3838345,R549833
40723187,33-20,B737-8,27DEF,9651-35-0005,33340,9651-35-0005,65020,3716243,20075011
40723187,33-20,B737-8,12DEF,9651-35-0005,27651,9651-35-0005,31210,3930869,153213
101892795,33-10,M73-82,22 DEF,9651-35-0002,67697,9651-35-0002,30450,3763414,136740
101892795,33-10,M73-82,32 R/H,9651-35-0005,61121,9651-35-0005,52078,3736240,ARC134291
191133744,33-00,M73-82,RH,72605363-1,6196,72605363-1,4883,4063542,355424987
191350786,38-00,B737-8,FWD,SC4L500301-5,11451770-006,SC4L500301-4,1606801,4060724,E-6074532
190608517,33-00,B737-8,7DEF,9651-35-0002,33729,9651-35-0002,69994,3836457,3567
190673144,25-00,B737-8,AFT RH,8201-11-0000-01,17-01-38345,8201-11-0000-01,10-07-29062,4081632,PAV13279
53864190,72-00,B737-8,#2,340-001-038-0,BC348497,340-001-038-0,PC636041,4017558,1700
53864190,72-00,B737-8,#2,340-001-038-0,BC348440,340-001-038-0,DM000802,4033933,713001
55433759,23-00,M73-82,FWD CAB,285W0024-1B,D21980,285W0024-1B,D14107,3792391,139707
55162446,25-31,B737-8,FWDGALLY,62197-301-001,15-10-8024,72184025,N11070873044815,3828892,PAV10094
55069337,23-51,B737-8,FL DK,5145-1-82,11975,5145-1-82,15918,3988604,PAV11920
40255678,25-00,B737-8,AFTGALLY,62197-301-001,15-07-7756,62197-301-001,18-01-1107,4028178,WAV1045
190262786,26-16,B737-8,FWD,473597-5,36790,473597-5,SJE1350,3908293,408095
190262786,26-16,B737-8,FWD,473597-5,36783,473597-5,SJB6887,3902399,R550827
55405737,33-21,M73-82,RH,9651-35-0003,15425,9651-35-0003,15354,4012716,20135641
191122984,33-00,M73-82,25 DEF,9651-35-0003,10279,9651-35-0003,6576,3945606,ARC154322
190698908,38-32,B737-8,FWD,14330-230,8580,14330-230,7618,3969118,1164347
20265183,33-21,B737-8,18 DEF,9651-35-0002,34850,9651-35-0002,61169,4016051,20140941
191131277,33-00,M73-82,18DEF,9651-35-0002,52101,9651-35-0002,33732,4206413,ARC176964
42034310,33-21,B737-8,29 LH,9651-35-0005,51624,9651-35-0005,66220,4037058,20152061
190589487,33-21,B737-8,22ABC,9651-35-0002,18726,9651-35-0002,64829,3992842,20121817
190294373,33-20,M73-82,CABIN,,,9651-35-0002,22494,3892813,149337
190294373,33-20,M73-82,CABIN,9651-35-0002,74592,,,9545495,
41931736,38-00,B737-8,LAV A,14330-230,34392,14330-230,28550,3867308,1120717
41966030,33-00,B737-8,6 DEF,9651-35-0002,55044,9651-35-0002,39229,3799515,ARC139145
190224242,25-00,B737-8,FWDGALLY,72184025,N09070384044555,72184025,4086,3674627,1163867
191128402,33-00,M73-82,CABIN,9651-35-0005,21281,9651-35-0005,24936,4166947,ARC173830
55371488,33-21,M73-82,CABIN,9651-35-0003,15070,9651-35-0003,6615,3934650,ARC153360
55401466,33-00,M73-82,LH,72605363-1,5934,72605363-1,4981,4008991,4837998
55448624,25-32,M73-82,GALLEY G4,62197-301-001,16-11-0298,62197-301-001,23-06-0207,4032287,WAV1059
190181737,33-00,B737-8,LH,72605363-1,2931,72605363-1,2949,4012816,354907613
190481081,25-00,M73-82,GALLEY G1,8201-11-0000,07-09-24233,8201-11-0000-01,17-12-40025,3917233,KAV0725005
191235958,33-42,M73-82,RH,72605363-1,5502,72605363-1,5770,3984054,354545928
55689525,33-42,B737-8,RH,45-0351-4,5547,45-0351-4,3700,3925448,1389904
35048423,33-00,B737-8,22DEF,9651-35-0002,30139,9651-35-0002,34761,3940985,ARC154211
190123623,23-51,B737-8,CPT,5145-1-82,13362,5145-1-82,16268,3941154,PAV11216
41430864,25-30,B737-8,AFT LH,72184025,4401,62197-301-001,21-02-0101,3774651,PAV9176
25730457,33-21,B737-8,24ABC,9651-35-0003,11517,9651-35-0003,11561,3758391,136437
41489895,05-00,B737-8,AFT,473597-5,56966,473597-5,SJA4786,3878080,R550440
42074469,33-00,M73-82,RH INBD,72500454-004,00681,72500410-4,13732,3986129,354547975
42074469,33-00,M73-82,RH,72605363-1,9274,72605363-1,2298,4041268,355248294
190322641,73-00,M73-82,#2,2085M31G03,PSDNE839,2085M31G03,PAT25T86,3959349,RG51817-1
40384813,38-32,B737-8,LAV D,14330-230,7151,14330-230,ZSK428,3826415,1110264
42133691,25-00,M73-82,GALLEY G4,8201-11-0000,04-12-20663,8201-11-0000-01,17-11-39511,4132541,PAV13916
190697563,33-20,B737-8,5DEF,9651-35-0002,30056,9651-35-0002,53468,4078815,167506
55701906,26-16,B737-8,AFT,473597-5,SJB0991,473597-5,SJA4552,3920884,63488
191454983,25-00,B737-8,FWDGALLY,62197-301-001,15-12-0149,62197-301-001,17-11-0446,4102054,WAV1304
190507639,33-00,B737-8,25 RH,9651-35-0004,12013,9651-35-0004,10779,3836513,43456
190000784,25-00,B737-8,AFT,72184025,4146,72184025,N10120152044751,3825555,WAV339
55695549,23-42,B737-8,FWD CAB,285W0024-1B,F37580,285W0024-23B,F64291,4144620,MEH-E
42131089,25-00,M73-82,AFT LH,62197-301-001,23-05-0340,62197-301-001,17-12-0419,3976633,1437594
102559366,36-11,B737-8,#2,107484-7,11287,107484-7,18484,3812339,7017
55408251,25-20,M73-82,GALLEY G1,8201-11-0000-01,23-07-0431,8201-11-0000-01,09-03-26646,3715806,RA367
35090249,25-31,B737-8,AFTGALLY,62197-301-001,16-01-0180,62197-301-001,17-07-0389,3824804,WAV337
190234388,23-00,B737-8,F/O,5145-1-82,23819,5145-1-82,15670,4053794,PAV12885
191019378,38-00,B737-8,CABIN,14330-230,25557,14330-230,ZSK699,4167473,0000076282
190469946,33-42,M73-82,LH,72605363-1,4774,72605363-1,4151,3997690,354691151
190483083,33-00,M73-82,CABIN,9651-35-0004,18483,9651-35-0004,8599,3861068,ARC146073
55610619,25-30,B737-8,GALLEY,62197-301-001,18-01-0428,62197-301-001,14-07-6900,3785133,1263908
55456609,73-00,M73-82,#1,2085M31G03,PAT03F40,2085M31G03,PAT63E68,3819481,RD81372-1
55456609,73-00,M73-82,#1,2085M31G03,PAT25T84,2085M31G03,PSDMA408,3819448,RF34850-1
190615046,33-21,B737-8,7DEF,9651-35-0005,16390,9651-35-0005,33506,3844866,ARC144816
55592441,33-00,B737-8,CABIN,9651-35-0004,11870,9651-35-0004,7801,3456233,104911
191432838,33-00,B737-8,04ABC,9651-35-0002,29991,9651-35-0002,53816,4234483,ARC179518
42148734,33-00,M73-82,10 ABC,9651-35-0003,14658,9651-35-0003,10048,3740799,ARC134676
190136449,33-21,B737-8,9ABC,9651-35-0003,11839,9651-35-0003,5005,4148888,172422
191400965,33-21,B737-8,2ABC,9651-35-0005,31219,9651-35-0005,33344,4183979,175059
35099984,33-00,B737-8,CABIN,9651-35-0002,24242,9651-35-0002,53419,4015552,30138251
190730167,25-00,B737-8,FWDGALLY,8201-11-0000,07-01-23108,8201-11-0000-01,09-12-27996,3682372,1175192
190285784,25-00,M73-82,FWD,62197-301-001,23-09-0094,62197-301-001,16-07-0236,3898124,KAV0525042
191465125,25-00,B737-8,AFTGALLY,8201-11-0000,07-12-24548,8201-11-0000-01,09-03-26639,3963071,KAV0925019
191328452,23-00,B737-8,#2,5145-1-82,13471,5145-1-82,12540,4174210,PAV14382
190771440,25-35,B737-8,AFTGALLY,8201-11-0000,06-12-22982,8201-11-0000-01,21-11-0161,3793344,1272243
190395336,25-00,M73-82,G1,8201-11-0000-01,21-04-0055,8201-11-0000-01,22-03-0159,3864106,PAV10490
191353483,33-00,B737-8,#12 RH,9651-35-0005,16219,9651-35-0005,42682,4091624,ARC168439
104992162,36-11,B737-8,#2,107484-7,8845,107484-7,18722,3979692,4498125
55650742,33-20,B737-8,LH,9651-35-0005,32660,9651-35-0005,72021,3858147,20096511
55381684,23-00,M73-82,AFT CAB,285W0024-1B,D13002,285W0024-1B,F63188,3979850,08741
190013908,25-00,B737-8,CABIN,8201-11-0000-01,17-01-38343,8201-11-0000-01,16-06-37687,4094643,KAV0226032
55304275,73-00,M73-82,#2,2085M31G03,PSDNE548,2085M31G03,PAT71F55,4102462,RH60188-1
55304275,73-00,M73-82,#2,2085M31G03,PSDNE545,2085M31G03,PAT4C502,4102466,RH60980-1
55507420,26-00,B737-8,AFT,473597-5,26952,473597-5,37362,3941275,R551208
55301596,33-21,M73-82,9 DEF,9651-35-0003,20813,9651-35-0003,9601,3597833,ARC119982
55430682,25-00,M73-82,GALLEY G4,62197-301-001,23-05-0406,62197-301-001,21-02-0156,3779528,T11662
191400896,33-00,B737-8,9DEF,9651-35-0003,5264,9651-35-0003,5338,4173731,ARC173856
190455243,33-21,M73-82,19ABC,9651-35-0002,56609,9651-35-0002,54341,3980009,20120930
107377914,36-00,B737-8,#1,3214446-4,19621,3214446-4,6657,4219566,356378758
107377914,36-00,B737-8,#1,107484-7,19867,107484-7,19222,4101353,5627494
55583666,23-00,B737-8,AFT,285W0024-1B,D13054,285W0024-1M,F43994,3716863,132305
190491895,25-00,M73-82,G1,8201-11-0000,07-09-24218,8201-11-0000,06-12-22987,3851037,KAV0425038
55126540,23-00,B737-8,CABIN,285W0024-1B,F23946,285W0024-1B,F37737,3857302,ARC145808
55447885,33-21,M73-82,24ABC,9651-35-0002,39104,9651-35-0002,36176,4061396,ARC165952
190886397,25-00,B737-8,AFTGALLY,72184025,N10090457044711,72184025,N09050467044519,4177186,WAV1487
55137267,23-51,B737-8,FL DK,5145-1-82,18531,5145-1-88,28592,3822685,PAV9989
55252115,33-00,B737-8,CABIN,9651-35-0005,50040,9651-35-0005,38301,3794018,ARC138967
42028190,33-00,B737-8,6ABC,9651-35-0002,35337,9651-35-0002,33071,3767102,ARC137202
190515734,26-00,B737-8,AFT,473597-5,SJA6087,473597-5,SJA5448,3964568,12876243
55351880,25-00,M73-82,GALLEY G4,62197-301-001,21-02-0167,62197-301-001,16-06-0216,3820762,1297758
190290824,25-00,M73-82,AFT GALLEY,8201-11-0000-01,23-07-0107,8201-11-0000-01,18-10-0447,3575241,S23/3259H-1
191325819,33-21,B737-8,#27 RH,9651-35-0005,22983,9651-35-0005,49511,4203356,ARC176430
190314497,25-00,M73-82,002 AFT GALLEY,62197-301-001,23-06-0198,62197-301-001,22-12-0353,4015719,PAV12348
190246173,36-00,B737-8,#1,107484-7,17738,107484-7,10231,3947171,4120289
190526307,36-11,B737-8,#2,107484-7,18762,107484-7,10825,3839624,352852164
55272049,26-00,B737-8,AFT,473597-5,19942A,473597-5,54329,3748698,R548413-6
55458537,38-11,M73-82,LAVU-OUTBD,SC4L500301-5,173056430-007,SC4L500301-4,1606758,4060692,E-6074532
55059467,25-00,B737-8,AFT LH,72184025,4055,72184025,4401,3689166,1180552
190226103,25-30,B737-8,FWDGALLY,8201-11-0000,07-08-24019,8201-11-0000-01,09-12-28004,3666516,1127297
190129074,23-00,B737-8,CAPT,5145-1-82,10956,5145-1-82,14369,3932379,PAV11097
53860464,25-31,B737-8,AFT GALLEY,8201-11-0000,03-03-18849,8201-11-0000,07-09-24240,4002185,PAV12134
190290010,33-00,M73-82,6 ABC,9651-35-0002,38792,9651-35-0002,66418,3926050,20107173
191523784,33-21,B737-8,21DEF,9651-35-0002,59579,9651-35-0002,54335,4234250,ARC179561
190363049,25-00,M73-82,AFTGALLY,62197-301-001,22-12-0354,62197-301-001,22-02-0466,4083311,SAV833
104252414,36-11,B737-8,#2,3214552-5,8545,3214552-6,19247,3909636,352661559
104252414,36-11,B737-8,#2,3202222-1,17114,3202222-1,3791,3746323,659032
104252414,36-11,B737-8,#2,107484-7,10419,107484-7,9459,3929011,353964544
107131923,36-00,B737-8,#1,107484-7,19183,107484-7,8494,4184567,355151356
190458260,25-32,M73-82,GALLEY G4,62197-301-001,15-10-8016,62197-301-001,18-07-0586,4053124,WAV1123
105206639,36-00,B737-8,#2,107484-7,11214,107484-7,10235,3995607,10170
190246354,36-11,B737-8,#1,107484-7,16462,107484-7,18130,3999562,4776840
191269784,33-00,M73-82,#30 RH,9651-35-0005,61329,9651-35-0005,17859,4037526,163822
191126415,25-00,M73-82,GALLEY 4,8201-11-0000-01,16-12-38300,8201-11-0000,05-08-21364,4207300,PAV14817
190564060,25-00,B737-8,FWDGALLY,72184025,N12061894044872,72184025,N11060387044791,3945399,WAV736
190914942,34-11,B737-8,F/O,0851HT1,435021,0851HT2,468347,3820653,407709879
26233820,72-00,B737-8,#2,340-001-038-0,PA573416,340-001-038-0,DC975619,3997467,2003001
190048105,23-51,B737-8,FL DK,5145-1-82,17107,5145-1-82,12451,3774188,PAV9172
191470950,33-00,B737-8,5DEF,9651-35-0002,39262,9651-35-0002,25334,4190229,ARC175930
42148664,33-00,M73-82,CABIN,9651-35-0002,40011,9651-35-0002,24551,3990155,159274
55484219,25-00,M73-82,G1,8201-11-0000,04-12-20653,8201-11-0000-01,15-12-37026,3960788,KAV0925008
55513241,33-00,B737-8,7 ABC,9651-35-0002,17709,9651-35-0002,17296,3794634,ARC138680
190547844,25-00,B737-8,AFTGALLY,62197-301-001,16-08-0256,62197-301-001,22-01-0385,4037417,WAV1061
190597418,33-00,B737-8,CABIN,9651-35-0005,17473,9651-35-0005,49043,4001740,160107
190446736,33-20,M73-82,12DEF,9651-35-0005,60625,9651-35-0005,71360,3907778,20104211
190071360,36-00,B737-8,#1,3214446-4,18204,3214446-4,11495,3840616,352464444
190071360,36-00,B737-8,#1,107484-7,6317,107484-7,16631,3848510,352735436
35096245,33-21,B737-8,ROW 11,9651-35-0004,16964,9651-35-0004,8731,3861008,ARC146108
41360233,23-00,B737-8,FL DK,5145-1-82,8617,5145-1-82,15022,3944162,PAV11267
190577341,25-00,B737-8,FWDGALLY,62197-301-001,16-10-0273,62197-301-001,23-04-0107,4015484,SAV721
190280936,25-00,M73-82,GALLEY G4,8201-11-0000-01,21-01-0295,8201-11-0000,04-12-20657,3818911,KAV0225059
35087310,33-21,B737-8,12 ABC,9651-35-0005,17649,9651-35-0005,49721,4086690,20176495
190362769,38-11,M73-82,LAV A,SC4L500301-5,11304658-002,SC4L500301-4,1606786,4060711,E-6074532
55640789,33-21,B737-8,8DEF,9651-35-0002,26115,9651-35-0002,38792,4073356,ARC166755
191455342,33-21,B737-8,12 DEF,9651-35-0005,22171,9651-35-0005,23963,4121738,ARC170307
190569925,33-00,B737-8,CABIN,9651-35-0005,20943,9651-35-0005,33657,3867364,146620
55059340,23-51,B737-8,CAPT,5145-1-82,13566,5145-1-82,15674,3765838,T331529
190050956,23-00,B737-8,FL DK,5145-1-82,17227,5145-1-82,11060,3803878,1281113
191335055,25-00,B737-8,AFT,285W0024-1B,F27658,285W0024-1B,F25717,4207766,176990
55250082,25-31,B737-8,FWD,62197-301-001,21-02-0101,62197-301-001,16-08-0258,3959090,1423522
190061892,38-32,B737-8,LAV A,14330-230,20702,14330-230,5135980,3979175,1163599
40384768,25-00,B737-8,FWDGALLY,72184025,4407,72184025,4370,3749410,SAV401
191481387,33-21,B737-8,31DEF,9651-35-0005,16254,9651-35-0005,16782,4145146,ARC172100
980011409,26-16,B737-8,AFT,473597-5,65922,473597-5,36724,4183743,
191403497,25-31,B737-8,AFT,8201-11-0000,04-08-20257,8201-11-0000-01,09-03-26652,4145807,KAV0526008
55620169,72-21,B737-8,#1,340-001-038-0,DM167345,340-001-036-0,PF515207,3991240,1160321
55613166,23-51,B737-8,FL DK,5145-1-82,16291,5145-1-88,25733,4093134,PAV13450
190461576,25-30,M73-82,GALLEY G4,8201-11-0000-01,21-11-0952,8201-11-0000,04-12-20650,3878214,1347433
55138842,25-00,B737-8,FWDGALLY,72184025,4370,72184025,N10100895044737,3830643,KAV0325010
190014170,25-00,B737-8,FWDGALLY,72184025,4262,72184025,4108,4192435,WAV1539
191129630,33-21,M73-82,21 DEF,9651-35-0002,70895,9651-35-0002,35347,4128914,170916
55404792,33-21,M73-82,ROW 5  RH,9651-35-0002,62196,9651-35-0002,53823,3975289,157318
106505753,33-00,M73-82,CABIN,9651-35-0004,17564,9651-35-0004,9261,4101919,ARC168982
190619287,33-21,B737-8,CAB,9651-35-0004,6754,9651-35-0004,18504,4173726,ARC174047
55628963,33-42,B737-8,LH,72605363-1,5507,72605363-1,5133,3835152,0784
41987154,26-00,B737-8,FWD,473597-5,38191,473597-5,20326A,3920773,R551139
190119597,25-00,B737-8,RH AFT,8201-11-0000,05-08-21363,8201-11-0000-01,11-02-29759,3868937,PAV10551
190238362,38-32,B737-8,AFT RH,14330-230,10360,14330-230,41322,3930224,510108
190437095,73-00,M73-82,#2,2085M31G03,PAT8G129,2085M31G03,PSDNK155,3957754,TCA25A-00657
55563179,33-00,B737-8,28 ABC,9651-35-0005,21965,9651-35-0005,17426,3795848,140063
190604702,33-00,B737-8,CABIN,9651-35-0002,29998,9651-35-0002,24713,3940981,ARC154215
190539295,38-32,B737-8,LAV A,14330-230,16583,14330-230,22625,4015619,1176420
191353333,33-21,B737-8,5 DEF,9651-35-0002,33014,9651-35-0002,17771,4084625,7610
41931691,33-00,B737-8,31ABC,9651-35-0005,17060,9651-35-0005,31304,3861067,ARC145964
55278578,33-21,M73-82,16 LH,9651-35-0005,57357,9651-35-0005,24223,3758389,136606
190346265,33-46,M73-82,LH,72605363-1,6440,72605363-1,0625,3993040,354632173
190338665,33-21,M73-82,29DEF,9651-35-0005,67372,9651-35-0005,63560,4199267,20258427-01
190274884,23-00,B737-8,#1,5145-1-82,23819,5145-1-82,15813,3920363,PAV11015
190110436,33-00,B737-8,RH,45-0351-4,5193,45-0351-4,5272,4002204,PAV12041
55100689,25-00,B737-8,FWDGALLY,62197-301-001,16-02-0214,72184025,4130,3697397,1188704
55041295,72-00,B737-8,#1,340-001-038-0,DE806164,340-001-038-0,DM164586,4051101,R25120524001
55041295,72-00,B737-8,#1,340-001-038-0,DE806120,340-001-038-0,DM164440,4051173,R25120419000
55041295,72-00,B737-8,#1,340-001-038-0,DE809066,340-001-038-0,DM164474,4051154,R25120527000
55041295,72-00,B737-8,#1,340-001-038-0,DE804543,340-001-038-0,DM164677,4051107,R25120528000
190589344,25-00,B737-8,AFTGALLY,62197-301-001,15-03-7401,62197-301-001,17-12-0466,4000092,PAV11991
190533025,33-00,B737-8,21DEF,9651-35-0002,53517,9651-35-0002,16933,3907561,150434
190834761,25-00,B737-8,#4,8201-11-0000-01,16-01-37100,8201-11-0000-01,19-11-0417,4130693,PAV13890
190011653,23-51,B737-8,FL DK,5145-1-82,12431,5145-1-82,16697,3780450,PAV9257
190471774,25-32,M73-82,FWD,62197-301-001,17-07-0388,62197-301-001,23-09-0089,4115618,KAV0426015
40461329,25-00,B737-8,AFTGALLY,62197-301-001,17-12-0412,62197-301-001,23-04-0050,4063538,WAV1161
55481483,30-00,M73-82,CAPT,0851HT1,444796,0851HT2,464745,3763856,6332
191314591,33-21,B737-8,9DEF,9651-35-0003,10531,9651-35-0003,15347,4148443,172300
190739605,25-33,B737-8,AFTGALLY,62197-301-001,21-08-0088,62197-301-001,17-11-0451,4048659,WAV1104
55664848,33-40,B737-8,RH,72605363-1,0912,72605363-1,2202,4114893,355853737
55071814,25-00,B737-8,G1,62197-301-001,16-02-0194,62197-301-001,19-06-0033,3966583,PAV11654
190886163,25-00,B737-8,AFTGALLY,62197-301-001,15-12-0159,62197-301-001,16-01-0186,4198753,WAV1563
190361230,33-21,M73-82,2ABC,9651-35-0005,51397,9651-35-0005,31343,3949764,ARC155187
191479909,33-00,B737-8,CAB,9651-35-0004,6690,9651-35-0004,19252,4078126,20167765-1
41632650,23-00,B737-8,FWD CAB,285W0024-1B,F45137,285W0024-1B,F47867,4140476,ARC171800
191133448,33-21,M73-82,5ABC,9651-35-0002,50190,9651-35-0002,34349,4117262,ARC169999
190250166,34-00,B737-8,RH,0851HT1,402264,0851HT1,430252,3898016,12545052
55069633,27-31,B737-8,FIN,0851HT1,278406,0851HT2,466395,3814340,407648560
55167781,25-00,B737-8,FWD GALLEY,72184025,4023,72184025,N09060320044544,3718405,1210740
191532394,33-00,B737-8,33 ABC,9651-35-0000,5247,9651-35-0000,5249,4149340,172332
191532394,33-00,B737-8,18ABC,9651-35-0002,67166,9651-35-0002,53959,4179428,ARC174690
55536248,23-44,B737-8,AFT CAB,285W0024-1B,F52408,285W0024-1M,F52791,3788859,139072
190234796,25-00,B737-8,FWDGALLY,8201-11-0000-01,16-06-37694,8201-11-0000,05-10-21309,3841173,KAV0225068
190426869,33-21,M73-82,22DEF,9651-35-0002,53118,9651-35-0002,80108,3840191,72505
191125163,23-42,M73-82,AFT CAB,285W0024-1B,D22465,285W0024-1M,F39784,4189849,ARC175503
55526980,25-00,B737-8,FWDGALLY,72184025,N10100880044722,62197-301-001,22-01-0404,3871452,1341820
55301732,25-35,M73-82,GALLEY G4,62197-301-001,14-12-7216,62197-301-001,16-07-0241,3996329,PAV12026
190462039,25-32,M73-82,GALLEY G1,62197-301-001,21-02-0300,62197-301-001,23-06-0203,3885359,PAV10715
190520706,25-00,B737-8,FWDGALLY,8201-11-0000,07-12-24524,8201-11-0000-01,23-09-0236,3561380,1056811
190493879,25-00,M73-82,FWD GALLEY,62197-301-001,21-03-0005,62197-301-001,16-08-0254,3987441,SAV664
35088478,33-21,B737-8,31 DEF,9651-35-0005,33674,9651-35-0005,18172,3716705,132486
55097284,38-00,B737-8,AFT LH,14330-230,10807,14330-230,11133,4141478,0000069410
190391521,33-21,M73-82,25ABC,9651-35-0003,6727,9651-35-0003,11563,3794545,ARC138572
190295370,25-33,M73-82,GALLEY G4,62197-301-001,17-06-0378,62197-301-001,17-01-0359,3865670,KAV0525028
190061262,25-36,B737-8,AFT CAB,8201-11-0000-01,21-10-0528,8201-11-0000-01,23-04-0139,3429372,S23/2386H-1
41576926,26-16,B737-8,AFT,473597-5,SJB0710,473597-5,SJA6358,3987159,R552175-64327
55327931,33-21,M73-82,CAB,9651-35-0005,63693,9651-35-0005,62783,3752830,20080829-1.000
190081554,25-00,B737-8,GALLEY 1 FWD,72184025,4047,72184025,4317,4009343,WAV998
190738679,26-16,B737-8,AFT,473597-5,SJB6600,473597-5,37060,3935184,63603
190603550,33-21,B737-8,25 DEF,9651-35-0004,12329,9651-35-0004,18278,3706361,20072643
190546474,38-32,B737-8,AFT RH,14330-230,14412,14330-230,21544,3921968,0001143012
190665963,25-37,B737-8,AFTGALLY,8201-11-0000,04-12-20663,8201-11-0000-01,10-02-28240,3872882,KAV0425019
190250251,33-40,B737-8,RH,45-0351-4,2188,45-0351-4,6102,4116569,PAV13686
55091359,38-00,B737-8,CABIN,14330-230,18668,14330-230,ZSK231,3902562,1132380
190466899,33-42,M73-82,RH,72605363-1,6295,72605363-1,4981,3923270,LOCREL_25.563
191422872,25-33,B737-8,AFT GALLEY,62197-301-001,26-02-0597,72184025,3031,4110338,KAV0426002
190623059,33-21,B737-8,25DEF,9651-35-0004,18728,9651-35-0004,6204,3979050,ARC157692
190655916,33-21,B737-8,20ABC,9651-35-0002,31445,9651-35-0002,50342,3942864,20107708
191320485,25-00,B737-8,AFT GALLEY,62197-301-001,23-06-0214,62197-301-001,18-01-1108,4222998,WAV1653
190426184,33-21,M73-82,22DEF,9651-35-0002,66147,9651-35-0002,46972,4173670,ARC173985
190245439,33-42,B737-8,RH,45-0351-4,5967,45-0351-4,1946,4026296,PAV12444
191169796,33-00,M73-82,CABIN,,,9651-35-0003,20412,4167054,20227183-1
190862128,25-37,B737-8,#4,8201-11-0000,07-08-24019,8201-11-0000-01,22-02-0624,3186335,S22/0372H-1
103580983,36-00,B737-8,#1,3214552-6,16156,3214552-6,17661,3879755,3173221
103580983,36-00,B737-8,#1,3214446-4,16185,3214446-4,18555,3860211,352696656
103580983,36-00,B737-8,#1,107484-7,13216,107484-7,18384,3871835,353187052
103580983,36-00,B737-8,#1,63292146-1,5786,63292146-1,3009,3854333,2809325
42169500,33-21,M73-82,CABIN,9651-35-0005,50671,9651-35-0005,1852,4026636,ARC162714
41338439,33-00,B737-8,RH,45-0351-4,4395,45-0351-4,5552,3802566,1278352
190673203,25-00,B737-8,AFTGALLY,8201-11-0000-01,21-11-0164,8201-11-0000,03-02-18698,4104770,PAV13585
55403348,38-00,M73-82,FWD,SC4L500301-5,10921935/HGS,SC4L500301-5,172694182-005,3793724,E-5671421
55477514,33-21,M73-82,CABIN,9651-35-0002,51210,9651-35-0002,73591,3766015,65504
190442323,33-00,M73-82,23ABC,9651-35-0002,61147,9651-35-0002,39251,4179435,ARC174751
190729864,25-00,B737-8,LAV E,SC4L500301-5,827633,SC4L500301-5,174515292-004,4032995,6046651
55452380,33-00,M73-82,CABIN,9651-35-0005,49294,9651-35-0005,21660,3911255,ARC151030
191305587,05-00,B737-8,AFT,473597-5,SJA3947,473597-5,53549,4077734,13403389
190124080,38-32,B737-8,AFT RH,14330-230,913108,14330-230,25308,3889990,1129213
191446817,33-21,B737-8,21 ABC,9651-35-0002,34536,9651-35-0002,59241,4223603,47001258
55438669,25-00,M73-82,G1,8201-11-0000-01,18-06-0134,8201-11-0000,05-08-21358,3706056,1199929
55381161,33-20,M73-82,26DEF,9651-35-0005,18727,9651-35-0005,33826,3692334,ARC129732
55518675,25-00,B737-8,AFTGALLY,8201-11-0000,07-10-24290,8201-11-0000-01,23-04-0014,3429349,S23/2383H-1
55551441,33-42,B737-8,LH,72605363-1,5627,72605363-1,6262,4122922,355951020
190134110,25-00,B737-8,GALLEY 1,72184025,N11070878044820,62197-301-001,15-08-7820,3865690,KAV0425035
190047838,25-00,B737-8,#1,72184025,N10030472044670,72184025,4291,4129965,SAV895
190013319,34-00,B737-8,CAPT,0851HT1,358253,0851HT2,458524,3608523,406727230
42084569,25-32,M73-82,GALLEY G4,62197-301-001,17-01-0353,62197-301-001,16-07-0237,4146438,PAV14085
190520022,25-31,B737-8,AFTGALLY,62197-301-001,15-08-7810,62197-301-001,15-11-0129,3969481,PAV11675
190404297,33-00,M73-82,CAB,9651-35-0002,63022,9651-35-0002,54990,4116646,ARC169836
41808214,25-00,M73-82,002 AFT GALLEY,62197-301-001,15-11-0129,62197-301-001,15-12-0148,3739735,SAV390
106961030,36-00,B737-8,#1,3214446-4,18768,3214446-4,18569,4170989,6196549
106961030,36-00,B737-8,#1,107484-7,18667,107484-7,20654,4119885,55510-10
40437204,25-00,B737-8,FWD,72184025,4108,72184025,4386,4065853,WAV1167
55669648,33-00,B737-8,9 ABC,9651-35-0003,18442,9651-35-0003,9029,3925192,ARC152414
190176696,25-00,B737-8,FWD,8201-11-0000-01,14-06-34930,8201-11-0000,08-07-25655,4009626,KAV1025039
190514529,36-00,B737-8,#1,107484-7,10992,107484-7,16866,3914155,353669389
41529108,25-30,B737-8,FWD,8201-11-0000-01,14-12-35627,8201-11-0000,07-02-23320,3586655,1079965
190291609,38-11,M73-82,G1,62197-301-001,19-07-0258,62197-301-001,16-10-0276,3887339,PAV10726
14085921,25-00,B737-8,FWDGALLY,72184025,4338,L13471-12MRYAN,1130975,4005014,PAV12110
190676504,25-31,B737-8,AFT,72184025,4418,62197-301-001,18-06-0111,3871665,1342133
190022865,25-00,B737-8,AFT,72184025,N09070383044554,72184025,4336,4147293,WAV1434-UKCAA
42125613,25-00,M73-82,G1,62197-301-001,22-02-0453,62197-301-001,21-11-0717,4016378,KAV1225053
55469863,25-00,M73-82,GALLEY 1 FWD,62197-301-001,15-07-7751,62197-301-001,25-04-0269,3875001,S25/1757H-1
55533682,33-00,B737-8,22 ABC,9651-35-0002,32555,9651-35-0002,43108,3884315,20100510
55456903,25-00,M73-82,AFT,8201-11-0000,03-09-19331,8201-11-0000-01,17-12-40066,4175601,KAV0526095
190349614,25-00,M73-82,GALLEY 4,8201-11-0000,08-08-25868,8201-11-0000,03-03-18865,3625312,1120158
190346608,25-00,M73-82,GALLEY G4,62197-301-001,16-01-0179,62197-301-001,21-11-0228,4016327,KAV1125003
190339325,33-21,M73-82,4ABC,9651-35-0001,12060,9651-35-0001,12726,3873836,20098854
190339325,33-21,M73-82,34ABC,9651-35-0001,12053,9651-35-0001,12101,3889351,20101729
190339325,33-21,M73-82,22ABC,9651-35-0002,71886,9651-35-0002,54914,3886827,148784
190339325,33-21,M73-82,26DEF,9651-35-0004,24588,9651-35-0004,18970,3867368,146603
190050398,25-00,B737-8,CABIN,72184025,N09120064044587,62197-301-001,21-02-0164,3806223,PAV9715
55685675,25-00,B737-8,#1,8201-11-0000-01,14-07-35015,8201-11-0000-01,21-01-0276,4091786,KAV0226015
190328156,38-00,M73-82,AFT RH,SC4L500301-5,173651767-008,SC4L500301-5,173676006-004,3980471,04877893
55539015,34-00,B737-8,ALT,0851HT1,354409,0851HT2,454493,3553192,406464259
190632500,23-00,B737-8,FWD CAB,285W0024-1B,F51936,285W0024-1M,F40012,3909726,104550
190632500,23-00,B737-8,FWD CAB,285W0024-1M,F40012,285W0024-1B,F51936,3903905,149854
55432555,33-00,M73-82,16 DEF,9651-35-0005,21269,9651-35-0005,31780,4037533,163870
190775426,72-20,B737-8,#1,340-001-038-0,PC141725,340-001-038-0,DM175099,3879060,52212001
190428435,38-11,M73-82,LAV A,SC4L500301-5,170447680-004,SC4L500301-4,1606260,4060410,E-6074532
191462130,23-51,B737-8,FL DK,5145-1-82,12792,5145-1-82,13723,4183247,PAV14494
55251223,25-00,B737-8,FWD,8201-11-0000-01,10-07-29015,8201-11-0000-01,10-07-29027,3773390,PAV9136
104261805,33-21,B737-8,31 ABC,9651-35-0005,21352,9651-35-0005,33316,3920619,ARC151951
41404368,25-00,B737-8,AFT,8201-11-0000-01,21-01-0299,8201-11-0000,08-05-25460,3604018,1100194
190563459,25-31,B737-8,AFTGALLY,62197-301-001,23-09-0331,62197-301-001,16-06-0217,4016174,SAV723
190520245,25-00,B737-8,AFT,62197-301-001,21-11-0713,62197-301-001,17-12-0465,3956437,1421130
190350410,38-00,M73-82,LAV  AFT  RH,SC4L500301-5,173192704-004,SC4L500301-5,175217853-007,4148530,6188927
191520159,36-11,B737-8,#2,107484-7,17429,107484-7,12134,4173584,6216126
190502641,33-00,M73-82,7DEF,9651-35-0002,69179,9651-35-0002,32451,4209140,ARC177647
191039625,25-00,B737-8,FWD GALLEY,72184025,3034,72184025,4063,4214251,WAV1571
190447027,25-00,M73-82,GALLEY 4,8201-11-0000-01,16-06-37691,8201-11-0000,04-10-20502,3942235,KAV0825007
55181072,38-00,B737-8,CABIN,15800-029-3,7259,15800-029-3,4101,3776860,1087402
190582085,36-00,B737-8,#1,107484-7,18395,107484-7,19958,3917371,3708822
42206367,38-00,M73-82,AFT LH,SC4L500301-5,11303891-004,SC4L500301-5,173988904-003,3977367,E-5953787
190348610,38-11,M73-82,LAV  FWD  LH,SC4L500301-5,173662864-001,SC4L500301-5,175131238-007,4221880,E61728103
190541677,26-16,B737-8,AFT,473597-5,SJA5086,473597-5,SJB1049,3880194,R550472
55464358,33-21,M73-82,25DEF,9651-35-0003,8918,9651-35-0003,14495,4116711,ARC170053
55469599,38-00,M73-82,LAV  AFT  RH,SC4L500301-5,11304496-001,SC4L500301-5,172972834-008,3841537,E-5745472
55432982,25-00,M73-82,GALLEY 4,62197-301-001,14-12-7227,62197-301-001,16-12-0304,3867853,1338118
41997235,33-00,B737-8,#21 LH,9651-35-0002,30395,9651-35-0002,29032,3996333,2679
190285513,25-00,M73-82,GALLEY G4,62197-301-001,23-06-0201,62197-301-001,21-11-0214,3888315,1357863
41702816,38-00,B737-8,LAV D,14330-230,21241,14330-230,ZSK626,3743964,1075176
191358160,33-21,B737-8,28ABC,9651-35-0005,30840,9651-35-0005,50352,4031771,162895
55446084,25-00,M73-82,GALLEY G4,8201-11-0000-01,16-11-38217,8201-11-0000-01,17-11-39511,3942123,KAV0825009
191158884,25-32,M73-82,GALLEY G4,62197-301-001,19-07-0264,62197-301-001,23-04-0049,4128856,KAV0526013
190670370,33-00,B737-8,CABIN,9651-35-0002,29594,9651-35-0002,34237,3861071,ARC146150
55712661,25-00,B737-8,AFTGALLY,8201-11-0000-01,17-07-39062,8201-11-0000-01,19-05-0150,3240779,L-3240779
55394732,33-00,M73-82,5ABC,9651-35-0002,51462,9651-35-0002,34124,3815780,20090289
190213452,25-31,B737-8,AFTGALLY,72184025,4227,L13471-12MRYAN,9924406,3644473,1138325
191453570,38-00,B737-8,AFT RH,SC4L500301-5,173676003-008,SC4L500301-5,175800019-007,4228700,E-6286472
190527576,26-23,B737-8,AFT,473597-5,SJA4656,473597-5,SJB0709,3844472,R549800-62354
191165198,33-21,M73-82,14ABC,9651-35-0005,51367,9651-35-0005,28564,4145187,ARC171872
191165198,33-21,M73-82,33 ABC,9651-35-0005,51405,9651-35-0005,15589,4148435,172246
190672838,23-00,B737-8,FL DK,5145-1-82,10403,5145-1-82,24436,4110626,PAV13628
190986460,25-30,B737-8,AFT,8201-11-0000,04-11-20581,8201-11-0000-01,23-05-0146,3442661,S23/2591H-1
55232418,25-31,B737-8,AFTGALLY,72184025,N10120144044743,72184025,4128,4213903,WAV1613
190289404,33-21,M73-82,CABIN,9651-35-0002,67166,9651-35-0002,34802,3916381,151308
102960591,34-21,B737-8,CAB,9651-35-0005,51960,9651-35-0005,58446,3783611,20083458
55687427,33-21,B737-8,28DEF,9651-35-0005,33402,9651-35-0005,62911,3791758,20085920
190783944,25-00,B737-8,AFT,8201-11-0000,08-08-25861,8201-11-0000-01,16-02-37200,3921443,PAV11028
40302400,25-00,B737-8,AFT RH,8201-11-0000-01,09-02-26572,8201-11-0000-01,17-12-40031,4005329,PAV12174
190511320,33-21,B737-8,22 ABC,9651-35-0002,22031,9651-35-0002,22264,3861013,ARC145904
190511320,33-21,B737-8,25ABC,9651-35-0004,6296,9651-35-0004,24495,3861345,20097251
55585046,26-16,B737-8,AFT,473597-5,SJA6590,473597-5,SJA4550,3836970,62126
190558393,33-00,B737-8,#20 LH,9651-35-0002,35373,9651-35-0002,40459,3996073,ARC159749
190513653,33-00,B737-8,27 ABC,9651-35-0005,37736,9651-35-0005,16316,3860974,ARC146088
191315885,33-42,B737-8,RH,72605363-1,0646,72605363-1,4883,4025927,355051566
190613152,23-12,B737-8,F/O,5145-1-82,16553,5145-1-82,13684,4027884,PAV12483
55278873,38-11,M73-82,LAV A,SC4L500301-5,879521,SC4L500301-5,171187511-009,3798161,04354486
190494043,25-00,M73-82,GALLEY G4,62197-301-001,19-07-0272,62197-301-001,21-02-0121,3919371,1386191
53863420,33-42,B737-8,RH,45-0351-4,6212,45-0351-6,11599,4032857,PAV12555
190622393,33-00,B737-8,CABIN,9651-35-0002,41516,9651-35-0002,19290,3860976,ARC146050
190441062,33-21,M73-82,24ABC,9651-35-0002,50713,9651-35-0002,39147,3964222,ARC156572
55684970,25-30,B737-8,FWD,8201-11-0000,07-02-23327,8201-11-0000,05-01-20784,3473123,967145
190434405,33-21,M73-82,19DEF,9651-35-0002,72675,9651-35-0002,72481,4002115,20129536
190223661,23-00,B737-8,FL DK,5145-1-82,12812,5145-1-82,17320,3805291,1282348
55175716,30-31,B737-8,AUX,0851HT1,338364,0851HT2,480052,4072558,408840386
55084564,33-21,B737-8,24ABC,9651-35-0003,10167,9651-35-0003,4942,3736471,ARC134450
190456624,72-00,M73-82,#1,2085M31G03,PAT52F33,2085M31G03,PAT45T86,4108649,RH61577-1
26167718,27-00,B737-8,LH STAB,0851HT1,380051,0851HT2,457054,3612403,406739966
42063528,33-21,B737-8,22ABC,9651-35-0002,18274,9651-35-0002,22043,3872606,147169
42063528,33-21,B737-8,22DEF,9651-35-0002,17486,9651-35-0002,21757,3872602,147201
42188181,33-21,M73-82,10DEF,9651-35-0003,15375,9651-35-0003,18099,4071285,20166042
190107200,26-16,B737-8,AFT,473597-5,46105,473597-5,51855,4140808,13677772
55075501,25-32,B737-8,AFT,72184025,N09060320044544,72184025,N09040559044500,4084515,WAV1237
190593666,26-16,B737-8,AFT,473597-5,65803,473597-5,SJB1059,3935185,R551183-63590
191422633,25-31,B737-8,AFTGALLY,62197-301-001,21-02-0083,62197-301-001,16-11-0284,4118967,KAV0426044
190599369,33-42,B737-8,RH,72605363-1,4151,72605363-1,5028,3971160,61617
191128238,33-00,M73-82,24 DEF,9651-35-0002,71328,9651-35-0002,70816,4188808,20247049
190775156,25-00,B737-8,AFT GALLEY,72184025,N12031140044846,72184025,4396,3839571,PAV10230
191353334,38-11,B737-8,AFT LH,SC4L500301-5,11304625-006,SC4L500301-4,10446182,4060725,E-6074532
190244805,23-42,B737-8,CABIN,285W0024-1B,D14908,285W0024-1B,F38846,3969197,ARC156886
41559847,25-00,B737-8,FWDGALLY,72184025,4436,72184025,N10020045044631,4095025,KAV0326083
42159500,33-21,M73-82,CAB,9651-35-0002,22775,9651-35-0002,19640,4157083,ARC172795
55303048,33-00,M73-82,LH,72605363-1,4792,72605363-1,3556,4150590,356217163
55515023,38-11,B737-8,AFT LH,SC4L500301-5,171072808-005,SC4L500301-5,173574847-004,3945873,E-5907843
104456703,36-00,B737-8,#1,107484-7,11303,107484-7,13547,3841458,352645399
190494730,38-11,M73-82,LAV A,SC4L500301-5,172972826-005,SC4L500301-5,173651760-004,3921940,5875209
191401643,25-00,B737-8,AFTGALLY,62197-301-001,18-01-1098,72184025,N10030468044666,4078331,KAV0326020
190551902,33-40,B737-8,LH,72605363-1,1697,72605363-1,0632,3935244,4002117
55723234,25-00,B737-8,AFTGALLY,62197-301-001,21-11-0208,62197-301-001,21-02-0154,3620414,1116230
103487641,33-20,B737-8,31 DEF,9651-35-0005,16633,9651-35-0005,60143,3790868,2008637
190094110,26-16,B737-8,AFTCARGO,473597-5,25340A,473597-5,36736,3752810,60810
190707181,25-00,B737-8,AFT,72184025,N09060320044544,72184025,3010,3575851,1068112
190579157,33-21,B737-8,09DEF,9651-35-0003,5759,9651-35-0003,15085,4203345,ARC176634
41177624,33-21,B737-8,6ABC,9651-35-0002,24705,9651-35-0002,53746,3911141,ARC150934
41177624,33-21,B737-8,2ABC,9651-35-0005,30549,9651-35-0005,18155,3907439,150348
55370903,33-00,M73-82,CABIN,9651-35-0005,30840,9651-35-0005,29750,4084629,7681
55719225,25-00,B737-8,GALLEY G4,62197-301-001,16-08-0249,62197-301-001,15-01-7240,3859482,WAV464
55297907,25-35,M73-82,FWD GALLEY,8201-11-0000,08-08-25850,8201-11-0000-01,19-05-0632,3899085,PAV10826
55709837,33-00,B737-8,9ABC,9651-35-0003,5442,9651-35-0003,10505,3731063,ARC133509
55534234,33-21,B737-8,CABIN,9651-35-0002,50893,9651-35-0002,74428,3897506,04640200
190719589,25-31,B737-8,AFTGALLY,72184025,N10030480044678,72184025,N09070395044566,3991754,AV1764
40300938,26-00,B737-8,AFT,473597-5,38206,473597-5,48791,3921854,R551149
40300938,26-00,B737-8,AFT,473597-5,37153,473597-5,SJB0866,3921815,R551152
190311789,33-00,M73-82,CABIN,9651-35-0002,65750,9651-35-0002,17994,3895300,20102056
190302086,33-00,M73-82,31DEF,9651-35-0005,49044,9651-35-0005,33066,3903136,149835
40886804,23-00,B737-8,CABIN,285W0024-1B,D12957,285W0024-1B,F54297,3934914,ARC153510
55292931,33-21,M73-82,26 DEF,9651-35-0004,6936,9651-35-0004,8040,3589994,120128
55292931,33-21,M73-82,20DEF,9651-35-0002,62977,9651-35-0002,46953,3758319,80502
190514526,33-00,B737-8,23DEF,9651-35-0003,9163,9651-35-0003,18721,3923717,20105847-1.000
190945006,23-00,B737-8,FWD CAB,285W0024-1B,D19920,285W0024-23M,F59218,4179181,ARC174491
55022122,26-00,B737-8,AFT,473597-5,20326A,473597-5,46381,3887087,63015
190508588,26-00,B737-8,AFT,473597-5,67638,473597-5,SJA6899,4061182,13327438
191120276,25-00,M73-82,AFT RH,62197-301-001,23-05-0005,62197-301-001,22-01-0407,4226918,WAV1638
191353484,33-00,B737-8,30 ABC,9651-35-0005,21146,9651-35-0005,53007,4101427,20183297
190563078,25-00,B737-8,AFT LH,SC4L500301-5,11304613-010,SC4L500301-5,174737220-001,4071747,6088640
190130606,34-00,B737-8,RH,0851HT1,406343,0851HT1,404876,3981938,04884318
35045907,26-00,B737-8,AFT,473597-5,SJB0862,473597-5,SJB0736,3851187,62525
191065717,25-00,B737-8,AFTGALLY,8201-11-0000,05-08-21349,8201-11-0000-01,15-07-36319,4123121,PAV13792
55431539,23-42,M73-82,AFT CAB,285W0024-1B,D22465,285W0024-1M,F51742,3756136,136560
190009399,36-11,B737-8,#1,107484-7,12182,107484-7,17273,3799864,352231181
55643601,25-00,B737-8,AFTGALLY,72184025,4197,62197-301-001,23-06-0201,3995316,PAV12007
190638167,33-00,B737-8,10ABC,9651-35-0004,6203,9651-35-0004,8241,4019682,ARC162393
41271294,25-31,B737-8,FWD,62197-301-001,23-07-0183,L13471-12MRYAN,2023989,4034278,PAV12539
55222362,36-11,B737-8,#1,3214446-4,12894,3214446-4,11242,4062110,354890642
55222362,36-11,B737-8,#1,107484-7,8160,107484-7,10819,4049820,5134399
191304781,25-00,B737-8,FWDGALLY,8201-11-0000-01,14-07-35014,8201-11-0000-01,23-07-0332,3561445,1054611
55456503,33-21,M73-82,28DEF,9651-35-0005,64650,9651-35-0005,46895,4019834,20142657
980007714,25-00,B737-8,FWDGALLY,72184025,N10020404044654,62197-301-001,15-10-8016,4110341,
191388285,25-00,B737-8,AFTGALLY,8201-11-0000-01,21-01-0240,8201-11-0000-01,16-06-37693,4187419,PAV14559
55673376,38-11,B737-8,FWD,SC4L500301-5,171282142-006,SC4L500301-5,11304625-008,3792868,E-5673423
55555913,72-21,B737-8,#1,340-001-038-0,DB830325,340-001-036-0,PF389222,3768134,1144055
55440929,38-00,M73-82,LAV A,SC4L500301-5,172211394-004,SC4L500301-5,172972826-008,3841544,E-5745475
190672833,23-00,B737-8,FL DK,5145-1-82,12854,5145-1-82,10403,4110464,PAV13613
190536102,26-00,B737-8,AFT,473597-5,SJA0782,473597-5,36303,3942797,12706026
190368825,33-00,M73-82,CABIN,9651-35-0002,70009,9651-35-0002,30160,3842268,144074
55665263,38-13,B737-8,AFT GALLEY,72184025,4346,72184025,2025,4072715,KAV0326014
190068907,25-00,B737-8,FWD,62197-301-001,18-01-1111,62197-301-001,25-03-0473,4110298,KAV0426025
191313172,33-00,B737-8,CABIN,9651-35-0002,22337,9651-35-0002,39233,4121946,170301
190211377,25-00,B737-8,RH,SC4L500301-5,11451800-009,SC4L500301-5,171615832-002,3699223,5487876
190439859,25-00,M73-82,GALLEY G4,62197-301-001,23-07-0421,62197-301-001,21-02-0134,4134020,WAV1397
190247455,25-00,B737-8,#4,8201-11-0000,06-12-22991,8201-11-0000-01,17-07-39054,3593458,1088163
190463699,25-00,M73-82,FWDGALLY,8201-11-0000,04-12-20647,8201-11-0000-01,18-05-0276,3860916,1332032
190235223,23-00,B737-8,FL DK,5145-1-82,8617,5145-1-88,27837,3810240,1287341
190076714,27-31,B737-8,FIN,0851HT1,345687,0851HT2,479008,4046421,408733931
190200106,25-00,B737-8,AFT,72184025,N10020396044646,72184025,N09050472044524,3862329,1334179
55778336,23-00,B737-8,FL DK,5145-1-82,16697,5145-1-82,23818,3773329,PAV9141
190580799,36-00,B737-8,#1,107484-7,19958,107484-7,10419,3879082,353302150
35012011,23-00,B737-8,FWD CAB,,,285W0024-1B,F25828,3701276,ARC130689
35012011,23-00,B737-8,AFT CAB,285W0024-1B,D11975,,,9544649,
41658369,25-00,B737-8,AFTGALLY,62197-301-001,15-10-8024,62197-301-001,15-12-0167,3791357,PAV9474
190348017,25-32,M73-82,GALLEY G4,62197-301-001,23-08-0263,62197-301-001,17-07-0382,4054477,SAV783-UK
41998313,33-00,B737-8,CABIN,9651-35-0005,35715,9651-35-0005,32805,3671406,ARC127470
191441003,25-31,B737-8,AFTGALLY,8201-11-0000-01,17-12-40033,8201-11-0000-01,21-01-0256,4130699,PAV13902
190100195,34-00,B737-8,RH,0851HT1,371150,0851HT2,476773,4005040,408520637
40194161,25-00,B737-8,AFT RH,72184025,4327,72184025,2021,3716646,1207736
190289124,38-00,M73-82,FWD,SC4L500301-5,172442905-003,SC4L500301-5,173056431-006,3851360,E-5761516
42087887,33-21,M73-82,30ABC,9651-35-0005,**50734**,9651-35-0005,49317,3841930,4366
55503927,33-21,B737-8,15DEF,9651-35-0005,48851,9651-35-0005,62784,3946014,9703-1.000
42201638,25-32,M73-82,G1,8201-11-0000,04-06-20087,8201-11-0000-01,10-02-28205,3672383,1162854
55622741,33-21,B737-8,CABIN,9651-35-0005,31844,9651-35-0005,50676,4128936,170930
190588095,33-00,B737-8,9ABC,9651-35-0003,6550,9651-35-0003,10531,4179327,ARC174938
190446773,33-21,M73-82,2DEF,9651-35-0005,45901,9651-35-0005,58463,4134508,20207318
55591353,25-00,B737-8,AFTGALLY,8201-11-0000,04-11-20584,8201-11-0000,04-02-19749,3872843,KAV0525047
190689690,33-00,B737-8,RH,45-0351-4,4290,45-0351-4,5749,4026999,PAV12459
190531460,25-00,B737-8,AFTGALLY,8201-11-0000-01,16-08-37955,8201-11-0000-01,15-11-36869,3549736,1041875
190303613,33-21,M73-82,31DEF,9651-35-0005,60922,9651-35-0005,64871,3967972,2011841
190313402,33-00,M73-82,3DEF,9651-35-0005,31732,9651-35-0005,46414,3931057,152833
190367685,25-32,M73-82,G1,62197-301-001,21-03-0016,62197-301-001,17-07-0387,3911175,WAV587
191413537,25-33,B737-8,AFT GALLEY,72184025,N10030468044666,72184025,4005,4056436,KAV0126056
190544464,33-00,B737-8,RH,72605363-1,3013,72605363-1,3386,4083325,355650305
190318932,38-00,M73-82,LAV A,SC4L500301-5,10915792,SC4L500301-5,173531035-004,3907337,5848984
55698950,25-00,B737-8,FWDGALLY,8201-11-0000-01,23-04-0070,8201-11-0000,04-10-20491,3945622,PAV11284
41307656,33-42,B737-8,LH,72605363-1,3336,72605363-1,5710,4090316,18421222Y15
55523992,33-20,B737-8,CABIN,9651-35-0002,24670,9651-35-0002,74409,3897734,04640200
55656295,25-00,B737-8,AFTGALLY,8201-11-0000-01,15-12-37024,8201-11-0000-01,10-07-29016,3422356,924894
55530334,33-42,B737-8,RH,45-0351-4,6556,45-0351-4,4851,3896641,1362186
190082046,38-32,B737-8,AFT,14330-230,9538,14330-230,ZSK452,3906582,0001136327
42050398,25-33,B737-8,AFT,62197-301-001,19-06-0032,62197-301-001,16-11-0297,3772782,SAV421
55443778,25-32,M73-82,AFT,8201-11-0000,03-02-18698,8201-11-0000,04-11-20574,4053807,PAV12904
190359003,33-20,M73-82,33 ABC,9651-35-0005,48959,9651-35-0005,48958,3922292,20105107-1
191430194,25-00,B737-8,FWD,72184025,4108,72184025,N12061899044877,4059266,SAV793
55685344,33-21,B737-8,20DEF,9651-35-0002,30059,9651-35-0002,40898,4157506,173012
191216644,23-42,M73-82,CABIN,9651-35-0005,50028,9651-35-0005,31158,4207405,177159
191305065,33-20,B737-8,28DEF,9651-35-0005,21299,9651-35-0005,28632,4053631,ARC165035
55222631,25-00,B737-8,FWD,72184025,2026,62197-301-001,18-01-1111,4103990,PAV13593
190982136,26-00,B737-8,AFT,473597-5,24955A,473597-5,SJA5470,4199897,13904258
190285897,33-42,M73-82,LH,72605363-1,2712,72605363-1,5072,3908382,3653710
55215341,23-42,B737-8,AFT,285W0024-1B,F35833,285W0024-1B,D14914,3842051,ARC143943
190028830,23-00,B737-8,CABIN,285W0024-1M,D14361,285W0024-1M,F52505,3788858,139114
191264354,25-00,M73-82,GALLEY 4,62197-301-001,17-06-0367,62197-301-001,18-07-0593,4040701,KAV0126103
190451521,25-35,M73-82,G1,62197-301-001,22-05-0087,62197-301-001,22-12-0348,3987268,PAV11897
55271250,33-21,B737-8,CABIN,9651-35-0003,11497,9651-35-0003,24232,4067844,05140968
55551388,25-00,B737-8,AFT LH,72184025,N10120148044747,72184025,3040,4128841,KAV0426083
3707438,38-32,B737-8,CABIN,15800-029-3,4101,15800-029-3,5392,1328686,
55290425,38-11,M73-82,AFT LH,SC4L500301-5,173651769-003,SC4L500301-5,174244476-006,4022884,E60286271
190417178,25-00,M73-82,AFT RH,62197-301-001,23-10-0075,62197-301-001,15-10-8004,4005046,KAV1125041
190447255,33-00,M73-82,CABIN,9651-35-0005,49638,9651-35-0005,66246,4154775,20219566-1
190447255,33-00,M73-82,CABIN,9651-14-0004,5055,9651-14-0004,4830,4157302,ARC172710
190398575,33-00,M73-82,CAB,9651-35-0005,29089,9651-35-0005,33344,3941116,ARC153502
190364548,25-00,M73-82,AFT GALLEY,62197-301-001,23-08-0330,62197-301-001,22-05-0087,4183943,WAV1514
190582506,23-00,B737-8,FL DK,5145-1-82,14606,5145-1-82,18243,4188767,PAV14576
190735834,25-00,B737-8,FWDGALLY,62197-301-001,16-02-0204,62197-301-001,23-10-0077,3950211,1414403
190020911,25-31,B737-8,CABIN,72184025,N12031143044849,62197-301-001,23-09-0331,4028162,WAV1046
190126301,33-21,B737-8,23DEF,9651-35-0005,17653,9651-35-0005,17649,4104383,ARC169106
55733237,23-42,B737-8,AFT CAB,285W0024-1B,D05825,285W0024-1B,F54277,3930770,ARC153036
190017996,38-00,B737-8,GALLEY G1,62197-301-001,23-04-0049,62197-301-001,16-01-0171,4110353,WAV1326
102731841,36-00,B737-8,#2,3214552-5,11007,3214552-5,8752,3774319,562317
102731841,36-00,B737-8,#2,107484-7,11214,107484-7,17054,3807921,2094139
191446777,36-00,B737-8,#1,107484-7,13593,107484-7,19993,4235272,6786640
55187946,25-00,B737-8,FWDGALLY,72184025,N09030604044471,72184025,N10020033044619,3805366,KAV0225036
55623645,33-00,B737-8,RH,72605363-1,3767,72605363-1,0791,3812562,352545502
40723196,38-13,B737-8,AFTGALLY,62197-301-001,22-02-0448,62197-301-001,21-02-0165,3935671,WAV675
190635490,33-21,B737-8,31DEF,9651-35-0005,32994,9651-35-0005,33830,4072925,ARC167020
190655321,23-51,B737-8,CAPT,5145-1-82,13358,5145-1-82,12475,4073515,PAV13165
55606211,25-00,B737-8,FWDGALLY,62197-301-001,19-07-0261,62197-301-001,15-11-0134,3784821,PAV9356
55611908,33-21,B737-8,#11 LH,9651-35-0004,6167,9651-35-0004,6414,3877525,147547
55417861,33-42,M73-82,LH,72605363-1,5507,72605363-1,3381,3791180,352197388
55484408,25-00,M73-82,FWD GALLEY,62197-301-001,16-08-0254,62197-301-001,18-01-0444,4009378,WAV999
190111373,33-00,B737-8,RH,72605363-1,3659,72605363-1,2763,4032826,5176477
190347708,33-00,M73-82,12,9651-35-0004,22344,9651-35-0004,6931,3990125,158982
191433400,23-00,B737-8,AFT CAB,285W0024-1B,F47867,285W0024-1B,F35950,4072891,ARC167078
190315755,25-00,M73-82,GALLEY 1 FWD,62197-301-001,16-07-0233,62197-301-001,23-05-0052,3933343,PAV11155
190719368,23-51,B737-8,CAPT,5145-1-82,14606,5145-1-82,17318,3976467,PAV11746
191407317,33-21,B737-8,6ABC,9651-35-0002,72692,9651-35-0002,49020,4197382,ARC176087
190739467,33-42,B737-8,RH,45-0351-4,6801,45-0351-4,4290,4049844,PAV12831
55047478,23-42,B737-8,FWD,285W0024-1B,F30751,285W0024-1B,F29279,3747487,135782
190229938,23-51,B737-8,FL DK,5145-1-82,17447,5145-1-82,23464,4178582,PAV14416
55597727,26-00,B737-8,AFT,473597-5,SJB0797,473597-5,SJA4820,3959258,12849730
190464084,33-21,M73-82,22ABC,9651-35-0002,17579,9651-35-0002,17707,3949637,ARC155236
55508029,33-00,B737-8,15 DEF,9651-35-0005,21666,9651-35-0005,60625,3959022,20112417
191169894,33-00,M73-82,CABIN,9651-35-0002,35247,9651-35-0002,16894,4203311,ARC176775
190559518,33-40,B737-8,RH,72605363-1,0277,72605363-1,0808,3944238,354120492
191453203,25-00,B737-8,AFTGALLY,62197-301-001,19-07-1218,62197-301-001,14-12-7214,4170869,WAV1464
190770036,25-00,B737-8,FWDGALLY,62197-301-001,21-11-0729,62197-301-001,22-12-0348,3945632,PAV11292
55323769,33-00,M73-82,CAB,9651-35-0002,64047,9651-35-0002,44773,3830713,9-1.000
35088392,33-21,B737-8,30ABC,9651-35-0005,18371,9651-35-0005,31848,3604804,118716
191349039,33-21,B737-8,30ABC,9651-35-0005,21583,9651-35-0005,36960,4117385,169691
55225267,25-31,B737-8,AFTGALLY,72184025,4063,72184025,N10090457044711,3992932,WAV926-UKCAA
55412610,25-32,M73-82,GALLEY G4,62197-301-001,22-12-0119,62197-301-001,18-08-0778,3816625,KAV0325005
55092540,23-00,B737-8,#2,5145-1-82,17632,5145-1-82,12545,3841492,PAV10253
190364905,33-00,M73-82,25 DEF,9651-35-0003,15316,9651-35-0003,6705,4225860,ARC179213
55624766,33-00,B737-8,6 DEF,9651-35-0002,18266,9651-35-0002,22634,4019527,ARC162126
55365503,33-00,M73-82,CABIN,9651-35-0002,72793,9651-35-0002,22031,3880251,148158
190592048,33-00,B737-8,7ABC,9651-35-0002,22043,9651-35-0002,32928,3857406,R135329125
55166161,25-00,B737-8,AFTGALLY,72184025,4414,72184025,4143,3798431,1275930
190595663,33-00,B737-8,CABIN,9651-35-0004,6312,9651-35-0004,7717,3881619,147988
55511782,25-31,B737-8,AFTGALLY,62197-301-001,17-12-0458,72184025,4184,3925420,PAV11089
55442167,25-00,M73-82,AFTGALLY,62197-301-001,23-04-0180,62197-301-001,15-12-0158,3970669,1433033
190302715,33-21,M73-82,CABIN,9651-35-0005,50360,9651-35-0005,46390,3783449,20084415
55553249,33-20,B737-8,8DEF,9651-35-0002,21929,9651-35-0002,51507,4128909,170997
55332346,38-00,M73-82,G1,62197-301-001,16-11-0283,62197-301-001,17-11-0435,4119017,SAV888
190110215,33-00,B737-8,CABIN,9651-35-0002,18790,9651-35-0002,32469,4005091,ARC160815
190116884,23-00,B737-8,FL DK,5145-1-82,13742,5145-1-82,12811,4186805,PAV14553
190346946,25-00,M73-82,GALLEY G1,62197-301-001,16-11-0292,62197-301-001,14-07-6898,4050871,KAV0226004
190305282,33-00,M73-82,6 DEF,9651-35-0002,24503,9651-35-0002,22049,3814695,20089832
190280541,25-00,M73-82,AFT GALLEY,62197-301-001,18-01-0434,62197-301-001,19-07-0267,3865672,KAV0525006
42189050,33-21,M73-82,29 DEF,9651-35-0005,49296,9651-35-0005,31037,3795789,140142
191407320,33-21,B737-8,31 ABC,9651-35-0005,22827,9651-35-0005,16254,4197367,ARC176259
190466705,25-32,M73-82,FWD GALLEY,62197-301-001,16-02-0205,62197-301-001,15-08-7812,3901375,PAV10831-UKCAA
190181690,33-21,B737-8,12 ABC,9651-35-0005,38857,9651-35-0005,21089,3986352,ARC158410
55353394,72-00,M73-82,#2,2085M31G03,PAT69R64,2085M31G03,PAT4C089,3973951,RE99259-1
55353394,72-00,M73-82,#2,2085M31G03,PAT01J22,2085M31G03,PSDNK348,3953809,JMB25A-02413
55353394,72-00,M73-82,#2,2085M31G03,PAT02R83,2085M31G03,PAT00E66,3973930,RF42361-1
55353394,72-00,M73-82,#2,2085M31G03,PAT05T84,2085M31G03,PAT76J71,3973928,RE70992-1
55353394,72-00,M73-82,#2,2085M31G03,PAT08T24,2085M31G03,PSDMF691,3973929,RF77425-1
55353394,72-00,M73-82,#2,2085M31G03,PAT09F19,2085M31G03,PSDNK349,3953805,JMB25A-02414
55353394,72-00,M73-82,#2,2085M31G03,PAT11E33,2085M31G03,PSDMF672,3973950,RF34291-1
55353394,72-00,M73-82,#2,2085M31G03,PAT11E36,2085M31G03,PAT21F00,3973952,RE91201-1
55353394,72-00,M73-82,#2,2085M31G03,PAT17A17,2085M31G03,PSDNK346,3953815,JMB25A-02411
55353394,72-00,M73-82,#2,2085M31G03,PAT48E11,2085M31G03,PSDNK343,3953825,JMB25A-02408
55353394,72-00,M73-82,#2,2085M31G03,PAT51E67,2085M31G03,PAT46T19,3973932,RF68246-1
55353394,72-00,M73-82,#2,2085M31G03,PAT63E29,2085M31G03,PSDNK344,3953823,JMB25A-02409
55353394,72-00,M73-82,#2,2085M31G03,PAT63J87,2085M31G03,PSDNK345,3953819,JMB25A-02410
55353394,72-00,M73-82,#2,2085M31G03,PAT69R63,2085M31G03,PSDNK350,3953803,JMB25A-02415
55353394,72-00,M73-82,#2,2085M31G03,PAT69R84,2085M31G03,PAT2A443,3973933,RE70294-1
55353394,72-00,M73-82,#2,2085M31G03,PAT91E40,2085M31G03,PSDNK347,3953811,JMB25A-02412
55353394,72-00,M73-82,#2,2085M31G03,PSDMD217,2085M31G03,PSDNK351,3953802,JMB25A-02416
55353394,72-00,M73-82,#2,2085M31G03,PAT91E31,2085M31G03,PAT6A739,3973935,RE83245-1
55533525,33-21,B737-8,CABIN,9651-35-0005,17272,9651-35-0005,73997,3805331,04381994
190521400,25-31,B737-8,FWD,62197-301-001,17-07-0394,62197-301-001,16-01-0178,4026377,KAV0126024
190328224,33-00,M73-82,30ABC,9651-35-0005,65827,9651-35-0005,21644,3990156,159118
55538569,33-00,B737-8,21DEF,9651-35-0002,17667,9651-35-0002,26429,3799456,ARC139347
41959628,33-00,B737-8,5ABC,9651-35-0002,32773,9651-35-0002,35676,4072916,ARC166984
190604816,33-42,B737-8,RH,72605363-1,1835,72605363-1,1188,3965196,354172064
42013678,26-00,B737-8,AFT,473597-5,SJA0399,473597-5,SJA6741,4181825,13825327
190733326,33-00,B737-8,22 ABC,9651-35-0002,54252,9651-35-0002,72469,3905716,20102438
191356680,25-00,B737-8,AFT,62197-301-001,16-06-0226,62197-301-001,19-06-0016,4183991,WAV1510
190538182,36-11,B737-8,#2,3214552-5,7932,3214552-5,8782,3839599,352696852
190538182,36-11,B737-8,#2,107484-7,18531,107484-7,11480,3843832,352890137
41953851,25-31,B737-8,AFT,8201-11-0000-01,16-11-38221,8201-11-0000-01,09-04-26818,3693298,1186661
35041815,25-00,B737-8,AFT,62197-301-001,16-01-0179,62197-301-001,25-05-0239,4078925,SAV829
55700457,26-16,B737-8,FWD,473597-5,49283,473597-5,SJB1001,3885007,R550660-2
40040383,25-00,B737-8,FWDGALLY,72184025,N10100895044737,72184025,2019,3839567,1313147
191313729,33-21,B737-8,CABIN,9651-35-0005,32312,9651-35-0005,32753,4032094,ARC162853
190483860,25-00,M73-82,AFT GALLEY,62197-301-001,15-08-7810,62197-301-001,23-03-0698,4016300,KAV1125045
55466456,25-00,M73-82,GALLEY 4,8201-11-0000-01,19-05-0634,8201-11-0000-01,23-04-0071,3736275,1225192
190288251,38-11,M73-82,LAV A,SC4L500301-5,11304604-007,SC4L500301-4,1606256,4060408,E-6074532
190196365,23-51,B737-8,F/O,5145-1-82,15961,5145-1-88,25152,4218339,PAV14939
55406633,25-00,M73-82,FWD GALLEY,8201-11-0000-01,09-05-26928,8201-11-0000,04-11-20597,4120852,PAV13752
190654557,25-00,B737-8,FWDGALLY,62197-301-001,23-09-0333,62197-301-001,23-08-0261,4181040,SAV933
191125378,38-11,M73-82,FWD,SC4L500301-5,174182549-005,SC4L500301-5,175167915-001,4143412,E6178748
26120821,38-00,B737-8,LAV E,14330-230,7102,14330-230,20327,3753665,1082877
55412517,72-00,M73-82,#1,2085M31G03,PAT58F17,2085M31G03,PSDNG745,3815935,JMB25A-00187
55412517,72-00,M73-82,#1,2085M31G03,PAT94R31,2085M31G03,PSDNG747,3815944,JMB25A-00189
55412517,72-00,M73-82,#1,2085M31G03,PAT29F15,2085M31G03,PSDNF939,3811073,JMB24A-07088
55412517,72-00,M73-82,#1,2085M31G03,PAT26F73,2085M31G03,PSDNG742,3815926,JMB25A-00184
55412517,72-00,M73-82,#1,2085M31G03,PAT14T94,2085M31G03,PSDNF938,3811076,JMB24A-07087
55412517,72-00,M73-82,#1,2085M31G03,PAT02R85,2085M31G03,PSDNG743,3815928,JMB25A-00185
55412517,72-00,M73-82,#1,2085M31G03,PAT57E64,2085M31G03,PSDNH585,3815986,TCA25A-00217
55412517,72-00,M73-82,#1,2085M31G03,PAT92E12,2085M31G03,PSDNH583,3815977,TCA25A-00215
55412517,72-00,M73-82,#1,2085M31G03,PAT51E83,2085M31G03,PSDNH580,3815968,TCA25A-00212
55412517,72-00,M73-82,#1,2085M31G03,PAT80R63,2085M31G03,PSDNH586,3815991,TCA25A-00218
55412517,72-00,M73-82,#1,2085M31G03,PAT35R68,2085M31G03,PSDNG749,3815952,JMB25A-00191
55412517,72-00,M73-82,#1,2085M31G03,PAT44C72,2085M31G03,PSDNG744,3815931,JMB25A-00186
55412517,72-00,M73-82,#1,2085M31G03,PAT21C66,2085M31G03,PSDNG748,3815948,JMB25A-00190
55412517,72-00,M73-82,#1,2085M31G03,PAT5A865,2085M31G03,PSDNH587,3816001,TCA25A-00219
55412517,72-00,M73-82,#1,2085M31G03,PAT36R28,2085M31G03,PSDNG750,3815955,JMB25A-00192
55412517,72-00,M73-82,#1,2085M31G03,PAT99E79,2085M31G03,PSDNH579,3815963,TCA25A-00211
55412517,72-00,M73-82,#1,2085M31G03,PAT11E35,2085M31G03,PSDNH582,3815974,TCA25A-00214
55412517,72-00,M73-82,#1,2085M31G03,PAT81F62,2085M31G03,PSDNG746,3815940,JMB25A-00188
42178038,73-00,M73-82,#1,2085M31G03,PSDKY943,2085M31G03,PSDNE571,3758929,JMB24A-06357
190170205,23-42,B737-8,FWD,285W0024-1B,F25777,285W0024-1B,F52474,3916799,151688
55577697,72-21,B737-8,#1,340-001-036-0,DM166987,340-001-038-0,DM137290,4048710,R26011164001
190531563,33-21,B737-8,RH,9651-35-0005,23044,9651-35-0005,63043,3701010,72652-1.000
190631464,25-35,B737-8,AFTGALLY,62197-301-001,21-02-0159,62197-301-001,23-09-0230,3829039,WAV346
190514815,26-00,B737-8,AFT,473597-5,SJA4493,473597-5,SJA6168,3844286,R549853-62356
105663611,73-11,M73-82,#1,2085M31G03,PAT1G886,2085M31G03,PAT28E77,4032526,RG97791-1
105663611,73-11,M73-82,#1,2085M31G03,PAT1G882,2085M31G03,PAT58F15,4032508,RH06767-1
105663611,73-11,M73-82,#1,2085M31G03,PAT1G881,2085M31G03,PAT7C744,4019580,RG97907-1
105663611,73-11,M73-82,#1,2085M31G03,PAT1G877,2085M31G03,PAT09F26,4019570,RG99010-1
105663611,73-11,M73-82,#1,2085M31G03,PAT1G876,2085M31G03,PSDNE452,4009928,RG84465-1
105663611,73-11,M73-82,#1,2085M31G03,PAT1G875,2085M31G03,PAT14C70,4019583,RD78525-1
105663611,73-11,M73-82,#1,2085M31G03,PAT1G873,2085M31G03,PAT25E37,4032534,RH12915-1
105663611,73-11,M73-82,#1,2085M31G03,PAT1G878,2085M31G03,PAT22F22,4032532,RH11493-1
105663611,73-11,M73-82,#1,2085M31G03,PAT1G869,2085M31G03,PAT3H265,4019585,RG97487-1
105663611,73-11,M73-82,#1,2085M31G03,PAT1G870,2085M31G03,PAT88J66,4019574,RG95796-1
105663611,73-11,M73-82,#1,2085M31G03,PAT1G868,2085M31G03,PAT99E71,4019593,RG97856-1
105663611,73-11,M73-82,#1,2085M31G03,PAT1G874,2085M31G03,PAT05T95,4032535,RH11858-1
105663611,73-11,M73-82,#1,2085M31G03,PAT1G885,2085M31G03,PAT63E14,4019595,RG95797-1
105663611,73-11,M73-82,#1,2085M31G03,PAT1G884,2085M31G03,PSDMJ725,4032504,RH07337-1
105663611,73-11,M73-82,#1,2085M31G03,PAT1G883,2085M31G03,PSDMJ097,4032522,RG98809-1
105663611,73-11,M73-82,#1,2085M31G03,PAT1G887,2085M31G03,PAT63E22,4019590,RG97727-1
105663611,73-11,M73-82,#1,2085M31G03,PAT1G880,2085M31G03,PAT01J59,4032530,RG97835-1
105663611,73-11,M73-82,#1,2085M31G03,PAT1G879,2085M31G03,PSDNF339,4032512,RH06756-1
190070403,38-32,B737-8,CABIN,14330-230,ZSK659,14330-230,3398,3919759,2057100
55555667,33-00,B737-8,21ABC,9651-35-0002,53846,9651-35-0002,71305,4190356,20252530-01
106913926,33-21,M73-82,14ABC,9651-35-0005,52361,9651-35-0005,21778,4049936,164776
106913926,33-21,M73-82,25ABC,9651-35-0003,15085,9651-35-0003,15412,3917393,20105685
190323167,38-00,M73-82,GALLEY 4,62197-301-001,17-11-0442,62197-301-001,15-03-7407,3858683,KAV0425034
55631145,33-00,B737-8,15DEF,9651-35-0005,37998,9651-35-0005,66956,4000869,20127194
190095917,25-00,B737-8,FWD,62197-301-001,14-07-6912,62197-301-001,21-10-0785,4026494,WAV1036
190702617,33-00,B737-8,18DEF,9651-35-0002,53806,9651-35-0002,34974,4005129,ARC160895
190143576,23-00,B737-8,CABIN,285W0024-1B,F30624,285W0024-1B,F25355,3844951,4532
190576086,23-51,B737-8,F/O,5145-1-82,15019,5145-1-88,27747,4072824,PAV13148
40934530,25-00,B737-8,AFT,8201-11-0000,07-01-23111,8201-11-0000,08-05-25451,3849247,1322573
190711325,33-21,B737-8,5 ABC,9651-35-0002,24544,9651-35-0002,50400,4084433,ARC167879
190346557,25-32,M73-82,GALLEY 4,62197-301-001,23-08-0262,62197-301-001,16-02-0200,4009385,WAV997
55480047,33-42,M73-82,RH,72605363-1,5298,72605363-1,5493,3774065,351973988
55480047,33-42,M73-82,RH,72500415-2,6800,72500415-2,1928,3706852,351194019
55683304,23-40,B737-8,AFT CAB,285W0024-1B,D23172,285W0024-1B,F63728,4104732,MEH-E-2026-02674
191271387,25-00,M73-82,001 FWD GALLEY,62197-301-001,21-02-0150,62197-301-001,22-02-0453,4030340,KAV0126044
55334722,25-32,M73-82,G1,62197-301-001,21-11-0685,62197-301-001,16-02-0192,4213907,R153919126
190728035,25-00,B737-8,AFTGALLY,8201-11-0000,03-12-19543,8201-11-0000,02-10-18290,3836329,KAV0325038
190462106,25-32,M73-82,GALLEY G4,8201-11-0000-01,23-08-0367,8201-11-0000-01,16-01-37105,3857845,KAV0525004
42142548,25-32,M73-82,GALLEY G4,62197-301-001,19-07-1227,62197-301-001,16-12-0309,4109870,SAV875
55347998,25-00,M73-82,AFTGALLY,8201-11-0000-01,17-12-39605,8201-11-0000-01,09-12-27982,3807276,PAV9722
191523675,33-21,B737-8,CABIN,9651-35-0004,10309,9651-35-0004,22661,4228897,47002075-01
191456444,36-00,B737-8,#1,107484-7,17813,107484-7,8134,4120688,355952074
191319080,33-00,B737-8,10DEF,9651-35-0004,6317,9651-35-0004,18163,4001764,60342
190698965,30-31,B737-8,ALT,0851HT1,355681,0851HT2,475518,3977907,408416645
55406234,25-32,M73-82,G1,8201-11-0000-01,19-05-0641,8201-11-0000,07-09-24218,3807375,PAV9748
190441518,33-00,M73-82,30 ABC,9651-35-0005,50443,9651-35-0005,18907,4005078,ARC160828
190628104,36-00,B737-8,#2,107484-7,17813,107484-7,9202,3905522,2025001752
190064583,33-42,B737-8,RH,45-0351-4,7209,45-0351-4,6801,4158377,PAV14205
190658755,33-00,B737-8,11DEF,9651-35-0004,12036,9651-35-0004,11870,3806613,ARC141037
190635453,26-00,B737-8,AFT,473597-5,SJA4512,473597-5,SJA4315,3995559,25.986
55674261,25-00,B737-8,AFTGALLY,62197-301-001,19-06-0017,62197-301-001,21-11-0208,3770864,KAV0125001
41845528,33-00,M73-82,CABIN,9651-35-0005,15670,9651-35-0005,66300,3790862,2008637
55613456,33-20,B737-8,22ABC,9651-35-0002,35382,9651-35-0002,49978,3791754,20085991
190531226,26-00,B737-8,AFT,473925,18143,473925,12911,4209725,13961057
190531226,26-00,B737-8,AFT,473597-5,SJA5401,473597-5,42045,4033851,7935
101889717,33-00,B737-8,19DEF,9651-35-0002,18408,9651-35-0002,30440,3766741,2101-1.000
190602482,38-00,B737-8,LAV D,SC4L500301-5,171187509-003,SC4L500301-5,174303118-002,4015916,E-6016509
190128798,33-20,B737-8,CAB,9651-35-0005,32690,9651-35-0005,38302,3700835,ARC130754
190267206,26-00,B737-8,AFT,473597-5,20936A,473597-5,34363,3942512,63652
42166559,33-20,M73-82,24 LH,9651-35-0002,66152,9651-35-0002,53002,4031759,163173
41702664,38-32,B737-8,FWD,14330-230,14772,14330-230,25624,3794301,0001096157
55048144,25-35,B737-8,FWD,8201-11-0000-01,15-10-36716,8201-11-0000-01,14-12-35627,3717794,1207901
55684431,33-21,B737-8,9 ABC,9651-35-0003,9042,9651-35-0003,18442,3783509,20084520
40821600,38-32,B737-8,CABIN,14330-230,ZSK459,14330-230,R5186126/EPC,3866287,1112315
190409377,25-00,M73-82,GALLEY 1 FWD,8201-11-0000,04-09-20358,8201-11-0000-01,16-11-38233,4198012,PAV14653
55548906,26-00,B737-8,AFT,473597-5,SJA7314,473597-5,SJA6170,3958123,12865637
55165245,23-51,B737-8,FL DK,5145-1-82,16044,5145-1-82,18531,3836766,1310900
190145065,25-31,B737-8,AFT RH,72184025,N10121136044771,72184025,3012,4104002,PAV13591
190380221,33-21,M73-82,12DEF,9651-35-0004,25614,9651-35-0004,14027,4145213,171831
190285402,38-10,M73-82,LAV A,SC4L500301-5,10979540,SC4L500301-5,173766100-003,3940870,E-5899768
42196046,34-11,M73-82,CAPT,0851HT1,401473,0851HT2,475567,3983427,408442372
42135196,38-00,M73-82,LAV V,SC4L500301-5,170883770-004,SC4L500301-5,11304632-009,3596444,E-5330682
55129910,26-00,B737-8,AFT,473597-5,46135,473597-5,SJA4673,3879245,62889
191126240,25-32,M73-82,FWD GALLEY,62197-301-001,21-02-0159,62197-301-001,19-04-0460,4180232,KAV0526045
191404284,33-00,B737-8,9ABC,9651-35-0003,7536,9651-35-0003,7155,4121715,ARC170544
190392375,38-11,M73-82,LAV-D,SC4L500301-5,1162476,SC4L500301-5,174946466-009,4110649,E-6137008
190480235,25-00,M73-82,GALLEY G1,62197-301-001,21-11-0227,62197-301-001,21-02-0305,3910221,WAV571
190532867,33-00,B737-8,CAB,9651-35-0002,31021,9651-35-0002,69761,3788189,20085484
55575459,33-00,B737-8,CAB,9651-35-0005,38455,9651-35-0005,25550,3949947,ARC155063
26184404,23-42,B737-8,#1,285W0024-1B,F29636,285W0024-1B,F52190,3813426,ARC141983
190200094,25-00,B737-8,FWD,72184025,4191,72184025,4225,3834095,1308743
190529777,26-00,B737-8,AFT,473597-5,SJA4768,473597-5,SJA6087,4221147,13938644
41719438,38-00,B737-8,AFT RH,14330-230,17434,14330-230,7292,3776726,0001086704
42019042,33-21,B737-8,CABIN,9651-35-0002,17134,9651-35-0002,17028,3878919,ARC147739
190310918,33-00,M73-82,14DEF,9651-35-0005,51397,9651-35-0005,49533,3842244,143849
191480441,38-11,B737-8,LAV E,SC4L500301-5,11097993,SC4L500301-5,174945320-005,4112649,E-6138987
190620822,33-21,B737-8,CABIN,9651-35-0005,66810,9651-35-0005,44673,3752307,20079389-1000
55293790,25-00,M73-82,GALLEY 4,62197-301-001,15-11-0122,62197-301-001,16-10-0263,3858723,KAV0425030
55513247,33-21,B737-8,23DEF,9651-35-0003,10144,9651-35-0003,7516,3671352,ARC127917
980010809,33-42,B737-8,RH,45-0351-4,3480,45-0351-4,5676,4173357,
55438621,25-00,M73-82,FWD GALLEY,62197-301-001,17-12-0425,72184025,4154,3790912,WAV244
190515222,33-21,B737-8,6 DEF,9651-35-0002,35602,9651-35-0002,17062,3903113,149921
55557171,33-00,B737-8,30ABC,9651-35-0005,50205,9651-35-0005,18210,3746631,135218
55373916,25-00,M73-82,FWD,8201-11-0000-01,23-09-0102,8201-11-0000,02-10-18289,4134273,PAV13939
190539610,33-21,B737-8,25ABC,9651-35-0005,33682,9651-35-0005,49200,3907444,150510
190086589,25-00,B737-8,CABIN,8201-11-0000,05-08-21364,8201-11-0000-01,23-07-0107,3891571,PAV10751
25856092,26-16,B737-8,AFT,473597-5,23559,473597-5,SJB1245,3868931,R550397
190355844,33-21,M73-82,CAB,9651-35-0002,63021,9651-35-0002,18334,4096535,ARC168841
190361107,33-00,M73-82,20ABC,9651-35-0002,18814,9651-35-0002,83843,3950783,87149
190450345,25-00,M73-82,GALLEY 4,8201-11-0000-01,16-12-38300,8201-11-0000-01,17-01-38344,3550116,1045042
190670009,33-21,B737-8,25ABC,9651-35-0004,9261,9651-35-0004,18728,4037567,163843
190902845,23-42,B737-8,AFT,285W0024-1B,D14338,285W0024-23B,F64025,4125176,MEH-E
190034786,26-16,B737-8,AFT,473597-5,54185,473597-5,42832,3988979,64326R143504325
190454065,33-00,M73-82,6ABC,9651-35-0002,16507,9651-35-0002,48897,4160169,20209415
190445691,25-32,M73-82,FWDGALLY,62197-301-001,25-04-0063,62197-301-001,15-07-7804,4032835,PAV12557
190208520,33-42,B737-8,LH,72605363-1,5730,72605363-1,2931,3985828,354584337
190506053,25-31,B737-8,AFTGALLY,72184025,4331,72184025,4385,3945405,WAV742
190475547,38-11,M73-82,LAV A,SC4L500301-5,11295765-008,SC4L500301-5,175184263-004,4148524,6188927
55163260,33-00,B737-8,22 ABC,9651-35-0002,19353,9651-35-0002,17105,3861010,ARC146082
35081778,33-20,B737-8,12ABC,9651-35-0005,33850,9651-35-0005,15670,3872035,146982
191499342,25-33,B737-8,AFTGALLY,8201-11-0000-01,10-07-29029,8201-11-0000-01,15-12-37024,3818401,PAV9920
190577096,25-00,B737-8,AFTGALLY,72184025,4253,72184025,N10090462044716,3716631,1194701
190100593,25-31,B737-8,GALLEY 4,72184025,4212,72184025,N10030465044663,4005235,WAV972
190544587,36-11,B737-8,#1,107484-7,9890,107484-7,9462,4030959,355020692
41936962,33-00,B737-8,6,9651-35-0002,22263,9651-35-0002,39020,4234459,ARC179541
41936962,33-00,B737-8,27,9651-35-0002,34927,9651-35-0002,52094,4234246,179557
190880448,23-00,B737-8,FL DK,5145-1-82,24395,5145-1-82,24309,4119985,PAV13730
190294925,33-21,M73-82,32 R/H,9651-35-0005,45232,9651-35-0005,33850,3925186,152439
190676782,38-32,B737-8,LAV D,14330-230,22270,14330-230,ZSK363,3906554,1138062
190187673,33-00,B737-8,#2,45-0351-4,5670,45-0351-2,0404,3887314,PAV10730
190733783,33-00,B737-8,CABIN,9651-35-0005,23647,9651-35-0005,34312,3949948,ARC154560
190189670,23-51,B737-8,OBS,5145-1-82,11249,5145-1-82,23953,3946108,1409596
190279662,25-30,M73-82,GALLEY G4,8201-11-0000,04-12-20657,8201-11-0000-01,21-01-0295,3889182,KAV0625019
191210932,38-00,M73-82,FWD,,,SC4L500301-4,1604496,4058221,E-6074532
55715347,26-00,B737-8,AFT,473597-5,SJA6295,473597-5,53089,3752038,R547927
190260001,23-00,B737-8,FWDGALLY,285W0024-1B,F46479,285W0024-1B,F25355,4150724,ARC172333
55429397,25-00,M73-82,FWD GALLEY,8201-11-0000-01,21-11-0982,8201-11-0000-01,09-12-27992,3788783,KAV0125020
190302141,25-00,M73-82,FWD,SC4L500301-5,172356325-002,SC4L500301-5,173766100-002,3945924,E-5909434
190019175,23-42,B737-8,CABIN,285W0024-1B,F52563,285W0024-1M,F59123,4091517,ACT-D-46072-004958
191387318,33-00,B737-8,30 DEF,9651-35-0005,23748,9651-35-0005,33725,4116707,ARC169960
190020370,26-16,B737-8,AFT,473597-5,25114,473597-5,SJA7030,3987170,00012978331
190445190,33-00,M73-82,CABIN,9651-35-0002,77282,9651-35-0002,66313,3975483,20118097
55165643,38-00,B737-8,AFT RH,SC4L500301-5,171072804-008,SC4L500301-5,175167915-009,4143484,E6178748
55683131,33-21,B737-8,28ABC,9651-35-0005,16970,9651-35-0005,29745,3907481,150444
55257393,33-20,B737-8,31ABC,9651-35-0005,38314,9651-35-0005,50043,3934636,ARC153482
55504801,33-00,B737-8,#18 RH,9651-35-0002,26875,9651-35-0002,19646,3836455,3649
190486098,33-21,M73-82,22 ABC,9651-35-0002,24587,9651-35-0002,64845,4000867,20124573
191168450,25-32,M73-82,GALLEY 4,62197-301-001,15-12-0146,62197-301-001,21-02-0086,4183948,WAV1512
55613598,25-00,B737-8,FWDGALLY,62197-301-001,22-02-0456,62197-301-001,14-09-7014,3925046,WAV646
41396885,36-11,B737-8,#1,107484-7,13547,107484-7,20554,3806011,801317
190677514,34-11,B737-8,CAPT,0851HT1,452394,0851HT2,466989,3830291,40779274
55373705,38-11,M73-82,FWD,SC4L500301-5,172211395-005,SC4L500301-5,175167865-003,4143364,E6178748
35090403,33-21,B737-8,30 RH,9651-35-0005,22875,9651-35-0005,50069,3550835,116768
190310724,25-00,M73-82,AFTGALLY,8201-11-0000-01,22-03-0049,8201-11-0000-01,21-11-0788,3835658,PAV10179
190684103,25-31,B737-8,AFTGALLY,62197-301-001,21-08-0084,62197-301-001,22-12-0348,4040952,WAV1079
55199744,26-00,B737-8,AFT,473597-5,47768,473597-5,SFJ1340,3908411,408095
55027611,38-00,B737-8,CABIN,15800-029-3,4372,15800-029-3,8439,3800475,1098542
55049026,25-31,B737-8,FWDGALLY,72184025,N10100884044726,72184025,N10010157044613,3687072,1180384
55443878,25-00,M73-82,AFT GALLEY,62197-301-001,22-12-0122,62197-301-001,23-04-0051,4082352,WAV1207
190560067,33-00,B737-8,CABIN,9651-35-0002,25601,9651-35-0002,30475,3949769,ARC155261
35046982,25-31,B737-8,FWDGALLY,8201-11-0000,04-01-19683,8201-11-0000,02-10-18231,3945819,KAV0825014
190374158,33-00,M73-82,8DEF,9651-35-0002,53872,9651-35-0002,32934,4157547,172988
55633934,33-20,B737-8,31ABC,9651-35-0005,50343,9651-35-0005,46194,3805453,20088707-1
980008832,72-21,B737-8,#1,340-001-036-0,DM129646,340-001-036-0,PF520323,4130675,
190720358,25-30,B737-8,AFT,62197-301-001,18-01-0436,62197-301-001,21-10-0785,3967718,1430820
190649835,33-00,B737-8,5 DEF,9651-35-0002,31093,9651-35-0002,74373,3897740,04640200
190348003,33-21,M73-82,#16 LH,9651-35-0005,65977,9651-35-0005,61555,4053112,20159780
190379365,33-00,M73-82,CABIN,9651-35-0005,42682,,,9697525,
191499296,25-00,B737-8,AFT RH,8201-11-0000,04-12-20657,8201-11-0000-01,23-05-0099,3442348,S23/2588H-1
191499296,25-00,B737-8,AFT LH,8201-11-0000-01,17-07-39055,8201-11-0000-01,23-06-0157,3452421,S23/2869H-1
55203454,38-00,B737-8,FWD,72184025,N09030225044452,72184025,4355,3995944,SAV674
191356485,25-00,B737-8,AFT RH,62197-301-001,17-01-0359,62197-301-001,17-01-0340,4223019,WAV1572
190172127,34-11,B737-8,F/O,0851HT1,421203,0851HT1,444280,3413637,405746334
190101884,25-00,B737-8,AFTGALLY,72184025,N10020042044628,72184025,4114,3849174,WAV426
190053289,38-00,B737-8,CABIN,15800-029-3,3144,15800-029-3,4639,4020997,1164779
191393888,38-32,B737-8,AFT LH,14330-230,14945,14330-230,30271,3995933,8686
40298083,38-30,B737-8,CABIN,14330-230,35695,14330-230,8013,3856650,1119896
190062195,25-00,B737-8,AFTGALLY,72184025,4083,72184025,N09030612044479,3834346,PAV10177
190573180,25-32,B737-8,FWD,62197-301-001,17-01-0341,72184025,4086,3974057,WAV866
55155298,27-31,B737-8,ELEV LH,,,0851HT2,464413,3758240,407393419
55155298,27-31,B737-8,FIN,0851HT1,278280,,,9484951,
191251552,33-21,M73-82,4RH,,,9651-35-0002,17156,4203347,ARC176597
191251552,33-21,M73-82,4RH,9651-35-0002,18165,,,9717853,
190832587,25-00,B737-8,AFT,72184025,N10020048044634,72184025,N09070401044572,4128837,KAV0426081
55224654,36-11,B737-8,#2,107484-7,9375,107484-7,19403,3871262,353185766
190039931,25-00,B737-8,#3,8201-11-0000-01,22-02-0641,8201-11-0000,07-08-24019,3975940,1435717
35050573,25-33,B737-8,AFTGALLY,62197-301-001,23-08-0176,62197-301-001,17-07-0383,3807300,WAV302
190608373,33-00,B737-8,20ABC,9651-35-0002,19386,9651-35-0002,48649,4091562,ARC168220
20292557,23-42,B737-8,FWD CAB,285W0024-1B,F25887,285W0024-1B,F30755,3991537,ARC158681
190449648,33-21,M73-82,9DEF,,,9651-35-0003,10244,4128933,170943
190449648,33-21,M73-82,9DEF,9651-35-0003,15538,,,9717251,
55442367,33-21,M73-82,#22 LH,9651-35-0002,53249,9651-35-0002,61304,3959017,20110256
190770253,25-00,B737-8,FWDGALLY,62197-301-001,22-12-0348,62197-301-001,21-03-0019,3958859,PAV11530
55358917,33-21,M73-82,14 ABC,9651-35-0005,50590,9651-35-0005,33622,3992743,159670
55189252,23-00,B737-8,F/O,5145-1-82,11728,5145-1-88,27161,4081658,PAV13277
190468143,33-21,M73-82,22DEF,9651-35-0002,22252,9651-35-0002,66147,4157425,20200065
190409475,33-21,M73-82,29ABC,9651-35-0005,45482,9651-35-0005,52361,4202783,ARC176547
55568042,25-00,B737-8,AFTGALLY,8201-11-0000-01,15-10-36714,8201-11-0000-01,09-02-26575,3693425,1186604
53864566,38-00,B737-8,FWD LH,14330-230,15615,14330-230,37609,3946461,1150467
55672069,33-00,B737-8,CABIN,9651-35-0002,37455,9651-35-0002,55038,4207456,177200
190284732,33-21,M73-82,#22 LH,9651-35-0002,73492,9651-35-0002,63981,3860560,20097263
190420459,38-00,M73-82,LAV U,SC4L500301-5,171556091-007,SC4L500301-4,1600144,4051914,E-6071608
41933014,26-16,B737-8,AFT,473597-5,SJA3742,473597-5,33832,3792950,R547738-61524
190322885,34-11,M73-82,ALT,0851HT1,401210,0851HT2,464769,3798892,407571394
190127665,25-00,B737-8,#3,8201-11-0000,04-12-20649,8201-11-0000,07-12-24526,3857843,KAV0525002
55377077,25-30,M73-82,FWD GALLEY,8201-11-0000-01,19-07-0767,8201-11-0000,07-08-24016,3881762,PAV10676
190095538,38-00,B737-8,CABIN,14330-230,37235,14330-230,17946,3979171,1165407
190011999,33-42,B737-8,RH,45-0351-4,2151,45-0351-6,8581,3786465,PAV9388
190908007,25-35,B737-8,FWDGALLY,8201-11-0000,07-09-24226,8201-11-0000,07-12-24540,4090197,KAV0326032
55360522,33-21,M73-82,30 DEF,9651-35-0005,32513,9651-35-0005,62196,3991086,20124584
190702565,26-16,B737-8,FWD,473597-5,24799,473597-5,41570,3946238,R551432-63757
42152290,38-00,M73-82,001 AFT LAVATO,SC4L500301-5,11304642-010,SC4L500301-5,1751667846-005,4148518,6188927
55135361,38-32,B737-8,AFT RH,14330-230,852,14330-230,ZSK642,3763132,0001086366
55071645,23-00,B737-8,CABIN,285W0024-1B,D06299,285W0024-1B,F28306,3903896,149911
191319254,25-31,B737-8,AFTGALLY,62197-301-001,17-01-0346,62197-301-001,19-07-0266,4138392,WAV1411-UKCAA
191319254,25-31,B737-8,AFTGALLY,62197-301-001,16-02-0198,62197-301-001,23-06-0201,4124746,WAV1374
55573395,36-11,B737-8,#1,107484-7,8256,107484-7,7589,3786310,7473
25705248,38-00,B737-8,CABIN,15800-029-3,4233,15800-029-3,15292,4020969,1169211
190005748,23-00,B737-8,FL DK,5145-1-82,11720,5145-1-88,29256,3838953,1312554
191382716,33-21,B737-8,CABIN,9651-35-0005,20849,9651-35-0005,31414,4222125,ARC178761
190603390,38-00,B737-8,AFTGALLY,8201-11-0000-01,14-09-35283,8201-11-0000,07-10-24300,3704685,1196913
190184641,36-00,B737-8,#2,107484-7,16458,107484-7,7250,3866362,353194203
41529628,38-13,B737-8,AFTGALLY,72184025,N09030236044463,72184025,N09070389044560,3806310,1283794
190634784,33-00,B737-8,7DEF,9651-35-0002,47815,9651-35-0002,35279,4110268,169656
41887337,38-00,M73-82,GALLEY 4,62197-301-001,22-11-0531,62197-301-001,21-02-0302,3786348,PAV9362
190137687,38-00,B737-8,LAV D,14330-230,22286,14330-230,20568,3943272,1138563
40100327,23-41,B737-8,FWD,285W0024-1B,F37738,285W0024-1M,F48637,3788849,139165
55674195,38-00,B737-8,FWDGALLY,62197-301-001,18-07-0596,62197-301-001,19-04-0548,3775189,1256379
55459146,33-00,M73-82,CABIN,9651-35-0005,49373,9651-35-0005,42213,4104401,ARC169210
191328276,25-31,B737-8,AFTGALLY,8201-11-0000,05-08-21351,8201-11-0000-01,22-03-0155,4176423,KAV0526088
190658026,38-32,B737-8,LAV A,14330-230,19928,14330-230,ZSK595,3958774,1158628
55536519,25-00,B737-8,FWDGALLY,62197-301-001,18-07-0591,62197-301-001,15-03-7402,3807245,PAV9729
190515361,25-00,B737-8,FWD,72184025,N10040452044697,72184025,N09030623044490,3781146,1240827
55404582,25-00,M73-82,GALLEY G4,8201-11-0000,04-06-20085,8201-11-0000,08-02-24819,3935746,PAV11178
41426857,23-00,B737-8,FL DK,5145-1-82,18347,5145-1-82,16187,3765857,T331530
55374326,33-00,M73-82,LH,72605363-1,7847,72605363-1,5616,3784978,352093634
55414084,33-00,M73-82,5ABC,9651-35-0002,40009,9651-35-0002,40672,4231004,179483
190204500,26-00,B737-8,AFT,473597-5,30261,473597-5,56172,4202660,13918018
191039165,38-00,B737-8,LAV A,14330-230,20668,14330-230,39854,4141480,0000065214
190252017,23-00,B737-8,CAPT,5145-1-82,16517,5145-1-82,12552,3946739,PAV11271
190832612,26-16,B737-8,CARGO,473597-5,40820,473597-5,SJA2872,4143722,13677916
190832612,26-16,B737-8,FL DK,473955-1,4746,473955-1,4910,4145084,13682238
190635232,25-31,B737-8,FWDGALLY,72184025,4258,72184025,N09120056044579,4084332,WAV1233
55577696,72-21,B737-8,#1,340-001-036-0,DM167133,340-001-038-0,DM137238,4048703,R26011170001
55577696,72-21,B737-8,#1,,,340-001-036-0,DM167133,4125813,1558856
190577834,33-21,B737-8,CABIN,9651-35-0002,35028,9651-35-0002,50350,3937871,20107709
190678888,33-00,B737-8,25 ABC,9651-35-0004,12792,9651-35-0004,6722,3903132,149750
41320794,25-00,B737-8,AFT LH,72184025,4305,72184025,4197,4009027,SAV716
20292503,25-00,B737-8,AFTGALLY,62197-301-001,15-12-0163,62197-301-001,23-05-0227,3991548,AV1750
55321282,25-35,M73-82,FWD GALLEY,8201-11-0000-01,21-04-0064,8201-11-0000-01,09-02-26580,3788762,KAV0125053
190669322,25-00,B737-8,FWDGALLY,8201-11-0000-01,21-11-0975,8201-11-0000-01,18-06-0213,4032629,KAV1225070
190034231,25-00,B737-8,AFT GALLEY,8201-11-0000-01,17-02-38421,8201-11-0000,04-01-19675,4091792,KAV0226011
190651325,33-21,B737-8,25DEF,9651-35-0004,14295,9651-35-0004,24455,3935383,20107367
55208255,33-00,B737-8,RH,45-0351-4,0182,45-0351-4,3645,3822634,PAV9995
190044991,25-00,B737-8,GALLEY 4,62197-301-001,23-03-0523,72184025,N09070395044566,4009025,SAV717
55288564,33-00,M73-82,31 DEF,9651-35-0005,21620,9651-35-0005,47516,3767023,ARC137637
40211376,26-16,B737-8,AFT,473597-5,56591,473597-5,36705,3897720,R550824-63
55430650,33-21,M73-82,2 DEF,9651-35-0005,60634,9651-35-0005,45766,3697102,20070935
190572910,27-00,B737-8,LH STAB,0851HT1,338483,0851HT2,475573,3983391,408442374
190274374,25-00,B737-8,AFT,8201-11-0000,05-02-20902,8201-11-0000-01,21-04-0065,4091796,KAV0226019
980006768,38-32,B737-8,N/A,14330-230,ZSK416,14330-230,35865,4110454,
55443180,25-00,M73-82,AFT GALLEY,8201-11-0000-01,15-10-36722,8201-11-0000,04-06-20086,3648923,1142199
980011725,23-00,B737-8,#1,5145-1-82,11425,5145-1-82,12097,4186814,
55127562,25-00,B737-8,AFTGALLY,72184025,N09040567044508,72184025,N10020037044623,3619694,1114095
190512832,23-51,B737-8,F/O,5145-1-82,11781,5145-1-82,14516,3915572,732
190028111,25-31,B737-8,FWD,72184025,4212,72184025,N10020395044645,3834325,PAV10171
190689185,25-00,B737-8,FWD,62197-301-001,16-01-0184,62197-301-001,19-07-1209,4006519,SAV710-UK CAA
190503649,33-21,M73-82,CABIN,9651-35-0005,44678,9651-35-0005,35718,4005088,ARC160546
55261007,23-31,B737-8,CABIN,285W0024-1B,F27572,285W0024-1B,F25786,3740348,135005
190644666,25-31,B737-8,AFTGALLY,8201-11-0000,03-09-19330,8201-11-0000-01,17-06-38810,3984999,PAV11860
190395539,38-11,M73-82,GALLEY G4,62197-301-001,15-11-0130,62197-301-001,17-11-0451,3960108,KAV0925025
106071104,36-00,B737-8,#2,107484-7,13644,107484-7,19128,4039889,355269591
55689714,26-00,B737-8,AFT,473597-5,SJA6435,473597-5,SJF1347,3908381,408095
42185644,33-21,M73-82,CABIN,9651-35-0005,21208,9651-35-0005,33792,4148432,172327
190397466,12-13,M73-82,GALLEY G4,62197-301-001,21-11-0734,62197-301-001,15-03-7406,4177226,WAV1477
190607137,25-00,B737-8,FWDGALLY,62197-301-001,17-12-0467,62197-301-001,23-05-0051,3860582,1332273
55093054,33-00,B737-8,RH,45-0351-4,4806,45-0351-4,1611,3861242,1332704
55290364,25-00,M73-82,FWD GALLEY,62197-301-001,17-01-0364,62197-301-001,17-11-0448,4009637,KAV1225047
190315455,25-00,M73-82,GALLEY 4,62197-301-001,23-10-0077,62197-301-001,23-09-0124,3932350,PAV11141
55382548,33-21,M73-82,10DEF,9651-35-0003,15426,9651-35-0003,20892,3951738,20111431-1.000
41245304,25-00,B737-8,FWDGALLY,72184025,4215,72184025,4033,3830899,KAV0325016
190015587,33-00,B737-8,RH,45-0351-4,5676,45-0351-4,1688,4072320,PAV13121
191471484,33-21,B737-8,19DEF,9651-35-0002,53966,9651-35-0002,26117,4128906,170918
55285126,23-00,M73-82,AFT CAB,285W0024-1B,D22465,285W0024-1B,F29428,3854879,145118
190281482,33-00,M73-82,#11 RH,9651-35-0004,19166,9651-35-0004,22655,3909378,20104532
26158648,25-31,B737-8,FWD GALLEY,72184025,N10121136044771,72184025,4313,3945377,WAV726
190680544,25-33,B737-8,AFTGALLY,72184025,N10010153044609,72184025,N12021007044830,3820767,1297620
55708850,33-21,B737-8,21ABC,9651-35-0002,50934,9651-35-0002,22434,3762781,136657
55373552,25-00,M73-82,G1,8201-11-0000-01,23-03-0632,8201-11-0000,08-02-24825,4072225,KAV0126089
190501907,33-00,M73-82,22ABC,9651-35-0002,68609,9651-35-0002,70923,3947441,20111049
55537043,33-21,B737-8,19ABC,9651-35-0002,25438,9651-35-0002,74424,3897736,04640200
40918556,25-00,B737-8,AFTGALLY,72184025,4401,72184025,N10100886044728,4023374,PAV12402
190584063,38-00,B737-8,LAV E,14330-230,20386,14330-230,072682,3878739,1126354
190888605,33-21,B737-8,08 ABC,9651-35-0002,54990,9651-35-0002,39721,4091538,ARC168385
190332093,33-21,M73-82,10DEF,9651-35-0003,18486,9651-35-0003,9396,4210485,177755
55501283,25-00,M73-82,AFT GALLEY,62197-301-001,23-09-0332,62197-301-001,15-10-8013,3796189,PAV9557
42033841,38-00,B737-8,AFTGALLY,72184025,4005,72184025,4444,3622388,1116717
55665090,36-00,B737-8,#2,107484-7,11963,107484-7,18405,4110263,355649589
191187689,33-00,M73-82,2ABC,9651-35-0005,31343,9651-35-0005,33028,4223153,178872
42018172,23-40,B737-8,AFT CAB,285W0024-1B,F53433,285W0024-1M,F52931,3934916,ARC153373
190606694,23-00,B737-8,FL DK,5145-1-82,17077,5145-1-88,25121,3948031,PAV11361
190649115,33-00,B737-8,2ABC,9651-35-0005,30575,9651-35-0005,36968,3795786,140135
190136268,25-00,B737-8,AFTGALLY,72184025,4350,72184025,N09120052044575,4116650,SAV871
55456290,25-00,M73-82,001 FWD GALLEY,62197-301-001,23-04-0176,62197-301-001,16-01-0168,3991577,PAV11959
55412199,25-00,M73-82,FWD,8201-11-0000-01,25-06-0076,8201-11-0000-01,19-01-0492,4091788,KAV0226021
190540198,33-00,B737-8,CABIN,9651-35-0004,7900,9651-35-0004,8073,3857329,ARC145488
55241015,33-00,B737-8,03ABC,9651-35-0001,6696,9651-35-0001,4488,3752471,238003
55241015,33-00,B737-8,21ABC,9651-35-0002,39575,9651-35-0002,35315,3762771,136674
190294378,33-21,M73-82,CABIN,9651-35-0002,74605,9651-35-0002,69461,3897503,04640199
55301068,12-13,M73-82,31ABC,9651-35-0005,48378,9651-35-0005,61121,3791760,20086530
190545599,25-31,B737-8,FWDGALLY,8201-11-0000,02-10-18232,8201-11-0000-01,16-07-37793,3979092,KAV1025020
190991422,33-42,B737-8,RH,45-0351-4,4933,45-0351-4,7241,4216794,PAV14928
190707316,33-00,B737-8,29ABC,9651-35-0005,38197,9651-35-0005,49322,3830262,20092409
55568069,25-00,B737-8,AFT GALLEY,72184025,N10120150044749,72184025,4072,3797961,PAV9568
190548733,33-20,B737-8,28ABC,9651-35-0005,60140,9651-35-0005,49635,4110451,20188950
191331231,38-00,B737-8,AFT,62197-301-001,18-06-0102,72184025,N12021002044825,4179492,PAV14442
55289890,33-21,M73-82,CABIN,9651-35-0002,32452,9651-35-0002,64926,4008394,20132451
55601709,25-31,B737-8,FWDGALLY,62197-301-001,17-07-0389,62197-301-001,22-02-0445,3806217,PAV9716
55560812,38-00,B737-8,LAV  AFT  LH,SC4L500301-5,172694182-002,SC4L500301-5,173662864-002,3940108,E-5900494
55168255,23-42,B737-8,CABIN,285W0024-1B,F40039,285W0024-1B,F23918,3777133,138164
55631207,25-00,B737-8,AFTGALLY,72184025,4001,72184025,N09070393044564,3777192,KAV0125017
190886749,25-00,B737-8,AFT RH,62197-301-001,15-03-7403,62197-301-001,15-12-0144,4222958,WAV1652
190541979,33-00,B737-8,5ABC,9651-35-0002,34076,9651-35-0002,62985,3875333,ARC147597
55672889,25-00,B737-8,FWDGALLY,8201-11-0000,06-01-21696,8201-11-0000,06-12-22990,4050826,KAV0126010
190587466,25-00,B737-8,AFTGALLY,8201-11-0000,08-08-25874,8201-11-0000-01,21-01-0245,3980335,KAV0925049
55461449,25-32,M73-82,GALLEY G4,62197-301-001,15-11-0139,62197-301-001,18-08-0135,3790906,WAV243
191475572,25-00,B737-8,AFTGALLY,8201-11-0000-01,10-07-29000,8201-11-0000-01,09-04-26819,4072263,KAV0126087
980007336,25-00,B737-8,AFTGALLY,62197-301-001,23-08-0287,72184025,4403,4115616,
55456214,33-00,M73-82,RH,72605363-1,4981,72605363-1,2238,3988188,354633197
55603147,23-00,B737-8,F/O,5145-1-82,15022,5145-1-82,15648,3916885,PAV10975
190911564,25-00,B737-8,FWD GALLEY,72184025,N10030463044661,62197-301-001,17-12-0454,4011290,PAV12317
55483399,72-00,M73-82,#2,2085M31G03,PSDMA422,2085M31G03,PSDNE685,3758952,NAB24A-04304
55483399,72-00,M73-82,#2,2085M31G03,PSDMA408,2085M31G03,PSDNE647,3758958,NAB24A-04266
55483399,72-00,M73-82,#2,2085M31G03,PSDMA416,2085M31G03,PSDNE666,3758956,NAB24A-04285
40437413,25-31,B737-8,FWDGALLY,72184025,4005,72184025,4442,3947840,WAV748
191372624,33-21,B737-8,23ABC,9651-35-0003,15650,9651-35-0003,13663,4166953,ARC173754
55349811,38-11,M73-82,FWD,SC4L500301-5,173056431-006,SC4L500301-5,174515292-005,4032864,6046650
42234038,25-35,32S,AFT G5 #3,8201-11-0000-01,17-08-39198,67262-001-003,01-09-0446,3589499,AV1248
191417255,26-16,B737-8,AFT,473597-5,SJA0086,473597-5,41994,3963379,12840833
53864142,34-11,B737-8,RH,0851HT1,403854,0851HT2,466305,3784102,407499374
55479429,25-00,M73-82,001 FWD GALLEY,62197-301-001,23-05-0338,62197-301-001,22-10-0006,3749513,SAV400
55670800,25-31,B737-8,FWD,72184025,4355,72184025,N09050473044525,3814131,1291138
35050468,25-31,B737-8,FWDGALLY,62197-301-001,21-11-0694,72184025,N10010156044612,3674797,1164609
190479243,33-21,M73-82,7ABC,9651-35-0002,66147,9651-35-0002,34691,3925143,ARC152366
190500692,33-00,M73-82,CAB,9651-35-0003,15354,9651-35-0003,10144,3844878,ARC144390
190258648,23-40,B737-8,CABIN,285W0024-1B,F26884,285W0024-1M,F55267,4002026,ARC160031
55502853,25-00,B737-8,FWDGALLY,8201-11-0000-01,21-01-0299,8201-11-0000,04-02-19753,3818920,KAV0225021
190427536,25-00,M73-82,G1,62197-301-001,16-08-0259,62197-301-001,15-10-8010,4103938,WAV1320
190414669,25-32,M73-82,GALLEY G4,62197-301-001,17-11-0436,62197-301-001,17-12-0455,4145906,KAV0526061
190329078,23-42,M73-82,FWD CAB,285W0024-1B,D16816,285W0024-1M,F50887,4179186,ARC174555
191159044,25-00,M73-82,GALLEY G1,62197-301-001,18-01-1100,62197-301-001,23-05-0230,4134608,KAV0526032
190604332,33-21,B737-8,ROW 5  RH,,,9651-35-0002,24249,3931103,152690
190604332,33-21,B737-8,ROW 5  RH,9651-35-0002,18287,,,9586440,
190110862,38-00,B737-8,AFT RH,14330-230,28755,14330-230,41409,4102596,522919
41307519,33-21,B737-8,CABIN,9651-35-0002,39233,9651-35-0002,53859,4079605,20164780
55309827,38-11,M73-82,LAV A,SC4L500301-5,170883777-007,SC4L500301-5,172694183-001,3799363,E-5680954
190597421,33-00,B737-8,27 ABC,9651-35-0005,16633,9651-35-0005,58727,4023250,201464
190709397,25-00,B737-8,AFTGALLY,62197-301-001,17-12-0469,62197-301-001,14-07-6898,4005079,WAV982
190090851,23-00,B737-8,CABIN,285W0024-1B,D22043,285W0024-1B,F53433,3958971,ARC155783
190285829,33-00,M73-82,CAB,9651-35-0005,47178,9651-35-0005,49046,3910172,20104515
190699010,38-00,B737-8,FWDGALLY,72184025,N10020041044627,72184025,4245,3991556,AV1755
191382743,33-20,B737-8,18DEF,9651-35-0002,17512,9651-35-0002,53181,4230919,1794525
190516528,33-21,B737-8,29ABC,9651-35-0005,51963,9651-35-0005,31747,3816423,141831
190224153,25-00,B737-8,AFT,62197-301-001,15-07-7750,72184025,4247,3806091,1283506
53861018,25-00,M73-82,GALLEY G1,62197-301-001,19-02-0128,62197-301-001,16-01-0174,4037986,PAV12638
190652478,38-00,B737-8,LAV A,SC4L500301-5,173531025-008,SC4L500301-5,174849925-010,4090412,E-6113279
55497580,33-00,M73-82,8 ABC,9651-35-0002,25469,9651-35-0002,62977,3800894,7984
190886500,33-21,B737-8,24 DEF,9651-35-0003,11565,9651-35-0003,9083,4203349,ARC176549
55359824,32-00,M73-82,16,9651-35-0005,31066,9651-35-0005,17025,3731107,ARC133620
190134106,25-00,B737-8,GALLEY 1,72184025,N12031152044858,72184025,N11070878044820,3871672,KAV0525029
190535180,25-33,B737-8,AFT LH,62197-301-001,21-08-0081,62197-301-001,14-09-7023,4082304,WAV1239
190550588,33-21,B737-8,12 ABC,9651-35-0005,31450,9651-35-0005,51697,3949635,ARC154996
191357240,38-32,B737-8,LAV D,14330-230,25041,14330-230,091121,4197662,083224
190323481,33-00,M73-82,CAB,9651-35-0005,45177,9651-35-0005,20400,3958858,55968
35048727,33-21,B737-8,31DEF,9651-35-0005,16438,9651-35-0005,33509,4031729,163258
191465231,33-20,B737-8,27 ABC,9651-35-0005,16476,9651-35-0005,49600,4096078,20181868-1
191417318,25-31,B737-8,FWD,72184025,4257,72184025,N12061888044866,3916158,WAV592
55240720,23-42,B737-8,CABIN,285W0024-1B,F25293,285W0024-1M,F52468,3991535,ARC158944
41529095,38-32,B737-8,AFT LH,14330-230,ZSK231,14330-230,ZSK385,3763117,0001068041
190040368,25-00,B737-8,FWD,8201-11-0000,02-11-18424,8201-11-0000-01,09-12-27985,4053803,PAV12888
190580780,36-00,B737-8,#2,107484-7,16866,107484-7,20565,3830184,00004Y14
42063782,72-21,B737-8,#2,340-001-038-0,DC976350,340-001-038-0,HC279445,3877305,R25051513001
42063782,72-21,B737-8,#2,340-001-038-0,DM125280,340-001-038-0,DE810300,3875429,R25050801
55657341,25-00,B737-8,AFTGALLY,62197-301-001,21-11-0696,62197-301-001,17-12-0455,3807254,PAV9721
41390893,25-00,B737-8,AFTGALLY,8201-11-0000,08-02-24826,8201-11-0000,05-11-21456,3980413,KAV0925024
41931390,33-42,B737-8,RH,72605363-1,4743,72605363-1,0632,3917721,3796015
14085545,25-31,B737-8,AFT,72184025,4147,L13471-12MRYAN,1130984,3917724,1384739
191055183,23-51,B737-8,CAPT,5145-1-82,14369,5145-1-82,24102,4181578,PAV14485
41579965,33-21,B737-8,27DEF,9651-35-0005,18376,9651-35-0005,18218,3792422,39632
55705097,33-21,B737-8,17 ABC,9651-35-0002,18791,9651-35-0002,34954,3826274,ARC142716
55230493,25-00,B737-8,#3,8201-11-0000-01,14-12-35640,8201-11-0000,04-01-19684,3841160,KAV0425015
191368159,33-00,B737-8,11 DEF,9651-35-0004,22661,9651-35-0004,12173,3861009,ARC146095
55461660,25-35,M73-82,FWD,62197-301-001,15-12-0155,62197-301-001,17-11-0441,3794364,1273666
190728579,25-00,B737-8,FWD,72184025,N10100885044727,72184025,4111,3916176,WAV594
41245491,33-00,B737-8,AFT CAB,9651-35-0005,16534,9651-35-0005,50567,4011317,ARC161362
190454196,38-00,M73-82,FWD,SC4L500301-5,11304636-002,SC4L500301-5,175486089-009,4187046,E-6233143
190388722,25-35,M73-82,GALLEY 4,62197-301-001,15-12-0144,62197-301-001,21-08-0085,4190023,SA12452
190475494,33-00,M73-82,26 ABC,9651-35-0004,21714,9651-35-0004,12404,3954423,ARC155346
190301626,25-00,M73-82,FWD,8201-11-0000-01,22-02-0643,8201-11-0000,08-02-24825,3861505,PAV10475
55481489,73-11,M73-82,#2,2085M31G03,PAT88J65,2085M31G03,PSDNE532,3758937,JMB24A-06272
190275081,25-32,M73-82,GALLEY 4,62197-301-001,18-03-0517,62197-301-001,16-07-0238,3945481,WAV733
190834650,25-00,B737-8,AFT,72184025,4330,72184025,N09030618044485,4109622,SAV866
191469951,25-30,B737-8,FWDGALLY,8201-11-0000-01,16-12-38296,8201-11-0000-01,23-05-0270,3437853,S23/2614H-1
55477621,25-00,M73-82,G1,62197-301-001,23-07-0416,62197-301-001,19-01-0478,3754375,1239963
40384946,23-00,B737-8,FL DK,5145-1-82,11236,5145-1-82,11153,3852158,552608564
190567756,25-00,B737-8,AFTGALLY,62197-301-001,19-02-0125,72184025,4201,3999491,WAV950
191387727,25-31,B737-8,AFTGALLY,72184025,N09030228044455,72184025,4248,4091809,KAV0326097
191400423,33-00,B737-8,15ABC,9651-35-0005,49670,9651-35-0005,16634,4096580,ARC168529
190085706,25-31,B737-8,FWD,8201-11-0000,08-05-25462,8201-11-0000-01,21-01-0271,3898544,1364169
55527231,33-00,B737-8,CAB,9651-35-0005,23234,9651-35-0005,66665,3943996,20108891
55643744,25-00,B737-8,AFTGALLY,62197-301-001,22-10-0368,62197-301-001,17-07-0391,4006331,WAV986
42099124,38-00,M73-82,LAV A,SC4L500301-5,11304673-004,SC4L500301-5,173574858-001,3946721,E5910876
190546999,33-00,B737-8,#12 LH,9651-35-0005,23779,9651-35-0005,62788,3946552,20109492
190176352,33-21,B737-8,CABIN,9651-35-0005,49690,9651-35-0005,16762,3954446,ARC155596
55703619,25-00,B737-8,FWDGALLY,8201-11-0000,08-07-25657,8201-11-0000-01,10-07-29004,3666435,1131443
191447088,33-00,B737-8,29DEF,9651-35-0005,31414,9651-35-0005,45272,4179434,ARC174714
41221453,33-21,B737-8,CABIN,,,9651-35-0002,57492,4020812,20140346
41221453,33-21,B737-8,CABIN,9651-35-0002,34598,,,9674489,
41601453,33-00,B737-8,2ABC,9651-35-0005,48859,9651-35-0005,17770,4019516,ARC162210
191246753,33-21,M73-82,27ABC,9651-35-0004,17592,9651-35-0004,6148,4189993,ARC175616
20259033,25-37,B737-8,AFTGALLY,8201-11-0000-01,10-02-28221,8201-11-0000-01,22-02-0634,3726857,KAV1024049
191126072,25-00,M73-82,GALLEY 4,8201-11-0000-01,10-07-29040,8201-11-0000-01,21-11-0993,4121872,KAV0426072
55009973,25-00,B737-8,FWD,8201-11-0000-01,14-07-35012,8201-11-0000-01,16-02-37190,3704499,1192619
106562045,36-00,B737-8,#1,107484-7,19026,107484-7,20646,4130620,8014182004-10
191210692,25-32,M73-82,G1,62197-301-001,15-08-7809,62197-301-001,14-07-6912,4078199,KAV0326029
41745091,33-21,B737-8,CABIN,9651-35-0002,17082,9651-35-0002,18753,3783133,4156-1.000
55567839,23-31,B737-8,FWD CAB,285W0024-1B,D21980,285W0024-1B,F24629,3781943,138085
53856800,25-31,B737-8,AFT,72184025,4342,72184025,3052,3801578,1279026
190235986,23-51,B737-8,FL DK,5145-1-82,14118,5145-1-82,17378,4025908,PAV12429
41719362,25-31,B737-8,AFTGALLY,72184025,N10020389044639,72184025,4162,3689181,1178509
190623178,25-00,B737-8,AFT RH,62197-301-001,17-12-0460,62197-301-001,25-05-0239,4007984,WAV993
55428932,33-00,M73-82,22ABC,9651-35-0002,69613,9651-35-0002,24700,3830058,ARC142954
191265653,33-21,M73-82,29ABC,9651-35-0005,**50734**,9651-35-0005,50379,4184187,ARC175265
40424740,36-00,B737-8,#2,107484-7,17227,107484-7,19085,4031899,355157591
55022650,26-00,B737-8,AFT,473597-5,37332,473597-5,SJE0905,3902389,407337662
190380436,33-00,M73-82,CABIN,9651-35-0005,60439,9651-35-0005,69371,4150441,20218071-1
190583723,25-00,B737-8,AFTGALLY,72184025,4065,62197-301-001,17-12-0416,4050870,KAV0126082
190680517,23-42,B737-8,FWD CAB,285W0024-1B,D23178,285W0024-1M,F38907,3982154,2460986
55285038,33-21,M73-82,#6 LH,9651-35-0002,63981,9651-35-0002,32545,3836519,3531
191368108,33-00,B737-8,6ABC,9651-35-0002,55000,9651-35-0002,67041,4203359,ARC176794
191314739,33-00,B737-8,15 DEF,9651-35-0005,32513,9651-35-0005,48850,4207418,176846
42034548,26-16,B737-8,AFT,473597-5,SJA2930,473597-5,SJB5722,4179843,13822139
190343586,25-00,M73-82,GALLEY G4,62197-301-001,17-01-0353,62197-301-001,15-11-0130,4213928,WAV1610
42205752,25-00,M73-82,GALLEY G4,62197-301-001,18-01-1098,62197-301-001,16-11-0300,3975942,PAV11732
55489967,33-00,M73-82,CABIN,9651-35-0005,67893,9651-35-0005,73106,3762340,68322
55600989,25-31,B737-8,AFTGALLY,62197-301-001,21-02-0138,L13471-12MRYAN,9035297,3563084,1058045
55357421,25-32,M73-82,GALLEY 4,62197-301-001,23-04-0112,62197-301-001,15-11-0133,3921566,PAV11022
190313863,33-21,M73-82,29ABC,9651-35-0005,62196,9651-35-0005,28390,3954444,ARC155537
5856384,38-00,B737-8,LAV A,15800-029-3,6352,15800-029-3,3243,1837545,
190289371,27-00,M73-82,RH STAB,0851HT1,447199,0851HT2,471752,3907055,408088234
55373963,33-00,M73-82,31 ABC,9651-35-0005,61121,9651-35-0005,33745,4173717,ARC173892
53865013,25-00,B737-8,AFTGALLY,62197-301-001,21-08-0088,62197-301-001,23-08-0287,4091500,SA11895
102550281,33-21,B737-8,25 DEF,9651-35-0004,5804,9651-35-0004,18152,3715674,66-1.000
190349287,38-11,M73-82,LAV U,SC4L500301-5,860418,SC4L500301-5,173056431-007,3847162,5761525
55612957,71-00,B737-8,#1,107484-7,17158,107484-7,18038,4204110,6681806
191328325,25-00,B737-8,FWDGALLY,8201-11-0000-01,18-01-0411,8201-11-0000-01,09-03-26654,4130491,PAV13887
191419075,33-00,B737-8,25 RH,9651-35-0004,12462,9651-35-0004,18188,4117264,ARC170122
190450716,25-00,M73-82,AFT GALLEY,8201-11-0000,07-10-24282,8201-11-0000-01,22-01-0894,3181103,S22/0335H-1
55502929,25-00,B737-8,FWDGALLY,62197-301-001,17-07-0394,62197-301-001,16-10-0264,3920669,WAV627
55497807,33-00,M73-82,CABIN,9651-35-0002,53926,9651-35-0002,54245,3814718,20090037
102829906,30-31,M73-82,F/O,0851HT1,453624,0851HT2,466204,3795325,407560538
190039119,33-42,B737-8,RH,45-0351-4,5193,45-0351-4,5137,4080830,PAV13252
104420585,33-00,B737-8,CAB,9651-35-0002,22397,9651-35-0002,17633,3941072,ARC154201
42147096,34-11,M73-82,CAPT,0851HT1,452866,0851HT2,466764,3788133,407535636
190198910,25-00,B737-8,AFT LH,8201-11-0000-01,17-06-38810,8201-11-0000,05-11-21453,3946665,1410517
190245596,25-20,B737-8,#4,8201-11-0000,05-08-21352,8201-11-0000-01,22-01-0891,3181130,S22/0335H-1
190301348,33-00,M73-82,14ABC,9651-35-0005,60768,9651-35-0005,50415,3905659,20103217
190056929,38-00,B737-8,CABIN,14330-230,ZSK682,14330-230,ZSK665,3889969,1131754
191384894,38-00,B737-8,AFT LH,14330-230,4588,14330-230,ZSK500,4141479,0000069312
191467125,33-21,B737-8,19 DEF,9651-35-0002,26257,9651-35-0002,61304,4110410,20191487
190831545,27-00,B737-8,FIN,0851HT1,275217,0851HT2,480389,4082293,408880252
190088873,33-21,B737-8,23DEF,9651-35-0003,18626,9651-35-0003,11505,3920626,ARC152012
55331674,25-00,M73-82,LAV A,,,SC4L500301-4,1600146,4051916,E-6071608
55331674,25-00,M73-82,LAV A,SC4L500301-5,11304674-001,,,9711742,
55394882,73-00,M73-82,#1,2085M31G03,PSDMJ731,2085M31G03,PSDNF276,3820797,JMB24A-06800
55394882,73-00,M73-82,#1,2085M31G03,PAT01J26,2085M31G03,PSDNF657,3820805,NAB25A-00021
190212854,25-00,B737-8,FWDGALLY,8201-11-0000-01,21-04-0064,8201-11-0000,04-07-20168,3245634,
190724164,33-00,B737-8,RH,72605363-1,2761,72605363-1,0736,3858784,353080179
42182303,33-00,M73-82,32 R/H,9651-35-0005,57646,9651-35-0005,23238,4202795,ARC176524
190072417,33-00,B737-8,RH,45-0351-4,1688,45-0351-4,3565,4055105,PAV12895
190673254,33-20,B737-8,21ABC,9651-35-0002,35028,9651-35-0002,72792,3899214,20102749
191475972,25-00,B737-8,FWD,8201-11-0000,04-06-20089,8201-11-0000,05-10-21303,4158796,PAV14238
42063522,25-31,B737-8,FWD GALLEY,8201-11-0000-01,11-02-29754,8201-11-0000-01,17-12-39590,3247028,AV0755
55309295,33-00,M73-82,RH,72605363-1,5550,72605363-1,5226,3809695,352438505
191047819,25-00,B737-8,FWD,8201-11-0000,08-07-25657,8201-11-0000,05-08-21351,4213604,PAV14881
190318173,38-00,M73-82,AFT LH,SC4L500301-5,10921922/RZG,SC4L500301-5,173519316-006,3907153,E-5849926
40848975,33-42,B737-8,#2,45-0351-4,4520,45-0351-4,1817,3780543,1134159
55290847,25-32,M73-82,GALLEY 1 FWD,62197-301-001,17-06-0370,62197-301-001,17-11-0450,4053637,SAV782-UK
35059195,25-00,B737-8,FWDGALLY,8201-11-0000,02-10-18261,8201-11-0000,07-01-23108,3898479,PAV10822
40026136,23-42,B737-8,CABIN,285W0024-1B,D15179,285W0024-1B,F41843,3740369,134680
42130776,33-21,M73-82,#25 RH,9651-35-0003,9492,9651-35-0003,5179,3930884,153225
42090297,25-37,M73-82,AFT,8201-11-0000-01,11-02-29735,8201-11-0000,03-09-19335,3830723,KAV0225062
190839610,23-51,B737-8,FL DK,5145-1-82,14676,5145-1-82,16086,4192457,PAV14603
40925039,25-31,B737-8,AFT,72184025,4065,62197-301-001,15-06-7706,3867470,SAV572
190078500,25-00,B737-8,GALLEY 1,62197-301-001,19-07-1218,62197-301-001,15-12-0151,4142241,SAV912
190956917,33-00,B737-8,CAB,9651-35-0002,30642,9651-35-0002,53465,4166955,ARC173828
190047431,25-00,B737-8,#4,8201-11-0000-01,22-01-0891,8201-11-0000-01,16-11-38228,4102699,PAV13584
55513249,33-21,B737-8,22 DEF,9651-35-0002,55436,9651-35-0002,62170,3792471,922-1.000
190223650,25-00,B737-8,FWDGALLY,8201-11-0000-01,17-02-38439,8201-11-0000-01,16-02-37194,3740778,KAV1124016-UKCAA
55448952,33-00,M73-82,CAB,9651-35-0001,12686,9651-35-0001,8635,4019522,ARC162342
55448952,33-00,M73-82,CAB,9651-35-0005,70628,9651-35-0005,67217,4030850,2014738
55448952,33-00,M73-82,CAB,9651-14-0005,17085,9651-14-0005,4859,4005629,160776
190236922,25-00,B737-8,GALLEY G4,72184025,4315,72184025,4229,4130191,SAV896
190862696,34-11,B737-8,RH,0851HT1,356008,0851HT2,482014,4111668,408996417
191407323,33-00,B737-8,31 ABC,9651-35-0005,16254,9651-35-0005,49605,4197402,ARC175982
103661883,36-00,B737-8,#2,107484-7,13569,107484-7,9893,3869350,353207817
55599940,38-11,B737-8,AFT LH,SC4L500301-5,172211398-008,SC4L500301-5,172972834-006,3839616,E-5745478
190534964,33-21,B737-8,15,9651-35-0005,18716,9651-35-0005,32094,3877530,147464
190284624,25-00,M73-82,FWD,62197-301-001,23-08-0287,,,9539199,
190651330,33-21,B737-8,31DEF,9651-35-0005,32799,9651-35-0005,33585,3867388,146650
191326471,26-00,B737-8,FWD,473597-5,SJA4655,473597-5,49001,4227381,R554449-66810
190729854,38-11,B737-8,FWD,SC4L500301-5,172159917-002,SC4L500301-5,174426271-007,4030147,05028557
40848638,34-00,B737-8,F/O,0851HT1,361163,0851HT1,437146,3769893,04276665
55452283,38-00,M73-82,GALLEY G1,62197-301-001,18-01-1098,62197-301-001,16-07-0245,3810547,WAV310
190464459,25-00,M73-82,FWD GALLEY,8201-11-0000,03-09-19329,8201-11-0000,08-05-25478,2814216,PAV1336
55350848,25-00,M73-82,GALLEY G4,62197-301-001,23-09-0089,62197-301-001,15-03-7398,4091807,KAV0326089
190571896,25-31,B737-8,AFT RH,72184025,3012,72184025,N09070388044559,3860577,1332268
191479907,38-00,B737-8,FWD,SC4L500301-5,170244617-001,SC4L500301-5,174677614-004,4070318,6089368
190191771,23-00,B737-8,CABIN,285W0024-1B,F47346,285W0024-1B,F63332,3988686,09386
190428167,23-31,M73-82,AFT CAB,285W0024-1B,F27339,285W0024-1B,F62158,4213611,177714
41750120,33-00,B737-8,LH,9651-35-0005,28551,9651-35-0005,32660,3826336,ARC142825
190200963,38-00,B737-8,LAV E,14330-230,ZSK551,14330-230,5332,3826421,1105390
55196478,33-42,B737-8,RH,45-0351-4,3698,45-0351-4,6001,3916806,1383035
190566813,33-21,B737-8,25ABC,9651-35-0004,8575,9651-35-0004,11894,3826263,ARC142521
190209070,33-00,B737-8,30 ABC,9651-35-0005,30826,9651-35-0005,69269,3782602,20082977
55306431,33-21,M73-82,6ABC,9651-35-0002,65765,9651-35-0002,56623,3768416,20083155
55064900,25-37,B737-8,FWDGALLY,8201-11-0000-01,19-07-0773,8201-11-0000-01,23-09-0105,3759049,PAV8967
190204499,26-00,B737-8,FWD,473597-5,48158,473597-5,SJA5365,4207092,66597
190905930,72-00,B737-8,#2,340-001-038-0,DE804470,340-001-038-0,DM130751,4190889,R26060518001
190087615,25-00,B737-8,AFT,8201-11-0000-01,15-03-35925,8201-11-0000-01,23-03-0629,3416409,S23/2226H-1
190034005,23-00,B737-8,FL DK,5145-1-82,17320,5145-1-82,14965,4121886,T344278E
41796535,25-32,M73-82,GALLEY 4,62197-301-001,21-02-0085,62197-301-001,23-05-0406,3996331,PAV12025
55594325,33-20,B737-8,CABIN,9651-35-0005,49631,9651-35-0005,45708,3676145,128697
41576911,26-16,B737-8,AFT,473597-5,SJB0799,473597-5,33607,3994097,00012978554
55684676,34-00,B737-8,ALT,0851HT1,376006,0851HT2,458527,3612344,406739966
55596563,25-00,B737-8,AFT,62197-301-001,15-10-8012,72184025,N12061884044862,3619176,1114425
55252803,33-00,B737-8,RH,45-0351-4,3624,45-0351-2,0693,4066126,PAV13032
190010930,25-31,B737-8,GALLEY 4,62197-301-001,23-08-0183,62197-301-001,23-06-0207,4129973,SAV897
41937047,25-00,B737-8,AFTGALLY,72184025,4029,72184025,N12061894044872,3990265,PAV11930
190993351,25-00,B737-8,AFT GALLEY,72184025,4318,72184025,4143,4164845,KAV0626016
190987314,25-00,B737-8,AFTGALLY,72184025,N11060386044790,62197-301-001,21-11-0734,4213912,WAV1605
55716867,23-00,B737-8,FWD,285W0024-1B,F42179,285W0024-1B,F38846,3930775,ARC152946
190710760,33-21,B737-8,29ABC,9651-35-0005,23963,9651-35-0005,17897,4031817,163216
190225223,23-42,B737-8,FL DK,5145-1-82,12792,5145-1-88,28875,3981706,PAV11840
191515346,33-21,B737-8,12ABC,,,9651-35-0005,21583,4145203,171855
190112391,26-00,B737-8,FWD,473597-5,49144,473597-5,SJB0743,3975423,00012907681
190588618,72-00,B737-8,#1,340-001-036-0,DM150912,340-001-038-0,BC348440,4076333,R26020928001
190588618,72-00,B737-8,#1,340-001-036-0,DM151702,340-001-038-0,DE186628,4063311,81001
190588618,72-00,B737-8,#1,340-001-036-0,DM151672,340-001-038-0,BC348497,4076331,R26020927001
190588618,72-00,B737-8,#1,340-001-036-0,DM151708,340-001-038-0,DM169578,4064146,2001
190588618,72-00,B737-8,#1,340-001-036-0,DM151597,340-001-038-0,DM124183,4071521,9001
190588618,72-00,B737-8,#1,340-001-036-0,DM151001,340-001-038-0,DM124273,4071730,10000
190110951,25-33,B737-8,GALLEY G4,72184025,4419,72184025,3030,4090726,WAV1254
190343900,33-20,M73-82,25DEF,9651-35-0003,5143,9651-35-0003,20203,4189792,20244197
55542105,33-21,B737-8,5ABC,9651-35-0002,18516,9651-35-0002,62190,3946553,20109494
190864687,25-00,B737-8,FWDGALLY,72184025,4228,72184025,4342,4096024,SA11912
190623555,72-00,B737-8,#2,340-001-028-0,DM019045,340-001-038-0,DM145660,4071662,62001
190623555,72-00,B737-8,#2,340-001-038-0,DM000854,340-001-038-0,DM136981,4048688,R26011161001
190623555,72-00,B737-8,#2,340-001-028-0,DM018946,340-001-038-0,DM124656,4063298,23000
190623555,72-00,B737-8,#2,340-001-038-0,DE925725,340-001-038-0,DM172278,4062050,11879001
190465377,33-00,M73-82,7 DEF,9651-35-0002,82518,9651-35-0002,18274,4049890,164864
190465377,33-00,M73-82,9 DEF,9651-35-0003,23152,9651-35-0003,9581,4050026,164838
55630877,23-00,B737-8,FWD CAB,285W0024-1B,D17593,285W0024-1M,F52406,3897305,ARC149399
190699420,33-21,B737-8,27DEF,,,9651-35-0005,25551,4001663,59941
190699420,33-21,B737-8,27DEF,9651-35-0005,33509,,,4001663,
55288506,33-20,M73-82,16ABC,9651-35-0005,67364,9651-35-0005,50887,3703976,20069450
42121360,25-32,M73-82,GALLEY G4,8201-11-0000-01,17-11-39505,8201-11-0000,08-05-25467,3768357,KAV1224036
190821798,23-42,B737-8,CABIN,285W0024-1B,D17614,285W0024-1B,F60089,4202725,ARC176768
190297203,25-00,M73-82,AFT,8201-11-0000,05-10-21303,8201-11-0000-01,14-06-34929,3865754,KAV0525038
191042808,23-00,B737-8,FL DK,5145-1-82,17324,5145-1-88,130558,4192370,PAV14581
190254622,25-00,B737-8,#3,8201-11-0000-01,15-07-36329,8201-11-0000-01,14-12-35639,3703695,1197086
190030058,23-00,B737-8,FL DK,5145-1-82,12762,5145-1-88,25803,4172636,PAV14327
55371589,33-00,M73-82,CABIN,9651-35-0002,57454,9651-35-0002,41242,3990324,158837
55371589,33-00,M73-82,CABIN,9651-35-0002,57492,9651-35-0002,49220,3990152,159140
190399758,33-00,M73-82,10DEF,9651-35-0003,17485,9651-35-0003,17481,3947421,20110597
55299789,33-20,M73-82,30DEF,9651-35-0005,67896,9651-35-0005,64076,3860023,20096898-1.000
190358319,38-00,M73-82,AFT LH,SC4L500301-5,170672609005,SC4L500301-5,175167866-002,4135150,E-6173310
190130012,26-00,B737-8,AFT,473597-5,47785,473597-5,SJA4754,4208943,13954497
190404037,25-00,M73-82,GALLEY G4,8201-11-0000-01,21-08-0157,8201-11-0000,05-01-20777,4006480,KAV1225002
55109846,36-00,B737-8,#2,107484-7,13644,107484-7,13881,3785053,6013
35085138,34-00,B737-8,F/O,0851HT1,384061,0851HT2,454721,3991032,12996840
55526078,33-00,B737-8,LH,72605363-1,4864,72605363-1,0694,3820647,352612926
41936955,33-00,B737-8,6 DEF,9651-35-0002,70016,9651-35-0002,79688,4230959,71383
55258765,23-00,B737-8,FWD,285W0024-1B,D21242,285W0024-1M,F52811,3986377,158645
190632242,25-00,B737-8,AFTGALLY,62197-301-001,14-09-7014,62197-301-001,16-02-0201,3886974,1356328
41961746,33-21,B737-8,24ABC,9651-35-0003,7787,9651-35-0003,5017,4134263,ARC171321
190185044,38-00,B737-8,FWD,SC4L500301-5,172442905-007,SC4L500301-5,174899338-003,4113101,E-6122452
190265498,25-00,B737-8,FWD,8201-11-0000,06-12-22976,8201-11-0000,04-10-20489,4119645,KAV0326031
191453462,26-16,B737-8,AFT,473597-5,SJA4301,473597-5,36356,4176728,R554074-66701
190520606,23-00,B737-8,FWD,285W0024-1B,F52887,285W0024-1B,D21980,3897303,149356
191403756,33-00,B737-8,22ABC,9651-35-0002,35679,9651-35-0002,22867,4121859,170554
191442011,33-00,B737-8,2DEF,9651-35-0004,18688,9651-35-0004,12406,4145225,171837
42193871,33-20,M73-82,5ABC,9651-35-0002,53115,9651-35-0002,65451,4061331,20162694
55622597,33-21,B737-8,7DEF,9651-35-0002,17907,9651-35-0002,24893,4061570,ARC165964
190309836,25-33,M73-82,AFT GALLEY,62197-301-001,21-02-0112,62197-301-001,23-04-0112,3958425,PAV11524
191433106,26-00,B737-8,AFT,473597-5,SJB1104,473597-5,SJB0868,4055134,13308329
190662824,25-31,B737-8,FWD,62197-301-001,17-01-0340,62197-301-001,23-08-0260,3856327,1328232
55181396,25-00,B737-8,AFTGALLY,72184025,4192,72184025,N09030241044468,3807243,PAV9731
190584982,33-00,B737-8,#9 LH,9651-35-0003,5292,9651-35-0003,12741,3911195,ARC151098
55611140,25-00,B737-8,AFTGALLY,72184025,N12031144044850,72184025,N12061894044872,3776183,1257344
190606928,33-00,B737-8,#25 LH,9651-35-0004,7753,9651-35-0004,25559,3907925,66558
190189236,38-32,B737-8,CABIN,14330-230,25367,14330-230,19340,3902723,1131435
190725053,33-21,B737-8,11ABC,9651-35-0005,29330,9651-35-0005,16935,4031820,163357
190018895,23-00,B737-8,CABIN,285W0024-1B,F46186,285W0024-1B,F53631,4160258,ARC173612
55075489,38-30,B737-8,AFT RH,14330-230,10578,14330-230,ZSK659,3958398,1154251
55677898,26-16,B737-8,AFT,473597-5,SJB6887,473597-5,27296A,3737016,R547585
191019397,25-00,B737-8,FWD,8201-11-0000-01,16-07-37786,8201-11-0000,06-11-22812,4134280,PAV13941
190962450,33-00,B737-8,RH,45-0351-4,7241,45-0351-4,4099,4165672,PAV14259
190147492,25-00,B737-8,FWDGALLY,62197-301-001,15-11-0121,62197-301-001,16-02-0199,4189754,SA12419
55283771,33-21,M73-82,ROW 9 L,9651-35-0003,9039,9651-35-0003,15703,4078808,7415
53863545,23-00,B737-8,FL DK,5145-1-82,15019,5145-1-82,17276,4043505,PAV12720
55369093,72-00,M73-82,#1,2085M31G03,PSDNF413,2085M31G03,PAT7G688,4004761,RG84448-1
55369093,72-00,M73-82,#1,2085M31G03,PSDNF171,2085M31G03,PAT7G783,4004770,RG84457-1
55369093,72-00,M73-82,#1,2085M31G03,PSDNF410,2085M31G03,PSDNE440,4004763,RG84471-1
190619563,33-00,B737-8,CABIN,9651-35-0003,12330,9651-35-0003,15183,4027001,20147379
190249155,26-16,B737-8,AFT,473597-5,45480,473597-5,SJB0846,3880011,62893
106298947,73-11,M73-82,#2,2085M31G03,PAT88E68,2085M31G03,PSDNG922,4101019,RH58737-1
106298947,73-11,M73-82,#2,2085M31G03,PAT3C311,2085M31G03,PSDMJ875,4100996,RH54785-1
106298947,73-11,M73-82,#2,2085M31G03,PSDMD169,2085M31G03,PSDMJ879,4100990,RH54772-1
106298947,73-11,M73-82,#2,2085M31G03,PAT9E571,2085M31G03,PAT6E924,4101031,RH59037-1
106298947,73-11,M73-82,#2,2085M31G03,PAT63J34,2085M31G03,PSDMF801,4101027,RH30945-1
106298947,73-11,M73-82,#2,2085M31G03,PAT90T52,2085M31G03,PAT3H766,4101024,RH58716-1
106298947,73-11,M73-82,#2,2085M31G03,PSDKR280,2085M31G03,PAT1H421,4101009,RH50365-1
106298947,73-11,M73-82,#2,2085M31G03,PAT7A732,2085M31G03,PSDNE234,4101011,RH56833-1
106298947,73-11,M73-82,#2,2085M31G03,PAT22F86,2085M31G03,PAT84F31,4101001,RH55199-1
106298947,73-11,M73-82,#2,2085M31G03,PAT1A702,2085M31G03,PSDNE231,4101173,RH56835-1
106298947,73-11,M73-82,#2,2085M31G03,PAT1E139,2085M31G03,PSDMF680,4101176,RH30953-1
106298947,73-11,M73-82,#2,2085M31G03,PAT2C985,2085M31G03,PSDNG926,4101190,RH58728-1
106298947,73-11,M73-82,#2,2085M31G03,PAT28J27,2085M31G03,PAT2H638,4101178,RH58720-1
106298947,73-11,M73-82,#2,2085M31G03,PAT4C152,2085M31G03,PAT25C87,4101193,RH59041-1
106298947,73-11,M73-82,#2,2085M31G03,PAT58J64,2085M31G03,PAT3H312,4101214,RH55157-1
106298947,73-11,M73-82,#2,2085M31G03,PAT7C470,2085M31G03,PAT09J88,4101201,RH59061-1
106298947,73-11,M73-82,#2,2085M31G03,PAT8C448,2085M31G03,PAT94R27,4101187,RH59027-1
106298947,73-11,M73-82,#2,2085M31G03,PAT9C459,2085M31G03,PAT38F86,4101217,RH59033-1
191372998,33-21,B737-8,22ABC,9651-35-0003,9051,9651-35-0003,15437,4110304,ARC169645
190628952,33-00,B737-8,CABIN,9651-35-0003,18634,9651-35-0003,15298,3918092,20105197
190612902,38-11,B737-8,LAV A,SC4L500301-5,170292065-001,SC4L500301-5,173163655-003,3867896,E5788550
35087030,33-20,B737-8,29ABC,9651-35-0005,33319,9651-35-0005,36304,4031777,162933
190697759,38-00,B737-8,FWD,SC4L500301-5,900441,SC4L500301-5,174737237-007,4070386,E-6089882E-6089882
190513639,33-00,B737-8,8DEF,9651-35-0003,11840,9651-35-0003,6209,3861075,ARC145882
190730034,33-21,B737-8,27DEF,9651-35-0005,25551,9651-35-0005,60619,4082403,20175924
190711404,23-51,B737-8,FL DK,5145-1-82,11564,5145-1-82,10489,4042708,PAV12683
190576477,33-00,B737-8,6ABC,9651-35-0002,17771,9651-35-0002,55042,4043887,164621
191446869,33-21,B737-8,CABIN,9651-35-0004,12453,9651-35-0004,25537,4209736,20266703
190342266,25-32,M73-82,GALLEY G4,8201-11-0000-01,23-03-0631,8201-11-0000,05-10-21300,4148480,PAV14131
191419433,23-51,B737-8,FL DK,5145-1-82,13352,5145-1-82,18195,4201124,PAV14690
190209927,25-00,B737-8,#2,72184025,N10100891044733,72184025,N09030224044451,4102544,WAV1309
55230255,25-00,B737-8,FWD,8201-11-0000,07-09-24217,8201-11-0000-01,10-07-29017,3851029,KAV0425042
190502305,25-00,M73-82,AFTGALLEYAFT,62197-301-001,15-11-0136,62197-301-001,21-02-0118,4170867,SAV928
190945092,23-42,B737-8,CABIN,285W0024-1B,F26209,285W0024-23B,F64500,4186920,05345
55314098,25-40,M73-82,FWD,SC4L500301-5,171072801-008,SC4L500301-5,173662856-001,3940867,E-5899768
55704772,33-21,B737-8,18ABC,9651-35-0002,25300,9651-35-0002,50026,3805461,20089074
55344786,25-00,M73-82,AFTGALLY,62197-301-001,16-06-0216,62197-301-001,21-02-0142,3796076,PAV9556
190783410,23-51,B737-8,FLT DECK,5145-1-82,19909,5145-1-88,26024,3946693,PAV11328
190557400,36-00,B737-8,#1,107484-7,18424,107484-7,11949,4189496,356146249
35090189,72-00,B737-8,#2,340-001-038-0,DD286051,340-001-038-0,DE810330,3809166,821000
35090189,72-00,B737-8,#2,340-001-038-0,DC615484,340-001-038-0,DM116983,3809944,21413001
190469893,25-00,M73-82,FWD GALLEY,62197-301-001,16-11-0294,62197-301-001,21-11-0715,4016374,KAV1225060
190049235,33-21,B737-8,CAB,9651-35-0005,38302,9651-35-0005,59746,3959887,20112426
190449006,33-20,M73-82,CABIN,9651-35-0002,65744,9651-35-0002,32767,4173816,ARC174325
190367746,33-21,M73-82,CAB,9651-35-0005,51398,9651-35-0005,36956,3903178,149496
55489962,33-00,M73-82,CABIN,9651-35-0002,73553,9651-35-0002,33987,3799512,ARC139289
42028245,36-10,B737-8,#1,107484-7,17273,107484-7,7739,3755176,351425851
190461631,25-00,M73-82,GALLEY 4,62197-301-001,22-05-0084,62197-301-001,22-05-0082,3834088,1308734
55269157,33-42,B737-8,RH,72605363-1,2763,72605363-1,0625,4037758,
42148716,25-00,M73-82,AFT,8201-11-0000-01,16-02-37187,8201-11-0000-01,22-03-0164,3945825,KAV0825012
191512359,26-00,B737-8,FWD,473597-5,49112,473597-5,SJA5143,4036990,13207873
55494487,38-00,M73-82,FWD,SC4L500301-5,11247299,SC4L500301-5,172694187-001,3812668,E-5704409
41959313,33-00,B737-8,#10 RH,9651-35-0004,10783,9651-35-0004,5997,3842280,144164
190455087,25-00,M73-82,GALLEY G4,62197-301-001,17-12-0454,62197-301-001,21-02-0110,3985724,SAV661
190536091,33-00,B737-8,2 DEF,9651-35-0004,6170,9651-35-0004,6809,3266447,ARC91350
55573602,33-21,B737-8,15DEF,9651-35-0005,31604,9651-35-0005,17768,3763456,137170
190246109,25-31,B737-8,FWDGALLY,8201-11-0000-01,10-07-29060,8201-11-0000,08-02-24825,3953532,KAV0825027
191395166,33-00,B737-8,RH,72605363-1,0462,72605363-1,1174,4080164,355673353
191464912,25-00,B737-8,GALLEY G2,62197-301-001,16-06-0218,62197-301-001,23-09-0121,4145900,KAV0526034
55748742,25-00,32S,FWD,8201-11-0000,04-01-19666,8201-11-0000-01,11-02-29740,3932212,PAV11154
55221974,33-00,B737-8,RH,45-0351-4,7185,45-0351-6,8643,3975926,PAV11735
55550594,26-00,B737-8,AFT,473597-5,SJB0909,473597-5,56591,3934598,R551191-63602
190064751,26-16,B737-8,AFT,473597-5,52874,473597-5,SJA6989,4141320,13661419
55585336,26-16,B737-8,AFT,473597-5,SJA9431,473597-5,SJA5391,3868039,62697
55593045,33-42,B737-8,RH,45-0351-4,0223,45-0351-4,3130,3802584,PAV9642
191126303,33-21,M73-82,8DEF,9651-35-0002,63107,9651-35-0002,65744,4197484,20255228
190626826,25-00,B737-8,AFTGALLY,72184025,N11060381044785,62197-301-001,21-11-0701,4028118,SAV738
190435685,25-32,M73-82,GALLEY G4,62197-301-001,21-02-0166,62197-301-001,17-11-0444,4170872,WAV1473-UKCAA
191512972,33-00,B737-8,#6 LH,9651-35-0002,32885,9651-35-0002,53305,4209147,ARC177488
55503059,26-00,B737-8,AFT,473597-5,SJA5246,473597-5,56966,3903022,63248
41979067,33-21,B737-8,21 ABC,9651-35-0002,68961,9651-35-0002,34536,3860968,ARC145858
55371467,33-20,M73-82,CABIN,9651-35-0005,58463,9651-35-0005,47178,3966610,ARC156739
55476642,33-21,M73-82,CAB,9651-35-0002,46301,9651-35-0002,73605,3766019,65504
190301419,25-00,M73-82,G1,8201-11-0000-01,19-08-0757,8201-11-0000-01,21-06-0263,3868928,PAV10552
190566853,25-00,B737-8,FWDGALLY,62197-301-001,16-06-0227,62197-301-001,16-06-0216,3858631,1330537
191238381,33-21,M73-82,20 DEF,9651-35-0002,65723,9651-35-0002,57200,4230889,ARC179385
190676655,33-20,B737-8,11DEF,9651-35-0004,5998,9651-35-0004,6936,3813485,ARC141470
55121445,33-00,B737-8,RH,45-0351-4,0119,45-0351-4,4324,3948814,PAV11376
55371158,33-21,M73-82,AFT CABIN,9651-35-0005,47679,9651-35-0005,60479,3783497,20084159
55605013,25-00,B737-8,AFTGALLY,72184025,4181,62197-301-001,21-02-0314,3795888,1274906
190044571,33-42,B737-8,RH,45-0351-4,3634,45-0351-4,4988,4032853,PAV12553
190072248,34-11,B737-8,RH,0851HT1,330809,0851HT2,479019,4055236,408759401
55513497,38-00,B737-8,FWD,SC4L500301-5,170292078-003,SC4L500301-5,172694186-004,3811905,E-5704412
40918167,23-42,B737-8,CABIN,285W0024-1B,D15100,285W0024-1B,F30624,3959028,ARC155908
190417422,25-00,M73-82,AFT GALLEY,62197-301-001,16-02-0194,62197-301-001,18-07-0612,4022127,KAV1225077
42099229,33-21,M73-82,29LH,9651-35-0005,21778,9651-35-0005,31124,3996131,ARC159691
55688433,33-21,B737-8,15 ABC,9651-35-0005,33321,9651-35-0005,50822,4005641,160950
35048388,38-00,B737-8,AFT,14330-230,25557,14330-230,37384,3906539,0001137777
190772443,38-00,B737-8,CABIN,15800-029-3,3979,15800-029-3,5799,3769178,59499
191122979,33-00,M73-82,07DEF,9651-35-0002,17512,9651-35-0002,53451,4053109,20160970
55622578,33-00,B737-8,23 ABC,9651-35-0003,10627,9651-35-0003,6423,3934633,ARC153452
55222480,25-31,B737-8,FWD,,,62197-301-001,22-01-0408,4082277,WAV1205
55222480,25-31,B737-8,AFT LH,72184025,N10100889044731,,,9700244,
107380903,36-00,B737-8,#2,63292146-1,5626,63292146-1,530,4143987,355986182
107380903,36-00,B737-8,#2,107484-7,19938,107484-7,18112,4230496,6774833
191128436,25-00,M73-82,AFT LH,62197-301-001,18-01-0427,62197-301-001,19-07-0256,4157658,JN11989
41632640,26-16,B737-8,AFT,473597-5,SJB1128,473597-5,53546,4142246,13678438
190229321,33-00,B737-8,RH,45-0351-4,7208,45-0351-4,5829,3995661,PAV12014
55056718,33-42,B737-8,RH,45-0351-4,1558,45-0351-6,11503,3807383,PAV9747
190325118,38-00,M73-82,LAV A,SC4L500301-5,170118757-002,SC4L500301-5,171187511-005,3849195,04510889
42019125,33-21,B737-8,2ABC,9651-35-0005,16971,9651-35-0005,50345,3867464,146258
190075935,25-30,B737-8,G1,72184025,N09040557044498,72184025,2008,3923278,1389249
190618000,33-00,B737-8,LH,72605363-1,1214,72605363-1,2894,4140057,356122027
107170970,72-00,,#2,340-001-038-0,DM018326,340-001-038-0,DM048099,4192204,R26060911000
107170970,72-00,,#2,340-001-038-0,DM019054,340-001-038-0,DM166577,4184770,R26051435001
191407318,33-21,B737-8,5 ABC,9651-35-0002,30432,9651-35-0002,32539,4197376,ARC176112
190460143,33-21,M73-82,20DEF,9651-35-0002,73525,9651-35-0002,19255,3949945,ARC155249
55530386,33-42,B737-8,LH,72605363-1,1592,72605363-1,2665,3902665,353550754
190405618,25-00,M73-82,GALLEY 4,62197-301-001,21-02-0087,62197-301-001,17-12-0472,4018787,SAV729
190496066,33-21,M73-82,10 ABC,9651-35-0003,19773,9651-35-0003,18380,3887107,20100971
190496066,33-21,M73-82,CABIN,9651-35-0004,22355,9651-35-0004,24955,3898384,2436
190496066,33-21,M73-82,CABIN,9651-35-0001,11940,9651-35-0001,2803,3911323,150784
41750058,33-21,B737-8,8DEF,9651-35-0002,23458,9651-35-0002,17082,3809094,20089075
190259210,33-42,B737-8,RH,45-0351-4,3480,45-0351-4,2188,3869894,PAV10562
55642843,33-00,B737-8,27DEF,9651-35-0005,50144,9651-35-0005,16713,3763476,137098
190660325,33-00,B737-8,12ABC,9651-35-0005,48474,9651-35-0005,31170,3860977,ARC146146
190536128,38-00,B737-8,AFTGALLY,62197-301-001,15-12-0167,62197-301-001,16-12-0307,4017834,WAV1016
190191698,25-33,B737-8,AFTGALLY,8201-11-0000,08-08-25854,8201-11-0000,04-01-19682,3765969,1248827
104755832,73-11,M73-82,#1,2085M31G03,PAT03E55,2085M31G03,PSDNK354,3953844,JMB25A-02419
104755832,73-11,M73-82,#1,2085M31G03,PAT06F74,2085M31G03,PSDNK356,3953861,JMB25A-02421
104755832,73-11,M73-82,#1,2085M31G03,PAT06F77,2085M31G03,PSDNK353,3953837,JMB25A-02418
104755832,73-11,M73-82,#1,2085M31G03,PAT06F96,2085M31G03,PSDNK355,3953850,JMB25A-02420
104755832,73-11,M73-82,#1,2085M31G03,PAT07F79,2085M31G03,PSDNK359,3953876,JMB25A-02424
104755832,73-11,M73-82,#1,2085M31G03,PAT12A61,2085M31G03,PSDNK357,3953865,JMB25A-02422
104755832,73-11,M73-82,#1,2085M31G03,PAT12A64,2085M31G03,PSDNK352,3953830,JMB25A-02417
104755832,73-11,M73-82,#1,2085M31G03,PAT17A15,2085M31G03,PSDNK360,3953880,JMB25A-02425
104755832,73-11,M73-82,#1,2085M31G03,PAT54E05,2085M31G03,PSDNK358,3953870,JMB25A-02423
104755832,73-11,M73-82,#1,2085M31G03,PAT57E68,2085M31G03,PSDNJ446,3953974,JMB25A-01556
104755832,73-11,M73-82,#1,2085M31G03,PAT57E77,2085M31G03,PSDNJ447,3953979,JMB25A-01557
104755832,73-11,M73-82,#1,2085M31G03,PAT66E78,2085M31G03,PSDNJ444,3953962,JMB25A-01554
104755832,73-11,M73-82,#1,2085M31G03,PAT81E86,2085M31G03,PSDNJ448,3953982,JMB25A-01558
104755832,73-11,M73-82,#1,2085M31G03,PSDKR186,2085M31G03,PSDNJ443,3953956,JMB25A-01553
104755832,73-11,M73-82,#1,2085M31G03,PSDKR275,2085M31G03,PSDNJ442,3953951,JMB25A-01552
104755832,73-11,M73-82,#1,2085M31G03,PSDKR276,2085M31G03,PSDNJ445,3953970,JMB25A-01555
104755832,73-11,M73-82,#1,2085M31G03,PSDKR277,2085M31G03,PSDNJ441,3953948,JMB25A-01551
55698274,33-21,B737-8,18 ABC,9651-35-0002,30160,9651-35-0002,35337,3792402,ARC139498
191414726,33-00,B737-8,ROW 20,9651-35-0002,32934,9651-35-0002,55171,4121959,170480
190249244,25-00,B737-8,FWD,72184025,4429,72184025,N10020389044639,3820782,1297658
55600397,33-20,B737-8,11ABC,9651-35-0005,16125,9651-35-0005,47692,3784812,20084163.1.000
55585541,72-21,B737-8,#1,,,340-001-038-0,DM122127,3884615,R25052905
55585541,72-21,B737-8,#1,340-001-038-0,DM135346,,,9545254,
190738614,36-11,B737-8,#2,107484-7,10147,107484-7,18292,3875907,353332773
190284471,33-21,M73-82,30ABC,9651-35-0005,69484,9651-35-0005,50230,3844875,ARC144741
190342961,25-31,M73-82,GALLEY 4,62197-301-001,17-01-0324,62197-301-001,22-12-0121,3639526,1133879
190639106,33-21,B737-8,CABIN,9651-35-0002,30426,9651-35-0002,53072,3925159,ARC152525
102209478,23-51,B737-8,FL DK,5145-1-82,16044,5145-1-88,28333,3781105,PAV9271
55387500,25-00,M73-82,G1,8201-11-0000-01,21-11-0973,8201-11-0000-01,17-12-40036,3963070,KAV0925023
190517259,38-10,B737-8,AFT LH,62197-301-001,15-11-0137,62197-301-001,19-04-0545,4011544,WAV1007
190201004,23-51,B737-8,FL DK,5145-1-82,15748,5145-1-82,18467,3997897,PAV11918
190733463,23-00,B737-8,#2,5145-1-82,16793,5145-1-82,15133,3891350,PAV10768
55041955,25-37,B737-8,FWD,8201-11-0000-01,16-10-38127,8201-11-0000,03-12-19546,3782529,KAV0125022
55569336,33-00,B737-8,30DEF,9651-35-0005,49533,9651-35-0005,48957,3783507,20084513
190787554,25-00,B737-8,AFTGALLY,62197-301-001,16-08-0249,62197-301-001,17-07-0393,3871261,1341620
191429727,23-00,B737-8,CAPT,5145-1-82,16554,5145-1-82,14676,4229926,PAV15011
55562726,33-00,B737-8,18ABC,9651-35-0002,25192,9651-35-0002,67555,3765626,20082293
55562726,33-00,B737-8,29ABC,9651-35-0005,23734,9651-35-0005,30540,3679771,128882
191265657,33-21,M73-82,#4 LH,9651-35-0002,42624,9651-35-0002,35738,4183975,174984
55567908,25-00,B737-8,AFT LH,62197-301-001,16-10-0276,62197-301-001,14-12-7223,3770780,KAV1224030
190587057,25-00,B737-8,AFTGALLY,72184025,N12031153044859,72184025,4116,3807250,PAV9724
191095456,33-21,M73-82,CABIN,9651-35-0003,9051,9651-35-0003,6482,4223162,178870
190654727,25-00,B737-8,AFT RH,62197-301-001,16-10-0263,62197-301-001,22-05-0080,4222929,WAV1655
55631002,25-00,B737-8,AFTGALLY,8201-11-0000-01,15-12-37005,8201-11-0000-01,23-08-0367,3920668,KAV0725018
191337225,25-31,B737-8,FWDGALLY,8201-11-0000,04-09-20357,8201-11-0000,04-01-19625,4025778,KAV1225025
190574354,33-21,B737-8,CABIN,9651-35-0004,12065,9651-35-0004,18443,4077919,
190543137,33-00,B737-8,ROW 2 RH,9651-35-0004,11798,9651-35-0004,12235,4026627,ARC162561
190575752,72-21,B737-8,#1,340-001-036-0,DM138777,340-001-036-0,PF525610,4178584,1171030
190575752,72-21,B737-8,#1,340-001-036-0,DM138632,340-001-036-0,PF510372,4186099,1170091
190575752,72-21,B737-8,#1,340-001-036-0,DM138641,340-001-036-0,PF515312,4178708,1170937
190575752,72-21,B737-8,#1,340-001-036-0,DM138796,340-001-036-0,PF526058,4178569,1171030
191007027,25-35,B737-8,FWD,8201-11-0000,05-10-21311,8201-11-0000-01,19-06-0286,4179925,KAV0626026
55497701,27-31,M73-82,LH STAB,0851HT1,438288,0851HT2,465156,3788695,407508442
190665431,23-00,B737-8,CABIN,285W0024-1B,F24235,285W0024-1M,F43668,3813441,ARC141755
53883728,25-00,B737-8,AFT,8201-11-0000,08-02-24836,8201-11-0000,03-02-18710,4048512,PAV12792
55009908,33-42,B737-8,RH,45-0351-4,6356,45-0351-4,5521,3883534,1352615
190528210,25-35,B737-8,AFT,8201-11-0000-01,21-08-0152,8201-11-0000-01,10-07-29038,3819154,KAV0225022
190643878,33-00,B737-8,29DEF,9651-35-0005,17880,9651-35-0005,22171,4166978,ARC173319
190347300,33-21,M73-82,22 DEF,9651-35-0002,53913,9651-35-0002,29755,3975318,157164
41931968,25-31,B737-8,AFT CAB,72184025,4415,72184025,3059,3869900,PAV10558
190625481,72-00,B737-8,#1,340-001-036-0,DM143939,340-001-038-0,DM170024,3944819,8001
191123418,33-21,M73-82,12ABC,9651-35-0004,12672,9651-35-0004,19300,3969424,3369
190396996,25-36,M73-82,GALLEY G1,8201-11-0000-01,16-11-38225,8201-11-0000-01,17-08-39187,4030205,KAV1225049
190201881,33-00,B737-8,RH,45-0351-4,9104,45-0351-4,4988,3936963,PAV11192
190882319,25-00,B737-8,AFT,8201-11-0000,05-08-21365,8201-11-0000-01,21-08-0148,4021575,KAV1225011
55300710,33-00,M73-82,CABIN,9651-35-0004,22367,9651-35-0004,18734,3907434,150104
105439408,73-11,M73-82,#2,2085M31G03,PAT71F05,2085M31G03,PAT75E76,4019634,RG82434-1
105439408,73-11,M73-82,#2,2085M31G03,PAT62J70,2085M31G03,PAT03F21,4019643,RG95788-1
105439408,73-11,M73-82,#2,2085M31G03,PAT08R93,2085M31G03,PAT2C946,4019594,RG89961-1
105439408,73-11,M73-82,#2,2085M31G03,PAT05T88,2085M31G03,PAT2G354,4019599,RG89547-1
105439408,73-11,M73-82,#2,2085M31G03,PAT22F91,2085M31G03,PAT08R05,4019638,RG88162-1
105439408,73-11,M73-82,#2,2085M31G03,PAT48E07,2085M31G03,PAT8G015,4019636,RG81175-1
105439408,73-11,M73-82,#2,2085M31G03,PAT82F68,2085M31G03,PAT7G860,4019628,RG84288-1
105439408,73-11,M73-82,#2,2085M31G03,PAT08R94,2085M31G03,PAT9A228,4019607,RG97545-1
105439408,73-11,M73-82,#2,2085M31G03,PAT21C59,2085M31G03,PAT46T20,4019608,RG97905-1
105439408,73-11,M73-82,#2,2085M31G03,PAT29F17,2085M31G03,PAT4H540,4019609,RG97500-1
105439408,73-11,M73-82,#2,2085M31G03,PAT04F45,2085M31G03,PSDMJ078,4019587,RG90285-1
105439408,73-11,M73-82,#2,2085M31G03,PAT63J11,2085M31G03,PAT88T08,4019589,RG84971-1
105439408,73-11,M73-82,#2,2085M31G03,PAT08R88,2085M31G03,PAT7E693,4019642,RG97991-1
105439408,73-11,M73-82,#2,2085M31G03,PAT22F55,2085M31G03,PAT08T28,4019645,RG97784-1
105439408,73-11,M73-82,#2,2085M31G03,PAT31E33,2085M31G03,PAT24F12,4019603,RG89561-1
105439408,73-11,M73-82,#2,2085M31G03,PAT17E31,2085M31G03,PAT1G639,4019632,RG94354-1
105439408,73-11,M73-82,#2,2085M31G03,PAT23F12,2085M31G03,PSDNF415,4019602,RG97940-1
105439408,73-11,M73-82,#2,2085M31G03,PAT09E40,2085M31G03,PAT39F06,4019629,RG97748-1
190132503,26-00,B737-8,AFT,473597-5,52738,473597-5,36795,3947781,63758
55488042,25-32,M73-82,AFT GALLEY,8201-11-0000-01,21-06-0263,8201-11-0000-01,22-02-0630,3745306,KAV1124019
190673256,33-20,B737-8,24ABC,9651-35-0003,18721,9651-35-0003,19907,3897568,04635717
191000204,33-42,B737-8,RH,45-0351-4,4260,45-0351-4,5552,4192531,PAV14586
190494356,25-00,M73-82,FWD GALLEY,62197-301-001,21-11-0724,62197-301-001,15-03-7402,3917359,KAV0725009
190617298,23-51,B737-8,F/O,5145-1-82,19361,5145-1-82,19570,4079197,T343067E
190313957,33-00,M73-82,CABIN,9651-35-0005,49378,9651-35-0005,25497,3958832,55832
55268098,23-00,B737-8,FL DK,5145-1-82,12581,5145-1-82,15625,3858790,PAV10424
190548658,72-21,B737-8,#1,340-001-036-0,DM128950,340-001-038-0,DC616084,4071249,9001
190231639,25-00,B737-8,GALLEY 1 FWD,72184025,4218,72184025,4047,3600124,1094459
190605772,25-31,B737-8,AFT,8201-11-0000,04-01-19666,8201-11-0000-01,21-08-0150,3871370,PAV10581
190108047,25-00,B737-8,#3,8201-11-0000-01,21-11-0985,8201-11-0000-01,23-08-0370,3595841,1090225
190789716,25-31,B737-8,AFT GALLEY,62197-301-001,22-05-0081,62197-301-001,17-12-0413,3788810,1267349
190629660,38-11,B737-8,FWD,SC4L500301-5,173574847-005,SC4L500301-5,173779127-003,3953744,E-5923689
190318811,38-00,M73-82,FWD,SC4L500301-5,10912288/RZB,SC4L500301-5,173163656-005,3868390,E-5789141
190089619,38-00,B737-8,AFT RH,14330-230,ZSK490,14330-230,18517,3906557,1136297
190286048,33-00,M73-82,CAB,9651-35-0002,39147,9651-35-0002,54252,3934644,ARC153466
190306701,33-21,M73-82,CAB,9651-35-0005,50468,9651-35-0005,51397,3883602,20100252
55612305,25-00,B737-8,AFTGALLY,8201-11-0000,03-03-18858,8201-11-0000-01,17-12-40033,3745352,PAV8788
42128750,33-00,M73-82,LH,72605363-1,2896,72605363-1,2383,3769278,33288
190791236,34-00,B737-8,FL DK,5145-1-82,14369,5145-1-88,25713,3905366,PAV10854
55640025,33-21,B737-8,4ABC,9651-35-0002,33473,9651-35-0002,63268,3817234,20090843
191461361,33-21,B737-8,22DEF,9651-35-0002,34983,9651-35-0002,35286,4145141,171835
190296348,33-00,M73-82,CAB,9651-35-0005,17728,9651-35-0005,50144,3830054,ARC143344
190290252,25-00,M73-82,AFT GALLEY,8201-11-0000,04-02-19746,8201-11-0000-01,19-07-0787,3860225,1331262
55679584,33-21,B737-8,18DEF,9651-35-0002,17105,9651-35-0002,23458,3830052,ARC142842
190222642,23-12,B737-8,CAPT,5145-1-82,18429,5145-1-88,27218,4048297,PAV12789
55722112,38-10,B737-8,AFTGALLY,62197-301-001,19-07-0267,62197-301-001,22-02-0458,3824137,PAV10006
190384186,25-00,M73-82,001 FWD GALLEY,62197-301-001,22-10-0006,62197-301-001,21-02-0135,3946641,1410564
55650795,33-20,B737-8,ROW 32,9651-35-0005,20904,9651-35-0005,22172,3861014,ARC145740
107223134,72-00,,#2,340-001-038-0,PC777483,340-001-038-0,DC616484,4171175,R2604271
107223134,72-00,,#2,340-001-038-0,DM145871,340-001-038-0,DM174901,4178062,R2605212
107223134,72-00,,#2,340-001-036-0,PF520244,340-001-038-0,DM174925,4177935,R2605211
107223134,72-00,,#2,340-001-036-0,PF526184,340-001-038-0,DM174543,4174428,R260521
35045908,26-00,B737-8,AFT,473597-5,SJB0866,473597-5,26942A,3852063,R549947
190632351,23-00,B737-8,CAPT,5145-1-82,17194,5145-1-82,16370,3892625,PAV10777
191041816,38-00,B737-8,LAV E,14330-230,ZSK202,14330-230,3398,3979131,1154645
190631814,26-00,B737-8,AFT,473597-5,SJA6990,473597-5,SJE0901,3904201,407337662
55181507,72-00,B737-8,#2,340-001-038-0,DM007879,340-001-036-0,PF306402,3626808,1124389
55662792,25-00,B737-8,FWDGALLY,8201-11-0000-01,19-05-0591,8201-11-0000-01,16-02-37201,3812324,PAV9818
190501700,25-00,M73-82,GALLEY G1,8201-11-0000-01,09-03-26646,8201-11-0000,04-01-19673,3941219,PAV11231
191515373,33-00,B737-8,27 DEF,9651-35-0005,29418,9651-35-0005,81107,4205819,84109
55338551,25-00,M73-82,AFT GALLEY,8201-11-0000-01,25-05-0120,8201-11-0000,05-09-21489,4072328,PAV13120
55013476,33-00,B737-8,RH,45-0351-4,1946,45-0351-4,6556,4123130,PAV13783
55405366,33-00,M73-82,ROW 6  LH,9651-35-0002,69685,9651-35-0002,23458,4084841,ARC167919
190546871,38-00,B737-8,LAV D,SC4L500301-5,11303915-004,SC4L500301-5,172694174-002,3921931,5875209
55555260,72-21,B737-8,#2,340-001-038-0,DM180901,340-001-038-0,DM169759,4043110,16000
190396700,38-00,M73-82,LAV A,SC4L500301-5,174157683-002,SC4L500301-5,175636572-001,4207308,6261021
190190674,33-00,B737-8,RH,45-0351-4,5829,45-0351-4,3185,4200078,PAV14666
55286976,38-11,M73-82,LAV E,SC4L500301-5,170280544-006,SC4L500301-5,172972827-004,3844786,E-5748672
35032659,38-32,B737-8,LAV D,14330-230,34272,14330-230,17434,3826414,1106477
55173049,23-42,B737-8,CABIN,285W0024-1B,F37556,285W0024-1M,F42390,3857296,ARC145527
106877780,36-00,B737-8,#2,107484-7,13569,107484-7,19497,4121466,355798216
55371705,25-00,M73-82,FWD GALLEY,8201-11-0000,08-08-25872,8201-11-0000,03-02-18708,3774391,PAV9178
190576475,25-00,B737-8,AFTGALLY,8201-11-0000,07-09-24214,8201-11-0000-01,14-07-35012,3953593,KAV0825019
190226115,25-00,B737-8,FWDGALLY,8201-11-0000-01,09-12-28004,8201-11-0000,04-01-19670,3932208,PAV11149
190630384,33-00,B737-8,LH,9651-35-0002,18753,9651-35-0002,39064,3986340,ARC158507
190404770,33-00,M73-82,22ABC,9651-35-0002,53915,9651-35-0002,16885,3925175,ARC152331
55536846,33-21,B737-8,31 DEF,9651-35-0005,24284,9651-35-0005,16633,3794469,ARC138403
190655612,33-00,B737-8,22 DEF,9651-35-0002,50466,9651-35-0002,54164,4067826,ARC166209
40194498,36-00,B737-8,#2,3214552-6,11198,3214552-6,16589,3779705,352042519
40194498,36-00,B737-8,#2,107484-7,13881,107484-7,18137,3792876,107484-7
55382949,33-21,M73-82,25 DEF,9651-35-0002,66313,9651-35-0002,25662,4117372,169850
191399059,25-31,B737-8,AFTGALLY,62197-301-001,18-07-0596,62197-301-001,17-11-0441,4102377,WAV1297
190734061,33-00,B737-8,RH,72605363-1,2761,72605363-1,0193,3879230,353299946
190120970,25-00,B737-8,FWD,8201-11-0000-01,11-02-29751,8201-11-0000,08-08-25855,3779917,PAV9232
190590767,36-00,B737-8,#1,107484-7,17434,107484-7,12577,3973987,4258935
190067557,25-31,B737-8,FWD,8201-11-0000-01,18-10-0445,8201-11-0000-01,21-02-0358,3609491,1105353
190611503,33-00,B737-8,09ABC,9651-35-0003,5414,9651-35-0003,5548,4049780,ARC164
190040288,23-00,B737-8,F/O,5145-1-82,15941,5145-1-88,26443,4137684,PAV13999
190567514,26-00,B737-8,AFT,473597-5,SJA3410,473597-5,47765,3946909,R551398-63752
55534321,25-00,B737-8,AFTGALLY,72184025,4300,62197-301-001,19-07-0269,3891480,PAV10765
55418267,73-00,M73-82,#1,2085M31G03,PAT05T96,2085M31G03,PAT9A871,3965935,RG54841-1
55418267,73-00,M73-82,#1,2085M31G03,PAT06T00,2085M31G03,PAT4E777,3949779,RG45123-1
55418267,73-00,M73-82,#1,2085M31G03,PAT23F15,2085M31G03,PAT9A774,3965939,RG54826-1
55418267,73-00,M73-82,#1,2085M31G03,PAT05T85,2085M31G03,PAT9E164,3949762,RG45046-1
55418267,73-00,M73-82,#1,2085M31G03,PAT84F27,2085M31G03,PAT9E165,3949765,RG45061-1
55418267,73-00,M73-82,#1,2085M31G03,PAT24F09,2085M31G03,PSDMJ037,3935663,RF77415-1
55418267,73-00,M73-82,#1,2085M31G03,PAT24F34,2085M31G03,PAT8C425,3935659,RF75833-1
55418267,73-00,M73-82,#1,2085M31G03,PAT24F32,2085M31G03,PAT9E573,3949775,RG45119-1
55418267,73-00,M73-82,#1,2085M31G03,PAT00F76,2085M31G03,PAT4A971,3949772,RG45098-1
55418267,73-00,M73-82,#1,2085M31G03,PAT80R65,2085M31G03,PSDNG242,3949782,RG45158-1
190322147,25-00,M73-82,GALLEY G4,62197-301-001,22-11-0533,62197-301-001,22-05-0078,3916762,1381838
191410730,25-00,B737-8,AFTGALLY,62197-301-001,15-11-0135,62197-301-001,22-02-0465,4147794,KAV0526070
190584845,33-00,B737-8,10ABC,9651-35-0004,19091,9651-35-0004,8544,3816433,141871
55444700,25-32,M73-82,GALLEY G4,8201-11-0000-01,22-02-0636,8201-11-0000,08-08-25854,4025779,KAV1225032
190424664,25-32,M73-82,002 AFT GALLEY,62197-301-001,22-05-0084,62197-301-001,17-12-0413,4139402,SAV910
55661238,27-00,B737-8,LH STAB,0851HT1,320159,0851HT2,464775,3755532,407369931
55527026,33-00,B737-8,19DEF,9651-35-0002,19255,9651-35-0002,16813,3934651,ARC153415
55675853,34-00,B737-8,CAPT,0851HT1,375972,0851HT2,465235,3770561,407462034
191453418,36-00,B737-8,#1,107484-7,8099,107484-7,9106,4186772,355926923
55230010,23-51,B737-8,FL DK,5145-1-82,16021,5145-1-88,27725,3976474,PAV11753
53862819,25-00,B737-8,FWD,8201-11-0000-01,23-09-0182,8201-11-0000-01,25-05-0106,3985660,KAV1025013
190029577,23-51,B737-8,FL DK,5145-1-82,11426,5145-1-88,25868,4074032,PAV13173
41461414,23-42,B737-8,CABIN,285W0024-1B,F55399,285W0024-23M,F60267,4169983,174260
191420426,25-00,B737-8,FWDGALLY,62197-301-001,21-02-0153,62197-301-001,18-07-2027,4177073,PAV14412
55257682,23-51,B737-8,FL DK,5145-1-82,19683,5145-1-88,28406,3941631,PAV11232
55378921,33-00,M73-82,21DEF,9651-35-0002,64926,9651-35-0002,22397,3949648,ARC155251
190623702,33-00,B737-8,LH,9651-35-0003,9691,9651-35-0003,14462,4061391,ARC165917
190867402,25-31,B737-8,AFTGALLY,72184025,4404,72184025,4445,4169839,KAV0626018
190109934,25-00,B737-8,FWD,8201-11-0000-01,17-07-39068,8201-11-0000-01,11-02-29748,4008301,PAV12252
190111681,25-00,B737-8,AFT LH,72184025,4013,72184025,4067,4050199,SAF773-UK
190640425,33-21,B737-8,15DEF,9651-35-0005,49200,9651-35-0005,37493,3890666,148984
104345488,36-00,B737-8,#1,107484-7,7559,107484-7,16458,3875908,353302481
104345488,36-00,B737-8,LH,129694-3,12437,129694-3,11382,3804995,352259572
190192496,33-00,B737-8,RH,45-0351-4,2151,45-0351-4,5480,4134653,PAV13963
190491781,33-21,M73-82,20DEF,9651-35-0002,70708,9651-35-0002,40059,3867365,146253
40256798,25-31,B737-8,AFTGALLY,72184025,4260,72184025,N09040567044508,3780462,KAV0125019
190298069,25-32,M73-82,FWDGALLY,62197-301-001,22-01-0408,62197-301-001,16-11-0288,3972898,WAV864
190197149,33-00,B737-8,25ABC,9651-35-0004,14422,9651-35-0004,13414,3949634,ARC154614
190556875,33-00,B737-8,CAB,9651-35-0003,5338,9651-35-0003,15269,4102386,20183874
42212766,33-00,M73-82,CABIN,9651-35-0004,19195,9651-35-0004,11514,4121741,170243
55596981,25-36,B737-8,#3,8201-11-0000,04-08-20250,8201-11-0000-01,17-07-39060,3851516,PAV10375
190154991,33-00,B737-8,RH,45-0351-4,5557,45-0351-4,7150,4097955,PAV13518
190519499,33-20,B737-8,#11,9651-35-0004,7717,9651-35-0004,13926,3752520,135631
190376038,25-00,M73-82,AFTGALLY,62197-301-001,23-05-0047,62197-301-001,14-09-7023,4060647,WAV1135
190630437,33-21,B737-8,CAB,9651-35-0003,6643,9651-35-0003,19860,3946554,20109232
190569643,25-00,B737-8,FWDGALLY,62197-301-001,23-08-0181,62197-301-001,19-07-1213,3946654,WAV743
40177477,23-51,B737-8,FL DK,5145-1-82,14927,5145-1-82,19366,3887289,PAV10720
190227805,26-16,B737-8,AFT,473597-5,45166,473597-5,SJF1104,3908158,4080959
42066026,25-00,M73-82,GALLEY G4,8201-11-0000,04-12-20655,8201-11-0000-01,17-12-40071,3549742,1040411
190040073,23-42,B737-8,FWD,285W0024-1B,F63807,285W0024-23M,F59218,4116260,ARC170420
106511338,36-00,B737-8,#2,107484-7,18416,107484-7,18681,4095079,5582674
106511338,36-00,B737-8,#2,3214446-4,18569,3214446-4,19575,4089558,8173
41702597,33-00,B737-8,14ABC,9651-35-0005,21230,9651-35-0005,32679,3816475,141781
190086298,25-30,B737-8,AFTGALLY,72184025,4185,72184025,4045,3986155,PAV11891
55155406,23-00,B737-8,FWD,285W0024-1B,F48802,285W0024-1B,F61088,3787737,1510240
55437214,25-00,M73-82,GALLEY G4,8201-11-0000,02-09-18205,8201-11-0000,05-10-21303,4009619,KAV1225006
190218396,23-00,B737-8,FL DK,5145-1-82,15337,5145-1-82,13926,4035111,PAV12603
103694343,36-00,B737-8,#1,107484-7,17521,107484-7,12211,3875068,353300039
190178797,23-51,B737-8,FL DK,5145-1-82,24983,5145-1-82,12812,3829214,PAV10089
55555262,72-21,B737-8,#2,340-001-038-0,DM031971,340-001-038-0,DM169746,4043179,22001
190595477,33-00,B737-8,23F,9651-35-0003,20868,9651-35-0003,4655,3845013,ARC144664
190029322,25-00,B737-8,FWDGALLY,62197-301-001,21-02-0315,62197-301-001,19-07-1224,4066292,KAV0226057
190396387,25-00,M73-82,001 FWD GALLEY,8201-11-0000-01,14-12-35640,8201-11-0000,07-12-24537,4174130,KAV0626036
191400489,25-30,B737-8,AFTGALLY,62197-301-001,21-03-0010,62197-301-001,17-08-0405,4124764,WAV1371
55697812,25-00,B737-8,AFT,62197-301-001,16-11-0285,62197-301-001,19-07-1215,3791312,WAV252
190986121,23-51,B737-8,FL DK,5145-1-82,18243,5145-1-82,16293,4167698,PAV14293
55027469,33-42,B737-8,RH,45-0351-4,5107,45-0351-6,11628,3837680,1311631
191338850,33-21,B737-8,31 ABC,9651-35-0005,49605,9651-35-0005,52354,4225813,ARC179016
190031315,33-00,B737-8,5DEF,9651-35-0002,21101,9651-35-0002,35015,3799485,ARC139139
191217098,33-00,M73-82,19DEF,9651-35-0002,26096,9651-35-0002,71870,4227330,47001538
191041854,23-00,B737-8,FL DK,5145-1-82,18306,5145-1-82,18343,4137233,PAV13990
190522140,33-00,B737-8,19DEF,9651-35-0002,38990,9651-35-0002,46612,3893249,149361
190547275,33-42,B737-8,RH,72605363-1,2246,72605363-1,4131,4005197,66451
190547275,33-42,B737-8,RH,72500415-2,0850,72500415-2,1524,4003262,354815145
55153096,38-32,B737-8,LAV A,14330-230,2047,14330-230,37151,4179321,0000069369
55432996,33-00,M73-82,RH,9651-35-0002,68959,9651-35-0002,19462,3872607,147469
55432996,33-00,M73-82,RH,9651-35-0003,14710,9651-35-0003,7275,3855262,145281
190238671,25-31,B737-8,FWDGALLY,8201-11-0000-01,17-11-39497,8201-11-0000-01,15-11-36859,3816736,PAV9889
191313088,33-00,B737-8,22DEF,9651-35-0002,52098,9651-35-0002,49675,4072931,ARC166908
191157823,33-21,M73-82,CABIN,9651-35-0005,46063,9651-35-0005,31969,4091631,ARC168339
42122555,33-00,M73-82,22ABC,9651-35-0002,51381,9651-35-0002,23458,3940986,ARC154155
190197142,33-00,B737-8,11DEF,9651-35-0004,14421,9651-35-0004,10790,3941125,53500
190635674,26-00,B737-8,AFT,473597-5,SJA4598,473597-5,SJA4656,3868974,62735
55456106,23-00,M73-82,AFT CAB,285W0024-1B,D14914,285W0024-1B,D22802,3802721,ARC140436
190436539,25-32,M73-82,GALLEY G4,62197-301-001,17-12-0457,62197-301-001,22-05-0087,4221646,KAV0826021
55599756,33-21,B737-8,#19 RH,9651-35-0002,64042,9651-35-0002,53934,3959888,20112416
190497196,33-00,M73-82,CAB,9651-35-0003,20059,9651-35-0003,9077,3934624,ARC153285
40286221,33-00,B737-8,RH,45-0351-4,4176,45-0351-4,5967,4067619,PAV13083
190083132,33-42,B737-8,RH,45-0351-4,4990,45-0351-4,5724,4096338,PAV13507
55115653,72-00,B737-8,#1,340-001-038-0,DM105140,340-001-038-0,DM043794,3960269,R25081807001
55115653,72-00,B737-8,#1,340-001-038-0,PA256549,340-001-038-0,DC974705,3959193,R25081812000
55115653,72-00,B737-8,#1,340-001-038-0,DM105388,340-001-038-0,DM139631,3961631,R25090506000
55115653,72-00,B737-8,#1,340-001-038-0,PC098898,340-001-038-0,DM139753,3961628,R25090505000
105324849,36-00,B737-8,#2,107484-7,16364,107484-7,11468,4006994,4662643
42106282,25-00,M73-82,GALLEY G4,8201-11-0000-01,09-02-26583,8201-11-0000-01,17-01-38349,3830704,KAV0225063
190739175,25-31,B737-8,AFT RH,62197-301-001,21-02-0094,62197-301-001,15-11-0128,3958690,WAV810
55278866,33-00,M73-82,RH,72605363-1,5934,72605363-1,0049,3792684,352167989
190914532,33-00,B737-8,RH,45-0351-4,6001,45-0351-6,9152,4024976,PAV12418
190036897,33-00,B737-8,24ABC,,,9651-35-0003,20125,3727290,04157802
40100530,34-00,B737-8,F/O,0851HT1,378659,0851HT2,469246,3838327,407774245
42256547,38-00,B737-8,GALLEY G1,72184025,2002,72184025,4244,3871284,1341651
191408735,33-00,B737-8,20DEF,9651-35-0002,30177,9651-35-0002,30432,4219021,ARC178596
190526619,25-00,B737-8,AFTGALLY,72184025,4162,72184025,4005,3782199,WAV201
40302004,30-00,B737-8,RH,0851HT1,404881,0851HT2,458871,3643635,406878153
42121246,25-00,M73-82,GALLEY G4,8201-11-0000-01,21-01-0256,8201-11-0000,07-02-23327,3865713,KAV0525022
190650455,36-00,B737-8,#1,107484-7,9350,107484-7,17578,3947814,3668869
190622597,25-00,B737-8,FWDGALLY,8201-11-0000,03-11-19512,8201-11-0000-01,21-01-0294,3819147,KAV0225024
55331450,33-20,M73-82,14ABC,9651-35-0005,17859,9651-35-0005,57773,4007791,2425-1.000
190475938,25-00,M73-82,AFT GALLEY,62197-301-001,22-05-0087,62197-301-001,25-05-0008,4199279,WAV1556
190493174,25-00,M73-82,AFT LH,SC4L500301-5,175141841-002,SC4L500301-5,175167865-002,4143363,E6178748
190091384,26-00,B737-8,AFT,473597-5,52695,473597-5,26790A,4139230,13661363
190150203,33-42,B737-8,RH,45-0351-4,5724,45-0351-4,2151,4101059,PAV13556
55351829,33-00,M73-82,16 ABC,9651-35-0005,67350,9651-35-0005,67997,3782739,20083066
190720540,33-42,B737-8,LH,72605363-1,2899,72605363-1,5934,4124443,355994634
190074148,27-00,B737-8,FIN,0851HT1,266560,0851HT2,483963,4138630,409103522
41321150,33-42,B737-8,LWR RH,45-0351-4,4099,45-0351-4,1946,4143206,PAV14044
41664728,23-00,B737-8,AFT CAB,285W0024-1B,F28420,285W0024-1B,D14427,3781918,138218
55134043,23-42,B737-8,CABIN,285W0024-1B,F54176,285W0024-1B,F62141,3806028,1518392
190435961,33-21,M73-82,12DEF,9651-35-0005,52781,9651-35-0005,17786,4128902,170859
55432525,38-00,M73-82,FWD,SC4L500301-5,170447674-006,SC4L500301-4,1604525,4058236,E-6074532
190130780,33-21,B737-8,2 ABC,9651-35-0005,37187,9651-35-0005,67215,3999801,20129576
55100193,23-00,B737-8,FWD,285W0024-1B,D12453,285W0024-1M,F52948,4093108,8703
55569585,33-21,B737-8,20DEF,9651-35-0002,30433,9651-35-0002,30126,3844874,ARC144268
42138618,25-00,M73-82,GALLEY 1,8201-11-0000-01,17-12-40036,8201-11-0000,03-12-19538,3921228,PAV11033
55410605,38-00,M73-82,LAV E,SC4L500301-5,170796601-005,SC4L500301-5,172442905-002,3792489,7401
55131703,25-00,B737-8,#3,8201-11-0000,08-02-24819,8201-11-0000-01,16-10-38122,3908346,PAV10912
190404740,38-00,M73-82,LAV D,SC4L500301-5,172236103-006,SC4L500301-4,1600159,4051930,E-6071608
55293335,27-00,M73-82,LH STAB,0851HT1,400288,0851HT2,468801,3825182,407729311
191071742,36-00,B737-8,#2,107484-7,10821,107484-7,17492,4226741,356576666
35035632,33-21,B737-8,20DEF,9651-35-0002,25335,9651-35-0002,37444,3770503,137732
55391748,23-00,M73-82,AFT CAB,285W0024-1B,D22074,285W0024-1B,D22465,3807021,ARC141120
55058343,33-42,B737-8,RH,45-0351-4,1558,45-0351-6,11670,4117177,PAV13702
191095306,38-10,M73-82,GALLEY G4,62197-301-001,21-02-0082,62197-301-001,18-01-0427,4214213,WAV1593
190942326,23-51,B737-8,#2,5145-1-82,15295,5145-1-82,12102,4174202,PAV14369
190629795,33-00,B737-8,CABIN,9651-35-0005,28966,9651-35-0005,50663,4019646,ARC162091
41933099,26-00,B737-8,AFT,473597-5,SJA0616,473597-5,46188,3793036,11974669
190543183,25-00,B737-8,FWDGALLY,62197-301-001,23-08-0125,72184025,N09060320044544,4023779,WAV1028
190374855,25-00,M73-82,GALLEY G4,62197-301-001,19-04-0545,62197-301-001,16-10-0279,3989599,KAV1025066
191069753,25-00,B737-8,AFTGALLY,72184025,4422,72184025,4404,4177172,WAV1481
190437283,25-00,M73-82,GALLEY 4,62197-301-001,16-02-0214,62197-301-001,22-05-0088,3962528,1426546
6276660,38-11,M73-82,AFT LAV,SC4L500301-5,173519316-004,SC4L500301-4,1606754,4060689,E-6074532
191354417,26-00,B737-8,AFT,473597-5,SJA9757,473597-5,SJB1211,4204862,13935990
190385471,33-00,M73-82,20DEF,9651-35-0002,40059,9651-35-0002,63107,4223604,47000805
190550962,25-00,B737-8,AFTGALLY,8201-11-0000-01,10-07-29022,8201-11-0000-01,18-05-0267,4081628,PAV13281
190533376,25-00,B737-8,AFTGALLY,8201-11-0000-01,21-01-0270,8201-11-0000,08-05-25469,3942217,KAV0825006
190018162,38-32,B737-8,AFT RH,14330-230,2374,14330-230,ZSK382,3763172,0001080953
190625360,26-16,B737-8,AFT,473597-5,SJA5499,473597-5,46135,3914880,R550894-63371
190563327,33-00,B737-8,12 L/H,9651-35-0005,45986,9651-35-0005,49537,4078755,7308
55038780,23-42,B737-8,CABIN,285W0024-1B,F54277,285W0024-1M,F52924,3881647,147952
190095545,25-00,B737-8,AFTGALLY,72184025,4204,72184025,4243,3986175,PAV11893
42133431,33-00,M73-82,7ABC,9651-35-0002,56710,9651-35-0002,57267,4123004,20198799
190701343,38-00,B737-8,AFTGALLY,62197-301-001,15-12-0155,62197-301-001,15-11-0140,4034239,PAV12571
55480539,25-31,M73-82,G1,8201-11-0000-01,09-02-26580,8201-11-0000-01,21-02-0350,3758798,PAV8965
191404455,33-00,B737-8,22DEF,9651-35-0002,18456,9651-35-0002,49522,4128911,170995
191404455,33-00,B737-8,19DEF,9651-35-0002,30704,9651-35-0002,66433,4138731,20208003-1
191404455,33-00,B737-8,20ABC,9651-35-0002,22396,9651-35-0002,17129,4104342,ARC169363
106418636,73-11,M73-82,#1,2085M31G03,PSDNF881,2085M31G03,PSDNE999,4116397,RH62725-1
106418636,73-11,M73-82,#1,2085M31G03,PSDNF880,2085M31G03,PAT6G166,4116400,RH67123-1
106418636,73-11,M73-82,#1,2085M31G03,PSDNF883,2085M31G03,PSDNE522,4116404,RH67220-1
106418636,73-11,M73-82,#1,2085M31G03,PSDNF879,2085M31G03,PAT63E66,4116405,RH67819-1
106418636,73-11,M73-82,#1,2085M31G03,PSDNF884,2085M31G03,PAT07T38,4116406,RH66964-1
106418636,73-11,M73-82,#1,2085M31G03,PSDNF206,2085M31G03,PAT6G322,4116393,RH67139-1
106418636,73-11,M73-82,#1,2085M31G03,PSDNF208,2085M31G03,PAT6G321,4116403,RH67141-1
106418636,73-11,M73-82,#1,2085M31G03,PSDNF878,2085M31G03,PAT63E32,4116399,RH55201-1
106418636,73-11,M73-82,#1,2085M31G03,PSDNF882,2085M31G03,PAT6G164,4116398,RH67103-1
106418636,73-11,M73-82,#1,2085M31G03,PSDNF877,2085M31G03,PSDMA467,4116133,RH59212-1
106418636,73-11,M73-82,#1,2085M31G03,PSDNF876,2085M31G03,PAT3G186,4116162,RH64636-1
106418636,73-11,M73-82,#1,2085M31G03,PSDNE551,2085M31G03,PSDMF279,4116156,RH64279-1
106418636,73-11,M73-82,#1,2085M31G03,PSDNF202,2085M31G03,PSDMD189,4116151,RH63615-1
106418636,73-11,M73-82,#1,2085M31G03,PSDNF209,2085M31G03,PAT3C246,4116148,RH62724-1
106418636,73-11,M73-82,#1,2085M31G03,PSDNF204,2085M31G03,PAT1G963,4116168,RH64638-1
106418636,73-11,M73-82,#1,2085M31G03,PSDNF207,2085M31G03,PAT6G171,4116173,RH67127-1
106418636,73-11,M73-82,#1,2085M31G03,PSDNF205,2085M31G03,PAT1C694,4116142,RH62717-1
106418636,73-11,M73-82,#1,2085M31G03,PSDNF201,2085M31G03,PAT03F00,4116136,RH61583-1
191065069,25-00,B737-8,AFTGALLY,62197-301-001,21-02-0174,72184025,4001,4214055,WAV1588
190473394,34-11,M73-82,F/O,0851HT1,424885,0851HT2,480189,4078959,408865158
55447538,33-21,M73-82,#9 LH,9651-35-0003,20179,9651-35-0003,5308,3794508,
190050540,25-00,B737-8,FWD,8201-11-0000,05-01-20785,8201-11-0000-01,10-02-28245,3604740,1100418
191462260,23-51,B737-8,CAPT,5145-1-82,18247,5145-1-82,13751,4083576,PAV13307
190310288,38-11,M73-82,LAV V,SC4L500301-5,172211395-001,SC4L500301-5,173056405-001,3844770,E-5748672
190455755,33-21,M73-82,2DEF,9651-35-0005,31805,9651-35-0005,15606,4166927,ARC173815
42204750,38-00,M73-82,LAV A,SC4L500301-5,173965132-007,SC4L500301-5,174737232-001,4068231,E-6088567
191481618,25-00,B737-8,AFT LH,8201-11-0000-01,23-06-0157,8201-11-0000-01,09-03-26644,4057098,KAV0126021
191512441,33-21,B737-8,31DEF,9651-35-0005,47698,9651-35-0005,17653,4190003,ARC175610
26158525,25-00,B737-8,GALLEY G1,72184025,4228,72184025,3016,3928974,WAV643
190275472,25-32,M73-82,FWD GALLEY,62197-301-001,18-06-0107,62197-301-001,23-09-0233,3984140,SAV662
106934128,34-00,M73-82,F/O,0851HT1,426995,0851HT2,475811,4164915,13757881
190775425,72-20,B737-8,#1,340-001-038-0,PC237147,340-001-036-0,PF459411,3904082,1155056
55313511,38-11,M73-82,FWD,SC4L500301-5,170537808-004,,,9544640,
191000543,26-00,B737-8,AFT,473597-5,56196,473597-5,36309,4219674,R554380-66745
190460975,38-00,M73-82,FWD,SC4L500301-5,11304632-003,SC4L500301-4,1606767,4060699,E-6074532
55636627,34-11,B737-8,ALT,0851HT1,353099,0851HT2,458878,3625754,406794145
190878859,72-00,B737-8,#2,340-001-038-0,DM118424,340-001-038-0,DM169507,4071008,8001
190878859,72-00,B737-8,#2,340-001-038-0,DM117922,340-001-038-0,DM128764,4083168,5001
190878859,72-00,B737-8,#2,340-001-038-0,DM118516,340-001-038-0,DM171867,4082972,19000
190878859,72-00,B737-8,#2,340-001-038-0,DM118506,340-001-038-0,DM169521,4083008,7001
190878859,72-00,B737-8,#2,340-001-038-0,DM118359,340-001-038-0,DM125450,4062037,11860001
190878859,72-00,B737-8,#2,340-001-038-0,DM118223,340-001-038-0,DM125394,4063974,28001
191387398,25-00,B737-8,G1,8201-11-0000,03-09-19332,8201-11-0000-01,18-10-0450,4121248,KAV0426037
190102647,25-00,B737-8,FWD GALLEY,8201-11-0000,07-09-24227,8201-11-0000-01,21-04-0062,3892570,PAV10778
190461101,33-42,M73-82,RH,72605363-1,1200,72605363-1,2366,3855712,3038775
42125694,38-00,M73-82,FWD,SC4L500301-5,11534906-003,SC4L500301-5,174426261-006,4021432,6029504
55579982,23-00,B737-8,FWD CAB,285W0024-1B,F47982,285W0024-1B,F28306,3762594,136649
190031827,32-00,B737-8,FWD GALLEY,62197-301-001,17-01-0362,62197-301-001,22-12-0121,4094653,WAV1275
191403415,72-21,B737-8,#1,340-001-036-0,DM136795,340-001-036-0,PF529425,4150823,GEAMS1169531
191403415,72-21,B737-8,#1,340-001-036-0,DM137045,340-001-036-0,PF529645,4150821,GEAMS1169531-1
190259666,23-41,B737-8,CABIN,285W0024-1B,F25355,285W0024-1B,D15153,4110119,ARC169483
190259666,23-41,B737-8,CABIN,476W2220-9N,D10657,476W2220-9P,F34138,4104057,ARC169225
55380929,25-00,M73-82,G1,62197-301-001,16-01-0172,62197-301-001,23-09-0332,3819179,1295619
190950357,33-00,B737-8,ROW 2 R,9651-35-0004,18208,9651-35-0004,6482,4183972,175033
191312002,72-00,B737-8,#2,340-001-038-0,PA447447,340-001-038-0,DM175700,4134997,R26042111001
191312002,72-00,B737-8,#2,340-001-038-0,PA470479,340-001-038-0,DM186121,4125181,R26022705001
190579459,38-00,B737-8,LAV A,SC4L500301-5,11304626-004,SC4L500301-5,174737226-005,4069870,E-6089878
190398640,25-00,M73-82,FWD CAB,285W0024-1B,F40608,285W0024-1B,F51061,3946034,154584
191375040,33-20,B737-8,30ABC,9651-35-0005,66242,9651-35-0005,52072,4210606,ARC177810
55376546,33-00,M73-82,10DEF,,,9651-35-0003,5313,3872032,146942
55376546,33-00,M73-82,10DEF,9651-35-0003,20845,,,9545035,
42104336,33-21,M73-82,16ABC,9651-35-0005,63638,9651-35-0005,66246,3810935,20089411
42257173,26-16,B737-8,AFT,473597-5,4260A,473597-5,52812,3976337,3735
103069038,25-30,B737-8,AFT,72184025,3020,72184025,N09050472044524,3792253,WAV263
190306876,25-31,M73-82,GALLEY G4,8201-11-0000-01,21-11-0978,8201-11-0000-01,16-08-37955,3849251,1322524
55575431,34-00,B737-8,CAPT,0851HT1,435397,0851HT2,472563,3926172,408189230
190032635,25-00,B737-8,FWD,8201-11-0000,02-09-18202,8201-11-0000-01,21-01-0268,4009620,KAV1225005
55668545,33-00,B737-8,CAB,9651-35-0002,17785,9651-35-0002,22346,3986356,ARC158147
191407136,33-00,B737-8,CABIN,9651-35-0002,17947,9651-35-0002,35679,4184205,ARC175302
191407136,33-00,B737-8,1ABC,9651-14-0004,6696,9651-14-0004,5827,4136593,20203436
191407136,33-00,B737-8,CABIN,9651-35-0005,41398,9651-35-0005,17380,4184197,ARC175288
191407136,33-00,B737-8,23ABC,9651-35-0003,9505,9651-35-0003,21482,4184338,20244926-01EASA
41461236,25-00,B737-8,FWD,8201-11-0000,06-11-22817,8201-11-0000-01,16-02-37197,3991919,PAV11972
55562965,33-00,B737-8,RH,72605363-1,0727,72605363-1,5226,3765344,351899696
190225755,25-00,B737-8,AFT,72184025,N09120052044575,72184025,4345,3917341,KAV0725013
55075255,25-00,B737-8,AFT,72184025,N10040449044694,72184025,N12061900044878,3782288,1261189
190665484,33-21,B737-8,6ABC,9651-35-0002,18825,9651-35-0002,68966,3897764,04640199
191412491,25-00,B737-8,AFTGALLY,8201-11-0000,05-08-21359,8201-11-0000-01,09-10-27622,4030203,KAV1225057
55406406,38-00,M73-82,LAV A,SC4L500301-5,172234565-005,SC4L500301-5,173651770-007,3946833,E-5910886
40310015,25-00,B737-8,AFTGALLY,8201-11-0000-01,17-12-39601,8201-11-0000,06-11-22805,3784154,PAV9340
190347522,25-00,M73-82,G1,62197-301-001,16-12-0316,62197-301-001,17-01-0324,3971467,1433037
190246735,33-00,B737-8,RH,45-0351-4,3130,45-0351-6,8553,4001639,PAV12097
55640812,25-35,B737-8,AFT RH,62197-301-001,25-05-0239,62197-301-001,22-01-0402,4072534,WAV1187
191272016,33-00,M73-82,31DEF,9651-35-0005,45901,9651-35-0005,20367,4037557,163550
190292066,33-42,M73-82,LH,72605363-1,4151,72605363-1,6066,4002004,354716411
191319994,33-00,B737-8,7DEF,9651-35-0002,45354,9651-35-0002,18165,4228905,47002074-01
190252733,23-00,B737-8,FL DK,5145-1-82,16243,5145-1-88,29191,3942121,PAV11245
191254483,38-10,M73-82,LAV V,SC4L500301-5,172211398-002,SC4L500301-4,1603538,4056081,E-6074532
191336576,25-00,B737-8,GALLEY 1 FWD,72184025,4134,72184025,4049,4213660,PAV14851
191414429,33-00,B737-8,9ABC,9651-35-0002,22252,9651-35-0002,34850,4049781,164796
190480603,33-21,M73-82,14DEF,9651-35-0005,52761,9651-35-0005,33705,3949950,ARC154832
190195458,25-31,B737-8,FWDGALLY,8201-11-0000-01,21-08-0161,8201-11-0000,06-01-21691,3392981,897224
980014293,33-42,B737-8,RH,45-0351-4,5126,45-0351-4,6123,4213623,
55679550,23-42,B737-8,AFT CAB,285W0024-1B,F40039,285W0024-1B,D21509,3777129,138159
55071509,33-00,B737-8,28ABC,9651-35-0005,32481,9651-35-0005,31973,3867390,146245
55255080,38-32,B737-8,CABIN,15800-029-3,2554,15800-029-3,10885,3723887,1551
190675094,33-21,B737-8,15DEF,9651-35-0005,29746,9651-35-0005,27557,3964237,ARC156385
55621297,34-11,B737-8,ALT,0851HT1,322531,0851HT2,457908,3610535,11250570
190677724,33-00,B737-8,CABIN,9651-35-0002,22145,9651-35-0002,65628,3930408,20107153-1.000
42034452,33-00,B737-8,31DEF,9651-35-0005,16384,9651-35-0005,62881,4110002,20188963
41306446,33-00,B737-8,CABIN,9651-35-0005,36961,9651-35-0005,67136,3914454,20105110
190114755,38-00,B737-8,LAV E,14330-230,ZSK458,14330-230,ZSK213,3851587,2504609
42210411,38-11,M73-82,FWD,SC4L500301-5,173389311-002,SC4L500301-5,174849925-007,4091545,E-6113284
190668978,26-16,B737-8,AFT,473597-5,SJA6989,473597-5,42786,4002706,64373
41594825,25-00,B737-8,AFT  RH,72184025,N09030238044465,72184025,4120,4070261,WAV1184
55359469,33-42,M73-82,RH,72605363-1,0021,72605363-1,7511,3805289,04377805
55430448,25-00,M73-82,GALLEY 1,62197-301-001,16-01-0182,62197-301-001,15-11-0124,4079994,SA11833
55373814,33-00,M73-82,25DEF,9651-35-0003,19599,9651-35-0003,15343,4116619,ARC169743
107105843,36-00,B737-8,#1,107484-7,17673,107484-7,8160,4185519,355826150
107105843,36-00,B737-8,#1,3214446-4,11721,3214446-4,11350,4182904,6490048
41630011,33-00,B737-8,7 RH,9651-35-0002,19290,9651-35-0002,18488,3805749,20087541-1
190570502,25-00,B737-8,AFTGALLY,8201-11-0000-01,12-11-32432,8201-11-0000,05-08-21363,3925303,PAV11086
190573982,23-00,B737-8,FWD CAB,285W0024-1B,F46995,285W0024-1B,D19289,4157394,ARC173103
14086020,25-31,B737-8,AFT,72184025,N12031146044852,62197-301-001,16-08-0259,4124773,WAV1375
42148394,25-35,M73-82,GALLEY 4B,62197-301-001,21-11-0215,62197-301-001,23-08-0261,3996149,WAV935
42182672,25-00,M73-82,AFT GALLEY,62197-301-001,15-12-0166,62197-301-001,15-08-7810,3991567,AV1751
190261764,30-00,B737-8,F/O,0851HT1,424841,0851HT2,482846,4128779,409062933
190570513,33-21,B737-8,19DEF,9651-35-0002,34850,9651-35-0002,24795,3975347,157135
190406682,38-00,M73-82,AFT RH,SC4L500301-5,170796614-002,SC4L500301-5,174515292-001,4033001,6046651
190315020,25-32,M73-82,GALLEY 4,62197-301-001,21-02-0135,62197-301-001,18-01-0433,3872457,WAV488
190493969,33-21,M73-82,29 ABC,9651-35-0005,43566,,,9668334,
190576888,33-21,B737-8,31ABC,9651-35-0005,18895,9651-35-0005,48959,4084613,7653
190433622,33-00,M73-82,CABIN,9651-35-0002,56258,9651-35-0002,17947,4209132,ARC177595
190338089,33-00,M73-82,RH OUTBD,72500410-3,15836,72500410-3,0701,4169312,356366311
190338089,33-00,M73-82,RH INBD,72500410-4,15844,72500410-4,7861,4221084,6893538
190338089,33-00,M73-82,RH,72605363-1,6686,72605363-1,2640,4103457,9650
55570859,33-21,B737-8,5DEF,9651-35-0002,18930,9651-35-0002,57482,3902920,20103221
55533683,33-00,B737-8,27 ABC,9651-35-0005,31752,9651-35-0005,17728,3857335,ARC145459
191382717,33-21,B737-8,14 LH,9651-35-0005,51617,9651-35-0005,49490,4222130,178735
190401363,25-32,M73-82,FWD,62197-301-001,17-12-0463,62197-301-001,25-09-0583,3995358,3834H1
190522254,33-00,B737-8,LH,72605363-1,0756,72605363-1,4743,4044220,355208453
190174416,33-42,B737-8,LH,72605363-1,0193,72605363-1,2791,3855738,3045177
190216605,25-00,B737-8,FWD,62197-301-001,22-11-0534,62197-301-001,22-01-0402,4114621,WAV1353
55472812,25-00,M73-82,FWD,62197-301-001,15-03-7395,62197-301-001,15-11-0132,3841561,PAV10245
190770805,26-00,B737-8,FWD,473597-5,45933,473597-5,48143,3844988,549620
25839336,38-32,B737-8,FWD,14330-230,22637,14330-230,ZSK664,3889975,1128179
190258296,12-00,B737-8,FWD,14330-230,7618,14330-230,14412,3946458,1153666
190441515,33-21,M73-82,CABIN,9651-35-0002,49724,9651-35-0002,26247,4005096,ARC160788
191407319,33-21,B737-8,CABIN,9651-35-0005,16429,9651-35-0005,17880,4197373,ARC176070
55108564,23-00,B737-8,FL DK,5145-1-82,14118,5145-1-82,18347,3774185,PAV9166
190282778,25-32,M73-82,AFT GALLEY,62197-301-001,14-09-7022,62197-301-001,19-01-0479,4059630,KAV0226041
190535824,38-11,B737-8,LAV D,SC4L500301-5,173519520-004,SC4L500301-5,173651760-001,3921933,5875209
190650366,23-00,B737-8,OBS,5145-1-82,11564,5145-1-82,13311,3958856,PAV11534
190416195,25-00,M73-82,LAV V,SC4L500301-5,11304632-009,SC4L500301-5,175531450-003,4189897,E-6234415
41961764,32-45,B737-8,8DEF,9651-35-0002,67041,9651-35-0002,24267,4160162,173604
191268445,25-35,M73-82,G1,62197-301-001,23-04-0181,62197-301-001,22-02-0456,4060655,WAV1134
191000912,25-00,B737-8,GALLEY 4,72184025,N10100885044727,72184025,N11070864044806,4149984,WAV1440
55640338,33-21,B737-8,23DEF,9651-35-0003,12741,9651-35-0003,5442,3867461,146430
191089017,33-21,M73-82,26ABC,9651-35-0004,18443,9651-35-0004,12166,3568514,ARC118336
190166259,33-42,B737-8,RH,45-0351-4,6664,45-0351-4,5647,3766026,PAV9022
42050237,33-00,B737-8,RH,72605363-1,2622,72605363-1,0744,3772781,351956726
190286496,33-00,M73-82,CAB,9651-35-0002,18924,9651-35-0002,24553,3958841,56127
190635438,33-42,B737-8,RH,45-0351-4,7175,45-0351-4,6549,4158277,PAV14223
191167818,25-00,M73-82,GALLEY G4,62197-301-001,22-10-0360,62197-301-001,21-02-0109,4117356,KAV0426060
190632150,26-16,B737-8,AFT,473597-5,SJA5672,473597-5,23537A,3908407,R550873-63305
190321994,33-00,M73-82,LH,72605363-1,5974,72605363-1,0781,3910914,353674116
35056113,26-00,B737-8,AFT,473597-5,65559,473597-5,SJA6852,4012219,13103510
190074254,33-00,B737-8,17ABC,9651-35-0002,39257,9651-35-0002,53692,4140586,ARC171569
190111279,33-21,B737-8,24ABC,9651-35-0003,10819,9651-35-0003,9074,4043319,4080
55586944,26-00,B737-8,AFT,473597-5,SJB1054,473597-5,SJA9431,3916779,63370
55624771,33-00,B737-8,9DEF,9651-35-0003,5350,9651-35-0003,21628,4005696,20134769
190294923,33-21,M73-82,#30 RH,9651-35-0005,45245,9651-35-0005,25248,3925180,ARC152353
55471977,25-00,M73-82,GALLEY G4,8201-11-0000-01,16-08-37949,8201-11-0000-01,17-12-40035,3240780,L-3240780
980008833,72-21,B737-8,#1,340-001-038-0,DM180865,340-001-036-0,PF508164,4130679,
190408596,25-00,M73-82,AFTGALLY,8201-11-0000-01,21-04-0057,8201-11-0000-01,23-06-0143,3449537,S23/2722H-1
42098601,33-42,M73-82,LH,72605363-1,4883,72605363-1,1877,4001897,354743865
42131444,38-00,M73-82,LAV A,SC4L500301-5,170858887-002,SC4L500301-5,173965132-007,3974284,E-5953799
55097138,25-00,B737-8,AFTGALLY,72184025,4214,72184025,N11060386044790,4135993,WAV1403
190783284,23-42,B737-8,FWD,285W0024-1B,D23775,285W0024-1M,F56176,3979628,ARC157829
190093228,25-35,B737-8,AFT,72184025,N09050478044530,72184025,4218,4009359,WAV1000
40199345,23-00,B737-8,P5 PNL,5145-1-82,16773,5145-1-82,17147,3864035,PAV10492
55459579,25-00,M73-82,GALLEY 1 FWD,8201-11-0000-01,17-06-38800,8201-11-0000,08-02-24843,3935743,PAV11182
191269353,33-00,M73-82,ROW 34 RH,9651-35-0001,6683,9651-35-0001,12550,4228915,47002204-01
191269353,33-00,M73-82,5 R/H,9651-35-0002,66435,9651-35-0002,43651,4234464,ARC179516
190615177,23-00,B737-8,FWD CABIN,285W0024-1B,F24283,285W0024-1B,D22074,3861382,146143
41306846,36-11,B737-8,#1,107484-7,11823,107484-7,17765,3953592,354241512
55365527,25-00,M73-82,CAB,8201-11-0000-01,23-04-0070,8201-11-0000,07-12-24546,3740806,KAV1124014
41411400,25-30,B737-8,FWD,62197-301-001,15-08-7815,62197-301-001,21-11-0218,3990276,PAV11932
55356461,72-00,M73-82,#2,2085M31G03,PSDMF538,2085M31G03,PAT1C485,3949673,RF57542-1
55356461,72-00,M73-82,#2,2085M31G03,PSDMF540,2085M31G03,PSDNF164,3949515,RF84656-1
55356461,72-00,M73-82,#2,2085M31G03,PSDMF507,2085M31G03,PAT56J97,3949516,RF85752-1
55356461,72-00,M73-82,#2,2085M31G03,PSDMF512,2085M31G03,PAT94C41,3949672,RF26630-1
190300344,25-33,M73-82,AFT GALLEY,62197-301-001,15-12-0158,62197-301-001,14-07-6907,3964358,1428023
41936512,26-16,B737-8,AFT,473597-5,SJA4837,473597-5,36282,3938189,12747002
42098518,25-00,M73-82,GALLEY G1,62197-301-001,21-11-0221,62197-301-001,23-04-0176,4006333,WAV985
40925185,25-31,B737-8,FWDGALLY,72184025,N12021002044825,72184025,4070,3954122,PAV11449
190313842,33-21,M73-82,8ABC,9651-35-0002,66399,9651-35-0002,25601,3966606,ARC156861
55446072,33-21,M73-82,9DEF,9651-35-0003,15344,9651-35-0003,16049,4062700,20162280-1
55525641,25-36,B737-8,FWDGALLY,8201-11-0000-01,09-12-27985,8201-11-0000-01,15-12-37008,3654532,AV19031
190401626,25-32,M73-82,GALLEY G4,62197-301-001,23-07-0415,62197-301-001,17-11-0447,4082279,WAV1218
42166093,33-00,M73-82,22ABC,9651-35-0002,56331,9651-35-0002,66047,4000858,20124559
190707945,23-00,B737-8,#2,5145-1-82,12545,5145-1-82,8668,4170151,PAV14297
55374690,25-00,M73-82,GALLEY G1,62197-301-001,17-07-0393,62197-301-001,18-01-1100,3830867,1307275
41664027,23-00,B737-8,CAPT,5145-1-82,11730,5145-1-82,11650,3808765,1285400
190104464,25-33,B737-8,FWD,72184025,4105,72184025,4433,3790913,WAV247
55725379,33-00,B737-8,25DEF,9651-35-0004,6482,9651-35-0004,8840,4032073,ARC162987
105380507,36-11,B737-8,#2,3214446-4,15549,3214446-4,6618,4018774,25.1143
105380507,36-11,B737-8,#2,107484-7,9466,107484-7,7699,4008007,4665193
190219849,23-51,B737-8,FL DK,5145-1-82,10659,5145-1-82,8617,3891381,PAV10767
190592072,26-00,B737-8,AFT,473597-5,SJA5088,473597-5,SJA5188,3862562,R550205-626
55285737,38-11,M73-82,FWD,SC4L500301-5,11451774-001,SC4L500301-5,173662855-007,3932576,E-5886426
190781942,23-42,B737-8,CABIN,285W0024-1B,F36791,285W0024-1M,F52842,3842048,ARC143940
191455417,26-00,B737-8,AFT,473597-5,SJA9961,473597-5,SJA1075,4118153,00013563604
55354980,33-21,M73-82,19 ABC,9651-35-0002,57549,9651-35-0002,24656,3916370,151655
190396303,34-11,M73-82,CAPT,0851HT1,461789,0851HT2,485073,4178599,13808473
104796597,36-00,B737-8,#2,107484-7,10989,107484-7,10147,3958458,354258593
190181872,23-00,B737-8,FL DK,5145-1-82,11958,5145-1-82,16517,3970412,PAV11697
190105190,33-21,B737-8,#18 RH,9651-35-0002,26804,9651-35-0002,39255,4073002,ARC166896
191451370,38-00,B737-8,AFT,62197-301-001,18-07-0594,L13471-12MRYAN,2059339,4140644,PAV14030
190128665,23-00,B737-8,CABIN,285W0024-1B,FSN00607,285W0024-1B,D22465,3877701,ARC147335
191120231,33-21,M73-82,16 LH,9651-35-0005,46328,9651-35-0005,28077,4223151,178864
190635945,33-00,B737-8,LH,72605363-1,1373,72605363-1,5529,3835150,0365
42213058,25-32,M73-82,GALLEY 4,8201-11-0000-01,18-05-0268,8201-11-0000-01,23-05-0101,3442357,S23/2588H-1
55532656,33-00,B737-8,31ABC,9651-35-0005,19788,9651-35-0005,16737,3758722,ARC136218
55437880,38-11,M73-82,FWD,SC4L500301-5,11485026-010,SC4L500301-5,172356339-008,3786480,E-5657731
190209874,25-00,B737-8,FWDGALLY,8201-11-0000-01,22-03-0165,8201-11-0000-01,15-08-36565,4102437,PAV13574
41574042,33-00,B737-8,10LH,9651-35-0004,7726,9651-35-0004,6150,3740756,ARC134620
191011709,33-42,B737-8,RH,45-0351-4,3185,45-0351-4,2151,4173824,PAV14367
190009253,25-00,B737-8,#4,8201-11-0000,08-02-24824,8201-11-0000-01,18-01-0418,3550137,1044803
190412338,25-32,M73-82,GALLEY G1,62197-301-001,16-01-0182,62197-301-001,21-11-0696,4222982,WAV1626
190225125,33-00,B737-8,18DEF,9651-35-0002,35421,9651-35-0002,22125,3979041,ARC157965
55558491,23-42,B737-8,AFT CAB,285W0024-1B,D13070,285W0024-1B,F47819,3942100,ARC153582
190238712,23-51,B737-8,FL DK,5145-1-82,13901,5145-1-82,12663,3944128,PAV11247
191341838,25-31,B737-8,AFTGALLY,62197-301-001,21-08-0081,72184025,N09060317044541,3961798,PAV11598
190048505,33-00,B737-8,RH,45-0351-4,3130,45-0351-4,4703,3752256,PAV8894
55258774,23-51,B737-8,FL DK,5145-1-82,11730,5145-1-82,17228,4000179,PAV11917
191043410,33-00,B737-8,26ABC,9651-35-0004,6752,9651-35-0004,6815,4121721,170703
191441233,25-00,B737-8,FWD,SC4L500301-5,172694187-003,SC4L500301-5,175486093-007,4192936,E-6240033
191313400,25-31,B737-8,AFTGALLY,62197-301-001,16-10-0264,62197-301-001,16-11-0289,4136595,SAV905
40792197,38-11,B737-8,LAV D,SC4L500301-5,171187514-009,SC4L500301-5,173651767-003,3932540,E-5886426
190535080,33-00,B737-8,30DEF,9651-35-0005,18716,9651-35-0005,38855,4072956,ARC166602
190492342,25-35,M73-82,GALLEY G4,62197-301-001,14-07-6899,62197-301-001,17-07-0381,3979765,1440170
191312022,36-00,B737-8,#1,107484-7,18112,107484-7,P-108C,4184403,5152794
191319527,38-11,B737-8,AFT LH,SC4L500301-5,11451921-002,SC4L500301-5,175531455-003,4192951,E-6239949
55678128,25-00,B737-8,AFTGALLY,8201-11-0000-01,10-02-28236,8201-11-0000,08-02-24841,3588305,1082026
191372622,33-21,B737-8,22ABC,9651-35-0002,17569,9651-35-0002,24911,4179330,ARC174909
191389574,33-21,B737-8,7ABC,9651-35-0002,25017,9651-35-0002,51203,4110581,20185151
190023718,26-16,B737-8,AFT,473597-5,53327,473597-5,39311,3960413,63970
190043418,33-00,B737-8,RH,45-0351-4,7320,45-0351-4,2199,3809254,1286076
55531787,33-00,B737-8,28DEF,9651-35-0005,32151,9651-35-0005,18206,3830055,ARC143250
191351179,33-20,B737-8,06ABC,9651-35-0002,63514,9651-35-0002,34529,4084628,7612
55313280,25-00,M73-82,GALLEY G4,62197-301-001,22-05-0085,62197-301-001,16-02-0197,3835628,PAV10185
191327288,33-00,B737-8,30DEF,9651-35-0005,30458,9651-35-0005,17356,4207408,177162
190739308,25-31,B737-8,FWD GALLEY,72184025,4380,72184025,N09030226044453,3996182,WAV934
190952193,25-33,B737-8,FWD,62197-301-001,17-12-0429,62197-301-001,18-07-2028,4226878,WAV1604
190944837,26-00,B737-8,FWD,473597-5,35816,473597-5,48996,4157122,13743935
190944837,26-00,B737-8,FWD,473597-5,36356,473597-5,48999,4153683,13726264
190944837,26-00,B737-8,FWD,473597-5,35712,473597-5,54185,4140147,13661404
190944837,26-00,B737-8,FWD,473597-5,35733,473597-5,49025,4153675,13726713
191353485,33-00,B737-8,30ABC,9651-35-0005,48851,9651-35-0005,70044,4100869,20181311
191436060,33-20,B737-8,8ABC,9651-35-0002,31148,9651-35-0002,62196,4073564,20167355
55631082,33-00,B737-8,6DEF,9651-35-0002,35011,9651-35-0002,54299,3949770,ARC155199
190051494,25-00,B737-8,FWDGALLY,62197-301-001,21-02-0104,62197-301-001,14-09-7018,3824940,1300569
55428526,34-11,M73-82,CAPT,0851HT1,414887,0851HT1,452868,3546797,406425240
103550531,72-00,,#2,340-001-036-0,DM126568,340-001-038-0,DM117470,3842344,32820001
103550531,72-00,,#2,340-001-036-0,DM126059,340-001-038-0,PC077546,3649526,2004000
103550531,72-00,,#2,340-001-036-0,DM126553,340-001-038-0,PC372414,3646509,26001
103550531,72-00,,#2,340-001-036-0,DM126166,340-001-038-0,DM184364,3842362,40203001
55506420,25-31,B737-8,AFTGALLY,62197-301-001,16-07-0245,62197-301-001,19-07-0261,3795890,1274910
190313211,33-21,M73-82,16 DEF,9651-35-0005,52216,9651-35-0005,36961,3949767,ARC155107
190295762,25-35,M73-82,G1,62197-301-001,23-06-0206,62197-301-001,22-12-0355,3867466,ASV571
190058888,33-21,B737-8,25ABC,9651-35-0004,14349,9651-35-0004,7900,3949941,ARC154905
55490514,12-00,M73-82,FWDGALLY,62197-301-001,19-06-0033,62197-301-001,16-11-0299,3834104,1308758
191414720,33-00,B737-8,LH,72605363-1,1388,72605363-1,0534,4128399,356063631
55703920,33-21,B737-8,20 DEF,9651-35-0002,54163,9651-35-0002,42978,4121897,170767
55360478,33-00,M73-82,RH,72605363-1,5710,72605363-1,5701,3974391,354452554
55356705,33-00,M73-82,29 DEF,9651-35-0005,46895,9651-35-0005,48474,3978677,20118699
55220371,23-00,B737-8,AFT,285W0024-1B,F33324,285W0024-23M,F59673,4098262,ARC169097
190736527,25-31,B737-8,AFTGALLY,8201-11-0000,08-05-25469,8201-11-0000,07-12-24548,3726904,1212343
191126211,25-32,M73-82,GALLEY G4,8201-11-0000,04-07-20159,8201-11-0000,06-12-22989,4130707,PAV13896
55751493,38-00,32S,5050MM,14330-230,R272597,14330-230,ZSK589,3743962,1074552
191403112,38-00,B737-8,AFT LH,SC4L500301-5,11304634-009,SC4L500301-4,1603530,4056073,E-6074532
190605764,25-31,B737-8,FWD,8201-11-0000-01,16-02-37192,8201-11-0000-01,09-02-26575,3819161,KAV0225073
55695815,38-11,B737-8,LAV D,SC4L500301-5,173651767-004,SC4L500301-5,175167846-007,4148520,6188927
191165033,33-00,M73-82,27DEF,9651-35-0004,6148,9651-35-0004,25287,4122927,65342
190565804,25-00,B737-8,FWD,72184025,N09050463044515,72184025,4023,3988628,WAV915
190150299,25-37,B737-8,AFTGALLY,8201-11-0000,04-09-20364,8201-11-0000-01,17-12-39595,4039244,KAV0126009
980010033,25-00,B737-8,AFT CAB,8201-11-0000-01,09-12-27984,8201-11-0000,02-11-18325,3953144,
191411000,33-00,B737-8,30DEF,9651-35-0005,16200,9651-35-0005,32903,4207406,177192
190289169,25-00,M73-82,GALLEY 4,62197-301-001,21-02-0154,62197-301-001,16-01-0185,3845097,WAV409-UKCAA
190126917,05-00,B737-8,AFTGALLY,72184025,4237,72184025,4132,4223195,SA12692
55642960,33-00,B737-8,LH,72605363-1,5133,72605363-1,4600,3764473,351832992
191457227,33-21,B737-8,20DEF,9651-35-0002,30432,9651-35-0002,59275,4223602,47001268
42063333,33-21,B737-8,#30 RH,9651-35-0005,16316,9651-35-0005,30538,3647537,125760
190031923,33-00,B737-8,RH,45-0351-4,5847,45-0351-4,4990,4112654,PAV13654
55580195,25-00,B737-8,FWDGALLY,8201-11-0000-01,16-11-38217,8201-11-0000-01,17-11-39499,3838954,1312502
190519330,33-00,B737-8,CABIN,9651-35-0002,69961,9651-35-0002,56615,3856548,20095579
190519330,33-00,B737-8,CABIN,9651-35-0001,11085,9651-35-0001,8071,3851544,20095398
55461706,33-21,M73-82,19ABC,9651-35-0002,61359,9651-35-0002,18981,3792431,39563
190203311,25-30,B737-8,AFTGALLY,8201-11-0000,08-05-25465,8201-11-0000,07-10-24303,4148493,PAV14133
55590031,25-00,B737-8,AFTGALLY,62197-301-001,21-02-0161,72184025,4181,3791308,WAV254
104675761,36-00,B737-8,#1,107484-7,18722,107484-7,18579,3947806,3817653
55615299,25-31,B737-8,FWDGALLY,8201-11-0000-01,09-03-26639,8201-11-0000-01,18-06-0214,3905806,PAV10865
55307165,33-42,M73-82,LH,72605363-1,5114,72605363-1,1388,4154568,356263194
190469529,33-00,M73-82,CABIN,9651-35-0003,15080,9651-35-0003,18644,4043433,20156467
190256000,25-00,B737-8,AFT RH,72184025,3016,72184025,4066,3858379,1330194
190508227,38-00,B737-8,LAV E,14330-230,37584,14330-230,ZSK687,4066555,0001190541
190718338,33-00,B737-8,12ABC,9651-35-0005,30926,9651-35-0005,32073,3958805,55927
55628759,33-42,B737-8,LH,72605363-1,0799,72605363-1,2622,3824662,352633136
191210687,33-00,M73-82,24ABC,9651-35-0002,35730,9651-35-0002,35253,4072924,ARC166670
191000192,25-00,B737-8,FWDGALLY,8201-11-0000,07-09-24241,8201-11-0000-01,17-12-40058,4204723,PAV14757
191398676,26-00,B737-8,AFT,473597-5,SJA5092,473597-5,65982,4086565,R553215-65733
104828912,73-00,M73-82,#2,2085M31G03,PAT62F87,2085M31G03,PAT9C541,3968432,RG58714-1
104828912,73-00,M73-82,#2,2085M31G03,PAT09R10,2085M31G03,PAT9A868,3968420,RG54847-1
104828912,73-00,M73-82,#2,2085M31G03,PAT88E29,2085M31G03,PAT2C823,3968430,RG58766-1
104828912,73-00,M73-82,#2,2085M31G03,PAT88E70,2085M31G03,PAT2C817,3968441,RG58743-1
104828912,73-00,M73-82,#2,2085M31G03,PAT82F75,2085M31G03,PSDNE955,3968447,RG58718-1
55489357,33-21,M73-82,ROW 9 L,9651-35-0003,20171,9651-35-0003,9039,3700652,ARC130611
190509648,25-31,B737-8,FWDGALLY,8201-11-0000-01,10-07-29030,8201-11-0000,02-11-18314,3954267,PAV11461
190236634,25-00,B737-8,#3,8201-11-0000,07-10-24299,8201-11-0000-01,16-06-37684,4121878,KAV0426076
190554490,23-42,B737-8,FWD CAB,285W0024-1B,F29530,285W0024-1B,F63419,4022604,10933
55638056,23-42,B737-8,AFT CAB,285W0024-1B,F33320,285W0024-1M,F52406,3811496,ARC141550
55447009,33-21,M73-82,19ABC,9651-35-0002,30060,9651-35-0002,46304,3860436,20096672
35053917,33-00,B737-8,6ABC,9651-35-0002,34237,9651-35-0002,33449,3841939,ARC144213
190689264,33-20,B737-8,#6 RH,,,9651-35-0002,27514,3975240,157158
191350596,33-00,B737-8,19 ABC,9651-35-0002,35043,9651-35-0002,34974,4072973,
41772300,26-00,B737-8,AFT,473597-5,SJA1589,473597-5,23797A,3868036,62707
190027956,25-31,B737-8,GALLEY G1,62197-301-001,15-03-7402,62197-301-001,23-04-0049,3886991,1356347
42187084,33-00,M73-82,CABIN,,,9651-35-0004,7753,4006649,160441
190376142,33-00,M73-82,31DEF,9651-35-0005,62881,9651-35-0005,16362,4078759,7161
190375110,25-00,M73-82,AFT CAB,62197-301-001,15-10-8023,62197-301-001,18-03-0517,4016348,PAV12361
55733277,25-00,B737-8,FWD,72184025,4345,72184025,N10020405044655,3695098,1188256
190214237,33-21,B737-8,CABIN,9651-35-0002,54226,9651-35-0002,53934,3906491,20103208-1-000
55140564,33-20,B737-8,9 DEF,9651-35-0003,6725,9651-35-0003,20869,3947533,20111043
190457369,33-00,M73-82,CABIN,9651-35-0002,69459,9651-35-0002,17659,4203357,ARC176614
55196103,25-33,B737-8,AFTGALLY,72184025,4082,72184025,N12061899044877,3916730,1383469
42184129,25-32,M73-82,GALLEY G4,8201-11-0000-01,09-04-26819,8201-11-0000-01,09-04-26817,3980353,KAV1025001
42032356,33-00,B737-8,19ABC,9651-35-0002,17706,9651-35-0002,46300,3783142,456-1.000
190020647,25-00,B737-8,FWD GALLEY,62197-301-001,17-12-0454,62197-301-001,15-10-8023,4037747,SAV754
55521833,33-00,B737-8,RH,45-0351-4,5272,45-0351-4,4520,3803020,PAV9657
55639759,26-16,B737-8,AFT,473597-5,SJA6823,473597-5,57058,3744442,R547995-6
55413980,33-21,M73-82,8ABC,9651-35-0002,53934,9651-35-0002,31410,3880242,ARC148212
55530140,25-00,B737-8,FWD,62197-301-001,21-02-0099,72184025,N09050463044515,3743547,1230690
191491574,33-00,B737-8,24 DEF,9651-35-0003,10187,9651-35-0003,7257,3990138,159039
190305602,25-31,M73-82,7050MM,62197-301-001,22-05-0089,62197-301-001,15-07-7750,3829317,PAV10105
53862900,25-35,B737-8,FWD,8201-11-0000-01,21-04-0068,8201-11-0000-01,09-12-27998,3980011,PAV11810
190938415,33-42,B737-8,RH,45-0351-4,4117,45-0351-4,2188,4158392,PAV14207
190402413,33-21,M73-82,10ABC,9651-35-0003,7103,9651-35-0003,10627,4202785,ARC176539
190259659,25-00,B737-8,AFT,72184025,4253,72184025,N09060320044544,4078334,KAV0326035
190218278,25-00,B737-8,FWD,8201-11-0000,08-05-25470,8201-11-0000,05-01-20767,3745290,KAV1124030
55311541,33-21,M73-82,24 ABC,9651-35-0002,76874,,,9718262,
55311541,33-21,M73-82,24 ABC,,,9651-35-0002,17348,4219436,ARC178503
55469849,25-00,M73-82,GALLEY 4B,8201-11-0000-01,22-03-0165,8201-11-0000-01,15-07-36319,3273412,AV0824
191422995,33-00,B737-8,18 ABC,9651-35-0002,39257,9651-35-0002,16507,4209146,ARC177745
190597664,33-00,B737-8,25 ABC,9651-35-0004,18155,9651-35-0004,19258,4012705,20140338
191360690,25-00,B737-8,AFTGALLY,62197-301-001,16-06-0217,L13471-12MRYAN,1089843,4092443,PAV13425
190460994,33-00,M73-82,24 DEF,9651-35-0002,57267,9651-35-0002,50003,4096658,ARC168706
191402622,25-31,B737-8,AFT,62197-301-001,17-01-0329,72184025,4318,4214194,WAV1599
55592458,25-00,B737-8,FWD,8201-11-0000,08-07-25647,,,9484857,
191395232,33-00,B737-8,31DEF,9651-35-0005,31585,9651-35-0005,29383,4225811,ARC179055
190154614,23-50,B737-8,FL DK,5145-1-82,11972,5145-1-82,17076,3839566,PAV10228
42178699,25-00,M73-82,GALLEY G4,8201-11-0000,08-05-25458,8201-11-0000,07-01-23108,3768586,PAV9073
55526995,33-00,B737-8,28DEF,9651-35-0005,24284,9651-35-0005,52208,3907773,20104513
190497507,25-00,M73-82,GALLEY G4,8201-11-0000,07-10-24296,8201-11-0000-01,23-04-0070,3985657,KAV1025009
55426022,25-32,M73-82,FWD,62197-301-001,21-03-0019,62197-301-001,23-05-0412,3831774,SAV546
190626695,26-16,B737-8,AFT,473597-5,SJA7598,473597-5,42095,4019987,13134184
190081517,33-00,B737-8,RH,45-0351-4,7294,45-0351-6,8263,4034650,PAV12575
190151411,33-00,B737-8,LH,72605363-1,2791,72605363-1,3767,3869815,353195009
42119887,25-00,M73-82,AFT RH,62197-301-001,15-12-0152,62197-301-001,21-11-0729,3979196,PAV11785
190704755,33-00,B737-8,31DEF,9651-35-0005,48958,9651-35-0005,20404,3813472,ARC141463
190574927,23-00,B737-8,FWD CAB,285W0024-1B,F24235,285W0024-1M,F54742,4026565,3894975
190324815,33-42,M73-82,RH,72605363-1,0114,72605363-1,2637,3835141,352660354
191304804,36-00,B737-8,#1,107484-7,9891,107484-7,12649,4025119,354907033
191304804,36-00,B737-8,#1,3214446-4,16028,3214446-4,7361,4048156,4847052
190027263,38-00,B737-8,AFT RH,14330-230,ZSK341,14330-230,27037,4048282,1184782
55594006,33-00,B737-8,20 RH,9651-35-0002,49376,9651-35-0002,17028,3816533,C470525-01
190964929,25-00,B737-8,AFTGALLY,8201-11-0000,04-12-20645,8201-11-0000-01,18-01-0408,4072257,KAV0226010
55448496,25-00,M73-82,FWD GALLEY,8201-11-0000-01,09-12-27992,8201-11-0000-01,09-02-26575,3929832,1394617
190592563,33-00,B737-8,RH,45-0351-4,3458,45-0351-4,5944,3898968,PAV10827-UKCAA
55609142,25-31,B737-8,AFT GALLEY,62197-301-001,17-12-0419,62197-301-001,22-02-0451,3867487,1337721
190397494,33-42,M73-82,RH,72605363-1,3336,72605363-1,5717,4154032,356268987
190416235,25-32,M73-82,GALLEY 4,62197-301-001,21-03-0020,62197-301-001,19-04-0545,4183978,WAV1503
55419108,33-21,M73-82,28 DEF,9651-35-0005,33792,9651-35-0005,52673,4096552,ARC168760
190608851,33-21,B737-8,18 R/H,9651-35-0002,55043,9651-35-0002,18895,3887497,20100965
190286424,25-00,M73-82,GALLEY G4,62197-301-001,14-07-6912,62197-301-001,16-01-0171,4055078,PAV12905
55406106,25-30,M73-82,FWD GALLEY,8201-11-0000-01,09-12-27998,8201-11-0000-01,18-06-0213,3788757,KAV0125047
190658504,33-00,B737-8,21 ABC,9651-35-0002,55176,9651-35-0002,53252,4222095,ARC178694
55289805,25-00,M73-82,7050MM,62197-301-001,21-03-0016,62197-301-001,16-02-0195,3997895,PAV12003
190020933,38-32,B737-8,CABIN,14330-230,21075,14330-230,37846,3979325,1164775
55565111,33-42,B737-8,RH,72605363-1,2637,72605363-1,2355,3767225,35195395
190247631,23-00,B737-8,CABIN,285W0024-1B,F36187,285W0024-1B,F25069,3825610,142708
191394878,33-20,B737-8,23DEF,9651-35-0003,11506,9651-35-0003,9730,3816481,141736
191394878,33-20,B737-8,30 DEF,9651-35-0005,31850,9651-35-0005,67320,4010565,33357
191394878,33-20,B737-8,3 DEF,9651-35-0001,5632,9651-35-0001,9387,4043321,3949
55427900,25-00,M73-82,GALLEY G1,62197-301-001,21-02-0114,62197-301-001,23-04-0109,4054985,PAV12914
190409148,25-32,M73-82,AFT,62197-301-001,22-01-0392,62197-301-001,15-12-0161,4145928,KAV0526052
191481394,26-16,B737-8,AFT,473597-5,SJB0790,473597-5,SJA4549,4091567,000013460700
190031576,23-00,B737-8,FL DK,5145-1-82,11781,5145-1-82,11730,4116538,PAV13685
190550206,33-21,B737-8,9DEF,9651-35-0003,7190,9651-35-0003,5148,3945604,ARC154597
55247591,33-42,B737-8,RH,45-0351-4,4933,45-0351-6,11746,4041830,PAV12663
190571219,33-21,B737-8,9ABC,9651-35-0003,7189,9651-35-0003,20134,3655313,03937786
190327961,25-00,M73-82,G1,62197-301-001,17-01-0324,62197-301-001,15-11-0122,4001290,WAV956
190146308,23-00,B737-8,FL DK,5145-1-82,23465,5145-1-88,27362,4072794,PAV13145
190699392,33-00,B737-8,31DEF,9651-35-0005,32753,9651-35-0005,52268,3976545,20118421
55683475,23-51,B737-8,FL DK,5145-1-82,8555,5145-1-88,26826,4081654,PAV13285
55356202,33-00,M73-82,RH,9651-35-0004,18422,9651-35-0004,6296,3881620,148103
190433961,25-00,M73-82,G1,8201-11-0000,07-09-24243,8201-11-0000-01,19-06-0287,4176389,KAV0626029
190494859,33-00,M73-82,24ABC,9651-35-0002,39147,9651-35-0002,53603,4160156,173719
55130923,25-00,B737-8,GALLEY 4,72184025,4344,62197-301-001,19-06-0028,4096946,KAV0426007
980009814,25-31,B737-8,FWD,8201-11-0000-01,16-11-38233,8201-11-0000,04-01-19628,4153468,
190596613,36-00,B737-8,#1,107484-7,19525,107484-7,19026,4179342,6235128
191003025,25-31,B737-8,AFT,62197-301-001,23-06-0193,62197-301-001,14-09-7023,4180224,KAV0426089
190507672,33-42,B737-8,RH,45-0351-4,4434,45-0351-4,7209,4035189,PAV12599
190306224,33-00,M73-82,RH,72605363-1,5510,72605363-1,1592,3925403,3893837
55363455,38-00,M73-82,GALLEY G4,62197-301-001,15-01-7240,62197-301-001,16-12-0322,3843812,1317717
190716850,33-00,B737-8,2ABC,9651-35-0005,23189,9651-35-0005,47217,4049212,ARC1644654
190439895,25-32,M73-82,GALLEY G1,8201-11-0000-01,16-01-37105,8201-11-0000-01,09-03-26653,4072275,KAV0126100
190316710,33-21,M73-82,29 DEF,9651-35-0005,69371,9651-35-0005,46895,3766744,1699-1.000
190563964,33-00,B737-8,CAB,9651-35-0005,31032,9651-35-0005,50853,4010613,ARC161469
40748264,33-20,B737-8,31ABC,9651-35-0005,28554,9651-35-0005,69120,3783450,20083064
190036894,25-31,B737-8,AFTGALLY,62197-301-001,21-02-0298,62197-301-001,16-10-0271,3840649,1314411
190485979,25-32,M73-82,FWD CAB,8201-11-0000-01,17-11-39502,8201-11-0000,03-09-19339,3950954,PAV11414
55705063,33-21,B737-8,7DEF,9651-35-0002,30401,9651-35-0002,33462,3799482,ARC139344
191308369,25-35,B737-8,FWDGALLY,62197-301-001,15-03-7397,62197-301-001,23-06-0196,4213965,WAV1589
55410899,73-00,M73-82,#1,2085M31G03,PAT31T18,2085M31G03,PAT2C805,3824392,RF31213-1
55410899,73-00,M73-82,#1,2085M31G03,PAT03T81,2085M31G03,PAT3C590,3824438,RF54730-1
55410899,73-00,M73-82,#1,2085M31G03,PAT15A34,2085M31G03,PSDNG224,3818544,NAB25A-00037
42098717,25-00,M73-82,FWDGALLY,8201-11-0000-01,17-02-38423,8201-11-0000,08-08-25861,3947974,PAV11370
190541167,33-00,B737-8,CAB,9651-35-0005,23485,9651-35-0005,48408,3873886,98855
42098972,38-11,M73-82,LAV A,SC4L500301-5,172356339-004,SC4L500301-5,173779127-002,3954374,5923690
40100510,33-21,B737-8,27DEF,9651-35-0005,50345,9651-35-0005,59024,3837737,20092986-1.000
40821491,26-00,B737-8,FWD,473597-5,40754,473597-5,24826A,3896609,R550693-63120
55157951,26-00,B737-8,AFT,473597-5,53154,473597-5,24582A,3745343,R547958-60746
55413792,33-00,M73-82,2ABC,9651-35-0005,66965,9651-35-0005,49048,3793434,7199-1.000
41887310,25-00,M73-82,GALLEY 4,62197-301-001,17-11-0441,62197-301-001,16-11-0298,3775125,1256902
190284044,33-00,M73-82,16DEF,,,9651-35-0005,56082,3851546,20095393
190120661,38-00,B737-8,AFT RH,SC4L500301-5,11485029-002,SC4L500301-4,1606217,4060374,E-6074532
190651603,23-00,B737-8,AFT CAB,285W0024-1B,D22239,285W0024-1B,F25293,4049477,ARC164846
55509763,33-00,B737-8,22 ABC,9651-35-0002,50767,9651-35-0002,19733,3857400,ARC145561
190541868,33-00,B737-8,RH,72605363-1,2712,72605363-1,4521,3861210,3067657
55063311,33-00,B737-8,RH,45-0351-4,5647,45-0351-4,7247,3874574,PAV10614
190374204,27-00,M73-82,LH STAB,0851HT1,428325,0851HT2,481511,4102282,408962252
40629275,23-00,B737-8,CABIN,285W0024-1B,F42835,285W0024-1M,F40358,3946027,2448641
40629275,23-00,B737-8,FWD,285W0024-1B,F35937,285W0024-1B,D21242,3951466,155225
190432124,33-00,M73-82,2ABC,9651-35-0005,29743,9651-35-0005,42371,4110272,ARC169649
25596233,25-00,B737-8,GALLEY 4,72184025,4258,72184025,N10100895044737,4084495,WAV1208
190648353,27-31,B737-8,FIN,0851HT1,424733,0851HT1,429667,3830212,12205193
190307612,33-00,M73-82,2ABC,9651-35-0005,50613,9651-35-0005,58631,3897676,20102259-1.000
55690958,33-21,B737-8,19DEF,9651-35-0002,53500,9651-35-0002,30502,3893250,149365
190911577,23-00,B737-8,CAPT,5145-1-82,12857,5145-1-88,130569,4016133,PAV12371
190433380,27-00,M73-82,RH STAB,0851HT1,387270,0851HT2,482855,4135158,409095290
55631361,25-31,B737-8,FWDGALLY,8201-11-0000,02-11-18314,8201-11-0000-01,23-04-0015,3429351,S23/2383H-1
35032285,25-33,B737-8,AFTGALLY,72184025,4181,72184025,4180,4084090,PAV13319
190160141,25-00,B737-8,AFT RH,62197-301-001,22-11-0530,62197-301-001,15-03-7403,3788751,WAV232
55610465,26-16,B737-8,AFT,473597-5,SJA1394,473597-5,33187,3747622,60268
26102430,25-00,B737-8,FWD,72184025,N11060386044790,72184025,4378,4112694,WAV1345
190241871,23-00,B737-8,FL DK,5145-1-82,18019,5145-1-82,14545,3858719,PAV10428
55314842,33-21,M73-82,CABIN,9651-35-0005,49022,9651-35-0005,35715,3813477,ARC141426
190143314,33-00,B737-8,RH,45-0351-4,5543,45-0351-4,4395,3878228,PAV10629
55539935,23-00,B737-8,FWD ATT,285W0024-1B,D19289,285W0024-1M,F48131,4110123,ARC169719
190276134,25-00,M73-82,FWD,8201-11-0000-01,23-08-0469,8201-11-0000,03-09-19331,3861248,1332922
191407702,33-00,B737-8,CAB,9651-35-0005,23346,9651-35-0005,48851,4140378,20198847-1
55615204,33-00,B737-8,CAB,9651-35-0002,17577,9651-35-0002,18590,3911332,150927
190412308,25-35,M73-82,GALLEY G4,8201-11-0000,02-09-18196,8201-11-0000-01,09-04-26814,4145959,KAV0526056
191334708,33-20,B737-8,30ABC,9651-35-0005,17444,9651-35-0005,60226,4148533,20217297-1
190311999,33-00,M73-82,30DEF,9651-35-0005,59135,9651-35-0005,33067,3885382,ARC148413
55573657,33-21,B737-8,15DEF,9651-35-0005,31641,9651-35-0005,17863,3758719,ARC136069
191129930,25-32,M73-82,AFT GALLEY,62197-301-001,16-10-0280,62197-301-001,23-09-0334,4216790,PAV14921
190677089,33-42,B737-8,RH,45-0351-4,7106,45-0351-6,11442,3875936,PAV10622
190564687,25-00,B737-8,FWDGALLY,8201-11-0000,06-12-22990,8201-11-0000,04-09-20357,3980391,KAV0925035
55067049,27-00,B737-8,FIN,0851HT1,289451,0851HT2,454699,3566298,406530496
55164908,25-00,B737-8,FWD,8201-11-0000,03-03-18852,8201-11-0000-01,09-04-26816,3589578,1082950
191331256,25-00,B737-8,AFTGALLY,8201-11-0000-01,15-10-36715,8201-11-0000-01,21-11-0947,4119640,KAV0426014
190209616,25-00,B737-8,AFT,8201-11-0000-01,15-12-37025,8201-11-0000,05-11-21457,4118942,KAV0226030
190272776,26-00,B737-8,AFT,473597-5,45525,473597-5,SJA7598,4052202,13264893
190224796,23-00,B737-8,OBS,5145-1-82,24436,5145-1-88,12308,4096158,PAV13492
55652852,26-16,B737-8,AFT,473597-5,SJB0709,473597-5,SJA4617,3783297,60103
55400889,33-00,M73-82,8DEF,9651-35-0002,49978,9651-35-0002,16858,3763404,136827
191352998,33-00,B737-8,09ABC,9651-35-0003,7878,9651-35-0003,8914,3941122,53964
55308248,33-00,M73-82,26ABC,9651-35-0004,24495,9651-35-0004,5903,3716713,132171
190596308,33-21,B737-8,27 DEF,9651-35-0005,49530,9651-35-0005,32452,4061535,ARC165910
190216339,26-16,B737-8,AFT,473597-5,17139A,473597-5,SJB0911,3964556,12874184
55539055,33-00,B737-8,25 DEF,9651-35-0004,5750,9651-35-0004,9003,3752464,135837
55539055,33-00,B737-8,8ABC,9651-35-0003,11525,9651-35-0003,5508,3619406,123067
55539055,33-00,B737-8,24 DEF,9651-35-0003,23639,9651-35-0003,6513,3794236,ARC138556
55725270,33-00,B737-8,8ABC,9651-35-0003,11342,9651-35-0003,7179,4032052,ARC162909
55582814,25-00,B737-8,AFT,62197-301-001,15-10-8007,62197-301-001,19-01-0481,3819358,1295536
190384344,33-00,M73-82,CABIN,9651-35-0005,31124,9651-35-0005,46376,3954428,ARC155455
190456034,38-11,M73-82,LAV A,SC4L500301-5,11451877-010,SC4L500301-5,175486113-002,4189420,E-6232210
55597502,33-42,B737-8,RH,45-0351-4,6991,45-0351-4,5667,4044486,PAV12725
190480053,25-00,M73-82,GALLEY G4,62197-301-001,15-10-8017,62197-301-001,16-11-0291,3885383,PAV10712
55603230,33-20,B737-8,CABIN,9651-35-0004,6749,9651-35-0004,5945,3890663,148922
190050805,38-32,B737-8,AFT RH,14330-230,ZSK213,14330-230,37737,3763168,0001080873
191355629,33-21,B737-8,30 ABC,9651-35-0005,24668,9651-35-0005,32995,4121734,ARC170653
190579921,26-00,B737-8,AFT,473597-5,SJA2723,473597-5,SJA6386,4121516,13572612
190112124,33-42,B737-8,RH,45-0351-4,5479,45-0351-4,1926,4149374,PAV14136
190640231,25-00,B737-8,FWDGALLY,62197-301-001,16-02-0200,62197-301-001,17-01-0363,3884731,1353655
190481245,25-00,M73-82,GALLEY G4,62197-301-001,19-04-0541,62197-301-001,21-02-0087,4042506,WAV1069
55164259,25-33,B737-8,AFT LH,72184025,N12090715044881,72184025,N10090457044711,4040428,WAV1075
42185599,25-00,M73-82,FWD GALLEY,62197-301-001,21-11-0207,62197-301-001,22-01-0392,4183984,SA12394
190034762,25-00,B737-8,AFT LH,72184025,N10120148044747,72184025,4401,4055302,WAV1129
41410390,33-42,B737-8,RH,45-0351-4,5749,45-0351-4,4323,3991115,PAV11944
41178916,25-00,B737-8,G42,62197-301-001,17-12-0454,62197-301-001,23-05-0222,3773380,PAV9142
40283962,26-00,B737-8,FWD,473597-5,48977,473597-5,SJA5596,3838427,R549911
190101881,36-00,B737-8,#2,107484-7,10231,107484-7,12577,3923228,353862158
55388228,33-21,M73-82,12ABC,9651-35-0004,18775,9651-35-0004,18703,4096568,ARC168678
55335317,25-32,M73-82,GALLEY G4,8201-11-0000-01,15-03-35923,8201-11-0000,04-06-20085,3768580,PAV9070
190507019,34-11,B737-8,LH,0851HT1,336296,0851HT2,471604,3887494,48006451
190608525,33-00,B737-8,23DEF,9651-35-0003,12741,9651-35-0003,18380,3791749,20086708
190608212,26-00,B737-8,AFT,473597-5,SJA6176,473597-5,49531,3951274,63817
190460534,25-35,M73-82,GALLEY G4,62197-301-001,22-05-0078,62197-301-001,19-06-0016,3818905,KAV0225020
42206032,25-00,M73-82,FWD,8201-11-0000-01,21-04-0056,8201-11-0000-01,09-05-26929,3704678,1193971
190606204,25-00,B737-8,AFT GALLEY,72184025,N10010151044607,72184025,4370,4091371,WAV1272
190287301,25-00,M73-82,GALLEY 4,62197-301-001,17-12-0419,62197-301-001,21-02-0091,3965909,1429514
190287301,25-00,M73-82,AFT,62197-301-001,21-02-0174,62197-301-001,23-08-0289,3965910,1429516
26233821,72-00,B737-8,#2,340-001-038-0,PA674609,340-001-038-0,DC060854,3996500,5001
41702824,25-30,B737-8,FWD,8201-11-0000-01,16-11-38230,8201-11-0000-01,19-05-0632,3588323,1082055
55317313,33-21,M73-82,CAB,9651-35-0002,56180,9651-35-0002,17010,3860072,20096900
190674635,33-00,B737-8,20DEF,9651-35-0002,18768,9651-35-0002,50170,4078810,7315
190030868,33-00,B737-8,RH,45-0351-4,1993,45-0351-4,4778,3788632,1266665
190027373,38-00,B737-8,RH AFT,14330-230,20926,14330-230,R5165775,4066567,0001190163
55330889,38-11,M73-82,LAV A,SC4L500301-5,170447674-001,SC4L500301-5,174426271-010,4030149,05028557
190635225,25-00,B737-8,AFTGALLY,62197-301-001,23-06-0196,62197-301-001,19-07-1218,4170866,SAV927
55562699,25-31,B737-8,FWDGALLY,72184025,4005,72184025,4317,3686975,1171902
190508214,25-00,B737-8,AFT,8201-11-0000,04-08-20253,8201-11-0000,08-08-25874,4066410,KAV0126060
190508214,25-00,B737-8,AFT,8201-11-0000,08-08-25874,8201-11-0000-01,16-08-37949,4064594,KAV0126027
190252595,26-00,B737-8,AFT,473597-5,52812,473597-5,49523,3945709,12766325
190464877,25-35,M73-82,G1,62197-301-001,25-03-0473,62197-301-001,17-08-0408,4091811,KAV0326090
191003086,25-00,B737-8,AFT,8201-11-0000-01,21-01-0296,8201-11-0000-01,15-03-35925,4125113,PAV13802
190512930,33-00,B737-8,28ABC,9651-35-0005,15997,9651-35-0005,16149,3890584,148831
41796295,38-00,M73-82,FWD,SC4L500301-5,897415,SC4L500301-5,173389305-003,3893225,E-5833779
190689089,33-00,B737-8,22DEF,9651-35-0002,34761,9651-35-0002,30036,4053592,ARC165312
55695903,33-21,B737-8,15DEF,9651-35-0005,33829,9651-35-0005,31032,4043378,64220
190249772,25-00,B737-8,AFTGALLY,62197-301-001,16-08-0258,62197-301-001,16-10-0277,3887807,1357375
190001470,33-00,B737-8,21 DEF,9651-35-0002,41269,9651-35-0002,72663,3898414,64980
55374115,25-00,M73-82,GALLEY G4,62197-301-001,21-02-0153,62197-301-001,17-12-0473,4233467,PAV15042
55536381,23-00,B737-8,FL DK,5145-1-82,19517,5145-1-82,15554,3795428,PAV9545
191362501,23-51,B737-8,F/O,5145-1-82,15196,5145-1-82,17078,4042767,PAV12684
190330865,30-00,M73-82,CAPT,0851HT1,404395,0851HT2,473901,3951362,408303098
55300694,33-00,M73-82,CABIN,9651-35-0002,60798,9651-35-0002,34974,3966617,ARC156815
42169544,25-00,M73-82,G1,62197-301-001,17-06-0375,62197-301-001,16-07-0236,4005050,KAV1125039
55561140,33-00,B737-8,LH,9651-35-0003,14462,9651-35-0003,9396,4061394,ARC165943
107174402,72-00,,#2,340-001-038-0,DE054364,340-001-038-0,DM136507,4190490,R26060424001
107174402,72-00,,#2,340-001-038-0,PC627034,340-001-036-0,PF508312,4165353,1170926
107174402,72-00,,#2,340-001-038-0,DD870095,340-001-038-0,DM175959,4197877,2217001
107174402,72-00,,#2,340-001-038-0,PC636227,340-001-036-0,PF582760,4143805,1169399
103864202,36-00,B737-8,#1,107484-7,7799,107484-7,13216,3905550,2025001752
191341988,25-00,B737-8,FWDGALLY,72184025,N12021272044839,62197-301-001,25-04-0063,4063558,WAV1162
42262877,27-31,B737-8,FIN,0851HT1,413381,0851HT2,474435,3961156,408327572
190574023,33-00,B737-8,RH,72605363-1,4745,72605363-1,4820,4021167,2260
190503306,25-00,M73-82,#2,62197-301-001,23-08-0288,62197-301-001,19-07-0261,3928741,KAV0725041
190054573,25-31,B737-8,FWDGALLY,8201-11-0000,02-09-18207,8201-11-0000,04-02-19767,3381817,884273
55538019,25-00,B737-8,AFT,72184025,N12061884044862,72184025,3039,3824293,PAV10007
55136170,25-33,B737-8,AFT RH,72184025,N09060323044547,72184025,4240,3689741,1182218
191064496,33-00,B737-8,RH,45-0351-4,5552,45-0351-4,2199,4132373,PAV13912
191499890,33-00,B737-8,5ABC,9651-35-0002,19706,9651-35-0002,85992,4173949,83273
191499890,33-00,B737-8,7ABC,9651-35-0002,55052,9651-35-0002,56759,4173933,ARC174218
190645653,33-00,B737-8,LH,72605363-1,5623,72605363-1,6000,3865876,353102034
190099803,25-00,B737-8,AFT,72184025,2005,72184025,N10020048044634,3992931,1450062
40211085,34-00,B737-8,F/O,0851HT1,428572,0851HT2,459661,3678361,407037763
190461776,33-21,M73-82,CABIN,9651-35-0003,18576,9651-35-0003,10098,3885451,ARC148447
55257824,33-00,B737-8,20 ABC,9651-35-0002,40455,9651-35-0002,57482,3943999,20108887
55340599,33-00,M73-82,32WR,9651-35-0005,23237,9651-35-0005,49633,3765579,20082100
55709419,36-11,B737-8,#2,107484-7,11729,107484-7,13569,3915408,353708350
190359610,25-32,M73-82,GALLEY G1,62197-301-001,15-12-0150,62197-301-001,14-12-7217,4072815,AV1825
55639647,26-00,B737-8,AFT,473597-5,SJA7109,473597-5,SJA4325,3940531,R551194
55719210,38-10,B737-8,GALLEY G4,62197-301-001,18-06-0111,62197-301-001,17-08-0398,3858616,1330508
190201319,23-00,B737-8,F/O,5145-1-82,12029,5145-1-82,13362,3990215,PAV11935
190533012,33-00,B737-8,9DEF,9651-35-0003,10268,9651-35-0003,5148,3566067,ARC118186
190338684,25-00,M73-82,AFT RH,SC4L500301-5,11295761-008,SC4L500301-5,175486113-007,4189368,E-6232208
55444869,33-21,M73-82,ROW 30,9651-35-0004,23490,9651-35-0004,22580,3612771,03825383
190410274,33-21,M73-82,21ABC,9651-35-0002,53319,9651-35-0002,39584,4209151,ARC177620
40274771,23-00,B737-8,CAPT,5145-1-82,12102,5145-1-82,18247,4102055,PAV13568
55268109,38-32,B737-8,CABIN,14330-230,26306,14330-230,ZSK657,3841290,1116745
190120259,25-00,B737-8,AFT,72184025,4044,72184025,N10090453044707,4134675,KAV0526051
190486453,25-00,M73-82,AFTGALLY,62197-301-001,15-03-7396,62197-301-001,22-10-0362,4075499,SAV822
190578905,36-00,B737-8,#2,107484-7,12633,107484-7,8942,4135994,5280813
190081050,25-00,B737-8,AFT,8201-11-0000-01,16-07-37793,8201-11-0000-01,10-07-28999,3688953,1181954
190471835,25-00,M73-82,GALLEY G1,8201-11-0000,04-09-20367,8201-11-0000-01,16-01-37105,4067022,PAV13076
190493698,72-00,M73-82,#2,2085M31G03,PAT55F82,2085M31G03,PAT88E74,3946355,RG29200-1
190493698,72-00,M73-82,#2,2085M31G03,PAT01F18,2085M31G03,PAT66F30,3946582,RG17863-1
190493698,72-00,M73-82,#2,2085M31G03,PAT80F62,2085M31G03,PAT01J64,3946586,RG17880-1
190493698,72-00,M73-82,#2,2085M31G03,PAT07E60,2085M31G03,PAT7C524,3946377,RF84543-1
55698308,33-22,B737-8,7 RH,9651-35-0002,22026,9651-35-0002,19290,3794209,ARC138481
107391974,72-00,B737-8,#2,340-001-036-0,PA432174,340-001-036-0,PF565893,4217282,925-26-28717
107391974,72-00,B737-8,#2,340-001-039-0,BB341751,340-001-036-0,PF591025,4217259,925-26-28717
107391974,72-00,B737-8,#2,340-001-038-0,BB485418,340-001-036-0,PF550983,4217368,925-26-28717
107391974,72-00,B737-8,#2,340-001-038-0,DC768829,340-001-036-0,PF529694,4204066,GEAMS1173071-2
107391974,72-00,B737-8,#2,340-001-038-0,DC611831,340-001-036-0,PF544120,4217264,925-26-28717
107391974,72-00,B737-8,#2,340-001-038-0,PC304653,340-001-036-0,PF591003,4217364,925-26-28717
190039734,33-42,B737-8,RH,45-0351-4,5708,45-0351-4,6388,4115784,PAV13671
55058599,25-33,B737-8,AFT,8201-11-0000-01,14-06-34931,8201-11-0000,03-11-19512,3996748,PAV12043
190443171,25-00,M73-82,GALLEY 4,62197-301-001,16-11-0298,62197-301-001,23-05-0341,3886989,1356345
191358386,33-21,B737-8,15ABC,9651-35-0005,31969,9651-35-0005,50671,4062696,20162278
190659090,25-00,B737-8,FWDGALLY,8201-11-0000-01,16-01-37086,8201-11-0000-01,10-07-29021,3812328,PAV9827
190458444,33-21,M73-82,CABIN,9651-35-0005,32158,9651-35-0005,38125,4096560,ARC168792
190458444,33-21,M73-82,CABIN,9651-35-0005,38125,9651-35-0005,18152,4096566,ARC168757
190073233,23-00,B737-8,FL DK,5145-1-82,16271,5145-1-82,15961,4235619,PAV15065
191506400,72-21,B737-8,#1,340-001-038-0,DM086552,340-001-038-0,DM177817,4169536,R260430
191506400,72-21,B737-8,#1,340-001-038-0,DM085259,340-001-038-0,DC974636,4138792,R26022507001
55511860,25-00,B737-8,AFTGALLY,62197-301-001,16-11-0289,62197-301-001,15-12-0162,4058194,SAV786-UK
191471034,25-35,B737-8,AFTGALLY,62197-301-001,16-11-0293,62197-301-001,14-07-6901,4190856,WAV1535
191363049,25-35,B737-8,FWDGALLY,8201-11-0000-01,17-11-39504,8201-11-0000,03-02-18701,4095341,PAV13484
40747545,38-00,B737-8,AFTGALLY,62197-301-001,16-02-0201,72184025,4181,3825552,WAV344
190537247,25-00,B737-8,AFTGALLY,8201-11-0000,04-12-20662,8201-11-0000,08-08-25874,3858900,PAV10433
55680018,27-36,B737-8,LH STAB,0851HT1,433566,0851HT2,482817,4128379,409042905
191421899,33-00,B737-8,CABIN,9651-35-0002,53824,9651-35-0002,23028,4117267,ARC170002
190505641,25-00,B737-8,AFTGALLY,8201-11-0000-01,14-06-34929,8201-11-0000,08-07-25643,3768405,PAV9050
190917454,25-00,B737-8,FWD,8201-11-0000,07-10-24282,8201-11-0000-01,18-10-0450,4005546,PAV12220
190084166,72-21,B737-8,#1,340-001-038-0,PC727830,340-001-036-0,PF440074,3918729,GEAMS1151
190084166,72-21,B737-8,#1,340-001-038-0,PC777342,340-001-036-0,PF490447,3918733,GEAMS1151
20178133,23-51,B737-8,FL DK,5145-1-82,16450,5145-1-82,16114,3837682,1311713
190711621,25-00,B737-8,FWDGALLY,62197-301-001,19-06-0035,62197-301-001,17-06-0369,4070377,SAV809-UK
55603729,33-21,B737-8,27 ABC,9651-35-0005,23718,9651-35-0005,16633,3903230,150032
55250723,25-36,B737-8,AFTGALLY,8201-11-0000,05-10-21301,8201-11-0000,02-11-18326,3979105,KAV0925043
190790647,23-42,B737-8,FWD,285W0024-1B,F29083,285W0024-1B,F26252,3950556,155295
191436217,25-33,B737-8,FWDGALLY,72184025,4026,72184025,N12061897044875,4079114,KAV0326043
41337612,33-21,B737-8,8 ABC,9651-35-0002,24553,9651-35-0002,54226,3941067,ARC154153
190584196,23-00,B737-8,FWD CAB,285W0024-1B,F47348,285W0024-1B,F24554,3871977,146966
191395235,33-00,B737-8,LWR MID,72500410-4,14931,72500410-4,6592,4118771,355963616
191395235,33-00,B737-8,UPR,72500410-3,1801,72500410-3,2599,4167251,356366969
191395235,33-00,B737-8,RH,72605363-1,2694,72605363-1,3659,4199670,356596726
190306400,33-00,M73-82,CABIN,9651-35-0002,49379,9651-35-0002,32712,3844929,ARC144345
55555738,72-21,B737-8,#2,340-001-038-0,DC980146,340-001-036-0,PF544181,4204054,GEAMS1173071-1
190065216,36-00,B737-8,#2,107484-7,11303,107484-7,17513,4193371,356378572
191414577,33-21,B737-8,9ABC,9651-35-0003,12930,9651-35-0003,10049,4043345,3905
190436209,33-00,M73-82,CABIN,9651-35-0002,61153,9651-35-0002,33694,4189983,ARC175573
55722170,72-20,B737-8,#1,340-001-036-0,HC279484,340-001-038-0,DM129150,3808454,43001
55722170,72-20,B737-8,#1,340-001-036-0,DM162204,340-001-038-0,DM007164,3809824,9001
55722170,72-20,B737-8,#1,340-001-036-0,DM162282,340-001-038-0,DM128211,3808428,45001
55722170,72-20,B737-8,#1,340-001-036-0,HC279492,340-001-038-0,DE193416,3809168,827000
55722170,72-20,B737-8,#1,340-001-036-0,DM162347,340-001-038-0,DM164306,3810471,R2502121
55722170,72-20,B737-8,#1,340-001-036-0,HC279417,340-001-038-0,DM010074,3813433,7001
55722170,72-20,B737-8,#1,340-001-036-0,HC279483,340-001-038-0,DM113748,3809838,10001
55722170,72-20,B737-8,#1,340-001-036-0,HC279466,340-001-038-0,DM128251,3808447,46001
55722170,72-20,B737-8,#1,340-001-036-0,DM162093,340-001-038-0,DM128130,3810309,R2502123
55722170,72-20,B737-8,#1,340-001-036-0,HC279494,340-001-038-0,DE174012,3808543,3001
55722170,72-20,B737-8,#1,340-001-036-0,DM162201,340-001-038-0,DM128163,3808499,3001
55722170,72-20,B737-8,#1,340-001-036-0,HC279499,340-001-038-0,DM128151,3810473,R25021233
55722170,72-20,B737-8,#1,340-001-036-0,HC279445,340-001-038-0,DM185985,3813538,4001
55722170,72-20,B737-8,#1,340-001-036-0,DM162271,340-001-038-0,DE175074,3813558,3001
55722170,72-20,B737-8,#1,340-001-036-0,DM162196,340-001-038-0,DE174539,3807573,9000
55722170,72-20,B737-8,#1,340-001-036-0,HC279405,340-001-038-0,DE055039,3808561,4000
55722170,72-20,B737-8,#1,340-001-036-0,HC279372,340-001-038-0,DM163992,3808479,40001
55722170,72-20,B737-8,#1,340-001-036-0,DM162260,340-001-038-0,DE175856,3813543,1001
55722170,72-20,B737-8,#1,340-001-036-0,HC279497,340-001-038-0,DM000050,3807627,2000
55722170,72-20,B737-8,#1,340-001-036-0,DM162156,340-001-038-0,DM128279,3810292,R2502123
55722170,72-20,B737-8,#1,340-001-036-0,DM162160,340-001-038-0,DM185949,3813554,9001
55722170,72-20,B737-8,#1,340-001-036-0,DM162245,340-001-038-0,PC372142,3808513,25001
55722170,72-20,B737-8,#1,340-001-036-0,HC279432,340-001-038-0,DC002961,3810464,R25020822
55722170,72-20,B737-8,#1,340-001-036-0,HC279514,340-001-038-0,DM115234,3809843,3001
190880397,34-00,B737-8,F/O,0851HT1,333155,0851HT2,480522,4092001,408908454
190391522,33-21,M73-82,26ABC,9651-35-0004,18489,9651-35-0004,17692,3767366,ARC1377
55736366,33-21,B737-8,CABIN,9651-35-0005,17577,9651-35-0005,17505,3802746,ARC140439
190538763,38-00,B737-8,AFT LH,SC4L500301-5,901965,SC4L500301-5,174515292-007,4032870,6046650
190022570,33-00,B737-8,5DEF,9651-35-0002,39306,9651-35-0002,32849,4148880,172569
190656497,25-00,B737-8,AFT GALLEY,72184025,N10030477044675,72184025,N10010151044607,3989019,WAV909
980008837,72-21,B737-8,#1,340-001-038-0,DM128237,340-001-038-0,DM158042,4134747,
55690948,38-32,B737-8,FWD,14330-230,21544,14330-230,36885,3801510,0648
190444019,33-00,M73-82,20ABC,9651-35-0002,65557,9651-35-0002,17348,4101912,ARC169020
190414130,33-21,M73-82,CAB,9651-35-0005,50444,9651-35-0005,63655,3913639,16884525
190414130,33-21,M73-82,CAB,9651-14-0005,12950,9651-14-0005,4622,3871996,146784
190295176,38-00,M73-82,AFT LAV,SC4L500301-5,172159923-005,SC4L500301-5,173519316-004,3907093,E-5849924
55228721,25-00,B737-8,#3,8201-11-0000-01,10-07-29017,8201-11-0000,05-10-21300,3782293,PAV9292
190525101,33-00,B737-8,RH,9651-35-0002,22867,9651-35-0002,53115,4096540,ARC168910
190309176,33-21,M73-82,#20 RH,9651-35-0002,53859,9651-35-0002,18814,3975314,157178
190189830,36-00,B737-8,#1,107484-7,11845,107484-7,18898,4180560,356344919
42152395,25-32,M73-82,GALLEY 1 FWD,8201-11-0000,08-02-24843,8201-11-0000,07-01-23110,4092450,PAV13426
190045320,33-21,B737-8,21ABC,9651-35-0002,35315,9651-35-0002,24699,3765614,20081708
55009410,26-16,B737-8,AFT,473597-5,44361,473597-5,SJF1102,3908167,4080959
55403396,33-22,M73-82,26 LH,9651-35-0004,19725,9651-35-0004,18513,3682857,20068464
42066236,23-00,M73-82,AFT CABIN,285W0024-1B,F37738,285W0024-1B,D21432,3781906,138137
55541944,26-00,B737-8,AFT,473597-5,SJA7030,473597-5,38206,3942545,12765039
41917514,26-16,B737-8,AFT,473597-5,SJA5514,473597-5,SJE1243,3902417,407337662
103324546,36-11,B737-8,#1,107484-7,17602,107484-7,9926,3781730,351957008
55697926,25-00,B737-8,AFTGALLY,62197-301-001,16-01-0177,62197-301-001,18-07-2029,3813220,KAV0225019
55462393,25-30,M73-82,FWD GALLEY,62197-301-001,16-11-0294,62197-301-001,17-08-0403,3839487,SAV549
190656518,33-42,B737-8,LH,72605363-1,2706,72605363-1,4768,4104821,355650.74
55232384,23-51,B737-8,FL DK,5145-1-82,17305,5145-1-82,18306,4172764,PAV14328
55236756,33-42,B737-8,RH,45-0351-4,5967,45-0351-4,3700,4049254,PAV12823
190603588,36-00,B737-8,#1,107484-7,12577,107484-7,12471,3906863,353528423
55443101,25-00,M73-82,AFTGALLEYFWD,8201-11-0000,08-08-25854,8201-11-0000-01,15-11-36868,3704660,1193196
190191656,23-00,B737-8,FWD CAB,285W0024-1B,D23779,285W0024-1B,F63331,3988681,09385
55567017,26-16,B737-8,AFT,473597-5,SJA3137,473597-5,SJB0999,3748261,R548355-6
191384490,33-00,B737-8,RH,9651-35-0005,17617,9651-35-0005,46063,4140377,20213539-1
191533758,33-21,B737-8,30ABC,9651-35-0005,33679,9651-35-0005,18243,4128820,170866
55228141,38-00,B737-8,AFT,SC4L500301-5,826530,SC4L500301-5,172211395-003,3770186,E-5637679
190549051,33-20,B737-8,20DEF,9651-35-0002,40013,9651-35-0002,24893,4134275,ARC171335
190494173,25-32,M73-82,GALLEY 4,8201-11-0000-01,21-06-0257,8201-11-0000-01,17-07-39065,3851212,PAV10367
55225368,25-00,B737-8,AFT,72184025,4260,72184025,4386,3979792,WAV889
41426978,38-32,B737-8,AFT LH,14330-230,10467,14330-230,11037,3776722,0001091675
191319389,33-00,B737-8,2 ABC,9651-35-0005,23238,9651-35-0005,61232,4110337,20188964
55442851,33-21,M73-82,33 R/H,9651-35-0005,31973,9651-35-0005,31748,3802747,ARC140447
55064330,23-51,B737-8,CAPT,5145-1-82,15554,5145-1-82,9275,3773318,PAV9137
191450065,33-21,B737-8,9D,9651-35-0003,7964,9651-35-0003,9039,4121718,ARC170564
190563893,33-21,B737-8,CAB,9651-35-0002,32462,9651-35-0002,51519,3990340,159041
190912813,33-42,B737-8,RH,45-0351-4,4212,45-0351-4,4324,4187417,PAV14561
55444818,25-00,M73-82,GALLEY 4,62197-301-001,15-11-0138,62197-301-001,16-02-0205,3770835,KAV1224029
104048204,23-00,B737-8,FL DK,5145-1-82,12552,5145-1-82,13876,3909689,PAV10915
104048204,23-00,B737-8,FL DK,G7404-124,39330,G7404-124,8629,3851405,E342925
104048204,23-00,B737-8,FL DK,G7404-124,28753,G7404-124,21657,3839805,E342550
104048204,23-00,B737-8,FL DK,5145-1-82,10563,5145-1-88,25563,3901383,PAV10836
190539554,23-42,B737-8,FWD CAB,285W0024-1B,F27775,285W0024-1M,F40015,3897297,149198
190715286,33-21,B737-8,27DEF,9651-35-0005,51687,9651-35-0005,33029,4078811,7382
191410769,25-31,B737-8,AFT,72184025,4402,72184025,4065,4184000,WAV1496
190094010,33-42,B737-8,RH,45-0351-4,6123,45-0351-4,4805,3880016,PAV10667
190283253,25-00,M73-82,AFT RH,62197-301-001,23-08-0182,62197-301-001,21-02-0154,3868561,SAV581
191506746,33-21,B737-8,19ABC,9651-35-0002,18484,9651-35-0002,67166,4203212,20261729
190307855,23-00,M73-82,FWD CAB,285W0024-1B,F54297,285W0024-1B,F62614,3898103,05443
190535594,34-00,B737-8,F/O,0851HT1,404733,0851HT2,465370,3770913,407457977
55332540,38-11,M73-82,LAV D,SC4L500301-5,171615637-007,SC4L500301-4,1606214,4060371,E-6074532
190006466,25-31,B737-8,FWDGALLY,8201-11-0000-01,16-10-38125,8201-11-0000-01,09-03-26636,3716294,1208598
55493273,33-21,M73-82,19ABC,9651-35-0002,71260,9651-35-0002,64310,3764017,20082079
55493273,33-21,M73-82,21DEF,9651-35-0002,71268,9651-35-0002,64297,3764066,2082
190736180,33-21,B737-8,29ABC,9651-35-0005,48129,9651-35-0005,33768,3996071,ARC159861
190339339,33-21,M73-82,21DEF,9651-35-0002,71136,9651-35-0002,52296,3893197,149267
191216140,38-00,M73-82,LAV E,SC4L500301-5,10906638,SC4L500301-5,174515351-001,4039341,6051414
190414860,33-21,M73-82,19DEF,9651-35-0002,53912,9651-35-0002,51241,4148449,172191
190720070,33-00,B737-8,RH,72605363-1,2238,72605363-1,1745,3964384,4373215
190013916,25-00,B737-8,AFTGALLY,8201-11-0000-01,17-07-39056,8201-11-0000-01,10-02-28236,4002962,KAV1125002
191011925,25-00,B737-8,AFT,8201-11-0000,03-09-19336,8201-11-0000-01,16-01-37100,4183380,PAV14504
190443819,25-00,M73-82,FWD,62197-301-001,17-07-0394,62197-301-001,16-08-0247,4082405,WAV1247
190238512,23-12,B737-8,CAPT,G7404-124,5119,G7404-124,20265,3934763,E344140
190238512,23-12,B737-8,FL DK,5145-1-82,11824,5145-1-82,24180,3950117,PAV11393
190238512,23-12,B737-8,E/E,064-50000-0110,RTA44D-10269,064-50000-0110,RTA44D-13090,3814641,352389489
55669804,33-42,B737-8,LH,72605363-1,4273,72605363-1,2712,3922260,RA377
55594005,33-00,B737-8,30 LH,9651-35-0005,49150,9651-35-0005,30324,3783351,138352
190033139,25-31,B737-8,AFTGALLY,72184025,4108,72184025,4343,4141656,KAV0526018
55538370,33-21,B737-8,25 RH,9651-35-0004,18734,9651-35-0004,23112,3807279,20087198
190506681,25-31,B737-8,AFTGALLY,62197-301-001,23-06-0214,62197-301-001,14-07-6911,3977155,WAV874
55379452,33-00,M73-82,30DEF,9651-35-0005,47630,9651-35-0005,37112,4110291,ARC169583
55453909,33-21,M73-82,CAB,9651-35-0005,49600,9651-35-0005,49195,4053608,ARC165531
190287227,33-21,M73-82,31DEF,9651-35-0005,21693,9651-35-0005,49044,3966616,ARC156737
190676421,33-42,B737-8,LH,72605363-1,4864,72605363-1,5507,3877546,4825
55302332,33-21,M73-82,CAB,9651-35-0005,23963,9651-35-0005,21104,4005130,ARC160799
55419120,33-21,M73-82,5 ABC,9651-35-0002,52390,9651-35-0002,52098,4121858,170655
190546954,25-31,B737-8,AFTGALLY,62197-301-001,18-01-1103,72184025,4373,3925359,PAV11099
42204437,25-00,M73-82,AFT,62197-301-001,23-03-0696,62197-301-001,17-12-0422,4094007,SAV846
55688317,38-00,B737-8,LAV A,14330-230,36539,14330-230,ZSK681,3979136,1165421
35042029,23-42,B737-8,FWD,285W0024-1B,F40174,285W0024-1M,F54546,3802439,25.105
41455496,38-00,B737-8,CABIN,14330-230,37388,14330-230,ZSK616,3819539,0001106460
55213218,23-00,B737-8,FL DK,5145-1-82,11962,5145-1-88,29425,3964642,PAV11631
55278658,26-00,M73-82,AFT,473597-5,SJD5576,473597-5,27428A,3747607,60479
190626955,23-42,B737-8,FWD CAB,285W0024-1B,F36017,285W0024-1B,F24239,4037609,163889
41843881,33-22,M73-82,CABIN,9651-35-0005,58358,9651-35-0005,18082,4019513,ARC162136
55199743,26-00,B737-8,AFT,473597-5,47765,473597-5,SJF1338,3908385,408095
190592920,33-21,B737-8,24ABC,9651-35-0003,10244,9651-35-0003,11326,4096628,ARC168684
42212904,25-00,M73-82,AFT,8201-11-0000-01,21-04-0053,8201-11-0000-01,23-05-0268,3437846,S23/2614H-1
55446004,25-00,M73-82,G1,8201-11-0000-01,09-03-26646,8201-11-0000-01,23-04-0142,3429375,S23/2386H-1
190607569,33-21,B737-8,#25 RH,9651-35-0004,11667,9651-35-0004,7810,3867373,146568
191405696,33-21,B737-8,23ABC,9651-35-0003,18644,9651-35-0003,7189,4005128,ARC160526
190738932,33-21,B737-8,15DEF,9651-35-0005,18721,9651-35-0005,24721,3949629,ARC155031
41982676,33-21,B737-8,18ABC,9651-35-0002,16885,9651-35-0002,74422,3897732,04640200
55701091,26-16,B737-8,AFT,473597-5,SJA6998,473597-5,25340A,3935180,63604
107272013,36-00,B737-8,#1,107484-7,9852,107484-7,11382,4219371,354521271
55565437,25-00,B737-8,#3,62197-301-001,16-12-0317,62197-301-001,22-02-0450,3780309,1259668
190056858,38-00,B737-8,FWD,72184025,N12031140044846,L13471-12MRYAN,2059340,4089543,PAV13377
190834496,25-00,B737-8,FWD,8201-11-0000-01,16-12-38298,8201-11-0000-01,23-06-0144,3449690,S23/2790H-1
190581624,33-21,B737-8,8 RH,9651-35-0002,55042,9651-35-0002,18517,3990052,8701
191406544,33-42,B737-8,LH,72605363-1,5558,72605363-1,3028,4150417,356226413
55777755,25-00,B737-8,AFT GALLEY,8201-11-0000-01,21-06-0261,8201-11-0000,08-02-24825,3586648,1079312
190605922,33-20,B737-8,CAB,9651-35-0002,18717,9651-35-0002,67074,3907777,20103435
190342202,25-32,M73-82,GALLEY G4,62197-301-001,18-08-0135,62197-301-001,16-06-0216,4180231,KAV0526117
55717313,30-31,B737-8,CAPT,0851HT1,406404,0851HT2,461115,3680824,407055686
190593702,33-21,B737-8,4 DEF,9651-35-0002,40352,9651-35-0002,30139,3979044,ARC157799
190097268,23-00,B737-8,F/O,5145-1-82,16922,5145-1-82,11309,3948117,PAV11353
55478736,33-21,M73-82,CAB,,,9651-35-0002,56644,3890933,20101735
55478736,33-21,M73-82,CAB,9651-35-0002,56331,,,9545372,
42133617,23-00,M73-82,AFT CAB,285W0024-1B,F25919,285W0024-1B,D23720,4122165,170493
55371489,33-21,M73-82,CABIN,9651-35-0005,64071,9651-35-0005,51680,3986332,ARC158185
190614590,33-00,B737-8,LH,72605363-1,0781,72605363-1,5770,3887502,353384702
190433513,33-21,M73-82,33 ABC,9651-35-0005,31777,9651-35-0005,64020,4203177,20258428
55708965,25-00,B737-8,AFTGALLY,8201-11-0000-01,17-12-40036,8201-11-0000-01,23-08-0269,3688957,1181972
55347983,25-00,M73-82,G1,62197-301-001,16-12-0313,62197-301-001,15-03-7399,3797980,PAV9574
190360818,25-00,M73-82,AFTGALLY,62197-301-001,16-12-0305,62197-301-001,15-11-0122,3930269,KAV0825004
41936630,23-00,B737-8,AFT CAB,285W0024-1B,F24366,285W0024-1M,F56676,3951485,154977
190154943,36-00,B737-8,#2,107484-7,10250,107484-7,17628,4097845,100
190232710,23-00,B737-8,FL DK,5145-1-82,18339,5145-1-82,12754,3953206,PAV11442
55440038,38-00,M73-82,LAV A,SC4L500301-5,170447683-004,SC4L500301-5,172356339-004,3784274,E-5656956
190081110,23-13,B737-8,CAPT,5145-1-82,15960,5145-1-88,26697,3954129,PAV11448
55284119,33-21,M73-82,33 LH,9651-35-0005,56022,9651-35-0005,21350,3736467,ARC134377
55590999,25-00,B737-8,AFT,62197-301-001,21-08-0080,72184025,N10040443044688,3820416,1297086
107247198,36-00,B737-8,#1,3214552-5,10161,3214552-5,9441,4170631,26.355
107247198,36-00,B737-8,#1,3214446-4,8643,3214446-4,17314,4144985,356006783
107247198,36-00,B737-8,#1,107484-7,13328,107484-7,16682,4033340,5017274
191405697,33-21,B737-8,10DEF,9651-35-0004,7898,9651-35-0004,15677,3763488,137164
55551683,72-21,B737-8,#1,340-001-036-0,PC141374,340-001-036-0,PF497445,3954718,GEAMS1157152-1
55385516,25-32,M73-82,GALLEY 4,8201-11-0000-01,22-03-0164,8201-11-0000,06-01-21687,3819130,KAV0325014
105277989,36-11,B737-8,#2,107484-7,17056,107484-7,7559,4001307,354258595
190178179,23-51,B737-8,FL DK,5145-1-82,13568,5145-1-82,17227,3828159,PAV10087
55452550,25-00,M73-82,GALLEY G1,8201-11-0000-01,21-01-0298,8201-11-0000-01,21-02-0351,3824128,PAV9998
190276359,25-00,M73-82,GALLEY G4,8201-11-0000-01,21-11-0268,8201-11-0000,05-01-20785,3858915,PAV10431
191507278,33-00,B737-8,CABIN,9651-35-0003,21114,9651-35-0003,10383,4128913,170910
55408638,25-32,M73-82,GALLEY G4,62197-301-001,21-03-0019,62197-301-001,19-07-0272,3780469,KAV0125044
190535933,26-16,B737-8,AFT,473597-5,67697,473597-5,SJA0993,3935824,00012730947
107157066,72-00,,#1,340-001-036-0,DM128037,340-001-038-0,DM136827,4192219,R26060311000
190074267,33-00,B737-8,4ABC,9651-35-0002,52452,9651-35-0002,25635,4140566,ARC171450
190319688,38-10,M73-82,LAV A,SC4L500301-5,11162429,SC4L500301-5,173676003-005,3944582,E-5900493
191319982,23-00,B737-8,CAPT,5145-1-82,13850,5145-1-82,18244,4222950,PAV14959
190083776,34-00,B737-8,F/O,0851HT1,398937,0851HT2,471133,3894166,408042668
191307371,36-11,B737-8,#2,107484-7,16751,107484-7,19155,4236507,6832855
190634490,25-31,B737-8,FWDGALLY,62197-301-001,16-06-0221,62197-301-001,16-08-0254,4018784,SAV730
191385162,23-00,B737-8,AFT CAB,285W0024-1B,F25293,285W0024-1B,F36777,4157384,ARC173108
190640107,33-00,B737-8,19,9651-35-0002,26013,9651-35-0002,26890,3886829,148778
55259387,25-00,B737-8,AFT,8201-11-0000,08-05-25460,8201-11-0000-01,21-01-0290,3985669,KAV1025029
190516067,33-00,B737-8,31 DEF,9651-35-0005,18721,9651-35-0005,36844,4121729,ARC170361
55599439,25-00,B737-8,FWDGALLY,8201-11-0000,02-11-18325,8201-11-0000-01,19-06-0289,3880349,KAV0425046
191535786,38-13,B737-8,FWDGALLY,72184025,4245,72184025,4382,4058193,SAV788
55604341,33-00,B737-8,CABIN,9651-35-0002,40059,9651-35-0002,80238,3840198,72505
190623443,36-00,B737-8,#2,107484-7,11824,107484-7,19535,4036951,355158491
191233982,33-21,M73-82,9 DEF,9651-35-0003,9834,9651-35-0003,17788,4048970,20157497-1
20072287,25-00,B737-8,AFT,8201-11-0000,02-10-18290,8201-11-0000-01,09-05-26950,3782536,KAV0125021
41983306,25-35,B737-8,FWDGALLY,62197-301-001,23-04-0106,62197-301-001,16-02-0209,3817518,1295388
190571720,25-00,B737-8,FWD,62197-301-001,21-02-0090,72184025,4036,3830638,KAV0325011
190575437,33-00,B737-8,RH,72605363-1,2894,72605363-1,0646,4050237,355364440
190575437,33-00,B737-8,LWR FWD,72500415-2,6294,72500415-2,3142,3801571,352235140
190110468,23-00,B737-8,CAPT,5145-1-82,15711,5145-1-82,12857,4028469,PAV12498
191423836,33-20,B737-8,11DEF,9651-35-0004,6348,9651-35-0004,6786,4206373,ARC176855
190541433,30-00,B737-8,CAPT,0851HT1,451228,0851HT2,465141,3764823,407402319
190475988,33-00,M73-82,CAB,9651-35-0003,15364,9651-35-0003,5350,4037517,163666
190475988,33-00,M73-82,CAB,9651-35-0001,8551,9651-35-0001,10732,4217412,ARC178033
190436288,33-00,M73-82,CAB,9651-35-0002,57200,9651-35-0002,54989,4197353,ARC176237
190190025,33-00,B737-8,5ABC,9651-35-0002,22779,9651-35-0002,33168,4128900,171085
40959155,25-33,B737-8,AFT,8201-11-0000,08-08-25855,8201-11-0000-01,16-07-37783,3747679,1234934
191509359,33-00,B737-8,7DEF,9651-35-0002,33462,9651-35-0002,69459,4222633,47001539
190786926,25-00,B737-8,AFT,8201-11-0000-01,09-02-26573,8201-11-0000,07-01-23102,3882695,1351759
191490314,33-00,B737-8,27 L/H,9651-35-0005,51689,9651-35-0005,21618,4148438,172240
190614106,25-00,B737-8,CABIN,8201-11-0000-01,15-12-37025,8201-11-0000-01,22-03-0046,3841535,PAV10259
190722565,25-00,B737-8,AFTGALLY,62197-301-001,17-08-0396,62197-301-001,23-09-0229,3934661,PAV11171
191000529,26-00,B737-8,AFT,473597-5,56195,473597-5,52695,4213710,13969905
190117915,38-00,B737-8,LAV A,14330-230,11485,14330-230,25547,3913332,1140774
190111321,33-00,B737-8,RH,72605363-1,3592,72605363-1,3556,4030887,355081883
55511655,25-00,B737-8,FWDGALLY,62197-301-001,15-11-0140,62197-301-001,25-04-0269,4005350,PAV12210
190159852,25-00,B737-8,AFT RH,62197-301-001,16-02-0200,62197-301-001,16-02-0208,3793513,SAV476
55137187,25-00,B737-8,FWD,8201-11-0000,07-08-24183,8201-11-0000-01,21-08-0150,3822691,PAV9987
55636997,25-00,B737-8,#3,8201-11-0000-01,09-12-27995,8201-11-0000,08-07-25656,3726433,1218265
40869036,33-21,B737-8,4ABC,9651-35-0002,53465,9651-35-0002,52452,4101911,ARC169005
55682946,33-00,B737-8,7 DEF,9651-35-0002,53959,9651-35-0002,41269,4121843,170256
191449534,33-21,B737-8,ROW22LH,9651-35-0002,53603,9651-35-0002,66047,4117111,20193415
55583630,33-42,B737-8,RH,45-0351-4,1611,45-0351-4,4042,3829102,PAV10114
190383889,23-42,M73-82,FWD CAB,285W0024-1B,F62747,285W0024-23M,F59608,3916261,250000005361
41664512,26-16,B737-8,AFT,473597-5,SJA4786,473597-5,56611,3838340,R549883
190196308,25-00,B737-8,FWD,72184025,N10020043044629,72184025,N10020390044640,4090683,WAV1268
55378670,25-30,M73-82,FWD,62197-301-001,19-06-0036,62197-301-001,18-07-0596,3816622,CM41239
55564486,33-00,B737-8,CAB,9651-35-0005,16249,9651-35-0005,21344,3942207,ARC154088
55564486,33-00,B737-8,2 LH,9651-35-0005,51738,9651-35-0005,64871,3933122,20107368
55564486,33-00,B737-8,13DEF,9651-14-0005,7602,9651-14-0005,4677,3916320,151647
190160781,26-00,B737-8,AFT,473597-5,45549,473597-5,SJD0597,3908150,408095997
26121028,23-00,B737-8,FL DK,5145-1-82,17227,5145-1-82,17414,3794686,PAV9541
55472826,25-00,M73-82,FWD,62197-301-001,15-11-0132,62197-301-001,18-07-0605,3855848,WAV444
55718759,25-31,B737-8,FWDGALLY,8201-11-0000,04-10-20502,8201-11-0000,05-09-21504,3715106,1207770
190660522,38-11,B737-8,FWD,SC4L500301-5,10921930,AR9472-3W1D492,1411949,3945435,04765298
190464386,33-00,M73-82,RH,72605363-1,6441,72605363-1,5928,3965727,354320035
190293958,33-21,M73-82,5 DEF,9651-35-0002,31321,9651-35-0002,68733,3845086,4822
41750057,33-21,B737-8,4ABC,9651-35-0002,19209,9651-35-0002,53646,3793443,86907-1.000
55140551,25-31,B737-8,AFTGALLY,62197-301-001,16-10-0271,72184025,N10120158044757,3697153,1188948
35028576,25-00,B737-8,AFT,8201-11-0000,07-09-24215,8201-11-0000,03-12-19547,3254628,AV0778
190323082,25-00,M73-82,GALLEY G1,62197-301-001,23-03-0521,62197-301-001,18-01-0445,3946678,PAV11334
42140115,25-00,M73-82,AFT,62197-301-001,18-01-0431,62197-301-001,21-11-0696,3957837,PAV11518
191157645,25-00,M73-82,GALLEY G4,62197-301-001,17-06-0377,62197-301-001,19-07-0265,4082309,WAV1219
190649500,23-42,B737-8,FWD,285W0024-1B,F25355,285W0024-1M,F41139,3781874,138339
55574101,23-00,B737-8,AFT CAB,285W0024-1B,F23947,285W0024-1M,F52958,3813435,ARC141643
190095904,25-00,B737-8,AFT,8201-11-0000,04-11-20574,8201-11-0000,05-08-21366,3979144,KAV0925030
40848697,25-00,B737-8,FWDGALLY,8201-11-0000,07-10-24302,8201-11-0000,05-11-21453,3591107,1085711
190414946,33-20,M73-82,AFT CAB,9651-35-0003,17784,9651-35-0003,11506,4096631,ARC168665
55300660,27-00,M73-82,RH STAB,0851HT1,432055,0851HT2,472681,3932478,408207686
55418819,33-21,M73-82,16 ABC,9651-35-0005,49424,9651-35-0005,32042,4121720,ARC170258
55663107,26-16,B737-8,AFT,473597-5,SJB0805,473597-5,SJA6910,3995540,25.985
55443593,25-00,M73-82,GALLEY G4,62197-301-001,21-02-0087,62197-301-001,18-06-0101,4102429,WAV1300
106806064,36-00,B737-8,#2,63292146-1,507,63292146-1,7491,4136036,355811199
106806064,36-00,B737-8,#2,3214552-5,8416,3214552-6,19475,4143977,356176475
106806064,36-00,B737-8,#2,107484-7,10321,107484-7,17813,4154041,356290374
106806064,36-00,B737-8,#2,3214446-4,18566,3214446-4,12934,4142713,5914543
55674322,33-00,B737-8,8DEF,9651-35-0002,35314,9651-35-0002,22460,3784157,20085499
55603079,33-00,B737-8,LH,9651-35-0005,34312,9651-35-0005,25497,3708523,131947
35039733,33-00,B737-8,18 DEF,9651-35-0002,53249,9651-35-0002,34850,4001767,60330
55599776,33-42,B737-8,UPR,72500410-2,4202,72500410-2,11519,3920848,3798861
55599776,33-42,B737-8,LWR FWD,72500410-1,0351,72500410-1,1561,3949933,354194885
55599776,33-42,B737-8,LH,72605363-1,0625,72605363-1,4273,3966437,4364879
55401835,33-42,M73-82,RH,72605363-1,5495,72605363-1,2640,4017922,354927077
191126159,23-00,M73-82,AFT CAB,285W0024-1B,D22147,285W0024-23B,F64503,4186926,05341
190534556,23-51,B737-8,CAPT,5145-1-82,18467,5145-1-82,16450,3892617,30010487842
42169718,73-00,M73-82,#1,2085M31G03,PSDNE152,2085M31G03,PAT50J29,3835862,RE17544-1
42169718,73-00,M73-82,#1,2085M31G03,PAT13J71,2085M31G03,PSDMD327,3835860,RE17542-1
42169718,73-00,M73-82,#1,2085M31G03,PAT14C73,2085M31G03,PAT07F78,3835718,RF52833-1
42169718,73-00,M73-82,#1,2085M31G03,PSDNF926,2085M31G03,PAT67E88,3835846,RF35395-1
42169718,73-00,M73-82,#1,2085M31G03,PSDNF925,2085M31G03,PAT3A353,3835844,RE70239-1
42169718,73-00,M73-82,#1,2085M31G03,PAT46R40,2085M31G03,PAT3C135,3835810,RF25117-1
42169718,73-00,M73-82,#1,2085M31G03,PSDNE252,2085M31G03,PAT1B041,3835835,RF31237-1
42169718,73-00,M73-82,#1,2085M31G03,PSDNE266,2085M31G03,PAT71F01,3835843,RF42410-1
42169718,73-00,M73-82,#1,2085M31G03,PAT81A73,2085M31G03,PSDMD178,3835814,RF31306-1
42169718,73-00,M73-82,#1,2085M31G03,PSDNF923,2085M31G03,PAT1C767,3835724,RF00005-1
42169718,73-00,M73-82,#1,2085M31G03,PAT06T56,2085M31G03,PSDMF424,3835714,RF56187-1
42169718,73-00,M73-82,#1,2085M31G03,PAT72J57,2085M31G03,PAT59F63,3835734,RD68496-1
42169718,73-00,M73-82,#1,2085M31G03,PSDNF924,2085M31G03,PAT51J51,3835805,RF52842-1
42169718,73-00,M73-82,#1,2085M31G03,PAT25C77,2085M31G03,PAT12R59,3835854,RD60015-1
42169718,73-00,M73-82,#1,2085M31G03,PAT25C75,2085M31G03,PSDMD326,3835847,RE17551-1
42169718,73-00,M73-82,#1,2085M31G03,PSDNF927,2085M31G03,PAT87J87,3835863,RD91367-1
42169718,73-00,M73-82,#1,2085M31G03,PSDNE209,2085M31G03,PAT62F86,3835807,RF31292-1
42169718,73-00,M73-82,#1,2085M31G03,PAT09E39,2085M31G03,PSDMD325,3835849,RE17549-1
191471422,33-00,B737-8,9ABC,9651-35-0003,6482,9651-35-0003,9163,4184206,ARC175209
35085249,33-42,B737-8,RH,45-0351-4,3700,45-0351-4,4805,3991776,PAV11967
55692532,25-37,B737-8,FWDGALLY,8201-11-0000,08-02-24838,8201-11-0000-01,21-02-0359,3818939,KAV0225008
191311845,23-00,B737-8,F/O,5145-1-82,10968,5145-1-82,24982,4165550,PAV14261
191070526,25-00,B737-8,AFT LH,8201-11-0000-01,14-12-35647,8201-11-0000-01,12-11-32432,4004071,KAV1125019
103467689,33-21,M73-82,CABIN,9651-35-0005,71360,9651-35-0005,58396,3361199,03032595
55679359,36-11,B737-8,#2,107484-7,18521,107484-7,10147,3806650,352475539
55594687,25-00,B737-8,AFTGALLY,72184025,4386,72184025,4243,3848474,WAV415
190436010,25-00,M73-82,AFT,62197-301-001,21-11-0696,62197-301-001,17-07-0394,4180283,PAV14421
42178131,25-00,M73-82,GALLEY 1 FWD,8201-11-0000-01,15-12-37014,8201-11-0000-01,10-07-29054,3636323,1130821
55384838,25-00,M73-82,GALLEY 4,62197-301-001,21-02-0129,62197-301-001,22-12-0118,3786346,PAV9363
55250147,25-00,B737-8,FWD,8201-11-0000-01,09-04-26808,8201-11-0000-01,11-02-29760,3689144,1179562
190634424,33-00,B737-8,25DEF,9651-35-0004,7728,9651-35-0004,24437,3992920,20124575
190728169,33-21,B737-8,CABIN,9651-35-0002,35553,9651-35-0002,72793,3905218,20103412-1.000
190357519,33-00,M73-82,26ABC,9651-35-0004,23121,9651-35-0004,11891,3925101,ARC152542
190180613,23-51,B737-8,#1,5145-1-82,24180,5145-1-88,27329,3916891,PAV10967
40586417,33-42,B737-8,RH,45-0351-4,7185,45-0351-4,3740,3901563,PAV10830
191460986,26-16,B737-8,AFT,473597-5,SJA4195,473597-5,SJA2380,4137683,000001366072
191535541,33-42,B737-8,LH,72605363-1,1576,72605363-1,1174,4188124,356539896
190018788,33-00,B737-8,RH,45-0351-4,7210,45-0351-4,5479,4177111,PAV14411
191384856,33-00,B737-8,RH,45-0351-4,6123,45-0351-4,4861,4196006,PAV14636
191512933,33-20,B737-8,CABIN,9651-35-0003,9295,9651-35-0003,21114,4189989,20248608
190415443,25-32,M73-82,FWD GALLEY,8201-11-0000-01,15-11-36862,8201-11-0000-01,21-06-0265,3953736,KAV0825020
55526863,25-00,B737-8,AFTGALLY,62197-301-001,23-05-0052,62197-301-001,23-08-0259,3906416,PAV10869
55526863,25-00,B737-8,#3,62197-301-001,22-02-0450,62197-301-001,17-01-0353,3881938,PAV10686
55608132,36-11,B737-8,#2,107484-7,19535,107484-7,11823,4008005,4726747
25705342,34-11,B737-8,CAPT,0851HT1,375223,0851HT2,475291,3976279,13991
191433461,33-21,B737-8,5DEF,9651-35-0002,18586,9651-35-0002,34415,4104259,ARC169148
42170809,25-32,M73-82,AFT GALLEY,62197-301-001,16-02-0194,62197-301-001,18-01-1104,4110432,WAV1340
190300502,33-00,M73-82,5ABC,9651-35-0002,54141,9651-35-0002,34375,4026629,ARC162632
191322061,26-00,B737-8,AFT,473597-5,SJB5722,473597-5,SJB0710,4036472,00013223291
191337846,36-00,B737-8,#2,107484-7,19168,107484-7,17227,4044777,355293382
190148909,34-11,B737-8,RH,0851HT1,288073,0851HT2,475534,3976281,6655
40275075,23-27,B737-8,FWD,285W0024-1B,D21747,285W0024-23M,F58438,4207761,177219
42133406,33-00,M73-82,CAB,9651-35-0005,49195,9651-35-0005,48859,4084582,ARC167575
35082397,33-00,B737-8,29 R/H,9651-35-0005,51625,9651-35-0005,37954,4148408,172295
35088440,33-21,B737-8,18ABC,9651-35-0002,18488,9651-35-0002,62658,3766028,2392
190290660,25-31,M73-82,FWD GALLEY,62197-301-001,22-11-0538,62197-301-001,23-05-0405,3912305,1378118
191453320,33-21,B737-8,31 ABC,9651-35-0005,24571,9651-35-0005,33136,4173822,ARC174306
190506765,33-21,B737-8,31ABC,9651-35-0005,23450,9651-35-0005,24769,3872040,147084
55705116,25-00,B737-8,FWD GALLEY,8201-11-0000,04-11-20587,8201-11-0000,08-02-24823,3747830,KAV1124018
55705635,38-00,B737-8,AFTGALLY,62197-301-001,19-07-1220,62197-301-001,18-06-0106,3791309,WAV251
41772636,33-21,B737-8,25DEF,9651-35-0004,18724,9651-35-0004,25247,3807283,65342
190286442,38-11,M73-82,AFT LH,SC4L500301-5,170118752-004,SC4L500301-4,1602345,4054035,E-6074532
41293091,25-31,B737-8,AFTGALLY,8201-11-0000-01,22-03-0052,8201-11-0000,08-05-25465,3591108,1085623
190219853,26-00,B737-8,FWD,473925,18733,473925,8418,3903277,12552782
190219853,26-00,B737-8,FWD,473597-5,38044,473597-5,SJE1345,3908316,408095
190129735,26-00,B737-8,AFT,473597-5,53549,473597-5,19937A,4019826,13132808
190290842,33-21,M73-82,16 ABC,9651-35-0005,67678,9651-35-0005,23044,3851001,ARC144867
190290842,33-21,M73-82,34 R/H,9651-35-0001,12459,9651-35-0001,11969,3865578,20097722
55451628,33-21,M73-82,19ABC,9651-35-0002,51322,9651-35-0002,54073,4121963,170459
42028191,33-00,B737-8,8DEF,9651-35-0002,24496,9651-35-0002,31022,3767109,ARC137264
55573606,33-21,B737-8,30DEF,9651-35-0005,31593,9651-35-0005,24983,3763480,137209
55285719,25-32,M73-82,GALLEY 4,8201-11-0000,02-11-18314,8201-11-0000,09-01-26352,3905120,PAV10856
190502041,33-21,M73-82,5ABC,9651-35-0002,17890,9651-35-0002,39154,3964319,ARC156222
35029213,33-21,B737-8,31ABC,9651-35-0005,24141,9651-35-0005,20904,3916382,151452
190268185,33-42,B737-8,RH,45-0351-4,7208,45-0351-4,5193,3913390,PAV10953
190664752,25-00,B737-8,AFTGALLY,72184025,4116,72184025,N11070874044816,4001291,WAV960
190031211,23-00,B737-8,FL DK,5145-1-82,11060,5145-1-82,18017,3794687,PAV9542
55403315,25-32,M73-82,GALLEY 4,8201-11-0000-01,17-07-39059,8201-11-0000,07-09-24233,3568395,1062967
190194738,25-00,B737-8,AFT LH,8201-11-0000,02-09-18192,8201-11-0000,08-05-25474,4094704,KAV0226029
190636103,25-00,B737-8,FWD,62197-301-001,14-09-7025,62197-301-001,19-07-1213,3840496,1314244
55431184,72-00,M73-82,#2,2085M31G03,PAT5G834,2085M31G03,PAT0C751,3824599,RF52810-1
55431184,72-00,M73-82,#2,2085M31G03,PAT5G833,2085M31G03,PAT7C459,3824602,RF42292-1
55431184,72-00,M73-82,#2,2085M31G03,PAT4G669,2085M31G03,PAT7C744,3824624,RF47602-1
55431184,72-00,M73-82,#2,2085M31G03,PAT5G836,2085M31G03,PAT7C837,3824596,RF47604-1
55431184,72-00,M73-82,#2,2085M31G03,PAT5G840,2085M31G03,PAT7C460,3824610,RF42290-1
190444017,33-00,M73-82,CABIN,9651-35-0003,5445,9651-35-0003,10537,4067812,ARC166247
190028989,34-11,B737-8,RH,0851HT1,303699,0851HT2,461869,3689232,407085585
190638005,25-00,B737-8,LAV D,SC4L500301-5,173651760-001,SC4L500301-5,173662855-004,3932560,E-5886426
190620748,38-32,B737-8,LAV A,14330-230,36549,14330-230,16583,3889981,1128094
41917539,26-00,B737-8,AFT,473597-5,SJA5511,473597-5,SJA4598,3902012,R550833-63235
41513128,33-00,B737-8,RH,45-0351-4,6212,45-0351-4,7185,3925369,1389879
191061630,23-40,B737-8,CABIN,285W0024-1B,F62158,285W0024-1M,F44269,4160253,ARC173531
55420269,33-21,M73-82,CABIN,9651-35-0002,65777,9651-35-0002,17057,3911123,ARC150799
42106549,23-42,M73-82,AFT,285W0024-1B,D21870,285W0024-1B,F33320,4221369,178653
55357089,33-42,M73-82,RH,72605363-1,1210,72605363-1,6952,3820650,352551262
190460669,25-00,M73-82,GALLEY G4,8201-11-0000-01,16-01-37105,8201-11-0000-01,15-10-36713,4031279,PAV12504
190112664,33-00,B737-8,OBS,5145-1-82,13724,5145-1-82,15811,4053663,PAV12889
55378087,33-00,M73-82,RH,72605363-1,6317,72605363-1,6225,3783636,352057208
190566527,33-21,B737-8,28ABC,9651-35-0005,16149,9651-35-0005,36982,3930945,152875
190573989,23-42,B737-8,FWD CAB,285W0024-1B,D19289,285W0024-23M,F58568,4160161,ARC173503
55539364,33-00,B737-8,24 LH,9651-35-0003,9503,9651-35-0003,5274,4001723,160111
190395265,38-11,M73-82,FWD,SC4L500301-5,170883772-004,SC4L500301-5,173662864-003,3939931,E-5900491
41759188,26-16,B737-8,AFT,473597-5,SJA6140,473597-5,SJA4493,3903506,R550842
55672005,25-37,B737-8,FWDGALLY,8201-11-0000,07-09-24227,8201-11-0000,05-11-21454,4064577,KAV0126032
190620804,33-21,B737-8,11 DEF,9651-35-0004,13130,9651-35-0004,12441,3799479,ARC139318
55441086,33-21,M73-82,33 R/H,9651-35-0005,47781,9651-35-0005,31973,3806478,ARC141078
55287710,25-00,M73-82,GALLEY G4,62197-301-001,16-10-0272,62197-301-001,17-07-0381,3946668,WAV745
190579929,33-00,B737-8,RH,72605363-1,0010,72605363-1,1210,4090306,18346180Y15
191389904,33-00,B737-8,18 DEF,9651-35-0002,52101,9651-35-0002,71161,4110007,20186952
190728705,38-00,B737-8,LAV E,14330-230,21274,14330-230,ZSK176,3906530,1137806
55334588,33-00,M73-82,31DEF,9651-35-0005,45124,9651-35-0005,32328,4197356,ARC176247
191374980,33-21,B737-8,CABIN,9651-35-0005,31090,9651-35-0005,60140,4166981,ARC173377
190536058,33-00,B737-8,RH,72605363-1,2722,72605363-1,1775,3932727,353974343
55527687,33-20,B737-8,CABIN,9651-35-0005,23614,9651-35-0005,17473,3826341,ARC142754
55527687,33-20,B737-8,CABIN,9651-35-0002,18303,9651-35-0002,55436,3830050,ARC142836
190067671,23-00,B737-8,CABIN,285W0024-1B,D11413,285W0024-1B,F26884,3897325,149350
191530602,33-00,B737-8,LH,72605363-1,2387,72605363-1,2899,4204632,356717069
104412755,36-00,B737-8,#1,107484-7,11437,107484-7,7799,3917372,3795722
55311581,33-00,M73-82,33 ABC,9651-35-0005,50521,9651-35-0005,58396,4197126,20253578
55694127,38-00,B737-8,FWD,SC4L500301-5,839251,SC4L500301-4,1603533,4056078,E-6074532
55056685,33-00,B737-8,CABIN,9651-35-0002,38793,9651-35-0002,54990,3816542,141674
190099108,25-00,B737-8,AFT,72184025,N10020048044634,72184025,N09120052044575,3783956,1263346
55567607,25-00,B737-8,AFTGALLY,8201-11-0000-01,09-02-26575,8201-11-0000-01,15-12-37014,3780367,1259630
55683123,33-21,B737-8,28ABC,9651-35-0005,18104,9651-35-0005,16970,4091586,ARC168237
191413968,23-00,B737-8,FWD CAB,285W0024-1B,F47946,285W0024-1B,D23775,4043084,164031
190235676,25-31,B737-8,FWDGALLY,62197-301-001,16-12-0312,72184025,N10090455044709,3858865,PAV10436
190317497,25-00,M73-82,LAV U,SC4L500301-5,171187515-006,SC4L500301-5,173192702-004,3869572,5790083
190584546,72-20,B737-8,#2,340-001-036-0,DM147448,340-001-038-0,DM154095,3836174,6001
190584546,72-20,B737-8,#2,340-001-036-0,DM147880,340-001-038-0,DE805246,3860302,8001
190584546,72-20,B737-8,#2,340-001-036-0,DM147443,340-001-038-0,DC978784,3860271,42218001
190584546,72-20,B737-8,#2,340-001-036-0,DM147784,340-001-038-0,DM101225,3834236,8001
190388329,33-21,M73-82,27DEF,9651-35-0004,19409,9651-35-0004,18724,3964337,ARC156499
55606606,33-00,B737-8,30ABC,9651-35-0005,53799,9651-35-0005,31593,3792420,39747
190135802,25-00,B737-8,FWDGALLY,8201-11-0000,04-08-20259,8201-11-0000,04-11-20592,3980365,KAV0925034
55573419,33-00,B737-8,LH,72605363-1,0736,72605363-1,5133,3767220,351862434
55703062,33-00,B737-8,RH,72605363-1,3381,72605363-1,1200,3760577,351767634
190077456,25-00,B737-8,FWDGALLY,72184025,4083,72184025,2002,3991565,AV1756
55440884,33-00,M73-82,CAB,9651-35-0005,48929,9651-35-0005,23401,3841941,R134236825
190420355,33-21,M73-82,3DEF,9651-35-0005,71758,9651-35-0005,33769,4116715,ARC169943
55613116,33-00,B737-8,4DEF,9651-35-0002,69609,9651-35-0002,51236,4197487,20255227
41927194,25-00,B737-8,FWDGALLY,62197-301-001,16-12-0319,62197-301-001,17-08-0408,3770874,KAV1224037
190100731,25-00,B737-8,CABIN,8201-11-0000-01,09-05-26943,8201-11-0000,04-10-20488,3985685,KAV1025003
14085947,25-33,B737-8,AFT RH,8201-11-0000-01,09-10-27616,8201-11-0000-01,17-11-39502,3990356,PAV11929
190544562,33-21,B737-8,31ABC,9651-35-0005,51961,9651-35-0005,23961,4116621,ARC169860
55249665,25-31,B737-8,RH,72184025,N10020390044640,72184025,N10100887044729,3949566,WAV770
190669687,23-51,B737-8,FL DK,5145-1-82,20529,5145-1-82,9596,4005035,PAV12195
190625482,72-00,B737-8,#1,340-001-036-0,DM143006,340-001-038-0,DM169761,3944822,25001
55463671,38-11,M73-82,FWD,SC4L500301-5,171260753-007,SC4L500301-5,172972826-003,3839296,E-5745465
35050304,23-42,B737-8,CABIN,285W0024-1B,F46943,285W0024-1M,F48304,4005600,160590
55673378,33-21,B737-8,19DEF,9651-35-0002,42623,9651-35-0002,55044,3816536,141791
190733600,33-00,B737-8,31DEF,9651-35-0005,46376,9651-35-0005,71959,3905935,20103684
55704306,33-00,B737-8,31DEF,9651-35-0005,33509,9651-35-0005,21956,4067897,ARC166475
190635467,26-16,B737-8,AFT,473597-5,SJA4315,473597-5,33831,4181553,13827381
55552170,26-00,B737-8,AFT,473597-5,SJA8551,473597-5,SJB1097,3791540,61494
190636165,26-00,B737-8,AFT,473597-5,SJA7110,473597-5,45614,3916514,63427
55461823,25-00,M73-82,AFT,62197-301-001,16-08-0246,62197-301-001,21-02-0174,3820659,WAV324
191119872,33-00,M73-82,5ABC,,,9651-35-0002,30442,4194399,20241734-01
191119872,33-00,M73-82,5ABC,9651-35-0002,70864,,,9717438,
190979078,25-00,B737-8,AFTGALLY,8201-11-0000-01,14-07-35008,8201-11-0000,07-10-24296,4050786,KAV0126004
55475931,38-00,M73-82,LAV A,SC4L500301-5,170858887-008,SC4L500301-5,171720973-008,3853208,6012
190960584,25-30,B737-8,#3,8201-11-0000,05-01-20772,8201-11-0000-01,22-02-0640,4179894,KAV0626005
42091486,33-00,M73-82,6DEF,9651-35-0002,69761,9651-35-0002,39674,3763462,137150
42108845,72-00,M73-82,#1,2085M31G03,PAT9G307,2085M31G03,PAT2E016,3959302,RG54267-1
190106580,33-00,B737-8,RH,45-0351-4,4933,45-0351-6,8126,3996725,PAV12038
190484018,25-32,M73-82,GALLEY 1,62197-301-001,14-12-7214,62197-301-001,15-08-7814,4018043,WAV1017-UKCAA
191337784,25-00,B737-8,AFTGALLY,72184025,N12061894044872,72184025,N09030227044454,4110402,WAV1339
190066437,36-00,B737-8,#1,107484-7,12824,107484-7,13703,3800744,352168709
190575029,34-00,B737-8,ALT,0851HT1,355422,0851HT2,469686,3865362,12383110407894357
190479390,73-11,M73-82,#2,2085M31G03,PSDMF250,2085M31G03,PSDMF304,3851822,RF03389-1
190479390,73-11,M73-82,#2,2085M31G03,PSDMJ719,2085M31G03,PAT8C427,3851864,RF75826-1
190479390,73-11,M73-82,#2,2085M31G03,PSDMF268,2085M31G03,PAT8C420,3851882,RF75824-1
190479390,73-11,M73-82,#2,2085M31G03,PSDMF272,2085M31G03,PAT3A139,3851856,RF09993-1
190479390,73-11,M73-82,#2,2085M31G03,PSDMF273,2085M31G03,PAT8C418,3851838,RF75825-1
190479390,73-11,M73-82,#2,2085M31G03,PSDMF267,2085M31G03,PSDME925,3851871,RF70802-1
190479390,73-11,M73-82,#2,2085M31G03,PSDMF253,2085M31G03,PAT4C067,3851498,RE99256-1
190479390,73-11,M73-82,#2,2085M31G03,PSDMF257,2085M31G03,PAT61J04,3851509,RF70933-1
190479390,73-11,M73-82,#2,2085M31G03,PSDMF249,2085M31G03,PAT0B430,3851578,RE87828-1
190479390,73-11,M73-82,#2,2085M31G03,PSDMF254,2085M31G03,PAT2A268,3851517,RE97004-1
190479390,73-11,M73-82,#2,2085M31G03,PSDMF251,2085M31G03,PAT1C446,3851537,RE98495-1
190479390,73-11,M73-82,#2,2085M31G03,PSDMF275,2085M31G03,PAT03E61,3851801,RE10604-1
190479390,73-11,M73-82,#2,2085M31G03,PSDMF276,2085M31G03,PAT03F46,3851829,RF03607-1
190479390,73-11,M73-82,#2,2085M31G03,PSDMF274,2085M31G03,PAT03F42,3851845,RF3602-1
190479390,73-11,M73-82,#2,2085M31G03,PSDMF269,2085M31G03,PAT1C793,3851565,RF54123-1
190479390,73-11,M73-82,#2,2085M31G03,PSDMF271,2085M31G03,PAT79F62,3851548,RF76057-1
190479390,73-11,M73-82,#2,2085M31G03,PSDMF255,2085M31G03,PAT8C913,3851558,RE94585-1
190479390,73-11,M73-82,#2,2085M31G03,PSDMF270,2085M31G03,PAT5A405,3851524,RE71549-1
190329903,25-00,M73-82,FWD,8201-11-0000-01,17-12-40031,8201-11-0000,07-10-24285,3899133,PAV10824
190511465,25-00,B737-8,AFTGALLY,62197-301-001,17-12-0453,62197-301-001,15-10-8022,3851399,KAV0225054
190081475,25-00,B737-8,GALLEY 4,72184025,N10120145044744,72184025,N11070878044820,3884756,1354064
190667264,26-16,B737-8,AFT,473597-5,49316,473597-5,38039,3866496,R550317
190327526,25-00,M73-82,AFTGALLY,62197-301-001,15-12-0159,62197-301-001,21-11-0713,3976452,PAV11751
191427295,33-21,B737-8,11 DEF,,,9651-35-0005,21210,4157023,ARC172759
191427295,33-21,B737-8,11 DEF,9651-35-0005,31971,,,9715802,
55354975,25-00,M73-82,G1,62197-301-001,17-01-0360,62197-301-001,21-11-0719,3920665,WAV628
190364488,34-00,M73-82,F/O,0851HT1,435526,0851HT2,485039,4179814,409263641
55376522,33-21,M73-82,CABIN,9651-35-0002,72792,9651-35-0002,50767,3872605,147388
55709987,23-42,B737-8,CABIN,285W0024-1B,F53022,285W0024-1B,F36260,3844955,4494
102748600,38-32,B737-8,LAV E,14330-230,37674,14330-230,37159,3710343,1070077
42028240,36-11,B737-8,#2,107484-7,17272,107484-7,19610,3764747,351738554
55431582,33-21,M73-82,5ABC,9651-35-0002,35738,9651-35-0002,62983,3780097,20084155
55356285,25-00,M73-82,FWD GALLEY,8201-11-0000,04-07-20162,8201-11-0000-01,17-12-39605,3835663,PAV10180
190506270,25-00,B737-8,AFTGALLY,8201-11-0000-01,10-07-29029,8201-11-0000-01,21-04-0060,3830731,KAV0325030
55660558,25-31,B737-8,AFTGALLY,62197-301-001,22-01-0402,72184025,N11060381044785,3947842,WAV755
980003943,38-00,B737-8,AFT LH,14330-230,ZSK452,14330-230,37443,3836212,10309
190729763,23-00,B737-8,F/O,5145-1-82,18619,5145-1-88,130559,4016141,PAV12364
55607387,25-00,B737-8,FWD,62197-301-001,21-03-0011,62197-301-001,23-07-0183,3775081,1256540
190457796,33-21,M73-82,11ABC,9651-35-0004,15350,9651-35-0004,19210,3873889,20098773
25790870,34-00,B737-8,CAPT,0851HT1,453739,0851HT2,443814,3712092,407199028
190689335,33-21,B737-8,15 DEF,9651-35-0005,32750,9651-35-0005,60703,4007812,3360-1.000
190482100,33-21,M73-82,16 DEF,,,9651-35-0005,49240,3768024,20082281-1.000
190482100,33-21,M73-82,16DEF,9651-35-0005,69574,,,9701126,
190114494,33-40,B737-8,RH,45-0351-4,3565,45-0351-4,5193,4035173,PAV12598
55511870,33-42,B737-8,RH,72605363-1,1515,72605363-1,3013,4035448,355195082
190565990,33-21,B737-8,31ABC,9651-35-0005,31780,9651-35-0005,58466,4016055,20127196
190514186,36-00,B737-8,#2,107484-7,9323,107484-7,8134,3914202,353692519
42143392,33-00,M73-82,LH,72605363-1,4743,72605363-1,3792,4022063,354966940
55276574,23-31,B737-8,CABIN,285W0024-1B,F58756,285W0024-1M,F52951,3920290,151969
190514637,26-00,B737-8,AFT,473597-5,SJA4177,473597-5,SJA5672,3929418,12706249
190262777,26-16,B737-8,FWD,473597-5,36795,473597-5,SJE0904,3902383,407337662
190520062,33-21,B737-8,CABIN,9651-35-0002,17637,9651-35-0002,62985,3958781,56000
55462007,33-00,M73-82,CABIN,9651-35-0005,66300,9651-35-0005,62748,3768167,20082074-1.000CAA
191422560,33-21,B737-8,CAB,9651-35-0002,25186,9651-35-0002,46649,4128824,171028
104892239,36-00,B737-8,#1,107484-7,19867,107484-7,10818,3954304,354204687
190640709,33-00,B737-8,RH,72605363-1,0632,72605363-1,0410,3915722,0580
26233773,30-00,B737-8,LH,0851HT1,419135,0851HT2,468173,3909118,12598813
191356762,33-00,B737-8,CABIN,9651-35-0005,17918,9651-35-0005,20849,4173839,ARC173706
191525948,25-00,B737-8,AFTGALLY,8201-11-0000,06-11-22825,8201-11-0000-01,09-05-26931,4121156,KAV0426043
190171375,34-00,B737-8,RH,0851HT1,371731,0851HT2,474637,3972786,3160
55515630,25-00,B737-8,AFTGALLY,62197-301-001,16-02-0197,62197-301-001,23-05-0002,3921358,1387780
190301163,38-11,M73-82,FWD,SC4L500301-5,173389305-003,SC4L500301-4,1600145,4051915,E-6071608
191187913,33-00,M73-82,RH32,9651-35-0005,64041,9651-35-0005,51970,4217209,ARC178238
42188494,33-00,M73-82,#16 LH,9651-35-0005,47207,9651-35-0005,64650,4042386,201540
190404418,33-20,M73-82,25DEF,,,9651-35-0003,20183,4069061,20161431
190594336,25-00,B737-8,FWD,72184025,4049,72184025,4249,4110330,KAV0426028
190330222,33-21,M73-82,28DEF,9651-35-0005,50354,9651-35-0005,37187,4053585,ARC165200
190214385,36-11,B737-8,#2,107484-7,12214,107484-7,7304,3857859,9465
55359460,33-42,M73-82,RH OUTB,72500410-3,11829,72500410-3,10042,3801385,T11739
55359460,33-42,M73-82,RH,72605363-1,5529,72605363-1,2637,3801469,352319663
55359460,33-42,M73-82,RH INBD,72500410-4,10619,72500410-4,12060,3795672,35222
190074515,33-00,B737-8,RH,72605363-1,5717,72605363-1,6196,4126683,356036327
190023717,26-16,B737-8,AFT,473597-5,53348,473597-5,17139A,4202590,000013918766
55373560,25-00,M73-82,G1,8201-11-0000,08-02-24825,8201-11-0000-01,10-07-29030,4121249,KAV0426035
55586574,33-00,B737-8,2ABC,9651-35-0005,31304,9651-35-0005,32098,3841982,ARC143966
42034340,25-00,B737-8,FWD,8201-11-0000,03-09-19332,8201-11-0000-01,10-02-28218,3830716,KAV0225069
35046538,25-00,B737-8,AFT,62197-301-001,16-11-0302,62197-301-001,22-11-0534,4147784,KAV0526116
40255741,25-00,B737-8,AFTGALLY,72184025,4348,72184025,N09050478044530,4053118,WAV1111
55168700,25-00,B737-8,AFTGALLY,8201-11-0000,06-01-21698,8201-11-0000,04-08-20256,3818921,KAV0225074
190099938,34-00,B737-8,RH,0851HT1,351541,0851HT2,474891,3971081,408393170
190781867,25-00,B737-8,AFTGALLY,72184025,N12061888044866,72184025,4041,3851061,1323957
190149840,23-42,B737-8,CABIN,285W0024-1B,D09298,285W0024-1B,F35833,3877679,ARC147295
190268451,33-42,B737-8,RH,45-0351-4,4434,45-0351-4,5790,3911427,PAV10924
55501601,33-00,M73-82,20ABC,9651-35-0002,56615,9651-35-0002,17129,3830045,ARC143220
41616092,25-00,B737-8,GALLEY 1,72184025,4145,72184025,N09060310044534,3720163,SAV366
190637703,33-21,B737-8,CABIN,9651-35-0002,54164,9651-35-0002,75094,4037322,67036
190514181,33-21,B737-8,5ABC,9651-35-0002,19274,9651-35-0002,23636,3916464,151476
55615664,25-31,B737-8,AFTGALLY,62197-301-001,23-05-0002,62197-301-001,15-11-0130,3995641,PAV12008
55736367,26-16,B737-8,AFT,473597-5,SJA7048,473597-5,24922A,3749182,R548050
190567055,23-00,B737-8,F/O,5145-1-82,13926,5145-1-88,26597,4013387,PAV12336
55684793,23-51,B737-8,OBS,5145-1-82,17076,5145-1-82,17183,3798713,PAV9594
190517912,33-20,B737-8,6 DEF,9651-35-0002,21932,9651-35-0002,74430,3897738,04640200
190051058,25-31,B737-8,FWD,8201-11-0000,03-09-19333,8201-11-0000,06-12-22987,3818918,KAV0225065
55376793,34-11,M73-82,F/O,0851HT1,397007,0851HT2,466678,3820565,407690323
102636954,36-00,B737-8,#2,107484-7,13605,107484-7,12414,3815056,352133103
35086394,26-16,B737-8,AFT,473597-5,SJB0816,473597-5,53074,3966122,12875663
41986904,34-11,B737-8,AUX,0851HT1,351552,0851HT2,458859,3645601,93758
55248911,25-00,B737-8,FWD,62197-301-001,17-12-0461,62197-301-001,18-07-0589,4146484,PAV14083
41435227,23-42,B737-8,FWD,285W0024-1B,D14806,285W0024-1B,F29114,3930790,ARC153009
190637962,25-30,B737-8,AFTGALLY,8201-11-0000,04-12-20642,8201-11-0000-01,10-07-29007,3870240,PAV10560
190620492,33-00,B737-8,21DEF,9651-35-0002,35286,9651-35-0002,18768,4110300,ARC169628
191123471,25-00,M73-82,7050MM3,8201-11-0000-01,21-11-0981,8201-11-0000-01,23-04-0013,3429347,S23/2383H-1
190581110,33-00,B737-8,15DEF,9651-35-0005,31215,9651-35-0005,57360,3842273,20089408
40460180,25-36,B737-8,AFTGALLY,8201-11-0000-01,17-01-38349,8201-11-0000,08-07-25655,3780373,PAV9261
42155930,33-00,M73-82,16 RH,9651-35-0005,61612,9651-35-0005,16754,3767050,ARC137342
190062095,25-00,B737-8,AFT,62197-301-001,18-01-0431,62197-301-001,22-02-0457,4053121,WAV1112
40792565,33-00,B737-8,RH,45-0351-4,7208,45-0351-2,0424,4066124,PAV13030
55395394,25-00,M73-82,GALLEY 4,62197-301-001,19-02-0124,62197-301-001,16-02-0211,4077505,SAV825-UK
190595662,33-20,B737-8,11DEF,9651-35-0004,5742,9651-35-0004,12309,3877516,147592
55643236,25-31,B737-8,FWDGALLY,8201-11-0000,07-12-24529,8201-11-0000-01,17-12-39596,3779914,PAV9226
190882352,33-00,B737-8,CABIN,9651-35-0005,32013,9651-35-0005,31971,4203355,ARC176642
55387970,33-00,M73-82,10ABC,9651-35-0003,15252,9651-35-0003,5399,4145140,ARC172077
190298366,25-00,M73-82,002 AFT GALLEY,62197-301-001,19-07-0273,62197-301-001,16-07-0238,3972332,1434229
191460989,72-00,B737-8,#2,340-001-038-0,PA212157,340-001-036-0,PF505103,4130837,1169358
191460989,72-00,B737-8,#2,340-001-038-0,BC369561,340-001-036-0,DM191930,4140064,1169184
191460989,72-00,B737-8,#2,340-001-036-0,PF467650,340-001-038-0,PA422380,4131998,R26032043
191460989,72-00,B737-8,#2,340-001-028-0,PA374040,340-001-036-0,PF494409,4130828,1169358
190169160,36-00,B737-8,#2,107484-7,8734,107484-7,17583,3764781,351686328
55574601,33-21,B737-8,23DEF,9651-35-0003,6841,9651-35-0003,15639,3855384,5328
55673981,25-00,B737-8,AFTGALLY,8201-11-0000-01,18-01-0423,8201-11-0000,06-12-22988,3744083,1231107
190501908,33-00,M73-82,22 DEF,9651-35-0002,29032,9651-35-0002,53821,3949784,ARC155253
190361765,38-00,M73-82,FWD,SC4L500301-5,10979537,SC4L500301-4,10839229,4058231,E-6074532
55069709,33-42,B737-8,RH,45-0351-4,5967,45-0351-4,6971,3942128,PAV11243
190438457,33-00,M73-82,3DEF,9651-35-0005,58631,9651-35-0005,31732,3872047,147123
190538833,26-16,B737-8,AFT,473597-5,SJB1170,473597-5,SJA4214,4124847,13595103
55444868,33-21,M73-82,26 DEF,9651-35-0005,66252,9651-35-0005,17543,3692391,ARC129875
190367891,25-32,M73-82,AFT,8201-11-0000-01,10-07-29013,8201-11-0000,05-11-21445,3865703,KAV0525024
55564874,25-00,B737-8,AFTGALLY,62197-301-001,22-11-0534,62197-301-001,18-07-0604,3754335,1239639
55564874,25-00,B737-8,AFTGALLY,62197-301-001,15-10-8013,62197-301-001,14-09-7022,3746950,KAV1124034
190013087,25-35,B737-8,GALLEY G1,72184025,4239,62197-301-001,15-07-7754,3743264,1214184
55395399,25-32,M73-82,GALLEY G4,62197-301-001,15-06-7746,62197-301-001,17-01-0332,4069795,WAV1181
190157137,38-00,B737-8,CABIN,14330-230,37846,14330-230,913108,3946482,1146520
55596367,33-21,B737-8,12DEF,9651-35-0005,17423,9651-35-0005,62781,3766742,2118-1.000
190277058,33-42,M73-82,LH,72605363-1,5717,72605363-1,2712,4033808,355042078
190240979,23-42,B737-8,CABIN,285W0024-1B,D17263,285W0024-1M,F50520,3735467,134431
190537151,33-21,B737-8,2DEF,9651-35-0004,6414,9651-35-0004,6178,3752523,135706
190129137,23-00,B737-8,FL DK,5145-1-82,12432,5145-1-88,27313,3940966,PAV11207
190044905,27-31,B737-8,FIN,0851HT1,403955,0851HT2,459539,3658757,406932130
107308385,72-00,,#1,340-001-036-0,DM175740,340-001-038-0,DM157667,4169620,R260423
107308385,72-00,,#1,340-001-036-0,DM172845,340-001-038-0,DM048346,4181616,R26061705001
107308385,72-00,,#1,340-001-036-0,DM174993,340-001-038-0,DM174827,4174448,R2605212
107308385,72-00,,#1,340-001-036-0,DM172841,340-001-038-0,PA526966,4175675,R2605121
107308385,72-00,,#1,340-001-036-0,DM175707,340-001-038-0,DM138720,4174627,R2605263
107308385,72-00,,#1,340-001-036-0,DM175777,340-001-036-0,PF505230,4203573,GEAMS1172476-1
107308385,72-00,,#1,340-001-036-0,DM172673,340-001-036-0,PF505283,4203571,GEAMS1172476
107308385,72-00,,#1,340-001-036-0,DM175624,340-001-038-0,DM129549,4194867,1006001
107308385,72-00,,#1,340-001-036-0,DM175723,340-001-038-0,DM185236,4202307,R26060414001
107308385,72-00,,#1,340-001-036-0,DM172644,340-001-036-0,PF499427,4203548,GEAMS1172051-1
107308385,72-00,,#1,340-001-036-0,DM175802,340-001-038-0,DM001972,4210845,R26072011001
107308385,72-00,,#1,340-001-036-0,DM172632,340-001-036-0,PF520257,4203554,GEAMS1172051
107308385,72-00,,#1,340-001-036-0,DM172871,340-001-038-0,DM180722,4207079,2014001
107308385,72-00,,#1,340-001-036-0,DM172878,340-001-038-0,DM006902,4207096,72108001
107308385,72-00,,#1,340-001-036-0,DM172815,340-001-038-0,DM126223,4184788,R26051430000
107308385,72-00,,#1,340-001-036-0,DM175685,340-001-038-0,DM113903,4215709,R26062309001
190488969,33-00,M73-82,14ABC,9651-35-0005,50388,9651-35-0005,69378,4076432,9006
190396867,25-35,M73-82,GALLEY G4,62197-301-001,17-01-0332,62197-301-001,21-11-0687,4199406,WAV1554
190300162,25-00,M73-82,G1,62197-301-001,15-11-0141,62197-301-001,23-05-0411,3928986,WAV657
55597668,33-21,B737-8,25ABC,9651-35-0004,8703,9651-35-0004,14134,3752533,135700
55503488,25-00,B737-8,AFT RH,72184025,4147,72184025,N10121135044770,3856326,WAV450
190005278,38-32,B737-8,AFT RH,14330-230,16583,14330-230,15516,3646558,0001050367
53856628,34-00,B737-8,F/O,0851HT1,403673,0851HT1,439807,4062552,00013343323
191452816,25-31,B737-8,AFT CAB,72184025,4079,72184025,N09070386044557,4042503,WAV1080
190581605,25-00,B737-8,AFTGALLY,8201-11-0000-01,14-09-35278,8201-11-0000-01,23-05-0144,3442682,S23/2591H-1
190603800,26-00,B737-8,FWD,473597-5,36282,473597-5,SJE1336,3908299,408095
40629010,25-00,B737-8,G1,72184025,N09060310044534,72184025,4391,3964203,KAV0925039
41917317,33-00,B737-8,30ABC,9651-35-0005,49536,9651-35-0005,66242,3701032,72223-1.000
55382621,33-00,M73-82,CABIN,9651-35-0002,21086,9651-35-0002,35553,3940984,ARC154228
55147761,25-00,B737-8,AFT GALLEY,8201-11-0000,05-10-21299,8201-11-0000-01,11-02-29735,3867648,1336511
55344687,25-00,M73-82,AFT GALLEY,62197-301-001,23-06-0209,62197-301-001,21-11-0689,3786350,PAV9366
190155314,23-51,B737-8,FL DK,5145-1-82,17442,5145-1-82,14118,4037503,PAV12605
42174708,38-11,M73-82,FWD,SC4L500301-5,11304666-006,SC4L500301-5,171187523-001,3626232,E-5373943
190056079,25-00,B737-8,AFTGALLY,62197-301-001,15-08-7821,62197-301-001,22-12-0121,4157657,JN11986
190440699,25-00,M73-82,G1,62197-301-001,19-04-0548,62197-301-001,21-02-0177,3871609,1342031
190445540,33-21,M73-82,19 RH,9651-35-0002,62161,9651-35-0002,25476,4005638,160581
190636398,26-16,B737-8,AFT,473597-5,SJA0325,473597-5,19942A,3806060,R549408-6
190736315,33-21,B737-8,20DEF,,,9651-35-0002,66014,3887500,20100973
190736315,33-21,B737-8,20DEF,9651-35-0002,19731,,,9545348,
55639476,26-00,B737-8,AFT,473597-5,SJB0911,473597-5,SJA5126,3947826,63754
191519629,23-51,B737-8,CAPT,5145-1-82,17326,5145-1-82,12461,4174194,PAV14371
190775140,25-00,B737-8,AFT GALLEY,8201-11-0000,08-02-24825,8201-11-0000-01,16-11-38223,3630927,1123710
55489522,33-21,M73-82,5DEF,9651-35-0002,54245,9651-35-0002,71301,3791746,20086365
55530770,25-00,B737-8,AFT GALLEY,62197-301-001,23-08-0122,72184025,N10010160044616,3852077,WAV441
55234363,23-00,B737-8,FWD,285W0024-1B,F53434,285W0024-1M,F52207,3735517,134498
55430052,34-11,M73-82,CAPT,0851HT1,406670,0851HT2,475311,3979313,408413994
190562120,34-11,B737-8,F/O,0851HT1,429738,0851HT2,463051,3754054,407381666
191427863,33-00,B737-8,27ABC,9651-35-0005,22976,9651-35-0005,51625,4203316,ARC176759
55560583,23-00,B737-8,AFT CAB,285W0024-1B,F52474,285W0024-1M,F52757,3850936,144902
190435639,25-00,M73-82,G1,62197-301-001,14-12-7221,62197-301-001,16-08-0248,4147768,KAV0526068
106139266,36-00,B737-8,#2,107484-7,16021,107484-7,19490,4056358,355176655
190177385,33-42,B737-8,LH,72605363-1,3792,72605363-1,5521,3897951,353471182
190277791,33-00,M73-82,25,9651-35-0003,15550,9651-35-0003,5473,3867462,146374
53863808,23-42,B737-8,CABIN,285W0024-1B,D19088,285W0024-1M,F47955,4061383,ARC165813
191345893,26-00,B737-8,AFT,473597-5,SJA2872,473597-5,SJA3947,4117446,13563969
191315721,34-11,B737-8,ALT,0851HT1,355342,0851HT2,474816,3976631,408413171
55404782,38-00,M73-82,FWD,SC4L500301-5,11303894-003,SC4L500301-5,173779127-001,3954372,5923690
191398566,25-31,B737-8,AFTGALLY,8201-11-0000-01,16-01-37103,8201-11-0000,04-10-20492,4012744,KAV1225012
41472230,23-00,B737-8,F/O,5145-1-82,15839,5145-1-82,12432,3957880,PAV11516
190545683,25-31,B737-8,AFTGALLY,72184025,N12061895044873,72184025,4278,3956434,1421126
55601490,26-00,B737-8,AFT,473597-5,SJB1049,473597-5,SJA6823,3782444,61299
190397527,33-21,M73-82,16 DEF,9651-35-0005,32964,9651-35-0005,30784,4061387,ARC165955
55605550,25-00,B737-8,AFTGALLY,62197-301-001,21-02-0152,62197-301-001,18-01-1103,3796075,PAV9555
190558822,36-00,B737-8,#2,107484-7,19128,107484-7,18119,3988125,354583942
190997166,33-00,B737-8,6DEF,9651-35-0002,40672,9651-35-0002,26257,4179449,ARC174710
190450474,30-31,M73-82,ALT,0851HT1,446804,0851HT1,437124,3312902,405269726
190271540,33-21,B737-8,6DEF,,,9651-35-0002,22775,4203354,ARC176520
55236218,25-00,B737-8,#3,8201-11-0000-01,10-07-29054,8201-11-0000-01,16-02-37187,4030266,KAV1225066
55700805,33-21,B737-8,8ABC,9651-35-0002,51214,9651-35-0002,53650,3925096,ARC152615
55173220,26-00,B737-8,AFT,473597-5,20988A,473597-5,38051,3882730,62940
55225398,25-00,B737-8,AFT,72184025,4386,72184025,3022,3758789,PAV8957
980010616,25-30,B737-8,AFTGALLY,8201-11-0000-01,10-07-29011,8201-11-0000-01,16-02-37196,4108607,
190643939,25-31,B737-8,AFTGALLY,72184025,N09070393044564,72184025,4260,4110418,WAV1337
55662211,25-00,B737-8,FWD,72184025,N10100895044737,72184025,4009,4031711,SAV743
190634529,25-00,B737-8,FWD,62197-301-001,23-08-0260,62197-301-001,25-05-0361,4022050,KAV1225036
25596212,25-00,B737-8,GALLEY 4,72184025,4389,72184025,4258,4084346,WAV1236
55593858,33-00,B737-8,9DEF,9651-35-0003,7264,9651-35-0003,5264,3633980,ARC124280
55285514,25-32,M73-82,FWDGALLY,62197-301-001,18-07-0610,62197-301-001,16-10-0274,3902520,PAV10839
55309546,33-00,M73-82,10ABC,9651-35-0003,15519,9651-35-0003,5266,3708472,132038
190364931,33-21,M73-82,19ABC,9651-35-0002,50605,9651-35-0002,53819,4234257,179496
40211735,33-00,B737-8,10DEF,9651-35-0005,15707,9651-35-0005,50798,3869305,ARC146933
55506660,33-00,B737-8,RH,72605363-1,0021,72605363-1,2406,3791178,352207386
191129882,25-00,M73-82,GALLEY G4,62197-301-001,21-11-0700,62197-301-001,17-01-0325,4213896,WAV1622
190306896,33-42,M73-82,LH,72605363-1,6354,72605363-1,6225,3814908,352427628
55673481,33-00,B737-8,18 ABC,9651-35-0002,19733,9651-35-0002,16078,3826266,ARC142611
55201023,34-11,B737-8,F/O,0851HT1,391647,0851HT2,469454,3837066,407774246
190074199,33-00,B737-8,RH,45-0351-4,7247,45-0351-4,7158,4137621,PAV13996
41917328,33-21,B737-8,CABIN,9651-35-0002,22264,9651-35-0002,22273,3836452,43524
55472796,25-33,M73-82,AFT GALLEY,62197-301-001,23-06-0199,62197-301-001,22-01-0407,3851471,KAV0225042
55006377,27-00,B737-8,FIN,0851HT1,268362,0851HT2,473263,3932652,408207683
190216640,72-00,B737-8,#2,340-001-038-0,DM043038,340-001-036-0,PF490441,4130704,1163687
190216640,72-00,B737-8,#2,340-001-038-0,DM043487,340-001-038-0,DM157824,4131273,R2604221
190216640,72-00,B737-8,#2,340-001-038-0,DM185236,340-001-038-0,DM157780,4131081,R2604233
190216640,72-00,B737-8,#2,340-001-038-0,DM042798,340-001-038-0,DM157288,4131062,R26042333
190273835,25-00,B737-8,AFT RH,72184025,N12031144044850,72184025,4228,4091799,KAV0326096
55638493,36-00,B737-8,#2,107484-7,18292,107484-7,13639,3819953,352598212
190523074,05-00,B737-8,12 ABC,9651-35-0005,47520,9651-35-0005,38187,3881611,148261
55530854,33-21,B737-8,12DEF,9651-35-0005,23151,9651-35-0005,48378,3915690,5101
55530854,33-21,B737-8,23 DEF,9651-35-0003,**59579**,9651-35-0003,15070,3846795,5090-1.000
190535185,34-11,B737-8,F/O,0851HT1,402761,0851HT2,472243,3932654,408207685
190106611,72-00,B737-8,#1,340-001-038-0,DC977634,340-001-038-0,BB887987,3978791,2000
190106611,72-00,B737-8,#1,340-001-038-0,DC616084,340-001-038-0,BB619319,4000176,5102019000
42074235,33-00,M73-82,RH,72605363-1,6952,72605363-1,4223,3802764,352298166
55486159,33-20,M73-82,08ABC,9651-35-0002,66397,9651-35-0002,23095,4219411,ARC178537
190043753,38-32,B737-8,AFT RH,14330-230,ZSK300,14330-230,ZSK341,3867314,1123306
190085616,25-00,B737-8,AFT CAB,8201-11-0000,04-06-20088,8201-11-0000,04-08-20250,3889171,KAV0625003
190403472,33-00,M73-82,25ABC,9651-35-0003,20160,9651-35-0003,13090,4110280,ARC169641
191263799,25-32,M73-82,GALLEY 4,62197-301-001,22-05-0076,62197-301-001,16-10-0276,4067698,WAV1178
190506905,36-00,B737-8,#1,107484-7,10819,107484-7,11632,4006410,354751307
55305334,25-00,M73-82,GALLEY G4,62197-301-001,18-01-1103,62197-301-001,21-11-0206,3763274,SAV418
55507510,25-00,B737-8,AFTGALLY,62197-301-001,15-03-7408,L13471-12MRYAN,1070335,3920295,PAV11014
55084615,25-00,B737-8,FWDGALLY,72184025,N10030461044659,72184025,N10120143044742,3746805,KAV1124003
190349794,33-21,M73-82,20DEF,9651-35-0002,43108,9651-35-0002,33473,3860967,ARC145903
190675728,25-00,B737-8,FWDGALLY,8201-11-0000,02-09-18206,8201-11-0000,07-09-24217,3985658,KAV1025021
191215841,38-11,M73-82,LAV A,SC4L500301-5,173574861-002,SC4L500301-5,174515312-002,4032948,6046649
41411766,33-42,B737-8,RH,45-0351-4,7187,45-0351-4,6536,4128368,PAV13837
55591579,26-16,B737-8,AFT,473597-5,SJB1093,473597-5,38029,3935830,00012730937
55485988,33-00,M73-82,7DEF,9651-35-0002,17062,9651-35-0002,53721,3884692,20100241
42182658,33-00,M73-82,26ABC,9651-35-0004,19186,9651-35-0004,19219,3991089,20124562
190450225,25-32,M73-82,GALLEY 1 FWD,62197-301-001,15-08-7813,62197-301-001,23-06-0210,3944158,PAV11273
191535748,33-00,B737-8,RH,72605363-1,3007,72605363-1,0010,4187084,356539405
55601961,33-21,B737-8,22DEF,9651-35-0002,22781,9651-35-0002,30446,3806599,ARC140975
55601961,33-21,B737-8,CABIN,9651-35-0000,2336,9651-35-0000,4865,3780276,ARC138300
14085518,36-00,B737-8,#1,107484-7,16682,107484-7,9460,3997896,4548885
103248800,72-00,,#1,340-001-036-0,PC357845,340-001-039-0,BB227510,3810456,R2502141
103248800,72-00,,#1,340-001-036-0,PC401599,340-001-038-0,DM126746,3831227,R25022803001
103248800,72-00,,#1,340-001-036-0,PC378870,340-001-038-0,PA184647,3848530,R25032809001
190315016,25-32,M73-82,GALLEY 4,62197-301-001,16-07-0242,62197-301-001,16-01-0178,3916164,WAV593
26101500,25-31,B737-8,AFT,72184025,4003,72184025,N12061895044873,4008197,PAV12244
190752386,25-35,32S,105,8201-11-0000-01,22-03-0052,8201-11-0000-01,10-07-29047,3956242,PAV11495
191345613,26-00,B737-8,AFT,473597-5,SJA9187,473597-5,SJA5082,4130622,13626192
190602445,33-00,B737-8,8 DEF,9651-35-0002,40862,9651-35-0002,22476,4001678,60001
40934649,33-00,B737-8,RH,45-0351-4,4865,45-0351-4,5676,3807122,PAV9733
41579890,33-20,B737-8,30ABC,9651-35-0005,20997,9651-35-0005,43454,3671214,127987
190033632,25-00,B737-8,FWD GALLEY,62197-301-001,21-08-0088,72184025,4200,4187186,WAV1527
55102916,36-00,B737-8,#1,107484-7,17359,107484-7,18739,4033332,1737
55703610,72-21,B737-8,#1,340-001-036-0,DM158034,340-001-038-0,DM128097,3817341,22210001
55703610,72-21,B737-8,#1,340-001-036-0,DM156149,340-001-038-0,DM131044,3817212,22124001
55703610,72-21,B737-8,#1,340-001-036-0,DM157988,340-001-038-0,DM122491,3817333,22209001
55703610,72-21,B737-8,#1,340-001-036-0,DM157727,340-001-038-0,DM129232,3817235,22210001
55071341,36-00,B737-8,#1,107484-7,17054,107484-7,11025,3764753,351860114
55181508,72-00,B737-8,#2,340-001-038-0,DM008178,340-001-036-0,PF333854,3626797,1124389-1
191496763,38-00,B737-8,FWD,SC4L500301-5,11451784-003,SC4L500301-4,1606308,4060432,E-6074532
190962042,23-44,B737-8,AFT,285W0024-1B,F28424,285W0024-1B,F26016,4197324,ARC176327
190563087,33-00,B737-8,26 RH,9651-14-0005,5801,9651-14-0005,4736,4053516,ARC165555
190563087,33-00,B737-8,ROW 32 LH,9651-35-0005,52207,9651-35-0005,21299,4091546,ARC168389
55377481,25-00,M73-82,FWD GALLEY,8201-11-0000-01,19-06-0276,8201-11-0000-01,19-05-0593,3844453,1317585
190520257,33-42,B737-8,LH,72605363-1,0547,72605363-1,4864,3925934,353832922
55108667,25-00,B737-8,AFTGALLY,72184025,N10090460044714,62197-301-001,16-06-0219,3773320,PAV9143
190425181,33-21,M73-82,6DEF,9651-35-0002,71166,9651-35-0002,68782,4230855,47002518
25722690,34-11,B737-8,RH,0851HT1,465274,0851HT2,455337,3576234,406591235
55479428,25-00,M73-82,GALLEY 4,62197-301-001,23-05-0337,62197-301-001,15-12-0162,3749417,SAV404
190124499,25-31,B737-8,AFTGALLY,8201-11-0000-01,21-11-0997,8201-11-0000,07-12-24529,3917335,KAV0625038
41060216,38-00,B737-8,CABIN,15800-029-3,7565,15800-029-3,7447,3185210,0000883613
40177909,33-21,B737-8,CAB,9651-35-0005,32073,9651-35-0005,33402,3867467,146270
41961795,72-00,B737-8,#2,340-001-036-0,PC256175,340-001-038-0,DM176168,4130967,R2604090
41961795,72-00,B737-8,#2,340-001-036-0,PC384126,340-001-038-0,DC977485,4126693,R26031710001
55538376,33-00,B737-8,27ABC,9651-35-0005,18174,9651-35-0005,17781,3855382,145030
40367481,25-00,B737-8,AFT,72184025,N10090453044707,72184025,N10120154044753,4112174,KAV0426031
190707558,33-42,B737-8,RH OUTBD,72500410-3,11119,72500410-3,4019,3872529,3233038
190707558,33-42,B737-8,RH INBD,72500410-4,2935,72500410-4,9774,3805668,352297817
190707558,33-42,B737-8,RH,72605363-1,1775,72605363-1,2761,3889809,353504972
190111218,25-00,B737-8,AFT,8201-11-0000-01,21-11-0268,8201-11-0000-01,15-12-37025,3917270,KAV0625036
191055058,25-35,B737-8,FWDGALLY,62197-301-001,15-12-0149,62197-301-001,16-10-0264,4192346,WAV1544
190594693,33-00,B737-8,6 DEF,9651-35-0002,53506,9651-35-0002,54348,4210486,177834
55333923,25-32,M73-82,GALLEY 4,8201-11-0000-01,21-04-0066,8201-11-0000,08-08-25874,3740227,PAV8710
41980713,38-00,B737-8,AFT LH,SC4L500301-5,11451771-002,SC4L500301-5,172211398-008,3774657,564042
190066097,25-00,B737-8,AFT LH,72184025,4198,72184025,N10040453044698,3619696,1114075
55612841,33-21,B737-8,2ABC,9651-35-0005,52915,9651-35-0005,45986,4134286,ARC171323
190143568,34-11,B737-8,CAPT,0851HT1,430252,0851HT2,465101,3767453,407440151
55692855,33-20,B737-8,7 ABC,9651-35-0002,16869,9651-35-0002,69613,3859016,20097013
191356836,34-00,B737-8,CAPT,0851HT1,415613,0851HT2,483776,4160345,409190737
191399319,25-00,B737-8,AFTGALLY,62197-301-001,16-11-0289,72184025,N10090463044717,4214065,PAV14909
55238847,38-32,B737-8,AFT,14330-230,28831,14330-230,ZSK523,3979141,1156217
55280734,25-32,M73-82,FWD GALLEY,8201-11-0000,05-09-21496,8201-11-0000-01,23-04-0213,3442311,S23/2585H-1
101989779,36-00,B737-8,#2,107484-7,13703,107484-7,11337,3773204,351917998
980015110,23-00,B737-8,FWD CAB,285W0024-1B,F26471,285W0024-1B,F63446,4221365,
190135800,36-11,B737-8,#1,107484-7,7572,107484-7,11729,4000480,4305319
190183374,25-31,B737-8,AFT GALLEY,62197-301-001,21-11-0682,62197-301-001,16-01-0180,3852647,KAV0425006
102224761,23-42,M73-82,AFT CAB,285W0024-1B,F52190,285W0024-1M,F52816,3730913,ARC133626
190788420,23-51,B737-8,FL DK,5145-1-82,12542,5145-1-88,25613,3864061,PAV10496
190386998,25-00,M73-82,GALLEY 4,62197-301-001,17-08-0404,62197-301-001,15-12-0150,4140460,WAV1417
55357614,33-00,M73-82,26ABC,9651-35-0004,24455,9651-35-0004,6562,3903134,149845
55377836,33-21,M73-82,CAB,9651-35-0002,53072,9651-35-0002,68961,3880244,148166
42148240,25-00,M73-82,AFT GALLEY,62197-301-001,23-08-0123,62197-301-001,16-02-0194,3991319,WAV923
40367665,25-00,B737-8,#1,8201-11-0000-01,17-08-39187,8201-11-0000-01,16-02-37195,3997882,PAV2671
191481610,25-00,B737-8,AFT RH,8201-11-0000-01,23-05-0099,8201-11-0000-01,23-07-0109,4123114,KAV0426086
190594320,25-31,B737-8,FWD,72184025,N09040550044491,72184025,N10121132044767,4084355,WAV1202
55111291,23-50,B737-8,FL DK,5145-1-82,24101,5145-1-82,17073,4183265,PAV14497
55706992,38-00,B737-8,LAV D,14330-230,20512,14330-230,37211,3770436,0001089438
190423067,25-00,M73-82,AFT GALLEY,62197-301-001,16-11-0294,62197-301-001,16-02-0200,4091702,SAV853
55684634,25-31,B737-8,AFT,62197-301-001,18-01-0442,72184025,4276,3794394,WAV268
42118899,33-21,M73-82,33 ABC,9651-35-0005,67217,9651-35-0005,31585,3990284,159225
55155173,33-00,B737-8,RH,45-0351-4,4933,45-0351-4,1401,3791948,PAV9476
55684816,33-20,B737-8,#27 RH,9651-35-0005,33701,9651-35-0005,66695,3790863,2008609
191254739,33-00,M73-82,33 R/H,9651-35-0005,15606,9651-35-0005,49690,4102764,20181799-1
190714381,26-16,B737-8,AFT,473597-5,SJB0997,473597-5,SJE0902,3902418,407467745
190237955,33-00,B737-8,23DEF,9651-35-0003,11505,9651-35-0003,6669,3925109,ARC152679
190589728,36-11,B737-8,#1,107484-7,18409,107484-7,12655,3999548,354510636
191325356,33-42,B737-8,RH,45-0351-4,3519,45-0351-4,7210,4204814,PAV14753
41160185,25-00,B737-8,AFTGALLY,72184025,4260,72184025,N09030232044459,3716484,1208798
55252429,33-00,B737-8,RH,45-0351-4,3475,45-0351-6,10913,3979823,PAV11792
55166086,23-51,B737-8,E/E,5340-1-1,3761,5340-1-1,8190,3763918,65937
55166086,23-51,B737-8,CABIN,285W0024-1B,D07971,285W0024-1M,F56106,3788869,139369
55166086,23-51,B737-8,CABIN,285W0024-1M,F52484,285W0024-1M,F50558,3788850,139369
55161692,23-00,B737-8,CABIN,285W0024-1B,D22838,285W0024-1M,F40787,3735510,134516
190195655,25-00,B737-8,AFTGALLY,72184025,4328,72184025,N10090457044711,3871646,KAV0525031
190558291,36-00,B737-8,#1,107484-7,18544,107484-7,18763,3917376,3719999
190608518,33-00,B737-8,8 DEF,9651-35-0003,9833,9651-35-0003,12003,3831076,20092007
190548654,72-00,B737-8,#1,340-001-038-0,DC616324,340-001-038-0,DC005742,4063301,42000
55286039,33-00,M73-82,32 R/H,9651-35-0005,66836,9651-35-0005,37736,3907470,150113
41796209,33-00,M73-82,25 DEF,9651-35-0003,20407,9651-35-0003,4631,3818862,ARC142069
190530165,25-00,B737-8,FWDGALLY,8201-11-0000-01,23-08-0469,8201-11-0000-01,09-05-26933,3985659,KAV1025038
190530165,25-00,B737-8,AFTGALLY,8201-11-0000-01,15-10-36731,8201-11-0000-01,23-08-0469,4130167,1561648
55302209,33-21,M73-82,CABIN,9651-35-0002,51368,9651-35-0002,54996,4149324,172516
55293641,23-00,M73-82,AFT CAB,285W0024-1B,F38846,285W0024-1B,F61486,3906969,MEH-E-2025-05774
190225939,23-00,B737-8,CABIN,285W0024-1B,D22784,285W0024-1M,F43311,3944499,ARC154286
55700497,25-00,B737-8,AFT,8201-11-0000,07-08-24171,8201-11-0000,04-07-20167,3847693,1319699
41914010,26-00,B737-8,AFT,473597-5,SJA4952,473597-5,SJA4814,4131956,47710288
55311266,33-00,M73-82,3DEF,9651-35-0005,33136,9651-35-0005,23254,3949774,ARC155306
190161146,25-00,B737-8,AFTGALLY,62197-301-001,16-06-0219,72184025,N09040563044504,3797984,PAV9571
190413813,33-20,M73-82,CAB,9651-35-0005,51960,9651-35-0005,37065,3903117,149681
190629481,33-21,B737-8,2ABC,9651-35-0005,58385,9651-35-0005,31847,3911189,ARC150909
55736845,33-00,B737-8,28 DEF,9651-35-0005,33028,9651-35-0005,50404,4166980,ARC173255
191217074,25-00,M73-82,AFT GALLEY,62197-301-001,22-12-0119,62197-301-001,15-11-0121,4210975,SA12633
191217074,25-00,M73-82,AFT GALLEY,62197-301-001,19-02-0128,62197-301-001,23-04-0112,4210920,SA12621
191469373,25-30,B737-8,AFT LH,62197-301-001,22-05-0080,62197-301-001,23-07-0420,4177222,WAV1479
55256137,33-00,B737-8,CABIN,9651-35-0002,19462,9651-35-0002,33017,3859885,20096901-1.000
55702099,33-00,B737-8,27 DEF,9651-35-0005,29743,9651-35-0005,67364,3793231,20087203
190638414,33-00,B737-8,L/H,9651-35-0005,29746,9651-35-0005,21693,4001771,60035
41808713,33-00,M73-82,CABIN,9651-35-0002,57482,9651-35-0002,69356,3844549,20094817
190343866,33-00,M73-82,16ABC,9651-35-0005,38432,9651-35-0005,50182,4179337,ARC174606
190559010,26-00,B737-8,AFT,473597-5,SJA6852,473597-5,44361,3935233,12730929
191399327,38-00,B737-8,LAV D,SC4L500301-5,175167846-001,SC4L500301-5,175167859-002,4221879,E61728103
55161625,25-31,B737-8,AFT,8201-11-0000,02-11-18322,8201-11-0000-01,16-01-37092,3692613,1185501
190003144,25-00,B737-8,FWDGALLY,8201-11-0000,04-12-20650,8201-11-0000-01,19-05-0598,3858891,PAV10441
190224177,33-00,B737-8,RH,45-0351-4,5708,45-0351-4,5107,3814930,1291576
55537170,33-00,B737-8,RH,9651-35-0003,7330,9651-35-0003,10190,3762765,136643
104122117,36-00,B737-8,#2,107484-7,7577,107484-7,13623,3917373,3528495
104122117,36-00,B737-8,#2,3214446-4,9850,3214446-4,12244,3924546,353194006
104250172,23-31,B737-8,CABIN,285W0024-1B,F35349,285W0024-1B,F58842,3906968,MEH-E-2025-05772
191509729,33-21,B737-8,27ABC,9651-35-0005,17584,9651-35-0005,61265,4223605,47001269
191315338,33-00,B737-8,LH,72605363-1,6254,72605363-1,4489,4030897,1209
55674804,33-00,B737-8,18DEF,9651-35-0002,34974,9651-35-0002,77282,4007814,5992-1.000
41959328,33-42,B737-8,RH,72605363-1,0791,72605363-1,2246,4017983,25.1129
55346479,23-00,M73-82,AFT CAB,285W0024-1B,D12351,285W0024-1B,D18235,3842067,ARC144199
55242100,23-00,B737-8,FL DK,5145-1-82,13723,5145-1-82,18429,4132361,PAV13907
190722583,33-00,B737-8,LH,72605363-1,0799,72605363-1,5846,3940179,354032026
55009596,23-00,B737-8,FL DK,5145-1-82,12308,5145-1-88,130663,3849236,PAV10355
55248603,23-00,B737-8,CAPT,5145-1-82,8668,5145-1-82,12102,4120190,PAV13733
190275992,33-21,M73-82,3DEF,9651-35-0005,66838,9651-35-0005,77559,3871090,75815
190275992,33-21,M73-82,6ABC,9651-35-0002,71086,9651-35-0002,80293,3872858,7205
190275992,33-21,M73-82,3ABC,9651-35-0001,12101,9651-35-0001,12700,3869407,20098774-1
55376528,33-00,M73-82,CABIN,9651-35-0002,72692,9651-35-0002,39314,3872601,865-4.000
191404332,33-00,B737-8,8ABC,9651-35-0002,32767,9651-35-0002,53114,4134444,20207986
55623907,33-26,B737-8,10DEF,9651-35-0004,12309,9651-35-0004,21799,3316416,02884774
190774733,25-00,B737-8,FWDGALLY,72184025,4135,72184025,N10020404044654,3830903,KAV032542
190308801,25-00,M73-82,6475MM,62197-301-001,23-08-0290,62197-301-001,22-10-0365,4022053,KAV144604425
40747964,33-00,B737-8,19DEF,9651-35-0002,69990,9651-35-0002,53931,3902922,20102429
190674727,71-00,B737-8,#2,340-001-036-0,DM164461,340-001-038-0,DM003964,3978641,R25082807000
190674727,71-00,B737-8,#2,340-001-036-0,DM164595,340-001-038-0,DE189775,3834811,2001
190674727,71-00,B737-8,#2,340-001-036-0,DM164440,340-001-038-0,DM034289,3974617,R25081926001
190674727,71-00,B737-8,#2,340-001-036-0,DM164371,340-001-038-0,DM184086,3938081,5080117000
190674727,71-00,B737-8,#2,340-001-036-0,DM164476,340-001-038-0,DE192023,3978747,32001
190674727,71-00,B737-8,#2,340-001-036-0,DM164626,340-001-038-0,DM007891,3978651,R25082802000
190674727,71-00,B737-8,#2,340-001-036-0,DM164450,340-001-038-0,DM008057,3978608,R25082804000
190674727,71-00,B737-8,#2,340-001-036-0,DM164649,340-001-038-0,DM089460,3945747,72409001
190674727,71-00,B737-8,#2,340-001-036-0,DM164272,340-001-038-0,DM034275,3974634,R25081923001
190674727,71-00,B737-8,#2,340-001-036-0,DM164744,340-001-038-0,PA002119,3919315,R2504290
190674727,71-00,B737-8,#2,340-001-036-0,DM164424,340-001-038-0,DC976350,3978564,R25081318001
190674727,71-00,B737-8,#2,340-001-036-0,DM164347,340-001-038-0,DM089210,3944816,6001
190674727,71-00,B737-8,#2,340-001-036-0,DM164729,340-001-038-0,DM008316,3978627,R25082720000
190674727,71-00,B737-8,#2,340-001-036-0,DM164569,340-001-038-0,DM138477,3944798,4001
190674727,71-00,B737-8,#2,340-001-036-0,DM164495,340-001-038-0,PC777342,3964132,612001
190674727,71-00,B737-8,#2,340-001-036-0,DM164262,340-001-038-0,PA732804,3938152,5080112000
190674727,71-00,B737-8,#2,340-001-036-0,DM164382,340-001-038-0,DM125280,3978582,R25081317001
190674727,71-00,B737-8,#2,340-001-036-0,DM164575,340-001-038-0,DM008116,3978630,R25082902000
190674727,71-00,B737-8,#2,340-001-036-0,DM164474,340-001-038-0,DM168417,3978854,3001
190674727,71-00,B737-8,#2,340-001-036-0,DM164737,340-001-038-0,DM123879,3819180,22515000
190674727,71-00,B737-8,#2,340-001-036-0,DM164716,340-001-038-0,PA550919,3946734,WO:R25072304001
190674727,71-00,B737-8,#2,340-001-036-0,DM164468,340-001-038-0,BC357110,3679343,42715000
190674727,71-00,B737-8,#2,340-001-036-0,DM164677,340-001-038-0,DM019928,3978852,3001
190674727,71-00,B737-8,#2,340-001-036-0,DM164586,340-001-038-0,DM137769,3825082,30419001
190316373,25-00,M73-82,AFTGALLY,8201-11-0000-01,21-01-0259,8201-11-0000-01,22-01-0883,3609468,1105369
41595035,26-16,B737-8,AFT,473597-5,44257,473597-5,49011,4225772,14029026
41595035,26-16,B737-8,AFT,473597-5,44414,473597-5,SJB0790,4225769,14028720
55452133,33-21,M73-82,8DEF,9651-35-0002,78412,9651-35-0002,53969,4101918,ARC169051
55290831,30-00,M73-82,CAPT,0851HT1,416974,0851HT2,479014,4047356,408744809
191345379,38-11,B737-8,LAV D,SC4L500301-5,175531455-004,SC4L500301-5,175800021-005,4228261,E-6284418
190122924,25-00,B737-8,FWD,72184025,4346,72184025,2005,4054860,KAV0126046
55520327,25-00,B737-8,AFT,72184025,N10100892044734,72184025,N11060389044793,4026419,WAV1038
42034518,26-00,B737-8,AFT,473597-5,SJA3317,473597-5,SJA6289,3946491,000012780493
41859805,25-00,M73-82,GALLEY G4,62197-301-001,19-07-0265,62197-301-001,23-05-0003,4055307,WAV1127
190473501,25-00,M73-82,GALLEY G4,62197-301-001,23-08-0326,62197-301-001,22-01-0393,4060645,WAV1147
106462067,72-00,,#1,340-001-038-0,PA526966,340-001-038-0,DM146267,4038283,6001
106462067,72-00,,#1,340-001-036-0,DM190967,340-001-038-0,DM144846,4038161,5001
106462067,72-00,,#1,340-001-036-0,DM190925,340-001-038-0,DM164626,4043731,R25120525001
106462067,72-00,,#1,340-001-038-0,PA480323,340-001-038-0,DM137667,3944850,36001
106462067,72-00,,#10,340-001-038-0,PA427194,340-001-038-0,DM170107,4083148,6001
106462067,72-00,,#1,340-001-036-0,DM190911,340-001-038-0,DE805711,4083116,4001
106462067,72-00,,#1,340-001-038-0,PA422422,340-001-038-0,DD866546,4027541,1014001
106462067,72-00,,#1,340-001-038-0,PA447375,340-001-038-0,DM164737,4045110,R25120526001
106462067,72-00,,#1,340-001-038-0,PA532067,340-001-038-0,DM170035,4043192,10001
106462067,72-00,,#1,340-001-038-0,PA532050,340-001-038-0,DE196875,4083128,3001
106462067,72-00,,#1,340-001-038-0,PA526909,340-001-038-0,DE806117,3980288,R25092318001
106462067,72-00,,#1,340-001-038-0,DE188018,340-001-038-0,DM164347,4043711,R25120426001
106462067,72-00,,#1,340-001-036-0,DM191098,340-001-038-0,DM001806,4011372,R25101701001
106462067,72-00,,#1,340-001-038-0,PA526890,340-001-038-0,DM170163,4079884,R26020914000
106462067,72-00,,#1,340-001-038-0,PA480327,340-001-038-0,DM167877,4027524,507001
106462067,72-00,,#1,340-001-038-0,PA437971,340-001-038-0,DM136079,3980278,R25092312000
106462067,72-00,,#1,340-001-038-0,PA526960,340-001-038-0,DM164424,4043662,R25120501001
106462067,72-00,,#1,340-001-038-0,PA526891,340-001-038-0,DM170069,4077141,R25111307
106462067,72-00,,#1,340-001-038-0,PA510654,340-001-038-0,DM184980,4048673,R26011219001
106462067,72-00,,#1,340-001-038-0,PA526894,340-001-038-0,DM135439,4048711,R26011216001
106462067,72-00,,#1,340-001-038-0,PA532068,340-001-038-0,DM170256,4043120,51000
106462067,72-00,,#1,340-001-038-0,DE186615,340-001-038-0,DM164595,4043602,R25120425001
106462067,72-00,,#1,340-001-038-0,PA480322,340-001-038-0,HC279667,4028143,R25112526001
106462067,72-00,,#1,340-001-038-0,PA526963,340-001-038-0,DM164495,4043763,R25120428001
42128734,33-42,M73-82,LH,72605363-1,1188,72605363-1,2896,3732166,351478680
42128734,33-42,M73-82,LH INBD,72500410-2,10075,72500410-2,9799,3753562,351675807
42128734,33-42,M73-82,LH OUTBD,72500410-1,9904,72500410-1,3662,3767466,351872838
190567034,25-00,B737-8,AFTGALLY,62197-301-001,16-10-0271,62197-301-001,21-11-0224,4036738,SAV748
190359235,38-00,M73-82,GALLEY G4,62197-301-001,23-05-0406,62197-301-001,15-03-7398,4066449,SAV805
55238285,25-00,B737-8,AFT CAB,8201-11-0000-01,14-09-35281,8201-11-0000-01,16-12-38298,3740798,KAV1124020
190461083,25-32,M73-82,G1,62197-301-001,21-02-0315,62197-301-001,23-08-0178,3839494,SAV550
190149802,25-00,B737-8,AFTGALLY,8201-11-0000-01,21-04-0063,8201-11-0000,04-01-19624,3834365,PAV10174
55286090,38-00,M73-82,GALLEY 4,62197-301-001,23-04-0050,62197-301-001,16-08-0249,3916742,1383246
190552366,33-21,B737-8,#18 RH,9651-35-0002,18238,9651-35-0002,53968,3930870,153237
55314914,38-00,M73-82,LAV FWD,SC4L500301-5,11304630-006,SC4L500301-5,172694186-007,3821455,E-5718722
190655370,25-00,B737-8,AFTGALLY,72184025,N11070864044806,72184025,4305,4059544,SAV792
40040142,33-42,B737-8,RH,45-0351-4,4851,45-0351-4,1558,3878232,1346977
190010715,33-42,B737-8,RH,45-0351-4,6801,45-0351-4,0182,4130841,PAV13895
55308972,30-31,M73-82,CAPT,0851HT1,414612,0851HT2,480311,4075522,408859597
55462019,33-00,M73-82,20ABC,9651-35-0002,62750,9651-35-0002,71872,3768016,20083065
190647604,34-11,B737-8,CAPT,0851HT1,410266,0851HT2,454623,3590043,406642313
190457074,33-21,M73-82,CABIN,9651-35-0002,49722,9651-35-0002,34695,4001728,60009
42148740,33-21,M73-82,LH,9651-35-0005,58022,9651-35-0005,15799,3885449,ARC148451
190584527,33-00,B737-8,CABIN,9651-35-0005,66955,9651-35-0005,65999,3879185,20099366
55463440,23-00,M73-82,FWD CAB,285W0024-1B,D22190,285W0024-23M,F59608,3782218,04303838
55063528,33-42,B737-8,RH,45-0351-4,7272,45-0351-4,3602,4001814,PAV11916
190585244,25-00,B737-8,FWD,62197-301-001,21-02-0165,72184025,4257,3839016,WAV381
190533354,33-21,B737-8,18ABC,9651-35-0002,53071,9651-35-0002,29950,4019678,ARC162408
41472419,25-00,B737-8,AFT,8201-11-0000,08-05-25451,8201-11-0000-01,10-02-28198,3887279,PAV10737
55397813,33-00,M73-82,RH,72605363-1,4151,72605363-1,2896,3817939,352319572
191264046,25-00,M73-82,GALLEY 1 FWD,62197-301-001,17-11-0450,62197-301-001,17-12-0458,4072804,AV1826
191259035,25-32,M73-82,FWD GALLEY,62197-301-001,18-01-0444,62197-301-001,15-10-8005,4060969,KAV0126066
55445755,33-00,M73-82,14ABC,9651-35-0005,31744,9651-35-0005,21089,4084896,7619
190508673,33-21,B737-8,4DEF,9651-35-0002,33817,9651-35-0002,65701,4096332,20183285-1
55152012,23-00,B737-8,FL DK,5145-1-82,11882,5145-1-82,15900,3839564,PAV10231
190185162,25-00,B737-8,FWDGALLY,72184025,4271,72184025,N12090715044881,4090081,KAV0326066
190538501,25-00,B737-8,FWDGALLY,8201-11-0000,07-09-24222,8201-11-0000-01,10-07-29007,3841171,KAV0425029
190387453,38-11,M73-82,LAV A,SC4L500301-5,173574840-003,SC4L500301-5,175184261-002,4143558,E6178748
55359819,33-00,M73-82,16,9651-35-0005,48159,9651-35-0005,31066,3780283,ARC138082
190569620,25-00,B737-8,FWDGALLY,62197-301-001,23-03-0695,62197-301-001,23-08-0181,3942186,1405880
190227788,23-42,B737-8,CABIN,285W0024-1B,F45102,285W0024-1B,D22465,3942043,153927
55604575,25-00,B737-8,AFTGALLY,8201-11-0000,04-11-20578,8201-11-0000-01,19-07-0786,3769252,1251997
191417826,25-00,B737-8,AFTGALLY,62197-301-001,21-11-0224,62197-301-001,21-11-0207,4213892,WAV1618
55290999,33-00,M73-82,CAB,9651-35-0002,**06647**,9651-35-0002,66517,4051577,20157493
190513368,33-21,B737-8,CABIN,9651-35-0002,25648,9651-35-0002,74535,3992915,20120377
55551682,72-21,B737-8,#1,340-001-036-0,PC254926,340-001-036-0,PF499542,3954709,GEAMS1157152
55221723,25-00,B737-8,FWD,8201-11-0000-01,16-02-37197,8201-11-0000-01,19-07-0779,3934469,1398899
55702476,33-20,B737-8,27 ABC,9651-35-0005,20835,9651-35-0005,70294,3817242,20091166-1
55599605,38-00,B737-8,AFTGALLY,62197-301-001,22-01-0409,72184025,4331,3929386,WAV651
55539366,33-00,B737-8,28 LH,9651-35-0005,51616,9651-35-0005,48605,4001715,60285
40607678,27-31,B737-8,FIN,0851HT1,278302,0851HT2,477501,4020898,408617892
102851821,36-00,B737-8,#2,3214446-4,12299,3214446-4,12360,3818488,352134343
102851821,36-00,B737-8,#2,63292146-1,7034,63292146-1,2489,3827950,30898
102851821,36-00,B737-8,#2,107484-7,7304,107484-7,17742,3806957,352315015
190406898,25-00,M73-82,FWD,8201-11-0000,03-09-19331,8201-11-0000,07-12-24538,4031276,PAV12513
190354212,25-00,M73-82,FWD GALLEY,8201-11-0000-01,21-06-0258,8201-11-0000-01,17-12-39604,3248836,AV0762
41958688,26-00,B737-8,AFT,473597-5,SJA9838,473597-5,38191,3946808,012781114
190462361,33-00,M73-82,CABIN,9651-35-0005,68373,9651-35-0005,61029,3884320,20100675
190905830,26-23,B737-8,AFT,473597-5,49001,473597-5,SJA5511,3955557,63902
191496622,36-11,B737-8,#1,107484-7,19140,107484-7,10250,4121534,355960716
190054925,34-11,B737-8,ALT,0851HT1,378541,0851HT1,454762,3593747,406655327
190733599,33-00,B737-8,28DEF,9651-35-0005,27656,9651-35-0005,16754,3844981,16754
191358851,25-00,B737-8,AFT,62197-301-001,16-01-0186,62197-301-001,21-11-0711,4085196,KAV0326068
190467413,25-00,M73-82,GALLEY G4,62197-301-001,16-02-0197,62197-301-001,23-10-0072,3818451,PAV9918
55259395,25-30,B737-8,AFTGALLY,8201-11-0000-01,09-12-27981,8201-11-0000-01,19-05-0649,3315590,AV0898
190415767,33-00,M73-82,31 ABC,9651-35-0005,53007,9651-35-0005,45198,4078805,7363
42113928,25-00,M73-82,GALLEY G4,62197-301-001,23-09-0228,62197-301-001,15-10-8017,3782817,1261907
40199140,23-00,B737-8,F/O,5145-1-82,12018,5145-1-82,20578,3858795,PAV10425
190492428,33-21,M73-82,19DEF,9651-35-0002,69961,9651-35-0002,18001,3996074,ARC159693
190064501,33-42,B737-8,RH,45-0351-4,4324,45-0351-6,8268,4146294,PAV14104
55303986,25-32,M73-82,GALLEY G4,8201-11-0000,08-05-25477,8201-11-0000,04-12-20660,4043500,PAV12721
42178226,25-32,M73-82,GALLEY G4,8201-11-0000,04-11-20591,8201-11-0000-01,18-01-0406,3666429,1131861
190494033,25-00,M73-82,GALLEY G4,62197-301-001,19-07-1223,62197-301-001,23-08-0261,3917445,KAV0625009
190283439,25-32,M73-82,GALLEY 4,8201-11-0000-01,21-06-0265,8201-11-0000,06-11-22814,3904073,1370750
55483480,25-00,M73-82,G1,62197-301-001,22-12-0125,62197-301-001,22-11-0534,3780418,PAV9239
191497151,38-00,B737-8,LAV A,SC4L500301-5,175486104-003,SC4L500301-5,175800015-006,4230783,E-6286470
55396881,25-00,M73-82,FWD GALLEY,8201-11-0000-01,21-04-0060,8201-11-0000-01,10-07-29030,3549749,1043423
190622370,33-00,B737-8,CABIN,9651-35-0002,62985,9651-35-0002,22040,3852162,20095866.1.000
190434408,25-32,M73-82,AFTGALLY,8201-11-0000-01,16-11-38230,8201-11-0000-01,09-02-26573,3913398,PAV10952
55426340,73-00,M73-82,#2,2085M31G03,PAT51E78,2085M31G03,PSDNH253,3816006,NAB25A-00791
55426340,73-00,M73-82,#2,2085M31G03,PAT82F13,2085M31G03,PSDNH254,3816016,NAB25A-00792
55426340,73-00,M73-82,#2,2085M31G03,PAT69R30,2085M31G03,PSDNH255,3816020,NAB25A-00793
55426340,73-00,M73-82,#2,2085M31G03,PAT62F90,2085M31G03,PSDNH261,3816037,NAB25A-00799
55426340,73-00,M73-82,#2,2085M31G03,PAT22F57,2085M31G03,PSDNH260,3816035,NAB25A-00798
55426340,73-00,M73-82,#2,2085M31G03,PAT82E79,2085M31G03,PSDNH259,3816030,NAB25A-00797
55426340,73-00,M73-82,#2,2085M31G03,PAT17F52,2085M31G03,PSDNH258,3816028,NAB25A-00796
55426340,73-00,M73-82,#2,2085M31G03,PAT17F50,2085M31G03,PSDNH256,3816023,NAB25A-00794
190292275,38-00,M73-82,AFT,SC4L500301-5,173389304-005,SC4L500301-5,173389304-001,3887516,5823802
190414636,25-00,M73-82,GALLEY G4,62197-301-001,16-12-0322,62197-301-001,21-02-0084,4145897,KAV0526069
55599324,33-00,B737-8,CAB,9651-35-0002,48202,9651-35-0002,52997,3935982,20107166
55210928,25-00,B737-8,AFTGALLY,72184025,N09050478044530,72184025,3067,3988599,WAV913
190548854,33-21,B737-8,CABIN,9651-35-0002,39251,9651-35-0002,53505,4091604,ARC168419
191505929,30-31,B737-8,CPT,0851HT1,361620,0851HT2,487283,4219053,409434164
190446149,33-00,M73-82,25ABC,9651-35-0003,15298,9651-35-0003,7449,3885378,006851
190596618,33-00,B737-8,15DEF,9651-35-0005,24934,9651-35-0005,35036,4096582,ARC168579
55720387,33-42,B737-8,LH,72605363-1,2406,72605363-1,0298,3767489,351911695
190441269,33-00,M73-82,#25 LH,9651-35-0003,15269,9651-35-0003,8025,3950553,20108888
190279827,25-32,M73-82,FWD GALLEY,8201-11-0000-01,10-07-29030,8201-11-0000,02-09-18198,3747233,KAV1124055
190673622,33-21,B737-8,12ABC,9651-35-0005,25044,9651-35-0005,66216,3905226,20103411-1.000
55551494,26-16,B737-8,AFT,473597-5,SJA6453,473597-5,56253,4156889,13730380
55533076,25-35,B737-8,AFTGALLY,62197-301-001,17-12-0467,62197-301-001,19-04-0540,3776182,1257410
55675732,25-33,B737-8,G1,72184025,4275,72184025,N10090453044707,3633153,1127693
55372018,38-00,M73-82,LAV V,SC4L500301-5,11303900-003,SC4L500301-5,172211395-001,3773009,5637622
190162620,23-00,B737-8,CABIN,285W0024-1B,F39954,285W0024-1B,D03850,3854882,145507
55478900,38-11,M73-82,LAV  AFT  LH,SC4L500301-5,170447683-006,SC4L500301-5,173662855-001,3932548,E-5886426
55284116,33-21,M73-82,CABIN,9651-35-0005,56008,9651-35-0005,50576,3740804,ARC134774
190170946,33-00,B737-8,RH,9651-35-0005,36956,9651-35-0005,49320,3877966,871-1.000
190170946,33-00,B737-8,CABIN,9651-35-0005,59172,9651-35-0005,**50734**,3877963,372-1.000
980006786,25-00,B737-8,FWDGALLY,62197-301-001,17-06-0367,62197-301-001,17-01-0341,4049105,KAV1125040
190186348,33-42,B737-8,RH,45-0351-4,3458,45-0351-4,4865,3843123,1316115
191393926,25-00,B737-8,AFTGALLY,62197-301-001,16-01-0184,62197-301-001,19-07-0264,4160229,KAV0526106
55515207,33-00,B737-8,5DEF,9651-35-0002,17348,9651-35-0002,58619,4077910,20166035-1
55515207,33-00,B737-8,25 L/H,9651-35-0004,18969,9651-35-0004,11798,4061242,ARC165738
191345436,23-00,B737-8,FWD CAB,285W0024-1B,F24019,285W0024-23M,F62791,4207763,177345
42061983,33-21,B737-8,30DEF,9651-35-0005,60143,9651-35-0005,16733,3767208,ARC137604
190739631,23-00,B737-8,FL DK,5145-1-82,10489,5145-1-82,16316,4053656,PAV12887
190506710,33-42,B737-8,RH,45-0351-4,6556,45-0351-6,11442,3957872,PAV11512
55379336,38-00,M73-82,LAV V,SC4L500301-5,172442905-004,SC4L500301-5,174737232-009,4069321,E-6088573
190354400,33-00,M73-82,LH,72605363-1,5974,72605363-1,3717,3877977,3299993
191457736,33-20,B737-8,#22 LH,9651-35-0002,70929,9651-35-0002,39099,4219018,ARC178617
191405721,25-35,B737-8,AFT GALLEY,72184025,N10010160044616,72184025,N09050474044526,4003451,WAV970
190309846,25-00,M73-82,FWD GALLEY,62197-301-001,22-12-0120,62197-301-001,19-04-0028,3958842,PAV11541
191259140,34-00,M73-82,F/O,0851HT1,405908,0851HT2,480141,4077915,408859605
55438205,33-21,M73-82,2DEF,9651-35-0005,71725,9651-35-0005,63693,3805753,20088705
55378097,33-00,M73-82,RH,72605363-1,6225,72605363-1,4131,3784262,352096721
103245593,72-00,,#1,340-001-036-0,DM176806,340-001-038-0,DM166172,3847310,10001
103245593,72-00,,#1,340-001-036-0,DM176457,340-001-038-0,DC975895,3845202,14001
103245593,72-00,,#1,340-001-036-0,DM176769,340-001-038-0,DM002229,3838905,32011001
103245593,72-00,,#1,340-001-036-0,DM176354,340-001-038-0,DM008178,3825513,31237000
103245593,72-00,,#1,340-001-036-0,DM176039,340-001-038-0,DM123934,3817402,22511001
55022338,27-00,B737-8,FIN,0851HT1,273429,0851HT2,452258,3550862,406448354
190566453,33-00,B737-8,LH,72605363-1,2763,72605363-1,2761,4023008,5009344
190107603,05-20,B737-8,FWD,473597-5,38200,473597-5,SJA2326,4123107,13595192
190468131,33-00,M73-82,RH,9651-35-0002,51701,9651-35-0002,50190,4157080,ARC172869
40302044,72-00,B737-8,#2,340-001-038-0,DE926488,340-001-038-0,DM123636,3817361,22008001
40302044,72-00,B737-8,#2,340-001-038-0,DE926011,340-001-038-0,DM141053,3829142,R25030708
190783363,25-31,B737-8,FWDGALLY,8201-11-0000-01,16-07-37785,8201-11-0000-01,21-06-0264,3933346,PAV11159
55485773,25-32,M73-82,GALLEY 4,62197-301-001,23-05-0002,62197-301-001,15-11-0139,3851433,KAV0325001
190613831,25-00,B737-8,AFTGALLY,62197-301-001,18-01-1113,62197-301-001,15-11-0129,3841557,PAV10247
191446909,25-31,B737-8,AFTGALLY,62197-301-001,15-12-0154,72184025,4033,4188751,PAV14579
55311833,33-00,M73-82,CAB,9651-35-0002,53077,9651-35-0002,22352,4173663,ARC173943
55311833,33-00,M73-82,RH,9651-35-0001,4311,9651-35-0001,8362,4173920,ARC174094
190788625,25-00,B737-8,FWD,62197-301-001,18-01-0440,62197-301-001,17-12-0472,3871653,1342106
55662503,33-21,B737-8,3DEF,9651-35-0002,30036,9651-35-0002,60748,4021527,20144055
190197382,25-00,B737-8,GALLEY 4,62197-301-001,17-12-0430,62197-301-001,17-12-0416,4187232,WAV1531
35099985,33-00,B737-8,CABIN,9651-35-0004,18507,9651-35-0004,6368,3979070,ARC157742
55590903,33-42,B737-8,RH,72605363-1,1622,72605363-1,3767,3770002,934636
55176641,33-00,B737-8,08ABC,9651-35-0002,18283,9651-35-0002,39581,4179274,ARC174547
55176641,33-00,B737-8,27ABC,9651-35-0005,47095,9651-35-0005,51367,4179447,ARC174744
55176641,33-00,B737-8,ROW33RH,9651-35-0000,3521,9651-35-0000,5125,4121725,ARC170709
55612459,25-00,B737-8,FWDGALLY,62197-301-001,23-05-0224,62197-301-001,21-02-0119,3786206,WAV224
55509487,25-33,B737-8,AFTGALLY,62197-301-001,18-01-1110,72184025,N12031144044850,3746774,KAV1024046
55353643,38-11,M73-82,LAV V,SC4L500301-5,172211401-001,SC4L500301-5,173779127-005,3953753,E-5923628
190296570,25-32,M73-82,G1,62197-301-001,17-08-0405,62197-301-001,14-08-6926,3825554,WAV341
55452196,33-00,M73-82,RH,72605363-1,2894,72605363-1,2928,4102770,355819917
190565636,33-42,B737-8,LH,72605363-1,1198,72605363-1,0756,4090770,355698706
55363123,33-21,M73-82,CABIN,9651-35-0005,60921,9651-35-0005,25749,3813480,ARC141378
55612889,33-42,B737-8,LH,72605363-1,0652,72605363-1,5627,4158411,356300020
191506461,23-00,B737-8,FWD CAB,285W0024-1B,F37556,285W0024-1M,F54511,4178812,175021
190668666,25-35,B737-8,GALLEY G4,72184025,3010,72184025,4201,4084269,WAV1245
55558306,38-00,B737-8,AFT RH,SC4L500301-5,820460,SC4L500301-5,173389311-001,3893217,E-5833786
190660337,33-00,B737-8,05 ABC,9651-35-0002,33153,9651-35-0002,53694,3944973,154-1.000
190426866,33-21,M73-82,19 ABC,9651-35-0002,35254,9651-35-0002,17075,3826279,ARC142691
55674321,33-00,B737-8,6DEF,9651-35-0002,25403,9651-35-0002,17901,3784150,20085498
190457089,33-21,M73-82,CABIN,9651-35-0002,34695,9651-35-0002,57459,4016061,20140957-1.000
190629241,33-21,B737-8,#27 RH,9651-35-0005,17674,9651-35-0005,38455,3978998,ARC157801
190670827,23-00,B737-8,FL DK,5145-1-82,18303,5145-1-88,25552,3863891,PAV10491
190214238,33-21,B737-8,CABIN,9651-35-0004,13414,9651-35-0004,12252,3911179,ARC151114
55242296,27-00,B737-8,L/H,0851HT1,333843,0851HT2,482813,4128884,409062936
190374150,25-00,M73-82,CABIN,62197-301-001,21-02-0085,62197-301-001,17-01-0364,4152202,SAV919
55293592,33-21,M73-82,CABIN,9651-35-0004,22030,9651-35-0004,11855,3872034,146708
55138954,33-42,B737-8,RHD,45-0351-4,5739,45-0351-6,11767,3856976,PAV10419
190713855,23-00,B737-8,FL DK,5145-1-82,15813,5145-1-82,16773,3881986,PAV10681
190128513,33-00,B737-8,RH,45-0351-4,4988,45-0351-4,6658,3879085,1348884
41529240,25-00,B737-8,FWDGALLY,72184025,4382,62197-301-001,23-05-0337,3780423,PAV9264
41784602,33-00,M73-82,31 DEF,9651-35-0005,70233,9651-35-0005,44679,3925506,20105849
191155074,35-00,M73-82,RH,72605363-1,6559,72605363-1,1776,4159172,356300205
190529893,33-20,B737-8,30 ABC,9651-35-0005,16190,9651-35-0005,20943,3964161,156598
55700613,25-00,B737-8,AFT,62197-301-001,25-03-0475,62197-301-001,21-11-0705,3958873,PAV11538
190212186,23-51,B737-8,FL DK,5145-1-82,13876,5145-1-82,11882,3887324,PAV10730
190405937,25-00,M73-82,AFT GALLEY,62197-301-001,22-12-0117,62197-301-001,19-02-0128,4055304,WAV1128
190475999,33-00,M73-82,LH,9651-35-0002,55052,9651-35-0002,53848,4219444,ARC178588
190320238,33-00,M73-82,RH,72605363-1,6520,72605363-1,4708,4223735,356891784
190601277,23-00,B737-8,FL DK,5145-1-82,12564,5145-1-88,27143,3941656,PAV11233
190311606,25-32,M73-82,102,62197-301-001,23-07-0187,62197-301-001,16-11-0299,4090607,WAV1260
42206386,25-00,M73-82,GALLEY G4,8201-11-0000,05-10-21303,8201-11-0000-01,21-08-0153,3969105,PAV11667
190232655,27-30,B737-8,LH STAB,0851HT1,378840,0851HT2,458874,3625758,406794149
55480547,25-35,M73-82,G1,8201-11-0000-01,21-02-0350,8201-11-0000,03-09-19332,3575250,1065284
190069221,38-32,B737-8,LAV  AFT  RH,14330-230,EBL01,14330-230,ZSK490,3979123,1154781
190528063,05-00,B737-8,#2,340-001-036-0,DM154271,340-001-038-0,DM184983,3829818,3001
190528063,05-00,B737-8,#2,340-001-036-0,DM157558,340-001-038-0,DC975591,3829825,3001
42170947,33-21,M73-82,23DEF,9651-35-0002,79020,9651-35-0002,64758,4154780,20219574-1
42079571,33-00,M73-82,25DEF,9651-35-0003,11840,9651-35-0003,15354,4076633,7767
190290305,25-30,M73-82,GALLEY G1,8201-11-0000,04-09-20366,8201-11-0000,02-09-18207,3841174,KAV0425009
190625717,25-31,B737-8,FWDGALLY,72184025,4065,72184025,N10090458044712,4091749,PAV13387
190356015,25-00,M73-82,GALLEY G4,62197-301-001,23-08-0182,62197-301-001,18-01-0439,4086871,SAV842
55519890,26-00,B737-8,AFT,473597-5,SJA7268,473597-5,SJB6600,3964807,00012878822
191509389,33-21,B737-8,9DEF,9651-35-0003,5357,9651-35-0003,11839,4203310,ARC176621
191316439,23-00,B737-8,FL DK,5145-1-82,23361,5145-1-82,12857,4192453,PAV14604
40134397,25-00,B737-8,102,8201-11-0000,03-09-19339,8201-11-0000,07-01-23111,3878217,1347529
55710657,33-00,B737-8,9ABC,9651-35-0003,5251,9651-35-0003,11342,4072904,ARC166658
190717188,38-00,B737-8,AFT RH,14330-230,35865,14330-230,35695,3896211,1131656
191422878,25-31,B737-8,FWDGALLY,8201-11-0000,07-08-24025,8201-11-0000-01,21-01-0243,4110352,PAV0326089
55501235,30-00,M73-82,CAPT,0851HT1,397636,0851HT2,464475,3730075,407280880
190108580,25-31,B737-8,AFTGALLY,72184025,N10100886044728,72184025,N10090460044714,3786201,WAV222
190722289,33-00,B737-8,25ABC,9651-35-0004,7577,9651-35-0004,12634,3816422,141611
190324091,38-00,M73-82,FWD GALLEY,62197-301-001,23-09-0330,62197-301-001,16-07-0238,4059503,KAV1225082
25596076,23-00,B737-8,F/O,5145-1-82,17051,5145-1-82,10551,3977173,PAV11763
55106548,25-31,B737-8,AFTGALLY,8201-11-0000,04-08-20255,8201-11-0000-01,11-02-29732,3770965,1253999
191491309,33-00,B737-8,30DEF,9651-35-0005,16990,9651-35-0005,31598,4190232,ARC175859
190495420,25-30,M73-82,G1,8201-11-0000,04-08-20259,8201-11-0000,07-09-24243,3858907,PAV10434
42108420,25-32,M73-82,AFT GALLEY,62197-301-001,16-06-0229,62197-301-001,22-12-0119,3948023,PAV11372
190318044,33-21,M73-82,2DEF,9651-35-0005,49046,9651-35-0005,49536,3861016,ARC146176
191338570,25-00,B737-8,AFTGALLY,72184025,N11060383044787,72184025,N09030228044455,4214025,WAV1590
40747769,25-31,B737-8,AFTGALLY,62197-301-001,17-12-0466,62197-301-001,16-02-0198,3775224,1256765
55476222,33-00,M73-82,5ABC,9651-35-0002,70583,9651-35-0002,49189,3893204,149386
55476222,33-00,M73-82,31ABC,9651-35-0005,66297,9651-35-0005,69484,3879113,20099357-1.000
55553747,36-11,B737-8,#1,107484-7,18706,107484-7,20542,3748906,8013008
190255964,27-00,B737-8,FIN,0851HT1,279236,0851HT2,469333,3841360,407768725
55382534,33-00,M73-82,CAB,9651-35-0005,52243,9651-35-0005,17782,3920661,ARC151804
190090280,34-00,B737-8,RH,0851HT1,402240,0851HT2,447969,3551867,406453189
190554860,38-00,B737-8,LAV A,SC4L500301-5,11304630-007,SC4L500301-5,173942740-010,3967379,E-5943491
42169193,25-32,M73-82,GALLEY G4,8201-11-0000-01,17-11-39511,8201-11-0000,05-02-20903,4198556,PAV14654
55189794,25-00,B737-8,#3,8201-11-0000-01,21-02-0360,8201-11-0000-01,17-02-38437,3963080,KAV0925029
190884436,25-31,B737-8,AFT RH,72184025,3012,72184025,4257,4072108,KAV0326006
191442139,33-00,B737-8,CABIN,9651-35-0004,8594,9651-35-0004,18148,4149360,172666
190608371,33-00,B737-8,19DEF,9651-35-0002,42978,9651-35-0002,32773,4091549,ARC168154
40711919,33-20,B737-8,CABIN,9651-35-0002,35246,9651-35-0002,50893,3920575,ARC152132
40711919,33-20,B737-8,CABIN,9651-35-0002,35257,9651-35-0002,72736,3907782,20102631
40711919,33-20,B737-8,CABIN,9651-35-0002,35266,9651-35-0002,69696,3905932,20103674
190190297,23-00,B737-8,CABIN,285W0024-1B,F63727,285W0024-23M,F62522,4189850,ARC175511
55672847,33-42,B737-8,RH,45-0351-4,4805,45-0351-6,8553,4117500,PAV13659
190287705,33-00,M73-82,CABIN,9651-35-0005,***30384***,9651-35-0005,48919,4037574,163598
55506488,38-00,B737-8,FWD,SC4L500301-5,172159917-001,SC4L500301-5,172694187-003,3821459,E-5718722
190363080,33-00,M73-82,29 ABC,9651-35-0005,33029,9651-35-0005,28927,4043335,3919
55397128,25-32,M73-82,AFT GALLEY,62197-301-001,17-08-0407,62197-301-001,17-01-0356,3834091,1308737
190635156,25-37,B737-8,FWDGALLY,8201-11-0000,07-12-24534,8201-11-0000,02-09-18205,4094670,KAV0226059
190980662,25-00,B737-8,#1,8201-11-0000-01,10-02-28233,8201-11-0000-01,10-07-29001,4094627,KAV0226050
190549212,25-00,B737-8,AFTGALLY,8201-11-0000-01,16-06-37693,8201-11-0000-01,23-06-0154,3452413,S23/2869H-1
55682832,33-21,B737-8,9DEF,9651-35-0003,10383,9651-35-0003,18632,4072449,20164774-1
980009297,72-00,B737-8,#2,340-001-036-0,DM163944,340-001-036-0,PF478325,4152275,
980009297,72-00,B737-8,#2,340-001-036-0,DM163901,340-001-036-0,PF529573,4152268,
190426262,33-00,M73-82,RH,72605363-1,3659,72605363-1,3336,4128765,356080607
55594125,38-11,B737-8,FWD,SC4L500301-5,877048,SC4L500301-5,172694182-004,3795803,E-5671418
190240357,26-16,B737-8,AFT,473597-5,48158,473597-5,SJA4966,3971273,7550
55536744,26-23,B737-8,AFT,473597-5,SJA5391,473597-5,56945,3792832,61484
55155101,23-00,B737-8,FL DK,5145-1-82,17414,5145-1-82,19683,3779910,PAV9231
190542125,38-11,B737-8,FWD,SC4L500301-5,11534906-008,SC4L500301-5,173163655-001,3867831,5788549
190173298,33-00,B737-8,RH,45-0351-4,5272,45-0351-4,6536,3991140,PAV11941
55343811,33-00,M73-82,28ABC,9651-35-0005,18218,9651-35-0005,45714,3716759,132433
55362325,33-00,M73-82,CABIN,9651-35-0003,7536,9651-35-0003,6413,4184186,ARC175246
190052519,23-00,B737-8,FL DK,5145-1-82,12540,5145-1-82,13724,4126543,PAV13808
55628555,25-33,B737-8,102,72184025,4225,62197-301-001,21-11-0711,3780394,PAV9241
35049378,25-00,B737-8,FWD,8201-11-0000-01,17-12-40027,8201-11-0000,06-01-21692,3240865,L-3240865
55569383,34-11,B737-8,CAPT,0851HT2,457489,0851HT2,465290,3786239,407504080
55569383,34-11,B737-8,F/O,0851HT1,417581,0851HT2,465408,3786247,407511347
55569383,34-11,B737-8,ALT,0851HT1,426129,0851HT1,440026,3780663,34478283
55284963,33-42,M73-82,LH,72605363-1,2706,72605363-1,1214,4189273,356596446
190540172,33-00,B737-8,CABIN,9651-35-0005,21022,9651-35-0005,61193,3918217,20105848
190626751,33-20,B737-8,30 DEF,9651-35-0005,18899,9651-35-0005,33661,4011321,ARC161455
190374378,05-00,M73-82,GALLEY G4,62197-301-001,16-12-0321,62197-301-001,21-11-0724,4160272,KAV0526105
190639096,33-00,B737-8,12 ABC,9651-35-0005,23067,9651-35-0005,66667,3907775,20102273
41856755,38-00,M73-82,7050MM,62197-301-001,17-12-0416,62197-301-001,15-11-0138,3786205,WAV221
55646029,33-20,B737-8,29ABC,9651-35-0005,23401,9651-35-0005,17267,3740961,134701
190714293,38-00,B737-8,AFTGALLY,62197-301-001,19-07-1214,72184025,N10010153044609,3674779,1162927
190224223,25-00,B737-8,FWDGALLY,62197-301-001,22-10-0361,72184025,4297,3603998,1099271
190290150,33-00,M73-82,CABIN,9651-35-0002,47944,9651-35-0002,19293,3941062,ARC154200
980006512,25-00,B737-8,AFTGALLY,8201-11-0000,05-01-20766,8201-11-0000-01,09-03-26646,4110346,
35005908,23-51,B737-8,FL DK,5145-1-82,18431,5145-1-88,25437,4033963,PAV12579
103638595,36-11,B737-8,#2,107484-7,8134,107484-7,19128,3872793,353045896
190502137,25-31,M73-82,7050MM4,8201-11-0000-01,23-09-0180,8201-11-0000-01,21-10-0527,3880402,KAV0425022
40884538,25-31,B737-8,AFT RH,72184025,4248,72184025,4055,3792585,1271916
40722952,38-00,B737-8,FWD,SC4L500301-5,11304658-001,SC4L500301-5,173651770-005,3947865,5910887
35052397,25-00,B737-8,AFTGALLY,8201-11-0000,04-01-19625,8201-11-0000-01,16-01-37093,3646415,1140804
191535533,38-00,B737-8,AFT RH,SC4L500301-5,11451783-004,SC4L500301-5,175486110-009,4193197,E-6240030
190375585,25-00,M73-82,G1,62197-301-001,22-02-0447,62197-301-001,15-03-7396,4094583,WAV1284
190791784,26-16,B737-8,AFT,473597-5,24826,473597-5,SJF1337,3849408,407808924
41987593,26-16,B737-8,AFT,473597-5,SJB1107,473597-5,37581,3747003,R548270
190307051,38-11,M73-82,LAV,SC4L500301-5,11304675-001,SC4L500301-5,173389305-004,3893210,E-5833784
55555914,72-21,B737-8,#1,340-001-036-0,PC372142,340-001-036-0,PF424491,3768112,1144055
191500950,33-21,B737-8,8 ABC,9651-35-0002,26267,9651-35-0002,16933,4148454,172403
190573819,26-00,B737-8,AFT,473597-5,SJA6741,473597-5,SJA4914,4137452,0013659692
190206763,23-00,B737-8,FL DK,5145-1-82,15960,5145-1-88,28523,3970403,PAV11692
191385526,33-21,B737-8,20DEF,9651-35-0002,53305,9651-35-0002,22066,4184207,ARC175273
190045917,26-00,B737-8,FWD,473597-5,37060,473597-5,SJA5088,3892875,R550711-63123
42152454,25-30,M73-82,GALLEY G4,8201-11-0000-01,15-10-36713,8201-11-0000,04-01-19666,4096342,PAV13497
191419146,38-00,B737-8,LAV E,SC4L500301-5,11451774-004,SC4L500301-5,175167867-003,4143411,E6178748
190564539,23-42,B737-8,FWD CAB,285W0024-1B,D22373,285W0024-1B,D17263,3979629,ARC157662
55676013,33-00,B737-8,29DEF,9651-35-0005,33769,9651-35-0005,16633,4078803,7445
190592459,25-35,B737-8,102,62197-301-001,23-10-0077,62197-301-001,17-12-0473,3843273,SAV558
190233652,25-00,B737-8,FWDGALLY,8201-11-0000-01,15-11-36873,8201-11-0000-01,21-06-0258,3899074,PAV10825
55723243,25-00,B737-8,AFTGALLY,62197-301-001,21-02-0154,62197-301-001,21-11-0697,3801473,1278893
190424296,33-21,M73-82,#27 RH,9651-35-0004,18776,9651-35-0004,10890,4006650,160465
190424296,33-21,M73-82,#29 RH,9651-35-0005,49630,9651-35-0005,32461,4134265,ARC171326
40177707,25-00,B737-8,AFT LH,72184025,N10040453044698,72184025,4275,3812353,PAV9823
190362809,33-21,M73-82,#30 RH,9651-35-0005,61170,9651-35-0005,66837,3959025,20112419
55168203,33-00,B737-8,RH,45-0351-4,6476,45-0351-4,1558,3815788,1293131
191319822,23-42,B737-8,AFT CAB,285W0024-1B,F24620,285W0024-23M,F59588,4213594,177683
190449125,25-00,M73-82,AFT GALLEY,62197-301-001,25-05-0359,62197-301-001,17-11-0436,4177192,WAV1480
55394690,23-00,M73-82,FWD CAB,285W0024-1B,D17229,285W0024-1M,F52318,3730900,ARC133787
190104947,25-00,B737-8,FWD,8201-11-0000-01,15-11-36878,8201-11-0000,08-08-25868,3870559,PAV10561
55633831,38-00,B737-8,LAV E,14330-230,35523,14330-230,20669,3800763,0001094687
190728008,26-16,B737-8,AFT,473597-5,SJA6868,473597-5,SJF1084,3908189,408095
190997658,25-00,B737-8,FWDGALLY,8201-11-0000-01,09-03-26647,8201-11-0000,04-11-20585,4006361,KAV1125030
55737148,33-00,B737-8,12DEF,9651-35-0005,21454,9651-35-0005,25550,4043373,64046
191246857,33-21,M73-82,31ABC,9651-35-0005,52737,9651-35-0005,27569,4179332,ARC174916
190021065,33-00,B737-8,RH,45-0351-4,5521,45-0351-4,5521,3824284,L-3322974
191125104,33-21,M73-82,19ABC,9651-35-0002,68782,9651-35-0002,63979,4207623,67564
55520072,33-42,B737-8,RH,45-0351-4,3518,45-0351-4,3740,4041854,PAV
191356990,33-00,B737-8,10 ABC,9651-35-0004,22294,9651-35-0004,6317,4179450,ARC174676
55289954,25-32,M73-82,GALLEY G4,62197-301-001,16-10-0270,62197-301-001,22-02-0464,3989023,WAV918
190720529,25-00,B737-8,FWDGALLY,8201-11-0000,06-12-22982,8201-11-0000,06-01-21692,4094620,KAV0226044
190550143,26-16,B737-8,AFT,473597-5,SJA6908,473597-5,SJA6435,3950546,00000000000012766592
190022205,25-00,B737-8,FWD,72184025,N10030461044659,72184025,4214,4214229,WAV1587
190426978,33-21,M73-82,31DEF,9651-35-0005,66649,9651-35-0005,33024,3842271,143814
190194499,23-51,B737-8,FL DK,5145-1-82,12663,5145-1-82,10489,4117481,PAV13692
190778919,25-31,B737-8,AFT,8201-11-0000-01,16-02-37188,8201-11-0000-01,21-11-0163,3802999,PAV9658
55397468,33-00,M73-82,CABIN,9651-35-0002,52513,9651-35-0002,51035,3839355,20093704
55067290,25-00,B737-8,CABIN,8201-11-0000,08-05-25477,8201-11-0000-01,15-06-36280,3567056,1057295
55452517,38-00,M73-82,LAV A,SC4L500301-5,11044547,SC4L500301-5,173389305-006,3893230,E-5833781
980009546,25-31,B737-8,N/A,8201-11-0000,05-02-20903,8201-11-0000,08-08-25850,3979167,
191089164,25-00,M73-82,AFTGALLEYFWD,62197-301-001,15-11-0126,62197-301-001,23-09-0234,4055301,WAV1130
55308653,25-00,M73-82,AFT GALLEY,8201-11-0000-01,10-02-28223,8201-11-0000-01,21-01-0261,4006472,KAV1125043
42126151,25-00,M73-82,CABIN,62197-301-001,22-05-0086,62197-301-001,21-02-0085,4009347,WAV1002
42121346,38-00,M73-82,GALLEY G4,62197-301-001,21-02-0085,62197-301-001,21-08-0076,3967673,1430759
55526507,25-00,B737-8,AFTGALLY,8201-11-0000-01,09-10-27614,8201-11-0000-01,21-08-0150,3773391,PAV9136
35058707,25-00,B737-8,FWD,62197-301-001,17-06-0378,62197-301-001,14-12-7220,3818415,PAV9915
55272468,33-00,B737-8,4ABC,9651-35-0002,39258,9651-35-0002,53465,3807287,9085
190118445,05,B737-8,#1,340-001-038-0,DB857428-2,340-001-038-0,DM008002,3951654,R25082803001
190118445,05,B737-8,#1,340-001-038-0,BB887987-8,340-001-038-0,DM169838,3946974,R25062009000
190118445,05,B737-8,#1,340-001-039-0,BB472095-9,340-001-038-0,DM007857,3951676,R25082713001
190118445,05,B737-8,#1,340-001-038-0,PA443869-B,340-001-038-0,DM008377,3951658,R25082711001
190118445,05,B737-8,#1,340-001-038-0,BB865743-4,340-001-038-0,DM008052,3951648,R25082717001
190118445,05,B737-8,#1,340-001-038-0,BB887997-N,340-001-038-0,DM007905,3951669,R25082710001
55054661,23-00,B737-8,FWD,285W0024-1B,D19891,285W0024-1B,F25919,4157397,ARC173260
55309321,33-00,M73-82,22ABC,9651-35-0002,35676,9651-35-0002,22503,3818865,ARC142133
55041606,25-00,B737-8,AFTGALLY,72184025,N10100893044735,72184025,4030,3903313,1370022
55293845,33-21,M73-82,22ABC,9651-35-0002,66396,9651-35-0002,56331,3916469,5686
55352943,25-30,M73-82,GALLEY 4,62197-301-001,16-10-0265,62197-301-001,21-08-0077,3773593,PAV9158
55022211,33-00,B737-8,RH,45-0351-4,4703,45-0351-6,8643,3889227,1357595
55571362,33-21,B737-8,#18 LH,9651-35-0002,35790,9651-35-0002,66396,3946018,0257-1.000
190622683,33-00,B737-8,CAB,9651-35-0002,24777,9651-35-0002,71086,3891062,20101732
190608279,33-00,B737-8,4 ABC,9651-35-0002,70860,9651-35-0002,38234,4084590,7623
55662947,38-00,B737-8,AFTGALLY,62197-301-001,16-01-0187,62197-301-001,15-11-0137,4040607,WAV1070
55500976,25-00,M73-82,CAB,8201-11-0000,07-12-24546,8201-11-0000,05-08-21352,4091733,PAV13399
190544353,23-42,B737-8,AFT CAB,285W0024-1B,D23784,285W0024-1M,F61367,4095660,05216240
190451336,25-00,M73-82,FWD GALLEY,8201-11-0000-01,09-04-26804,8201-11-0000-01,09-12-27995,3819135,KAV0125048
190083166,23-00,B737-8,FL DK,5145-1-82,13751,5145-1-82,16206,4043509,PAV12719
42049266,33-42,B737-8,RH,72605363-1,5226,72605363-1,1745,3768263,951781
55362237,25-00,M73-82,G1,62197-301-001,14-12-7219,62197-301-001,16-02-0211,3780390,PAV9246
190255955,23-00,B737-8,CAPT,5145-1-82,16268,5145-1-82,16898,3905247,PAV10855
55382678,33-00,M73-82,#28 RH,9651-35-0005,58466,9651-35-0005,50564,3941118,53495
102555211,72-00,M73-82,#2,2085M31G03,PAT1C969,2085M31G03,PSDNH584,3815981,TCA25A-00216
102555211,72-00,M73-82,#2,2085M31G03,PAT1C966,2085M31G03,PSDNH581,3815971,TCA25A-00213
191216129,25-00,M73-82,GALLEY G4,62197-301-001,18-07-0591,62197-301-001,25-12-0005,4037543,198
190142638,25-00,B737-8,#4,8201-11-0000-01,18-01-0418,8201-11-0000-01,09-03-26638,3960715,KAV0925009
106938111,36-00,B737-8,#2,107484-7,17776,107484-7,12044,4146239,355672309
55153196,25-00,B737-8,AFT,72184025,3008,72184025,4265,4226166,PAV14948
190254617,33-42,B737-8,RH,45-0351-4,5829,45-0351-4,5710,3975912,1436111
190266650,38-30,B737-8,AFT RH,14330-230,41322,14330-230,ZSK676,3958772,1159873
55611600,25-00,B737-8,FWDGALLY,8201-11-0000-01,15-12-37022,8201-11-0000-01,21-06-0267,3905137,PAV10853
55611600,25-00,B737-8,AFTGALLY,8201-11-0000,04-01-19670,8201-11-0000-01,11-02-29754,3905131,PAV10852
35060299,25-00,B737-8,AFTGALLY,8201-11-0000-01,19-05-0651,8201-11-0000,06-11-22805,3980426,KAV1025005
190200689,23-42,B737-8,FWD,285W0024-1B,D19084,285W0024-1B,F49318,3877670,ARC147446
190140418,23-42,B737-8,AFT,285W0024-1B,F33320,285W0024-1M,F42402,4179140,ARC174485
190461322,25-32,M73-82,GALLEY 4,62197-301-001,18-07-0602,62197-301-001,19-07-1212,3851393,KAV0225051
190614597,33-21,B737-8,6DEF,9651-35-0002,38792,9651-35-0002,74369,3897742,04640199
190202760,25-00,B737-8,AFT,8201-11-0000-01,09-03-26655,8201-11-0000,04-11-20592,4146471,PAV14090
55458264,25-32,M73-82,GALLEY 4,62197-301-001,25-04-0412,62197-301-001,21-02-0118,4091711,SAV854
55377262,33-21,M73-82,20ABC,9651-35-0002,54370,9651-35-0002,71759,3836298,2995
190164756,38-32,B737-8,FWD,14330-230,072682,14330-230,2374,3851593,1116036
42183121,25-00,M73-82,001 FWD GALLEY,62197-301-001,16-08-0250,62197-301-001,23-05-0234,3991774,SAV675
190406372,33-00,M73-82,RH,72605363-1,2640,72605363-1,6440,4022391,5006201
190040378,25-00,B737-8,AFT,72184025,4229,72184025,3063,4110328,KAV0426030
55605435,33-21,B737-8,27 LH,9651-35-0005,50665,9651-35-0005,69612,3766743,2103-1.000
980010234,25-31,B737-8,FWD GALLEY,62197-301-001,14-07-6901,62197-301-001,22-12-0124,4165481,
191246853,38-00,M73-82,CABIN,9651-35-0005,52786,9651-35-0005,32291,4179443,ARC174698
42049290,26-16,B737-8,AFT,473597-5,SJA4964,473597-5,40508,3792933,R549100-61526
191318604,38-11,B737-8,LAV A,SC4L500301-5,11304667-003,SC4L500301-5,174853089-009,4088318,E-6113273
42196156,38-11,M73-82,LAV D,SC4L500301-5,170213885-002,SC4L500301-5,174303118-001,4015920,E-6016509
41842542,33-00,M73-82,LH,72605363-1,3792,72605363-1,2761,3993713,354632712
190558394,33-00,B737-8,#22 LH,9651-35-0002,26429,9651-35-0002,51699,3990150,159006
42156146,25-00,M73-82,AFT GALLEY,62197-301-001,16-02-0211,62197-301-001,17-07-0390,3822622,PAV9986
190361091,27-00,M73-82,LH STAB,0851HT1,406217,0851HT2,471615,3886915,408006455
55302453,33-00,M73-82,19DEF,9651-35-0002,63755,9651-35-0002,50466,4096635,ARC168741
55677950,25-00,B737-8,AFTGALLY,62197-301-001,23-08-0291,62197-301-001,18-01-1104,3770971,1252441
55381702,33-00,M73-82,31ABC,9651-35-0005,62872,9651-35-0005,18727,3925105,ARC152309
35084768,33-21,B737-8,6DEF,9651-35-0002,38234,9651-35-0002,53913,4053622,ARC1665246
190653423,25-30,B737-8,AFTGALLY,8201-11-0000,03-12-19538,8201-11-0000-01,21-06-0263,3868928,PAV10552
106629136,36-00,B737-8,#2,107484-7,17701,107484-7,11698,4114801,355170466
191123780,23-00,M73-82,FWD CAB,285W0024-1B,D22463,285W0024-1B,D04392,4037608,163539
191523278,25-35,B737-8,AFTGALLY,62197-301-001,17-11-0451,62197-301-001,25-04-0062,4183956,WAV1511
191384604,26-00,B737-8,AFT,473597-5,SJA4773,473597-5,56094,4179899,13809886
191047826,21-00,B737-8,FWD,8201-11-0000,05-08-21351,8201-11-0000,08-05-25462,4176394,KAV0626030
191532847,33-21,B737-8,CAB,9651-35-0004,17525,9651-35-0004,11908,4179316,ARC174929
55785231,34-00,B737-8,RH,0851HT1,371918,0851HT2,465139,3763855,6325
190306553,33-21,M73-82,6ABC,9651-35-0002,22336,9651-35-0002,24602,3872604,147255
40424736,33-00,B737-8,18DEF,9651-35-0002,50455,9651-35-0002,53806,4031712,163284
190089871,25-00,B737-8,AFTGALLY,72184025,4348,72184025,N09070402044573,3634622,1128838
55350114,33-00,M73-82,RH,9651-35-0002,65007,9651-35-0002,63113,4037054,20150046
190298326,33-00,M73-82,22ABC,9651-35-0002,49675,9651-35-0002,22392,4043493,64231
35050948,33-21,B737-8,20ABC,9651-35-0002,34974,9651-35-0002,49538,3893247,149382
190775447,72-21,B737-8,#1,340-001-038-0,DM126059,340-001-038-0,DM147443,3930611,R25072216001
42199234,25-00,M73-82,GALLEY 4,62197-301-001,21-02-0134,62197-301-001,16-06-0223,4070256,WAV1186
190561623,25-00,B737-8,FWDGALLY,8201-11-0000,07-10-24308,8201-11-0000,07-01-23103,3941090,KAV0725042
190342469,25-35,M73-82,AFTGALLY,62197-301-001,22-10-0011,62197-301-001,16-11-0300,4233125,KAV0826053
190280373,25-00,M73-82,G1,62197-301-001,19-01-0482,62197-301-001,25-03-0473,3869376,S25/1556H-1
55353594,33-20,M73-82,26DEF,9651-35-0004,23016,9651-35-0004,21801,3316417,02884774
191048172,25-00,B737-8,AFT,72184025,N09030242044469,72184025,4442,4090085,KAV0326071
190497478,25-00,M73-82,AFTGALLY,62197-301-001,15-03-7409,62197-301-001,15-12-0165,4008180,PAV12242
190164098,23-00,B737-8,F/O,5145-1-82,7469,5145-1-82,20576,3953198,PAV11435
55502983,33-00,B737-8,RH,45-0351-4,4851,45-0351-4,5126,3921393,1387784
55727619,33-42,B737-8,LH,72605363-1,1642,72605363-1,1580,4001900,354730311
191318269,33-00,B737-8,CABIN,9651-35-0005,20849,9651-35-0005,29746,4134290,ARC171283
190569717,23-00,B737-8,FL DK,5145-1-82,13785,5145-1-82,16111,4080690,PAV13276
55462650,33-00,M73-82,CABIN,9651-35-0001,12462,9651-35-0001,6696,3794595,ARC138678
55462650,33-00,M73-82,CABIN,9651-35-0005,72055,9651-35-0005,28387,3792356,ARC139830
55654842,25-00,B737-8,AFT,72184025,N10040440044685,72184025,N09030223044450,3829803,WAV364
55538032,25-00,B737-8,AFT,72184025,3039,72184025,4261,3829037,WAV355
40821939,38-11,B737-8,RH,SC4L500301-5,171615832-002,SC4L500301-5,174563162-003,4045493,E-6058530
190274382,25-00,B737-8,FWD,62197-301-001,23-06-0203,72184025,4361,4091802,KAV0326096
55490163,38-11,M73-82,LAV A,SC4L500301-5,171658448-003,SC4L500301-5,172442905-008,3792210,4901
55355855,38-00,M73-82,LAV A,SC4L500301-5,170118752-001,SC4L500301-5,172694181-008,3798465,5671419
191407000,25-35,B737-8,AFTGALLY,8201-11-0000,08-08-25856,8201-11-0000,02-11-18424,4145733,KAV0526037
190581459,33-21,B737-8,9ABC,9651-35-0003,5274,9651-35-0003,18626,3976359,20116081
190610222,33-21,B737-8,18DEF,9651-35-0002,18007,9651-35-0002,33916,4091598,ARC168421
190282033,33-21,M73-82,CAB,9651-35-0005,69571,9651-35-0005,56008,3882955,20100250
191412030,34-11,B737-8,CAPT,0851HT1,428488,0851HT2,480538,4091753,408919681
41996668,25-00,B737-8,AFT GALLEY,62197-301-001,23-08-0262,62197-301-001,23-05-0004,3788748,WAV227
55657245,36-00,B737-8,#1,107484-7,19382,107484-7,12796,3818534,352491490
55459476,25-00,M73-82,GALLEY G4,8201-11-0000-01,17-12-40025,8201-11-0000-01,11-02-29733,4095980,PAV13486
190437497,33-21,M73-82,30DEF,9651-35-0005,50853,9651-35-0005,36959,3954434,ARC155334
55168860,25-00,B737-8,RH AFT,8201-11-0000-01,09-12-27974,8201-11-0000,05-08-21363,3851277,PAV10365
190279898,38-00,M73-82,FWD,SC4L500301-5,172234565-004,SC4L500301-5,173662868-006,3941388,0677
190632473,33-00,B737-8,27 DEF,9651-35-0005,36982,9651-35-0005,17711,3890582,148976
190670762,33-21,B737-8,2ABC,9651-35-0005,29089,9651-35-0005,64064,3859769,20096895-1.000
55673650,33-21,B737-8,CABIN,9651-35-0002,58636,9651-35-0002,22432,3925097,ARC152278
55396976,23-00,M73-82,AFT CAB,285W0024-1B,F25836,285W0024-1B,D22515,3779854,ARC138619
55623401,33-20,B737-8,CAB,9651-14-0005,8831,9651-14-0005,12625,3758947,20081208
55623401,33-20,B737-8,CAB,9651-35-0005,31968,9651-35-0005,60962,3816170,2009099
55590068,33-00,B737-8,24ABC,9651-35-0003,5671,9651-35-0003,10244,3795868,139961
42119873,25-30,M73-82,FWD,62197-301-001,15-10-8005,62197-301-001,16-07-0245,3975924,1434622
55404016,26-00,M73-82,AFT,473597-5,24561A,473597-5,SJA7966,3795909,61492
41917426,33-00,B737-8,22ABC,9651-35-0002,30591,9651-35-0002,47727,3907477,150149
191131274,25-00,M73-82,GALLEY G4,62197-301-001,18-07-0599,62197-301-001,23-09-0127,4160324,KAV0526121
980005720,38-30,M73-82,LAV A,SC4L500301-5,170244616-002,SC4L500301-5,174737220-005,4069328,
191530352,25-31,B737-8,AFTGALLY,8201-11-0000,06-11-22805,8201-11-0000-01,17-11-39501,3969104,PAV11683
190534407,36-00,B737-8,#1,107484-7,19107,107484-7,18564,3835135,13307
191305066,33-20,B737-8,8 DEF,9651-35-0002,53505,9651-35-0002,33694,4061395,ARC166015
190530164,33-00,B737-8,30ABC,9651-35-0005,33745,9651-35-0005,32686,4011299,ARC161416
190231524,25-00,B737-8,FWD GALLEY,62197-301-001,22-02-0471,62197-301-001,19-07-1229,3979399,1439761
190427920,38-00,M73-82,LAV V,SC4L500301-5,11304578-009,SC4L500301-5,175184263-005,4148164,6188930
55666257,33-21,B737-8,RH6,9651-35-0002,35733,9651-35-0002,18287,3964330,ARC156566
106615112,36-00,B737-8,#1,107484-7,19376,107484-7,18417,4095166,513318
190186854,25-00,B737-8,7050MM3,72184025,N10100887044729,72184025,4024,3826044,1301794
190186854,25-00,B737-8,7050MM4,72184025,4111,72184025,4259,3619692,1113016
190514836,38-00,B737-8,LAV E,14330-230,40005,14330-230,25572,3784101,0001093383
190368985,38-00,M73-82,AFT LH,SC4L500301-5,11140733,SC4L500301-5,173163660-005,3869849,E-5790080
55713124,33-00,B737-8,30ABC,9651-35-0005,29354,9651-35-0005,18166,3792394,ARC139693
191046301,33-42,B737-8,RH,45-0351-4,3602,45-0351-6,11515,4179480,PAV0526121
190408561,25-00,M73-82,FWDGALLY,8201-11-0000,07-10-24305,8201-11-0000-01,18-06-0138,4118935,KAV0226042
190130930,25-31,B737-8,AFTGALLY,72184025,N09040559044500,72184025,4228,4004202,SAV690
55269324,36-11,B737-8,#2,107484-7,10139,107484-7,20623,4021072,8703
190240584,26-16,B737-8,AFT,473597-5,53546,473597-5,AZZ3762,4108737,974156
190334083,33-21,M73-82,31DEF,,,9651-35-0005,45512,4197403,ARC175844
55228274,23-00,B737-8,FL DK,5145-1-82,18467,5145-1-82,18340,3953174,PAV11443
14085778,25-00,B737-8,FWD,72184025,N10020048044634,72184025,4386,3955662,WAV787
104494866,25-31,B737-8,FWD GALLEY,62197-301-001,22-02-0450,62197-301-001,21-02-0300,3932337,PAV11142
55555739,72-21,B737-8,#2,340-001-038-0,DC612242,340-001-038-0,DM137045,4210840,R26070908001
55474154,25-32,M73-82,AFT GALLEY,62197-301-001,16-12-0305,62197-301-001,22-01-0398,4037419,WAV1063
55391724,25-00,M73-82,AFT,8201-11-0000,04-02-19764,8201-11-0000-01,10-07-29013,3693306,1186584
55712295,26-00,B737-8,AFT,473597-5,SJB0863,473597-5,SJA5626,3846314,R550038
191047981,23-00,B737-8,FL DK,5145-1-82,10876,5145-1-82,11781,4227281,PAV15000
980008836,72-21,B737-8,#1,340-001-036-0,DM129549,340-001-038-0,DM118424,4132226,
55562747,25-00,B737-8,AFTGALLY,62197-301-001,14-07-6900,62197-301-001,17-07-0384,3719641,1211171
55408074,25-32,M73-82,002 AFT GALLEY,62197-301-001,23-10-0072,62197-301-001,21-11-0699,3794639,SAV479
55363179,25-00,M73-82,GALLEY 4,8201-11-0000,08-08-25874,8201-11-0000-01,21-01-0233,3768420,PAV9047
191264281,72-00,M73-82,#1,2085M31G03,PAT6A982,2085M31G03,PAT09J84,4060726,RH32552-1
190224756,33-00,B737-8,RH,45-0351-4,6084,45-0351-4,6991,4070532,PAV13114
55313585,33-21,M73-82,16 DEF,9651-35-0005,66728,9651-35-0005,17952,3869233,ARC1467
190286509,23-00,M73-82,FWD CAB,285W0024-1B,D12351,285W0024-1B,F24167,3969191,ARC157048
190911887,38-32,B737-8,FWD,14330-230,39854,14330-230,28203,4015645,0001172125
55508198,25-31,B737-8,AFTGALLY,8201-11-0000-01,17-08-39186,8201-11-0000,07-09-24214,3605351,1101078
190312029,33-21,M73-82,7 ABC,9651-35-0002,30175,9651-35-0002,38792,3911193,ARC150955
190595851,36-11,B737-8,#1,107484-7,19374,107484-7,20607,3979210,20250018
55562073,26-00,B737-8,FWD,473597-5,SJA5174,473597-5,36831,3920831,63485
55562073,26-00,B737-8,FWD,473597-5,SJA5699,473597-5,40765,3921471,63500
190603292,33-42,B737-8,RH,72605363-1,2591,72605363-1,4151,3848817,876716
190535821,33-21,B737-8,29DEF,9651-35-0005,27558,9651-35-0005,20540,3934620,ARC153450
55449096,33-21,M73-82,8ABC,9651-35-0002,53935,9651-35-0002,38829,4019665,ARC162169
191419090,33-20,B737-8,31DEF,9651-35-0005,20392,9651-35-0005,18174,4166985,ARC173599
190508087,33-00,B737-8,RH,9651-35-0005,36463,9651-35-0005,49119,4006648,160494
42175716,38-11,M73-82,LAV V,SC4L500301-5,11048599,SC4L500301-5,172211401-001,3740121,E-5549875
191181586,25-00,M73-82,FWD GALLEY,62197-301-001,14-09-7025,62197-301-001,21-02-0106,4124589,WAV1376
191338576,25-00,B737-8,AFTGALLY,72184025,N09030228044455,72184025,4091,4177035,WAV1488
190708209,36-00,B737-8,#2,107484-7,18413,107484-7,14117,4185510,355641524
55698933,25-00,B737-8,FWDGALLY,8201-11-0000-01,22-02-0654,8201-11-0000-01,23-04-0070,3917265,KAV0725001
41882902,23-00,M73-82,AFT CAB,285W0024-1B,D17022,285W0024-1B,F25913,3758378,136245
190576846,33-20,B737-8,CABIN,9651-35-0004,5945,9651-35-0004,6449,4005119,ARC160783
190433153,25-00,M73-82,GALLEY G4,62197-301-001,18-01-1111,62197-301-001,18-01-0444,4084837,SAV840
42142875,38-00,M73-82,LAV A,SC4L500301-5,173531025-001,SC4L500301-5,174023114-007,3971341,E-5953778
190956598,25-00,B737-8,FWD,72184025,N09030605044472,72184025,N09050470044522,4134579,KAV0426093
55053413,23-00,B737-8,FWD,285W0024-1B,D16929,285W0024-1M,F43313,3838815,ARC143730
55418972,33-21,M73-82,28ABC,9651-35-0005,18174,9651-35-0005,16219,4121893,170405
35046734,33-20,B737-8,31DEF,9651-35-0005,31598,9651-35-0005,61600,4019953,20134771
190593250,33-20,B737-8,29ABC,9651-35-0005,31217,9651-35-0005,23234,4001782,160339
190073543,23-44,B737-8,CABIN,285W0024-1B,F37737,285W0024-1M,F40599,4166908,ARC173860
55606312,33-21,B737-8,19 ABC,9651-35-0002,18335,9651-35-0002,62750,3791743,2008637
190487680,33-00,M73-82,15 DEF,9651-35-0005,51096,9651-35-0005,21146,4210630,ARC177591
190730195,33-21,B737-8,6DEF,9651-35-0002,48526,9651-35-0002,18881,4001741,59900
190286931,33-00,M73-82,30ABC,9651-35-0005,51096,9651-35-0005,33574,3964311,ARC156199
103273043,36-11,B737-8,#2,107492-6,19946,107492-6,12964,3783736,351644451
103273043,36-11,B737-8,#2,63292146-1,2846,63292146-1,166,3843837,352733183
103273043,36-11,B737-8,#2,107484-7,19403,107484-7,10870,3840586,352643158
41615846,25-00,B737-8,FWDGALLY,62197-301-001,18-06-0100,62197-301-001,22-12-0351,3801477,1278897
190101281,25-00,B737-8,FWD,62197-301-001,22-11-0532,62197-301-001,23-06-0200,3928970,WAV652
41930537,33-00,B737-8,19DEF,9651-35-0002,32646,9651-35-0002,33466,3857358,ARC145492
55605569,25-00,B737-8,AFTGALLY,72184025,N12021005044828,72184025,4009,3719606,1211009
55272001,25-00,B737-8,AFT,8201-11-0000-01,19-05-0148,8201-11-0000,07-09-24225,3765958,1248346
190196691,33-42,B737-8,RH,45-0351-4,6388,45-0351-4,5547,3961805,PAV11590
190307324,33-21,M73-82,CABIN,9651-35-0002,66008,9651-35-0002,69459,3897500,04640199
55623076,25-31,B737-8,FWDGALLY,8201-11-0000-01,17-02-38429,8201-11-0000-01,16-01-37086,3856962,PAV10412
190077048,25-00,B737-8,AFT,8201-11-0000,02-10-18233,8201-11-0000,03-02-18699,4002965,KAV1125011
190532181,33-00,B737-8,22DEF,9651-35-0002,54994,9651-35-0002,53338,3943997,20108435
41796431,33-00,M73-82,CABIN,9651-35-0002,17057,9651-35-0002,18930,3925190,ARC152326
25839068,23-51,B737-8,FL DK,5145-1-82,16069,5145-1-82,15451,3794685,PAV9539
55684413,33-00,B737-8,2DEF,9651-35-0004,10852,9651-35-0004,16969,3697438,130173
106346004,36-00,B737-8,#1,107484-7,17389,107484-7,18683,4074907,355426110
190173566,25-00,B737-8,FWD,8201-11-0000,06-11-22824,8201-11-0000,08-07-25642,3964540,PAV11633
55509826,25-00,B737-8,FWDGALLY,62197-301-001,15-10-8014,72184025,4030,3682561,1175704
42188236,33-00,M73-82,11ABC,9651-35-0004,12406,9651-35-0004,6182,4067825,ARC166123
42188236,33-00,M73-82,26DEF,9651-35-0004,17601,9651-35-0004,13377,4091448,ARC168183
42033817,25-00,B737-8,AFTGALLY,72184025,4155,62197-301-001,15-07-7804,3852631,KAV0425027
55283418,38-11,M73-82,FWD,SC4L500301-5,11190618,SC4L500301-5,175167865-005,4143366,E6178748
55403116,25-00,M73-82,GALLEY 4,62197-301-001,17-12-0473,62197-301-001,15-03-7406,3775183,1256800
190147455,25-00,B737-8,AFTGALLY,72184025,4040,72184025,4147,4177066,PAV14408
53879604,38-32,B737-8,LH AFT,14330-230,091229,14330-230,ZSK514,4036814,1182114
41859864,33-00,M73-82,RH,72605363-1,3808,72605363-1,0030,4055868,355426247
41997241,33-21,B737-8,CABIN,9651-35-0002,35316,9651-35-0002,76668,3976356,20116072
190276121,33-00,M73-82,5 ABC,9651-35-0002,71908,,,9544634,
41730630,25-00,B737-8,FWDGALLY,72184025,N10020034044620,72184025,4292,3664976,1140635
190150103,38-00,B737-8,AFT RH,14330-230,**Z5K216**,14330-230,28499,4036817,1183183
42201817,33-21,M73-82,32 R/H,9651-35-0005,67804,9651-35-0005,24243,3762784,136639
104772834,36-11,B737-8,LH,107484-7,18119,107484-7,19586,3963789,354308284
104772834,36-11,B737-8,#1,3214446-4,18242,3214446-4,8169,3948958,354021119
190644342,33-21,B737-8,15DEF,9651-35-0005,16535,9651-35-0005,29379,4096578,ARC168517
55431139,33-00,M73-82,RH,72605363-1,5133,72605363-1,1200,3811932,352477226
190167272,27-31,B737-8,FIN,0851HT1,414511,0851HT2,458908,3643259,406878144
55688067,26-16,B737-8,AFT,473597-5,SJB1126,473597-5,SJA6140,3930538,0000012706239
55513248,33-21,B737-8,25DEF,9651-35-0004,6167,9651-35-0004,5997,3740959,134705
190644193,25-00,B737-8,AFTGALLY,8201-11-0000,04-10-20487,8201-11-0000,03-03-18855,4144225,PAV14058
190650525,33-21,B737-8,23ABC,9651-35-0003,7257,9651-35-0003,20407,3915601,5196
55583079,33-00,B737-8,31ABC,9651-35-0005,24769,9651-35-0005,66841,3795212,20075830
55067217,25-00,B737-8,GALLEY 4,72184025,3031,62197-301-001,23-10-0077,3779591,1258604
190462360,33-00,M73-82,11DEF,9651-35-0004,24787,9651-35-0004,11165,3907563,150512
191362766,33-42,B737-8,RH,72605363-1,6262,72605363-1,1515,4083726,355685184
42171082,33-21,M73-82,LH,9651-35-0002,17053,9651-35-0002,71328,4209709,20266686
191334131,33-21,B737-8,6DEF,9651-35-0002,29877,9651-35-0002,16933,4219019,ARC178593
42073642,38-11,M73-82,LAV A,SC4L500301-5,11097995,SC4L500301-5,173389305-005,3893234,E-5833783
106248725,36-00,B737-8,#2,107484-7,17698,107484-7,20639,4081250,122408Y14
191325866,36-00,B737-8,#1,107484-7,6381,107484-7,18712,4219426,356526558
191480449,33-21,B737-8,20DEF,9651-35-0002,50170,9651-35-0002,50808,4104263,ARC169080
190332187,33-00,M73-82,CABIN,9651-35-0005,58697,9651-35-0005,22877,4219425,ARC178631
191507271,33-42,B737-8,RH,72605363-1,1559,72605363-1,0912,4137533,356144996
190231509,25-00,B737-8,FWD GALLEY,72184025,3034,62197-301-001,15-12-0145,3976851,AV1737
190581765,33-21,B737-8,CABIN,9651-35-0002,18264,9651-35-0002,34460,4067815,ARC166281
190581765,33-21,B737-8,12 DEF,9651-35-0005,49292,9651-35-0005,51183,4061334,ARC165988
41611872,25-00,B737-8,FWD,62197-301-001,14-12-7218,72184025,4378,3951525,WAV772
190834459,25-00,B737-8,FWD,8201-11-0000-01,21-02-0358,8201-11-0000-01,16-12-38298,4016041,PAV12353
190313425,25-00,M73-82,GALLEY G1,62197-301-001,15-06-7748,62197-301-001,21-02-0143,3917374,KAV0725004
190703532,33-00,B737-8,RH,72605363-1,5710,72605363-1,5623,3923000,353866466
42120095,33-00,M73-82,CABIN,9651-35-0005,51173,9651-35-0005,50360,3975295,157106
42130909,25-31,M73-82,AFT,62197-301-001,25-05-0237,62197-301-001,22-01-0392,3991610,PAV11954
191440970,33-21,B737-8,21-RH,9651-35-0002,34423,9651-35-0002,39101,4189991,ARC175688
190461276,33-00,M73-82,2 DEF,9651-35-0005,57645,9651-35-0005,49022,3880200,20099054
41321220,38-32,B737-8,FWD,14330-230,27208,14330-230,ZSK693,4110420,1196834
55004204,38-00,B737-8,AFT,72184025,4082,72184025,3017,4141694,KAV0526074
190027288,33-00,B737-8,RH,45-0351-4,5080,45-0351-4,4780,4120826,PAV13742
190546013,25-00,B737-8,AFTGALLY,62197-301-001,22-12-0353,62197-301-001,21-02-0313,3976442,PAV11752
55604364,33-21,B737-8,12ABC,9651-35-0005,18473,9651-35-0005,48922,3591607,4-1.000
102275191,36-00,B737-8,#1,3214446-4,8641,3214446-4,20487,3790431,8013123015
102275191,36-00,B737-8,#1,107484-7,10147,107484-7,12736,3793458,352141993
40388612,23-51,B737-8,FL DK,5145-1-82,15625,5145-1-88,28955,3824267,PAV10011
190115795,23-00,B737-8,FL DK,5145-1-82,10403,5145-1-82,11958,4091675,PAV13404
42146622,25-32,M73-82,GALLEY G1,8201-11-0000,04-10-20488,8201-11-0000,05-02-20900,3532310,1024800
41989042,26-00,B737-8,AFT,473597-5,SJA2862,473597-5,SJA8551,3821641,R549654-6
55373642,38-11,M73-82,FWD,SC4L500301-5,170044760-001,SC4L500301-4,1603540,4056083,E-6074532
190644238,25-31,B737-8,AFT CAB,62197-301-001,19-07-1219,62197-301-001,23-05-0408,4023368,PAV12400
191328406,33-00,B737-8,20DEF,9651-35-0002,24879,9651-35-0002,39231,4157065,ARC172990
55358899,34-00,M73-82,CAPT,0851HT1,457630,0851HT2,474701,3964412,8363388
55132357,38-32,B737-8,FWD,14330-230,17522,14330-230,41384,4030166,516900
190514916,38-32,B737-8,AFT,14330-230,25649,14330-230,20932,3867304,1117612
190288822,33-00,M73-82,CABIN,9651-35-0002,63971,9651-35-0002,24503,3846798,5089-1.000
105938890,73-11,M73-82,#1,2085M31G03,PSDNF050,2085M31G03,PAT5H202,4064178,RH34558-1
105938890,73-11,M73-82,#1,2085M31G03,PSDNF049,2085M31G03,PAT5H201,4064182,RH34557-1
105938890,73-11,M73-82,#1,2085M31G03,PSDNF051,2085M31G03,PAT2G575,4064149,RH31856-1
105938890,73-11,M73-82,#1,2085M31G03,PSDNF052,2085M31G03,PAT07E74,4064141,RH29893-1
105938890,73-11,M73-82,#1,2085M31G03,PSDNF053,2085M31G03,PSDNF011,4064155,RH34613-1
105938890,73-11,M73-82,#1,2085M31G03,PSDNF054,2085M31G03,PSDNE774,4064169,RH34433-1
105938890,73-11,M73-82,#1,2085M31G03,PSDNF055,2085M31G03,PSDNE917,4064171,RH34277-1
105938890,73-11,M73-82,#1,2085M31G03,PSDNF056,2085M31G03,PAT5H295,4064163,RH34567-1
105938890,73-11,M73-82,#1,2085M31G03,PSDNF057,2085M31G03,PSDNE926,4064143,RH34588-1
105938890,73-11,M73-82,#1,2085M31G03,PSDNF714,2085M31G03,PSDNE779,4064160,RH34455-1
105938890,73-11,M73-82,#1,2085M31G03,PSDNF715,2085M31G03,PAT9G309,4064162,RH32734-1
105938890,73-11,M73-82,#1,2085M31G03,PSDNF716,2085M31G03,PSDNF026,4064188,RH34282-1
105938890,73-11,M73-82,#1,2085M31G03,PSDNF717,2085M31G03,PAT0H774,4064216,RH36058-1
105938890,73-11,M73-82,#1,2085M31G03,PSDNF718,2085M31G03,PAT9E479,4064210,RH36145-1
105938890,73-11,M73-82,#1,2085M31G03,PSDNF719,2085M31G03,PSDNE930,4064200,RH34284-1
105938890,73-11,M73-82,#1,2085M31G03,PSDNF720,2085M31G03,PSDNF012,4064177,RH34618-1
105938890,73-11,M73-82,#1,2085M31G03,PSDNF721,2085M31G03,PAT0H212,4064207,RH35667-1
105938890,73-11,M73-82,#1,2085M31G03,PSDNF722,2085M31G03,PAT9E485,4064212,RH36148-1
55119198,25-00,B737-8,AFTGALLY,72184025,N10020045044631,72184025,N10100888044730,3925341,PAV11104
41337521,25-31,B737-8,FWDGALLY,72184025,N09070398044569,72184025,4435,3828280,WAV157
190675600,38-00,B737-8,FWDGALLY,62197-301-001,21-02-0312,62197-301-001,23-04-0050,4022125,KAV1025053
191390680,33-00,B737-8,22DEF,9651-35-0003,6629,9651-35-0003,20134,4173820,ARC174258
190014580,25-00,B737-8,AFT,72184025,3035,72184025,N09120065044588,4134684,KAV0526017
190064752,26-16,B737-8,AFT,473597-5,52830,473597-5,SJA6637,4132174,0013624964
5094879,38-32,B737-8,LAV D,15800-029-3,1012,15800-029-3,4516,1517487,
5094879,38-32,B737-8,LAV D,15800-029-3,1012,15800-029-3,4516,1517487,
190294705,25-32,M73-82,GALLEY G1,62197-301-001,17-01-0352,62197-301-001,23-04-0107,3925388,PAV11100
190220174,23-42,B737-8,CABIN,285W0024-1B,F27335,285W0024-1B,D13305,3903402,149975
191387326,33-00,B737-8,#12 RH,9651-35-0005,49605,9651-35-0005,28626,4116618,ARC169756
191187565,33-21,M73-82,25ABC,9651-35-0003,16132,9651-35-0003,15428,4179269,ARC174521
20259299,38-32,B737-8,LAV D,14330-230,35430,14330-230,20512,3763045,0001087799
191506908,25-00,B737-8,AFTGALLY,62197-301-001,22-05-0087,62197-301-001,18-07-0596,4131771,WAV1387
41772265,33-42,B737-8,RH,45-0351-4,1817,45-0351-4,4045,3875934,PAV10621
41987153,26-00,B737-8,FWD,473597-5,37741,473597-5,SJB1030,3911472,R550904
55684836,25-00,B737-8,FWDGALLY,62197-301-001,17-12-0473,62197-301-001,21-02-0129,3820419,1297160
55461716,33-42,M73-82,LH,72605363-1,4864,72605363-1,2622,3793057,352225415
190203058,26-16,B737-8,FWD,473597-5,36724,473597-5,SJA5560,4011463,13028871
190319581,34-00,M73-82,CAPT,0851HT1,406641,0851HT2,474721,3972782,3163
55720871,33-42,B737-8,RH,72605363-1,1200,72605363-1,6351,3764437,351832573
102955395,25-32,M73-82,AFT GALLEY,62197-301-001,17-08-0409,62197-301-001,16-02-0211,3807905,WAV305
190457994,25-00,M73-82,GALLEY 4,8201-11-0000,05-08-21364,8201-11-0000-01,22-02-0641,4146284,PAV14108
55287453,25-32,M73-82,FWDGALLY,62197-301-001,22-11-0531,62197-301-001,19-06-0033,3795889,1274908
190658090,33-00,B737-8,RH,45-0351-4,4780,45-0351-4,5084,4103985,PAV13588
191089933,25-32,M73-82,GALLEY G4,62197-301-001,22-12-0121,62197-301-001,15-12-0163,4110413,WAV1338
190552047,33-21,B737-8,9ABC,9651-35-0003,11554,9651-35-0003,10154,3964347,ARC156622
41784094,38-00,M73-82,GALLEY G4,62197-301-001,18-01-1100,62197-301-001,22-01-0386,3799382,WAV282
190152614,25-00,B737-8,AFTGALLY,8201-11-0000,05-11-21454,8201-11-0000,08-02-24826,3992726,KAV1025048
41606192,25-37,B737-8,AFT,8201-11-0000-01,10-07-29057,8201-11-0000-01,10-07-29008,3632728,1127172
55383162,38-00,M73-82,LAV U,SC4L500301-5,11451801-012,SC4L500301-4,1606263,4060411,E-6074532
190055865,23-00,B737-8,AFT,285W0024-1B,D17736,285W0024-1B,F29530,4190282,ARC175834
190206454,25-00,B737-8,FWD,8201-11-0000,04-01-19672,8201-11-0000,04-12-20662,3878211,1347467
190276461,33-00,M73-82,26 RH,9651-35-0004,8704,9651-35-0004,14132,3877510,147580
980007773,25-00,B737-8,FWD GALLEY,62197-301-001,19-07-0256,62197-301-001,16-08-0247,4130068,SA12118
190582048,26-16,B737-8,AFT,473597-5,SJB1052,473597-5,SJA5246,3929419,12706272
102155372,36-11,B737-8,#1,107484-7,11437,107484-7,11301,3785493,352033666
190456078,38-00,M73-82,LAV A,SC4L500301-5,170512349-001,SC4L500301-5,175167846-008,4148521,6188927
190350198,33-00,M73-82,RH,72605363-1,4883,72605363-1,3556,4077870,35552393
190905553,25-00,B737-8,#3,8201-11-0000-01,16-10-38121,8201-11-0000-01,17-11-39505,4149514,PAV14141
190770767,23-40,B737-8,CABIN,285W0024-1B,F48709,285W0024-1M,F43536,3700972,ARC131035
190595470,33-21,B737-8,22DEF,9651-35-0002,34802,9651-35-0002,74403,3897501,04640200
191308381,33-21,B737-8,CABIN,9651-35-0002,71260,9651-35-0002,71347,4213731,20267565
190119894,38-00,B737-8,LAV D,14330-230,19298/EBW,14330-230,ZSK644,3776731,1087142
104250588,33-21,M73-82,#19 LH,9651-35-0002,71935,9651-35-0002,18717,3925184,152269
104250588,33-21,M73-82,#6 RH,9651-35-0002,72118,9651-35-0002,76847,3924543,04722645
190488294,33-21,M73-82,25DEF,9651-35-0003,15542,9651-35-0003,18192,4209692,20266616
41143993,33-21,B737-8,2 ABC,9651-35-0005,32137,9651-35-0005,66936,3831091,20092018
191359657,33-21,B737-8,21DEF,9651-35-0002,54096,9651-35-0002,63514,4105557,20188969-1
190017569,38-00,B737-8,AFT LH,14330-230,25041,14330-230,19928,4128520,67409
55486276,25-00,M73-82,GALLEY G1,62197-301-001,15-11-0126,62197-301-001,22-01-0388,4226817,WAV1667
190490529,25-32,M73-82,FWD CAB,8201-11-0000-01,09-12-27981,8201-11-0000,04-12-20663,4160367,PAV14241-UKCAA
55670826,33-00,B737-8,5DEF,9651-35-0002,38829,9651-35-0002,50316,3999787,20122683-1
55565692,25-00,B737-8,AFTGALLY,8201-11-0000-01,15-11-36856,8201-11-0000-01,22-03-0047,4048576,PAV12808
190593707,25-32,B737-8,FWDGALLY,62197-301-001,19-06-0031,62197-301-001,15-11-0131,3977197,PAV11759
190602302,72-21,B737-8,#2,340-001-036-0,DM134786,340-001-038-0,DC613440,3970580,R25091207000
55147402,36-00,B737-8,#1,107484-7,17647,107484-7,17705,3871259,353078256
55538193,23-51,B737-8,FL DK,5145-1-82,11023,5145-1-82,13568,3845514,PAV10310
190512510,25-00,B737-8,FWDGALLY,8201-11-0000-01,17-11-39499,8201-11-0000-01,21-01-0299,3831142,1307391
55620166,72-21,B737-8,#1,340-001-038-0,DM126806,340-001-036-0,PF510445,3988935,60322
191388552,38-00,B737-8,AFTGALLY,72184025,4265,62197-301-001,23-04-0110,4206888,SA12603
980007950,38-00,M73-82,AFT LH,SC4L500301-5,172159910-007,SC4L500301-5,175167866-009,4135155,E-6173310
42118976,33-00,M73-82,8DEF,9651-35-0002,74614,9651-35-0002,53913,4005094,ARC160846
55420491,25-00,M73-82,GALLEY G1,62197-301-001,16-10-0264,62197-301-001,23-06-0199,3903414,1370174
190649310,25-00,B737-8,FWD,8201-11-0000,04-10-20500,8201-11-0000-01,11-02-29746,3768358,KAV1224035
102353643,72-00,M73-82,#1,2085M31G03,PAT22F87,2085M31G03,PAT80E25,3788831,RE98560-1
191400062,25-33,B737-8,AFT CAB,72184025,4205,72184025,4196,4091385,WAV1271
190335877,25-32,M73-82,GALLEY 4,62197-301-001,15-03-7407,62197-301-001,14-07-6911,4084171,WAV1222
190335877,25-32,M73-82,GALLEY 4,62197-301-001,19-07-0266,62197-301-001,21-02-0114,4082272,WAV1201
190451021,23-00,M73-82,FWD CAB,285W0024-3M,F52545,285W0024-23B,F63744,4119569,2026-03203
191408295,25-00,B737-8,FWD,8201-11-0000,07-09-24226,8201-11-0000,07-12-24527,4177054,KAV0526123
42018027,33-21,B737-8,CABIN,9651-35-0002,24713,9651-35-0002,31093,3925178,ARC152630
190496164,33-42,M73-82,RH,72605363-1,5928,72605363-1,0441,3879624,353271828
55002566,33-42,B737-8,RH,45-0351-4,5552,45-0351-6,10909,3786409,PAV9373
190511223,33-00,B737-8,30ABC,9651-35-0005,61029,9651-35-0005,60776,3842887,28-1.000
25634663,27-31,B737-8,FIN,0851HT1,257437,0851HT2,470653,3865447,407898837
25634663,27-31,B737-8,FIN,0851HT1,408373,0851HT2,460813,3898462,12544979
980008579,26-16,B737-8,AFT,473597-5,66421,473597-5,39196,4123782,
190573574,38-32,B737-8,LAV E,14330-230,10084,14330-230,20702,4036858,1182511
55288551,33-00,M73-82,31 DEF,9651-35-0005,49048,9651-35-0005,21620,3767326,ARC137657
190899517,25-31,B737-8,FWDGALLY,8201-11-0000,04-11-20592,8201-11-0000-01,18-06-2070,4086656,PAV13352
55548680,33-21,B737-8,18 ABC,9651-35-0002,18274,9651-35-0002,69882,3899038,04643719
190150757,25-00,B737-8,AFT LH,72184025,N10040452044697,72184025,N09030236044463,3862337,1334192
42188100,25-33,M73-82,GALLEY G4,62197-301-001,16-12-0305,62197-301-001,14-09-7022,4094588,WAV1281
55608824,38-00,B737-8,LAV D,SC4L500301-5,172211398-001,SC4L500301-5,173574840-002,3906668,5848949
42139906,25-32,M73-82,FWD,8201-11-0000-01,17-12-40027,8201-11-0000,07-09-24222,3865740,KAV0525032
190440899,25-00,M73-82,AFT,8201-11-0000-01,22-02-0656,8201-11-0000-01,22-03-0047,3788764,KAV0125035
191389871,25-00,B737-8,AFT GALLEY,72184025,4005,62197-301-001,26-02-0597,4111583,S26/1374H-1
55427921,25-33,M73-82,GALLEY G4,62197-301-001,21-02-0303,62197-301-001,16-01-0169,4048642,WAV1099
190184338,33-21,B737-8,11ABC,9651-35-0004,14026,9651-35-0004,18688,4202787,ARC176453
190546852,33-00,B737-8,11 DEF,9651-35-0004,21804,9651-35-0004,12238,3708464,A/C DELIVERY
190546852,33-00,B737-8,12 DEF,9651-35-0005,28390,9651-35-0005,31492,3857299,ARC145657
190001914,34-00,B737-8,RH,0851HT1,385408,0851HT2,459440,3639129,406869048
191062071,23-42,B737-8,CABIN,285W0024-1B,F25930,285W0024-23B,F64026,4178805,175091
190515267,33-21,B737-8,CABIN,9651-35-0002,30473,9651-35-0002,68977,3897502,04640199
55656610,33-00,B737-8,#11 LH,9651-35-0004,8697,9651-35-0004,18535,3767392,20082117
980010175,25-00,B737-8,AFT GALLEY,62197-301-001,22-12-0352,72184025,N10020392044642,4109843,
190617159,72-00,B737-8,#1,340-001-036-0,DM139028,340-001-038-0,DC891508,4000180,5102016000
190617159,72-00,B737-8,#1,340-001-038-0,DB625704,340-001-036-0,PF499442,3988961,60323
190617159,72-00,B737-8,#1,340-001-038-0,DM154412,340-001-038-0,DC060174,3996498,2001
190617159,72-00,B737-8,#1,340-001-038-0,DD458399,340-001-038-0,DM169182,3996527,1001
190617159,72-00,B737-8,#1,340-001-038-0,DM163198,340-001-038-0,DM166232,3997477,732001
190617159,72-00,B737-8,#1,340-001-038-0,DM163395,340-001-038-0,DM167737,4000371,5102709001
190617159,72-00,B737-8,#1,340-001-038-0,DM000300,340-001-038-0,DC768176,4000158,5102023000
190617159,72-00,B737-8,#1,340-001-038-0,DC614548,340-001-038-0,PA206130,3920598,006001
190617159,72-00,B737-8,#1,340-001-036-0,DM139033,340-001-038-0,DM169241,4000347,5102417001
190617159,72-00,B737-8,#1,340-001-036-0,DE182437,340-001-038-0,DM168974,4000342,5102702001
190617159,72-00,B737-8,#1,340-001-036-0,DE181879,340-001-038-0,DM127745,4000192,5102310000
190617159,72-00,B737-8,#1,340-001-038-0,DE185898,340-001-038-0,DC060434,4000199,5102307000
190617159,72-00,B737-8,#1,340-001-036-0,DM138897,340-001-038-0,DE810593,3978752,5001
190617159,72-00,B737-8,#1,340-001-036-0,PC729769,340-001-036-0,PF520262,3988959,60323
190617159,72-00,B737-8,#1,340-001-038-0,DM156631,340-001-038-0,DM151340,3829821,8001
190617159,72-00,B737-8,#1,340-001-038-0,DM024465,340-001-038-0,DC060444,4000160,5102024000
190617159,72-00,B737-8,#1,340-001-038-0,DC612429,340-001-038-0,DM144037,4000197,5102015000
190617159,72-00,B737-8,#1,340-001-038-0,DM029316,340-001-038-0,DM168408,3997462,734001
190617159,72-00,B737-8,#1,340-001-038-0,DM006117,340-001-038-0,DM134697,4000181,5102306000
190617159,72-00,B737-8,#1,340-001-036-0,PC724334,340-001-036-0,PF497361,3877599,GEAMS1154191
190617159,72-00,B737-8,#1,340-001-036-0,DM138989,340-001-038-0,DC975271,3996517,1001
190617159,72-00,B737-8,#1,340-001-036-0,DE186649,340-001-038-0,DM071841,3978864,9001
190617159,72-00,B737-8,#1,340-001-036-0,DE182464,340-001-038-0,DC466960,3997463,2006001
190617159,72-00,B737-8,#1,340-001-038-0,DE806169,340-001-038-0,DM168608,4000366,5102705001
190453367,38-11,M73-82,AFT RH,SC4L500301-5,175486113-007,SC4L500301-5,175786548-008,4228209,6284433
42127723,33-00,M73-82,19ABC,9651-35-0002,66289,9651-35-0002,21101,3815722,20090633
55541626,33-00,B737-8,RH,45-0351-4,6658,45-0351-6,11442,3845066,PAV10304
55457065,33-21,M73-82,7ABC,9651-35-0002,53252,9651-35-0002,55046,4179439,ARC174708
190569924,33-00,B737-8,31 ABC,9651-35-0005,33316,9651-35-0005,29221,3941102,53834
190728231,25-00,B737-8,FWD,72184025,4442,72184025,N11060381044785,3661383,1123727
42143040,25-00,M73-82,G1,62197-301-001,23-08-0177,62197-301-001,17-12-0417,4015487,SAV707
190334855,25-00,M73-82,GALLEY 4,62197-301-001,22-12-0121,62197-301-001,25-05-0360,3995505,AV1759
55646057,25-00,B737-8,AFTGALLY,62197-301-001,21-02-0105,62197-301-001,19-04-0544,3791895,1271265
104719490,36-11,B737-8,#1,107484-7,9460,107484-7,17561,3948942,5732
190739481,25-00,B737-8,AFTGALLY,8201-11-0000-01,18-06-0138,8201-11-0000-01,22-01-0896,3181115,S22/0335H-1
55585591,33-00,B737-8,AFT CAB,285W0024-1B,D14427,285W0024-1B,F54270,3779883,ARC139007
190497315,25-31,M73-82,G1,62197-301-001,19-01-0478,62197-301-001,21-11-0725,3932340,PAV11144
55536372,23-00,B737-8,OBS,5145-1-82,17443,5145-1-82,16898,3795364,PAV9547-UKCAA
191490980,33-00,B737-8,CABIN,9651-35-0004,10414,9651-35-0004,18484,4173929,ARC174188
190144562,25-00,B737-8,FWD,8201-11-0000,07-08-24022,8201-11-0000,07-09-24233,4004063,KAV1125020
191429575,25-00,B737-8,AFTGALLY,72184025,4248,62197-301-001,23-04-0106,4226879,WAV1630
190433066,33-20,M73-82,16 DEF,9651-35-0005,32995,9651-35-0005,30946,4053623,ARC165326
190689640,25-00,B737-8,FWD,8201-11-0000,06-01-21692,8201-11-0000-01,19-06-0276,3889173,KAV0625008
191337875,36-00,B737-8,#2,107484-7,18426,107484-7,17698,4119647,355995836
55608924,25-37,B737-8,AFT,8201-11-0000,07-09-24242,8201-11-0000-01,16-06-37694,3865729,KAV0525017
55527909,33-21,B737-8,#23 RH,9651-35-0002,32467,9651-35-0002,72215,3860551,20097437
190397221,25-00,M73-82,GALLEY G4,8201-11-0000-01,16-01-37096,8201-11-0000-01,16-11-38230,4202512,KAV0726023
191448827,33-00,B737-8,RH,9651-35-0005,21007,9651-35-0005,32158,4145245,171865
55470503,25-00,M73-82,G1,62197-301-001,22-01-0400,62197-301-001,19-01-0479,3921572,PAV11023
191457203,33-21,B737-8,22ABC,9651-35-0003,6606,9651-35-0003,11497,4110261,ARC169643
55525585,33-00,B737-8,CAB,9651-35-0005,25550,9651-35-0005,50368,3703977,20072640
42062258,25-31,B737-8,AFTGALLY,62197-301-001,18-01-0429,62197-301-001,22-01-0409,3818878,KAV0225040
55459440,25-32,M73-82,001 FWD GALLEY,62197-301-001,22-02-0453,62197-301-001,23-05-0411,4098726,PAV13542
191360138,23-00,B737-8,FWD CAB,285W0024-1B,F47933,285W0024-1B,F33324,4145129,172017
55661472,33-21,B737-8,CAB,9651-35-0002,18094,9651-35-0002,66292,3780057,20083457
40317739,38-30,B737-8,AFT LH,15800-029-3,10060,15800-029-3,16343,2476357,729426
42021872,33-00,B737-8,RH,72605363-1,2931,72605363-1,4745,3933539,353942794
190425134,33-21,M73-82,CABIN,9651-35-0004,18569,9651-35-0004,18208,4217416,ARC177761
190464639,33-21,M73-82,CABIN,9651-35-0005,45987,9651-35-0005,45177,3991279,20125009
190015917,33-20,B737-8,CAB,9651-35-0005,47238,9651-35-0005,50792,3844872,ARC144668
40959188,25-35,B737-8,FWDGALLY,72184025,N09120065044588,62197-301-001,19-07-1228,3775082,11843252
190561214,33-00,B737-8,24DEF,9651-35-0003,5406,9651-35-0003,4963,4128821,170980
55526510,25-00,B737-8,AFTGALLY,8201-11-0000-01,09-04-26808,8201-11-0000-01,21-08-0156,3768359,KAV1224021
190577828,33-00,B737-8,31DEF,9651-35-0005,49283,9651-35-0005,16533,3941133,ARC153535
190457566,33-21,M73-82,22DEF,9651-35-0002,54348,9651-35-0002,18335,4173660,ARC174239
190590919,26-00,B737-8,AFT,473597-5,SJA9595,473597-5,52738,3989205,12988235
55141605,38-11,B737-8,LAV D,SC4L500301-5,11034197,SC4L500301-5,172694167-006,3821511,E-5718722
190862541,72-00,B737-8,#2,340-001-038-0,DB857428,340-001-038-0,DM139028,4094184,R26030320001
190862541,72-00,B737-8,#2,340-001-038-0,PC378870,340-001-038-0,DM172989,4124388,R26032635
190862541,72-00,B737-8,#2,340-001-038-0,PC238869,340-001-038-0,DC977086,4125196,R26022704001
190862541,72-00,B737-8,#2,340-001-038-0,PA480353,340-001-038-0,DM163395,4123741,R26030223001
190862541,72-00,B737-8,#2,340-001-036-0,DM048016,340-001-038-0,DM151708,4123731,R26040121001
190862541,72-00,B737-8,#2,340-001-036-0,DM048370,340-001-038-0,DM132509,4126718,R26031418001
190862541,72-00,B737-8,#2,340-001-036-0,DM048407,340-001-039-0,DB499010,3805892,R250208
190862541,72-00,B737-8,#2,340-001-036-0,DM048240,340-001-038-0,DM135100,4028173,R25112204001
190862541,72-00,B737-8,#2,340-001-036-0,DM048211,340-001-038-0,PA704848,4047553,R25121226001
190862541,72-00,B737-8,#2,340-001-036-0,DM047478,340-001-038-0,DE806169,4108738,R26022707001
190862541,72-00,B737-8,#2,340-001-036-0,DM048413,340-001-038-0,DM006117,4125823,R26022710001
190862541,72-00,B737-8,#2,340-001-036-0,DM048388,340-001-038-0,DM137890,4124540,R26033019001
190862541,72-00,B737-8,#2,340-001-036-0,DM046337,340-001-038-0,DM137384,4048699,R26011158001
190862541,72-00,B737-8,#2,340-001-036-0,DM048346,340-001-038-0,DM175405,4124379,R26032701
190862541,72-00,B737-8,#2,340-001-036-0,DM048297,340-001-038-0,DM126806,4087564,R26020428001
190862541,72-00,B737-8,#2,340-001-036-0,DM048412,340-001-038-0,DM117374,4126722,R26031412001
190862541,72-00,B737-8,#2,340-001-036-0,DM048207,340-001-038-0,DC977163,4108664,R26030410001
190862541,72-00,B737-8,#2,340-001-036-0,DM048355,340-001-038-0,DE809525,4126709,R26032042001
190862541,72-00,B737-8,#2,340-001-036-0,DM077534,340-001-038-0,DE180239,4126700,R26031712001
190862541,72-00,B737-8,#2,340-001-036-0,DM046433,340-001-038-0,DE055652,4126685,R26021625001
190862541,72-00,B737-8,#2,340-001-036-0,DM048371,340-001-038-0,DC615656,4079941,R26021609001
190862541,72-00,B737-8,#2,340-001-036-0,DM046685,340-001-038-0,DM143938,4126678,R26030608001
190862541,72-00,B737-8,#2,340-001-036-0,DM048203,340-001-038-0,DC612429,4123721,R26030243001
106285754,30-00,M73-82,ALT,0851HT1,398672,0851HT2,478930,4047363,408733919
55531881,33-00,B737-8,19DEF,9651-35-0002,17287,9651-35-0002,40882,3841622,20094103
40384755,23-51,B737-8,CAPT,5145-1-82,13681,5145-1-88,27164,3817912,PAV9908
55612143,33-21,B737-8,#20 LH,9651-35-0002,32575,9651-35-0002,35373,3880263,148130
190131540,25-31,B737-8,AFT LH,72184025,N09030236044463,72184025,4300,3925371,PAV11091
55692368,25-31,B737-8,AFT RH,62197-301-001,15-11-0128,62197-301-001,16-11-0295,4007982,WAV991
190589200,33-00,B737-8,LH,72605363-1,2640,72605363-1,6441,3997171,354667213
190661791,33-21,B737-8,08ABC,9651-35-0002,22432,9651-35-0002,67084,3902223,20103430
191453158,33-00,B737-8,2DEF,9651-35-0004,8699,9651-35-0004,6002,4145232,171971
40887103,26-00,B737-8,FWD,473597-5,27584,473597-5,SJA3130,3920920,63484
190412301,33-21,M73-82,ROW 2  LH,9651-35-0005,50850,9651-35-0005,57645,4197133,20255209
190447042,33-21,M73-82,CABIN,9651-35-0004,19244,9651-35-0004,11751,4026633,ARC162504
55404030,26-16,M73-82,AFT,473925,24388,473925,9590,3765899,11892187
55404030,26-16,M73-82,AFT,473597-5,SJA7966,473597-5,SJE0910,3749035,407341918
190426318,33-21,M73-82,14 ABC,9651-35-0005,50172,9651-35-0005,33656,4166977,ARC173430
190034691,33-00,B737-8,RH,72605363-1,3556,72605363-1,5495,4052185,5365064
190705963,25-00,B737-8,FWDGALLY,8201-11-0000,07-12-24519,8201-11-0000-01,19-07-0782,3867659,1337681
190105518,25-00,B737-8,FWDGALLY,62197-301-001,19-01-0483,62197-301-001,23-05-0409,4083302,SAV832
191011454,26-00,B737-8,AFT,473597-5,49011,473597-5,66421,4157498,66593
191011454,26-00,B737-8,AFT,473925,12911,473925,12577,3929452,12647216
55674844,25-00,B737-8,#1,62197-301-001,22-12-0354,62197-301-001,16-01-0179,4032640,KAV0126035
190649634,30-00,B737-8,F/O,0851HT1,413161,0851HT2,464774,3755515,407369930
107138634,36-00,B737-8,#2,3214446-4,122223,3214446-4,8571,4196766,356481375
107138634,36-00,B737-8,#2,107484-7,18146,107484-7,6855,4186747,355849093
35082079,33-00,B737-8,31ABC,9651-35-0005,17498,9651-35-0005,16534,4043318,3978
191000286,25-31,B737-8,AFTGALLY,62197-301-001,22-12-0121,62197-301-001,17-08-0398,4213916,WAV1592
191509739,25-31,B737-8,AFTGALLY,62197-301-001,22-12-0348,62197-301-001,16-10-0275,4226059,WAV1585
191065296,33-42,B737-8,RH,45-0351-4,6553,45-0351-4,5847,4158289,PAV14222
55638088,23-40,B737-8,AFT CAB,285W0024-1B,F35151,285W0024-1M,F60435,3813455,001005
190442322,33-00,M73-82,31ABC,9651-35-0005,59888,9651-35-0005,49532,4184203,ARC175239
190167566,25-00,B737-8,AFT,8201-11-0000-01,16-10-38137,8201-11-0000-01,15-11-36878,3925365,PAV11094
190738766,33-21,B737-8,CAB,9651-35-0004,5969,9651-35-0004,22030,3924793,20107155
190405882,33-20,M73-82,CABIN,9651-35-0002,53468,9651-35-0002,34695,4043489,64146
55043717,26-00,B737-8,AFT,473597-5,38039,473597-5,SJA3742,3821642,R549702-6
55052615,38-00,B737-8,CABIN,14330-230,ZSK406,14330-230,28753,3763134,0001079428
190135380,25-00,B737-8,GALLEY G2,72184025,4044,72184025,N09040564044505,4062066,WAV1151
190390128,25-00,M73-82,GALLEY 4,62197-301-001,16-06-0223,62197-301-001,16-08-0260,4190024,SA12450
190150438,25-00,B737-8,FWDGALLY,72184025,N11070873044815,62197-301-001,15-08-7819,4067621,PAV13079
55204243,23-42,B737-8,CABIN,285W0024-1B,F26025,285W0024-1M,F51259,3807025,ARC140935
191398596,33-00,B737-8,15 RH,9651-35-0005,18204,9651-35-0005,31598,4091444,ARC168129
190109108,33-00,B737-8,CAB,9651-35-0002,40343,9651-35-0002,74538,3962556,20113067-1.000
55301993,33-00,M73-82,CAB,9651-35-0005,50182,9651-35-0005,24141,4148445,172353
190445187,33-00,M73-82,CABIN,9651-35-0003,21628,9651-35-0003,16546,3976354,20113360
190632459,33-00,B737-8,22 DEF,9651-35-0002,53650,9651-35-0002,53725,3898966,20102051
190204482,26-16,B737-8,FWD,473597-5,30315,473597-5,48158,4205771,13625829
190071361,36-00,B737-8,#2,107484-7,12705,107484-7,19108,3836771,352357185
55106012,34-00,B737-8,CAPT,0851HT1,381173,0851HT2,466283,3787740,498548
55225522,38-32,B737-8,LH,14330-230,28499,14330-230,37388,3906591,0001130557
191420479,33-21,B737-8,23DEF,9651-35-0003,6554,9651-35-0003,5313,4217197,ARC178403
190449226,25-00,M73-82,GALLEY 3,8201-11-0000-01,17-01-38352,8201-11-0000,07-09-24234,4086649,PAV13278
55513151,26-00,B737-8,AFT,473597-5,SJA5079,473597-5,26477A,3752030,R547782
104679119,38-32,B737-8,AFT LH,14330-230,17946,14330-230,11452,3958775,1156205
190607711,33-21,B737-8,6ABC,9651-35-0002,26890,9651-35-0002,17287,3872608,147140
190782304,23-42,B737-8,CABIN,285W0024-1B,F23956,285W0024-1B,F62820,3898115,05447
55313499,33-00,M73-82,25DEF,9651-35-0003,20238,9651-35-0003,20845,3902918,20103216
55313499,33-00,M73-82,30ABC,9651-35-0005,66722,9651-35-0005,69297,3898974,20102434
55539911,25-00,B737-8,AFT CAB,72184025,3059,72184025,4205,4084474,WAV1221
191475426,26-00,B737-8,AFT,473597-5,SJA9897,473597-5,49144,4215896,R554361-66748
190724416,23-42,B737-8,FWD,285W0024-1B,D18957,285W0024-1B,F53549,4022596,10927
55361091,25-32,M73-82,GALLEY G4,62197-301-001,15-03-7398,62197-301-001,17-01-0348,4080477,PAV13273
190540525,36-11,B737-8,#1,107484-7,19490,107484-7,18522,4013370,354966890
190298118,33-21,M73-82,15ABC,9651-35-0005,49690,9651-35-0005,17479,3941110,3574
190120769,38-32,B737-8,AFT RH,14330-230,27208,14330-230,35696,4048287,1172745
190044507,33-00,B737-8,27DEF,9651-35-0005,37044,9651-35-0005,58022,4023258,20146504
190778052,33-00,B737-8,RH,45-0351-4,5708,45-0351-6,10954,3988178,PAV11911
55580456,25-35,B737-8,FWDGALLY,72184025,N10121134044769,72184025,N12061894044872,3830614,KAV0325019
190557265,25-00,B737-8,AFTGALLY,72184025,N09120068044591,72184025,4344,4134013,WAV1400
55613117,33-00,B737-8,10DEF,9651-35-0005,18591,9651-35-0005,23748,4197397,ARC176037
55644084,25-00,B737-8,AFTGALLY,8201-11-0000,03-09-19337,8201-11-0000,03-12-19543,3953568,KAV0825028
55506680,33-20,B737-8,23 ABC,9651-35-0003,4631,9651-35-0003,6576,3767340,ARC137593
190625483,72-00,B737-8,#1,340-001-036-0,DM144846,340-001-038-0,DM019257,3989961,R2509240
190631003,33-00,B737-8,#6 LH,9651-35-0002,33466,9651-35-0002,73553,3822146,1558
55078079,25-00,B737-8,FWD,62197-301-001,17-01-0326,72184025,N09060325044549,3791310,WAV253
190342445,25-32,M73-82,AFT GALLEY,62197-301-001,18-01-1104,62197-301-001,23-05-0342,4224270,WAV1663
40722565,25-30,B737-8,FWDGALLY,8201-11-0000-01,09-05-26946,8201-11-0000,08-05-25470,4051098,KAV0126006
191442409,33-21,B737-8,CAB,9651-35-0003,6705,9651-35-0003,14462,4184180,ARC175298
191442409,33-21,B737-8,2 ABC,9651-35-0005,51970,9651-35-0005,71758,4184317,20224484
190303197,25-00,M73-82,AFTGALLY,62197-301-001,23-05-0292,62197-301-001,22-10-0368,4034570,PAV12578
980013253,25-31,B737-8,FWD,62197-301-001,21-11-0691,62197-301-001,15-07-7750,4198816,
55461673,25-00,M73-82,FWD,62197-301-001,17-11-0441,62197-301-001,14-12-7219,3795886,1274904
55679227,33-21,B737-8,CABIN,9651-35-0003,5357,9651-35-0003,5726,3633917,ARC124235
55050477,33-21,B737-8,25ABC,9651-35-0004,14029,9651-35-0004,26835,3745972,72112
41784008,25-00,M73-82,GALLEY G4,62197-301-001,21-11-0705,62197-301-001,18-01-1101,3790974,PAV9461
41914739,33-00,B737-8,9DEF,9651-35-0003,4655,9651-35-0003,5798,3767387,ARC137685
55274677,34-00,B737-8,CAPT,0851HT1,400863,0851HT2,467494,3814744,407648551
190031531,38-32,B737-8,AFT LH,14330-230,11197,14330-230,100250,4110423,1200225
102494027,36-11,B737-8,#2,107484-7,10870,107484-7,9893,3792772,352043178
55152293,33-00,B737-8,#2,45-0351-4,1817,45-0351-4,6556,3795547,PAV9543
191560734,25-00,32S,110,8201-11-0000-01,14-09-35272,67262-001-003,00-05-0077,3307659,AV0885
190482587,25-00,M73-82,GALLEY G4,62197-301-001,25-04-0062,62197-301-001,16-02-0202,4138365,WAV1414
191234029,25-00,M73-82,FWD GALLEY,8201-11-0000,07-08-24016,8201-11-0000-01,22-01-0889,3181126,S22/0335H-1
190213737,38-13,B737-8,AFT,72184025,4196,72184025,4080,3754339,KAV1124062
191264208,33-00,M73-82,CABIN,9651-35-0002,35028,9651-35-0002,24988,4053602,ARC165070
55560615,25-31,B737-8,AFT LH,72184025,4342,72184025,N12031144044850,3830896,KAV0325015
190538526,25-37,B737-8,FWDGALLY,8201-11-0000-01,10-07-29007,8201-11-0000-01,17-12-40039,3800147,1277495
55623217,36-11,B737-8,#2,107484-7,17394,107484-7,18531,3859538,353126223
40746508,25-31,B737-8,AFTGALLY,8201-11-0000-01,21-01-0294,8201-11-0000,04-09-20363,3690607,1184180
190553694,26-00,B737-8,AFT,473597-5,SJA4557,473597-5,SJA7110,3954391,12810210
55332669,25-00,M73-82,002 AFT GALLEY,8201-11-0000-01,23-04-0069,8201-11-0000-01,23-06-0146,3449702,S23/2790H-1
190532253,33-20,B737-8,31 DEF,9651-35-0005,21089,9651-35-0005,62850,3950549,20111037
190532253,33-20,B737-8,CABIN,9651-35-0000,3741,9651-35-0000,3009,3941140,ARC153498
55403329,25-00,M73-82,GALLEY 4,8201-11-0000,07-09-24233,8201-11-0000,07-01-23121,3788817,1267394
105170856,36-11,B737-8,#2,107484-7,5200,107484-7,17602,3878471,353300998
40881151,26-00,B737-8,FWD,473597-5,38188,473597-5,45496,3916509,63424
55070961,38-11,B737-8,LAV E,SC4L500301-5,11304533-005,SC4L500301-5,170883775-008,3674636,E-5442180
190230859,38-00,B737-8,FWDGALLY,62197-301-001,15-08-7812,62197-301-001,16-10-0264,3851806,KAV0325008
190651884,33-00,B737-8,CAB,9651-35-0005,23521,9651-35-0005,31117,4145209,172067
191395027,25-00,B737-8,AFTGALLY,8201-11-0000,06-12-22989,8201-11-0000-01,11-02-29741,4009413,PAV12285
190338425,25-00,M73-82,AFTGALLY,8201-11-0000-01,22-02-0642,8201-11-0000-01,23-04-0069,4175586,KAV0526098
190251442,23-00,B737-8,FL DK,5145-1-82,15296,5145-1-88,27389,3902513,PAV10838-UKCAA
55064347,23-00,B737-8,FL DK,5145-1-82,16722,5145-1-82,12411,3773605,PAV9150
190677405,33-00,B737-8,#17 RH,9651-35-0005,33340,9651-35-0005,16935,3890585,148702
55527158,33-21,B737-8,RH,9651-35-0005,33000,9651-35-0005,45234,3949942,ARC155340
42201816,33-21,M73-82,19ABC,9651-35-0002,71164,9651-35-0002,31393,3767742,20080276
190628083,33-21,B737-8,18DEF,9651-35-0002,17224,9651-35-0002,48953,3933109,20107157
190481589,25-00,M73-82,GALLEY 4,62197-301-001,23-06-0196,62197-301-001,17-08-0398,3975665,1436491
55381212,25-32,M73-82,GALLEY G4,62197-301-001,15-03-7398,62197-301-001,25-03-0474,3869555,S25/1556H-1
40848929,27-00,B737-8,FIN,0851HT1,406499,0851HT2,461927,3727079,407257779
190910923,30-00,B737-8,FIN,0851HT1,424379,0851HT2,477618,4021081,408617898
55762802,38-31,32S,LAV A,14330-230,FV4446,14330-230,36550,4083044,0001192755
55236549,33-00,B737-8,#18 RH,9651-35-0002,24893,9651-35-0002,26804,4019671,ARC162340
55308044,73-00,M73-82,#1,2085M31G03,PSDKY975,2085M31G03,PAT7A353,3834101,RF57558-1
55308044,73-00,M73-82,#1,2085M31G03,PSDMA617,2085M31G03,PAT7C009,3834089,RF52808-1
55308044,73-00,M73-82,#1,2085M31G03,PAT22F53,2085M31G03,PAT72E96,3834074,RD80022-1
55308044,73-00,M73-82,#1,2085M31G03,PAT09F40,2085M31G03,PAT3C308,3834029,RF38348-1
55308044,73-00,M73-82,#1,2085M31G03,PAT63E19,2085M31G03,PSDMA624,3834042,RF52017-1
55308044,73-00,M73-82,#1,2085M31G03,PAT17A23,2085M31G03,PAT51E72,3834097,RF42400-1
55308044,73-00,M73-82,#1,2085M31G03,PSDKY946,2085M31G03,PAT1C454,3834086,RF57537-1
55308044,73-00,M73-82,#1,2085M31G03,PSDKY988,2085M31G03,PAT4C505,3834081,RF42275-1
55308044,73-00,M73-82,#1,2085M31G03,PAT04F14,2085M31G03,PAT7C840,3834105,RF47600-1
55308044,73-00,M73-82,#1,2085M31G03,PSDKY947,2085M31G03,PAT1C379,3834108,RF54120-1
55308044,73-00,M73-82,#1,2085M31G03,PSDKY953,2085M31G03,PAT5C728,3834050,RF36928-1
55308044,73-00,M73-82,#1,2085M31G03,PSDMA004,2085M31G03,PAT8A711,3834078,RF30408-1
55308044,73-00,M73-82,#1,2085M31G03,PSDKY994,2085M31G03,PAT4A440,3834093,RE20185-1
55308044,73-00,M73-82,#1,2085M31G03,PSDKY952,2085M31G03,PAT4A437,3834059,RE74281-1
55308044,73-00,M73-82,#1,2085M31G03,PSDKY492,2085M31G03,PSDMJ869,3834034,RF58732-1
55308044,73-00,M73-82,#1,2085M31G03,PSDKY537,2085M31G03,PAT1C655,3834065,RF60424-1
55308044,73-00,M73-82,#1,2085M31G03,PSDKY944,2085M31G03,PAT03T79,3834111,RD59637-1
55308044,73-00,M73-82,#1,2085M31G03,PSDKY940,2085M31G03,PAT6A418,3834071,RF60434-1
42087811,33-21,M73-82,23ABC,9651-35-0002,22040,9651-35-0002,29254,3830059,ARC143178
190050611,25-00,B737-8,AFT,62197-301-001,15-12-0145,72184025,N10121139044774,3807247,PAV9732
191505917,33-20,B737-8,CAB,9651-35-0005,31602,9651-35-0005,47280,4210619,ARC177599
55607303,33-21,B737-8,10 ABC,9651-35-0004,6933,9651-35-0004,14032,3692344,ARC129561
55193624,25-00,B737-8,AFT,8201-11-0000-01,14-12-35642,8201-11-0000,04-11-20574,3861497,PAV10477
191164946,25-32,M73-82,GALLEY 4B,8201-11-0000,04-09-20366,8201-11-0000,07-08-24177,4121142,KAV0426077
191448717,33-00,B737-8,6ABC,,,9651-35-0002,24565,4116644,ARC169729
190077170,27-30,B737-8,FIN,0851HT1,439807,0851HT2,475397,3986322,408442371
190186643,33-21,B737-8,02DEF,9651-35-0004,14132,9651-35-0004,6413,3855374,145319
190664858,33-21,B737-8,30ABC,9651-35-0005,30784,9651-35-0005,23450,4031705,163300
190601240,25-00,B737-8,AFTGALLY,8201-11-0000-01,17-11-39501,8201-11-0000-01,18-05-0280,3926073,KAV0725032
190792240,33-42,B737-8,RH,45-0351-4,3077,45-0351-4,1570,3876223,PAV10612
190322577,25-00,M73-82,GALLEY G4,8201-11-0000-01,23-03-0630,8201-11-0000-01,15-12-37007,3889212,1357418
55733617,33-20,B737-8,CABIN,,,9651-35-0005,60786,3760390,81278
55733617,33-20,B737-8,CABIN,9651-35-0005,33612,,,3760390,
191506122,25-31,B737-8,FWDGALLY,8201-11-0000-01,16-11-38226,8201-11-0000,07-09-24227,4145742,KAV0326104
190043912,23-00,B737-8,FL DK,5145-1-82,16722,5145-1-88,29362,3808776,1285986
191407880,25-00,B737-8,AFTGALLY,72184025,N10030471044669,72184025,N09030228044455,4129967,SAV893
190602303,72-21,B737-8,#2,340-001-038-0,DE054959-C,340-001-038-0,BB609149,3970594,R25091520000
41579501,25-00,B737-8,AFTGALLY,8201-11-0000-01,17-01-38332,8201-11-0000-01,22-01-0887,3887271,PAV10733
191268574,25-00,M73-82,AFTGALLY,8201-11-0000-01,09-02-26573,8201-11-0000-01,23-04-0141,3429374,S23/2386H-1
55299810,33-21,M73-82,#10 LH,9651-35-0003,10368,9651-35-0003,20424,3935379,20106749
55652514,33-00,B737-8,18DEF,9651-35-0002,24700,9651-35-0002,64644,3805459,20089081
55108945,23-42,B737-8,CABIN,285W0024-1B,D12570,285W0024-1B,D03480,3777138,138149
190494127,25-32,M73-82,GALLEY G4,8201-11-0000,04-12-20650,8201-11-0000,03-02-18699,3892967,1361784
190722211,25-30,B737-8,AFTGALLY,8201-11-0000,08-05-25459,8201-11-0000-01,21-04-0067,3889174,KAV0625011
190292127,25-32,M73-82,GALLEY 4,8201-11-0000-01,16-10-38139,8201-11-0000-01,16-10-38137,3969103,PAV11665
190464525,25-00,M73-82,GALLEY G1,62197-301-001,23-06-0203,62197-301-001,16-07-0244,3981526,SAV658-UK CAA
41622614,33-42,B737-8,RH,45-0351-4,4806,45-0351-4,5193,4101003,PAV13551
190004387,33-00,B737-8,5 ABC,9651-35-0002,34949,9651-35-0002,67428,3867188,719-1.000
190530377,33-00,B737-8,10 RH,9651-35-0004,8173,9651-35-0004,19097,4121736,170381
190530377,33-00,B737-8,12 RH,9651-35-0005,50196,9651-35-0005,58358,4045089,20155585
35051926,23-00,B737-8,FWD CAB,285W0024-1B,F24283,285W0024-1B,F63126,3945905,07551
55524195,33-00,B737-8,19DEF,9651-35-0002,53926,9651-35-0002,53338,3895295,20102639
190529889,26-16,B737-8,AFT,473597-5,SJA4754,473597-5,SJA5150,4180654,13827396
190529889,26-16,B737-8,AFT,473597-5,SJA4392,473597-5,SJA6534,4180656,13827458
190409235,33-00,M73-82,17DEF,9651-35-0002,66160,9651-35-0002,18586,4140582,ARC171561
190258490,38-32,B737-8,LAV E,14330-230,36549,14330-230,34392,3958395,1154652
42184793,23-41,M73-82,FWD CAB,285W0024-1B,D22473,285W0024-1B,D14636,4026572,ARC162568
190427106,33-21,M73-82,21 DEF,9651-35-0002,76339,9651-35-0002,70712,3842327,20094533
41430859,23-51,B737-8,OBS,5145-1-82,14455,5145-1-82,16601,3773603,PAV9152
190279692,38-00,M73-82,GALLEY G4,62197-301-001,23-03-0519,62197-301-001,22-11-0536,3937762,WAV678
55533055,25-00,B737-8,AFTGALLY,8201-11-0000,08-07-25655,8201-11-0000-01,10-07-28997,3759061,PAV8970
55395491,33-21,M73-82,33 R/H,9651-35-0005,22980,9651-35-0005,15606,4091582,ARC168391
190672298,30-31,B737-8,CAPT,0851HT1,389352,0851HT2,480392,4077922,408859601
190290097,25-00,M73-82,GALLEY G1,8201-11-0000,08-02-24843,8201-11-0000-01,10-02-28207,3704464,1196207
190275255,25-32,M73-82,GALLEY G4,8201-11-0000-01,21-11-0160,8201-11-0000-01,16-11-38217,3893155,1361693
191270407,33-00,M73-82,CAB,9651-35-0005,47168,9651-35-0005,23963,4053619,ARC165336
980009583,23-51,B737-8,FL DK,5145-1-82,18620,5145-1-82,13355,4145501,
190666085,25-37,B737-8,AFTGALLY,8201-11-0000-01,18-01-0419,8201-11-0000,07-02-23329,3704453,1197476
190155375,33-21,B737-8,6DEF,9651-35-0002,22868,9651-35-0002,48232,4043566,63945
55162646,25-00,B737-8,FWDGALLY,72184025,N10040450044695,72184025,4128,3741067,1229094
105016415,73-00,M73-82,#2,2085M31G03,PAT5H672,2085M31G03,PAT31T16,3976944,RF11245-1
105016415,73-00,M73-82,#2,2085M31G03,PAT5H674,2085M31G03,PAT8A759,3976937,RF84634-1
105016415,73-00,M73-82,#2,2085M31G03,PAT5H670,2085M31G03,PAT74C39,3976941,RG63469-1
105016415,73-00,M73-82,#2,2085M31G03,PAT5H673,2085M31G03,PAT4G311,3971344,RG60968-1
190397837,33-21,M73-82,CAB,9651-35-0005,52233,9651-35-0005,17440,4189987,ARC175569
55515229,27-00,B737-8,LH STAB,0851HT1,341710,0851HT2,480539,4090959,408908
191420498,25-00,B737-8,AFTGALLY,8201-11-0000-01,14-12-35651,8201-11-0000,04-01-19676,4176403,KAV0626002
191467740,25-00,B737-8,GALLEY G4,62197-301-001,21-02-0310,72184025,3010,4069812,WAV1179
190453170,33-00,M73-82,RH,72605363-1,5711,72605363-1,7823,4233187,356974925
190560949,25-00,B737-8,FWD,62197-301-001,21-11-0683,72184025,N12021272044839,4085210,KAV0326049
42159831,25-37,M73-82,FWD,8201-11-0000-01,23-07-0430,8201-11-0000-01,17-12-39595,3872853,KAV0525039
55169536,38-30,B737-8,CABIN,14330-230,37789,14330-230,12435,3770446,0001089738
190330756,33-21,M73-82,20 RH,9651-35-0002,23028,9651-35-0002,24521,4084437,ARC167904
42115606,25-32,M73-82,FWD GALLEY,8201-11-0000-01,16-12-38297,8201-11-0000,07-08-24030,3679617,1172704
55084376,33-00,B737-8,#2,45-0351-4,6556,45-0351-4,5670,3800143,1277429
190863140,25-00,B737-8,AFT,8201-11-0000,07-01-23112,8201-11-0000,07-10-24308,4006349,KAV1125037
190038937,25-00,B737-8,FWDGALLY,72184025,3060,72184025,N12021264044831,3723155,1215096
190117942,26-16,B737-8,AFT,473597-5,53074,473597-5,SJA5174,3945998,12774925
190621050,36-11,B737-8,#2,107484-7,16867,107484-7,16529,4034247,251142
190143710,25-00,B737-8,AFT,8201-11-0000-01,18-06-0214,8201-11-0000-01,17-02-38439,3850972,PAV10360
190321577,38-00,M73-82,LAV A,SC4L500301-5,171720973-008,SC4L500301-5,173531025-001,3907007,E-5849925
190325115,25-00,M73-82,CABIN,8201-11-0000,04-10-20491,8201-11-0000-01,21-11-0985,3828155,PAV10081
190878703,25-00,B737-8,AFT RH,8201-11-0000,04-06-20079,8201-11-0000-01,21-02-0364,4094338,KAV0226031
35039415,38-32,B737-8,LAV A,14330-230,37443,14330-230,7936,3743955,0001074554
190229757,25-00,B737-8,CABIN,72184025,4429,72184025,4300,4072773,SAV813
55323606,25-32,M73-82,FWD GALLEY,62197-301-001,17-01-0331,62197-301-001,19-07-1226,3775182,1256303
41307677,25-31,B737-8,FWDGALLY,62197-301-001,23-09-0121,72184025,N09120059044582,4048510,PAV12793
40857994,38-00,B737-8,LAV D,SC4L500301-5,11304604-006,SC4L500301-5,170683883-002,3779587,04294338
55354918,25-32,M73-82,GALLEY G4,62197-301-001,21-11-0209,62197-301-001,22-01-0391,3956578,WAV804
190245382,38-32,B737-8,AFT RH,14330-230,27037,14330-230,18509,3969154,1155441
190538988,33-21,B737-8,6DEF,9651-35-0002,54996,9651-35-0002,39232,3979078,ARC157723
55274725,23-00,B737-8,AFT,285W0024-1B,D06893,285W0024-1B,F25777,3946029,3768866
55241644,33-42,B737-8,RH,45-0351-4,6496,45-0351-6,8515,3745383,PAV8778
55169282,36-00,B737-8,#2,107484-7,13569,107484-7,13881,3811344,352545752
190157149,38-00,B737-8,CABIN,14330-230,913108,14330-230,25557,3979138,1163646
190063462,33-00,B737-8,RH,45-0351-4,1611,45-0351-4,2223,4069194,PAV13096
55293201,33-00,M73-82,LH,9651-35-0003,9074,9651-35-0003,10137,3996134,ARC159907
55433209,33-00,M73-82,#26 RH,9651-35-0004,23076,9651-35-0004,19121,3716703,132255
55509489,25-35,B737-8,AFTGALLY,62197-301-001,15-10-8010,62197-301-001,23-03-0522,3746930,KAV1124046
190406091,25-00,M73-82,AFT GALLEY,62197-301-001,23-07-0286,62197-301-001,23-09-0087,4069807,WAV1182
190706194,33-00,B737-8,CABIN,9651-35-0002,26247,9651-35-0002,53825,3975282,157161
55700610,25-31,B737-8,AFTGALLY,8201-11-0000-01,09-05-26933,8201-11-0000-01,19-05-0636,3889170,KAV0625012
190114774,38-32,B737-8,CABIN,15800-029-3,10783,15800-029-3,10791,3835336,1110996
55199019,23-42,B737-8,CABIN,285W0024-1B,F37737,285W0024-1M,F54556,3807057,ARC140913
190903367,34-00,B737-8,F/O,0851HT1,406563,0851HT2,483922,4139069,409103515
190263911,12,B737-8,AFT,72184025,4212,72184025,4244,3991560,AV1757
55237239,25-00,B737-8,FWD,8201-11-0000,03-03-18863,8201-11-0000-01,22-01-0897,3181081,S22/0335H-1
55619039,23-00,B737-8,AFT CAB,285W0024-1B,F25069,285W0024-1M,F44401,3755968,136182
190034411,23-42,B737-8,CABIN,285W0024-1B,F51219,285W0024-23M,F63175,4131781,05303149
191483891,23-00,B737-8,CABIN,285W0024-1B,F47944,285W0024-23M,F59890,4169955,173940
190413922,25-00,M73-82,GALLEY G4,8201-11-0000-01,18-10-0446,8201-11-0000,03-11-19512,3908353,PAV10909
190540038,33-21,B737-8,8ABC,9651-35-0002,22125,9651-35-0002,51519,3920557,ARC152205
55564662,25-00,B737-8,FWD,72184025,3035,72184025,N10040449044694,3955778,PAV11483
980014826,23-42,B737-8,FL DK,5145-1-82,17488,5145-1-82,14369,4229086,PAV14945
55552585,25-35,B737-8,FWDGALLY,8201-11-0000,07-12-24526,8201-11-0000,08-07-25640,3515438,1002729
190548945,33-21,B737-8,#25 LH,9651-35-0004,12322,9651-35-0004,14023,3920769,ARC151993
190620935,33-20,B737-8,9ABC,9651-35-0003,10537,9651-35-0003,6841,3986345,158236
190143765,25-31,B737-8,AFTGALLY,72184025,N09030621044488,62197-301-001,18-01-0429,3872780,KAV0525043
35004828,23-00,B737-8,AFT CAB,285W0024-1B,F25910,285W0024-1M,F48781,3907545,150421
190288059,25-00,M73-82,GALLEY 1 FWD,62197-301-001,18-01-1108,62197-301-001,15-10-8022,4016354,PAV12358
105393928,36-11,B737-8,#2,107484-7,10845,107484-7,20621,4021070,8703
190444375,33-00,M73-82,CABIN,9651-35-0005,67321,9651-35-0005,52251,4121389,20191483-1
42074758,33-21,M73-82,5 RH,9651-35-0002,76263,9651-35-0002,53813,3794201,ARC138536
190069312,38-32,B737-8,LAV A,14330-230,28288,14330-230,ZSK692,4128519,55428
190579351,33-21,B737-8,23 ABC,9651-35-0003,14462,9651-35-0003,15423,3990293,159166
55405718,33-21,M73-82,CABIN,9651-35-0005,52241,9651-35-0005,49537,4001774,60072
190262511,26-00,B737-8,FWD,473597-5,34363,473597-5,SJA5079,3836996,61819
55712298,26-10,B737-8,AFT,473597-5,SJB0846,473597-5,SJB1107,3801478,R549327-616
6300207,33-21,M73-82,20 DEF,9651-35-0002,50026,9651-35-0002,69668,3783130,486-1.000
190656755,26-00,B737-8,AFT,473597-5,SJA4079,473597-5,53150,4232206,R554505-66920
190087806,36-11,B737-8,#2,107484-7,18579,107484-7,19031,3893322,3357273
190583254,33-21,B737-8,25ABC,9651-35-0004,19203,9651-35-0004,7728,4072955,ARC166790
190689111,25-00,B737-8,AFTGALLY,72184025,N09070395044566,72184025,N10100885044727,3949575,WAV761
55592447,27-30,B737-8,RH STAB,0851HT1,372749,0851HT2,457897,3606257,406709945
35060057,33-00,B737-8,CABIN,9651-35-0004,10890,9651-35-0004,14027,3964256,ARC156249
190200995,23-42,B737-8,CABIN,285W0024-1B,D18442,285W0024-1B,F25840,3916249,151596
190603522,33-00,B737-8,CABIN,9651-35-0003,8876,9651-35-0003,7516,3842002,ARC144172
190542413,33-00,B737-8,RH,45-0351-4,5790,45-0351-4,3518,3882709,1351820
55060462,33-21,B737-8,20LH,9651-35-0002,39401,9651-35-0002,19371,4053625,ARC165352
42061887,26-00,B737-8,AFT,473597-5,SJA5186,473597-5,SJA7072,3747278,R548279
190733282,25-00,B737-8,AFT,8201-11-0000,05-01-20784,8201-11-0000,05-10-21306,3589585,1083567
55416161,25-31,M73-82,GALLEY G4,8201-11-0000-01,17-12-39595,8201-11-0000-01,17-12-40074,3830229,KAV0325012
55564556,34-00,B737-8,F/O,0851HT1,429859,0851HT1,433259,3912359,12622436
190330951,25-31,M73-82,GALLEY G4,8201-11-0000-01,21-11-0954,8201-11-0000-01,17-11-39507,4025780,KAV1225024
55252798,33-00,B737-8,RH,45-0351-4,0223,45-0351-4,4403,4076440,PAV13184
55599768,33-00,B737-8,ROW 22,9651-35-0002,40011,9651-35-0002,53915,3963113,20113064
190316246,25-00,M73-82,GALLEY G4,62197-301-001,23-05-0225,62197-301-001,14-07-6904,3997033,KAV1025056
40469782,25-35,B737-8,AFTGALLY,72184025,N10020395044645,62197-301-001,18-06-0100,3816642,KAV0325004
190942437,23-42,B737-8,CABIN,285W0024-1B,F28313,285W0024-1B,F63420,4196950,0017720
42119990,33-00,M73-82,LH,72605363-1,1877,72605363-1,0628,3964564,4344455
190280530,25-32,M73-82,AFT GALLEY,62197-301-001,21-02-0158,62197-301-001,18-01-0434,3860593,1332285
190643858,25-35,B737-8,AFTGALLY,8201-11-0000-01,11-02-29737,8201-11-0000,07-10-24285,4009617,KAV1225004
55451849,38-00,M73-82,LAV U,SC4L500301-5,173192713-001,SC4L500301-5,174737232-006,4067851,E-6088571
190369149,25-00,M73-82,AFTGALLY,62197-301-001,23-08-0182,62197-301-001,19-07-1216,4032294,WAV1058
190215176,38-32,B737-8,LAV E,14330-230,ZSK207,14330-230,ZSK671,3958778,1156159
190162379,23-41,B737-8,CABIN,285W0024-1B,D11426,285W0024-1M,F49128,3861377,146261
55596156,33-00,B737-8,24 ABC,9651-35-0003,5367,9651-35-0003,18440,3892678,879-1.000
190509964,25-00,B737-8,AFTGALLY,62197-301-001,18-01-0431,62197-301-001,15-10-8024,3867847,1338110
102543648,72-00,M73-82,#1,2085M31G03,PSDMF721,2085M31G03,PSDNF288,3805604,JMB24A-06812
102543648,72-00,M73-82,#1,2085M31G03,PSDMD225,2085M31G03,PSDNG543,3802156,NAB25A-00382
102543648,72-00,M73-82,#1,2085M31G03,PSDMD206,2085M31G03,PAT36T80,3802743,RF21879-1
102543648,72-00,M73-82,#1,2085M31G03,PSDMF732,2085M31G03,PAT10R69,3802728,RF40687-1
102543648,72-00,M73-82,#1,2085M31G03,PSDMF720,2085M31G03,PSDNF293,3805618,JMB24A-06817
102543648,72-00,M73-82,#1,2085M31G03,PSDMF728,2085M31G03,PSDNF290,3805609,JMB24A-06814
102543648,72-00,M73-82,#1,2085M31G03,PSDMF718,2085M31G03,PSDMD171,3802706,RF31284-1
102543648,72-00,M73-82,#1,2085M31G03,PSDMF722,2085M31G03,PSDNF289,3805606,JMB24A-06813
102543648,72-00,M73-82,#1,2085M31G03,PSDMF723,2085M31G03,PAT11R15,3802718,RF40696-1
102543648,72-00,M73-82,#1,2085M31G03,PSDMF719,2085M31G03,PSDNG550,3802188,NAB25A-00389
102543648,72-00,M73-82,#1,2085M31G03,PSDMF724,2085M31G03,PSDNF291,3805613,JMB24A-06815
102543648,72-00,M73-82,#1,2085M31G03,PSDMD211,2085M31G03,PSDNF287,3805601,JMB24A-06811
102543648,72-00,M73-82,#1,2085M31G03,PSDMF716,2085M31G03,PSDNF932,3811069,JMB24A-07081
102543648,72-00,M73-82,#1,2085M31G03,PSDMF729,2085M31G03,PSDNG549,3802186,NAB25A-00388
102543648,72-00,M73-82,#1,2085M31G03,PSDMD203,2085M31G03,PSDNF294,3805620,JMB24A-06818
102543648,72-00,M73-82,#1,2085M31G03,PSDMF725,2085M31G03,PSDNF286,3805599,JMB24A-06810
102543648,72-00,M73-82,#1,2085M31G03,PSDMD204,2085M31G03,PSDNG241,3799679,NAB25A-00054
102543648,72-00,M73-82,#1,2085M31G03,PSDMF717,2085M31G03,PAT4B027,3802655,RF40045-1
190520072,25-31,B737-8,AFTGALLY,72184025,4243,72184025,N09120057044580,3925354,PAV11098
55459479,25-00,M73-82,GALLEY G4,62197-301-001,18-07-0607,62197-301-001,21-11-0729,4082264,WAV1244
55395468,33-00,M73-82,CABIN,9651-35-0005,56046,9651-35-0005,60607,4091379,20180221-1
190471626,33-21,M73-82,#20 RH,9651-35-0002,66433,9651-35-0002,64852,3992919,20121818
190105574,25-00,B737-8,002 AFT GALLEY,8201-11-0000,03-03-18855,8201-11-0000,08-07-25659,3788818,1267507
35053345,33-00,B737-8,28DEF,9651-35-0005,49192,9651-35-0005,22811,3794526,ARC138411
190907643,38-32,B737-8,FWD,14330-230,10238,14330-230,27208,4153550,0000065212
190529237,34-00,B737-8,AUX,0851HT1,363193,0851HT2,461106,4027250,13186049
55449095,33-21,M73-82,6ABC,9651-35-0002,22083,9651-35-0002,17570,4031755,163220
190561883,23-00,B737-8,FWD CAB,285W0024-1B,D22935,285W0024-1B,F63248,3979842,08745
55640231,33-00,B737-8,31DEF,9651-35-0005,46888,9651-35-0005,48898,3760122,81620
191419101,34-00,B737-8,LH,0851HT1,348688,0851HT2,485059,4176117,409245967
103234498,33-20,M73-82,12DEF,9651-35-0004,11855,9651-35-0004,6298,3580015,ARC119579
191512987,25-00,B737-8,FWDGALLY,8201-11-0000,08-05-25470,8201-11-0000,07-09-24216,4179931,KAV0626028
191512775,23-42,B737-8,AFT CAB,285W0024-1B,F24341,285W0024-1B,F47944,4202698,ARC176678
55310497,33-00,M73-82,5DEF,9651-35-0002,32451,9651-35-0002,50466,4184188,ARC175244
190087628,25-31,B737-8,AFT,8201-11-0000-01,23-03-0629,8201-11-0000,07-02-23319,4057090,KAV0126019
42184080,33-21,M73-82,20 RH,9651-35-0002,22392,9651-35-0002,23028,4019526,ARC161951
980012707,25-00,M73-82,GALLEY G4,8201-11-0000-01,17-02-38421,8201-11-0000-01,17-12-39598,4176439,
190297011,33-21,M73-82,29 ABC,9651-35-0005,50780,9651-35-0005,21230,3855421,145297
191471297,25-00,B737-8,FWD,62197-301-001,16-02-0192,62197-301-001,21-11-0218,4129960,SAV894
190519441,23-51,B737-8,FL DK,5145-1-82,15554,5145-1-88,27321,3852173,PAV10382
55695857,36-11,B737-8,#2,107484-7,17492,107484-7,19889,4165614,356103521
191506504,25-31,B737-8,AFT LH,8201-11-0000-01,09-03-26644,8201-11-0000,06-11-22820,3941031,KAV0725039
190135083,34-11,B737-8,AUX,0851HT1,360348,0851HT2,469401,3845105,407796574
191350597,33-00,B737-8,30ABC,9651-35-0005,18152,9651-35-0005,16438,4072920,ARC167054
55717690,33-20,B737-8,CABIN,9651-35-0005,31492,9651-35-0005,33661,3792393,ARC139516
41932805,26-00,B737-8,AFT,473597-5,SJA3922,473597-5,SJB6887,3787634,61300
41932805,26-00,B737-8,AFT,473597-5,SJA3267,473597-5,SJA1345,3788782,61293
41932805,26-00,B737-8,FL DK,473955-1,7264,473955-1,4246,3763894,4901
190729852,33-21,B737-8,6ABC,9651-35-0002,35352,9651-35-0002,17785,4019674,ARC162284
190684053,25-00,B737-8,FWD,62197-301-001,19-07-1209,62197-301-001,22-05-0082,4020188,PAV12385
190280664,33-21,M73-82,20ABC,9651-35-0002,50911,9651-35-0002,40943,3851018,ARC144959
55406155,33-42,M73-82,LH,72605363-1,4994,72605363-1,5550,3851116,890757
190542028,33-21,B737-8,29 RH,9651-35-0005,51857,9651-35-0005,17386,3877508,147424
191000941,25-00,B737-8,GALLEY 4,72184025,4003,72184025,N10030472044670,4170870,WAV1470
55610909,25-00,B737-8,FWDGALLY,8201-11-0000-01,17-06-38800,8201-11-0000-01,09-04-26806,3769859,1407
55287104,33-00,M73-82,31ABC,9651-35-0005,72112,9651-35-0005,21620,3818864,ARC142108
55408223,33-00,M73-82,19 RH,,,9651-35-0002,39218,3792360,ARC139813
55358906,33-00,M73-82,16ABC,9651-35-0005,50822,9651-35-0005,59135,3935380,20107894
190258527,27-00,B737-8,FIN,0851HT1,363066,0851HT2,475520,3976296,16646
190133579,34-11,B737-8,F/O,0851HT1,382810,0851HT2,469745,3877573,407952621
42098613,33-00,M73-82,19ABC,9651-35-0002,66147,9651-35-0002,35374,4011043,ARC161155
42108383,38-10,M73-82,G1,62197-301-001,14-08-6926,62197-301-001,22-02-0448,3947839,WAV756
190064701,26-16,B737-8,AFT,473597-5,45375,473597-5,SJA9180,4130972,00013625118
42065837,25-32,M73-82,GALLEY 1,62197-301-001,21-02-0088,62197-301-001,15-03-7405,3763586,SAV417
55444840,38-00,M73-82,FWD,SC4L500301-5,1129575761-004,SC4L500301-5,172211395-005,3772277,E-5637680
190677541,38-00,B737-8,FWD,SC4L500301-5,11304625-008,SC4L500301-5,173531025-003,3907060,E-5848959
55102791,23-42,B737-8,CABIN,285W0024-1B,F26471,285W0024-1M,F41099,4018080,161728
190020927,25-33,B737-8,G1,72184025,3068,72184025,4127,4015512,WAV1012
4053335,38-32,B737-8,CABIN,15800-029-3,1012,15800-029-3,4164,1485637,
55041400,33-00,B737-8,RH,45-0351-4,6536,45-0351-2,0691,4069200,PAV13087
55272027,25-00,B737-8,AFT,8201-11-0000-01,11-02-29756,8201-11-0000,05-08-21366,3561397,1053980
106296418,73-11,M73-82,#1,2085M31G03,PAT2J277,2085M31G03,PAT94E84,4100870,RH55286-1
106296418,73-11,M73-82,#1,2085M31G03,PAT2J280,2085M31G03,PSDMF804,4100862,RH30931-1
106296418,73-11,M73-82,#1,2085M31G03,PAT2J279,2085M31G03,PSDNE228,4100863,RH56830-1
106296418,73-11,M73-82,#1,2085M31G03,PAT2J278,2085M31G03,PAT26F95,4100861,RH55103-1
106296418,73-11,M73-82,#1,2085M31G03,PAT1J733,2085M31G03,PAT4H801,4100871,RH55122-1
106296418,73-11,M73-82,#1,2085M31G03,PAT1J734,2085M31G03,PAT4H798,4100868,RH55116-1
106296418,73-11,M73-82,#1,2085M31G03,PAT2J274,2085M31G03,PAT3H259,4100874,RH55065-1
106296418,73-11,M73-82,#1,2085M31G03,PAT0J799,2085M31G03,PSDMA011,4100876,RH58523-1
106296418,73-11,M73-82,#1,2085M31G03,PAT2J275,2085M31G03,PSDNE242,4100873,RH56824-1
106296418,73-11,M73-82,#1,2085M31G03,PAT2J273,2085M31G03,PAT07R51,4100816,RH58549-1
106296418,73-11,M73-82,#1,2085M31G03,PAT2J272,2085M31G03,PAT3H769,4100811,RH58710-1
106296418,73-11,M73-82,#1,2085M31G03,PAT2J281,2085M31G03,PAT51E69,4100809,RH58045-1
106296418,73-11,M73-82,#1,2085M31G03,PAT0J795,2085M31G03,PSDNE233,4100808,RH56818-1
106296418,73-11,M73-82,#1,2085M31G03,PAT0J794,2085M31G03,PAT47T64,4100814,RH58049-1
106296418,73-11,M73-82,#1,2085M31G03,PAT0J796,2085M31G03,PAT2H742,4100835,RH58711-1
106296418,73-11,M73-82,#1,2085M31G03,PAT0J791,2085M31G03,PAT1A700,4100837,RH58628-1
106296418,73-11,M73-82,#1,2085M31G03,PAT2J276,2085M31G03,PSDMF682,4100832,RH30951-1
106296418,73-11,M73-82,#1,2085M31G03,PAT0J800,2085M31G03,PAT3H775,4100817,RH58727-1
55725398,33-00,B737-8,31DEF,9651-35-0005,58409,9651-35-0005,37044,4049771,ARC164493
55438627,25-00,M73-82,AFT,72184025,4154,62197-301-001,19-06-0017,3851401,KAV0225056
191358975,34-11,B737-8,CAPT,0851HT1,440413,0851HT2,471228,3892020,408030093
190788425,23-51,B737-8,FL DK,5145-1-82,19366,5145-1-88,130583,3871396,PAV10582
55556258,25-31,B737-8,AFT,72184025,4116,72184025,4129,3730928,1221446
190559940,23-00,B737-8,CAPT,5145-1-82,15918,5145-1-88,26781,3948115,PAV11364
190167506,25-00,B737-8,FWD,62197-301-001,16-02-0213,62197-301-001,17-12-0429,3976459,PAV11748
190401703,25-00,M73-82,G1-105,62197-301-001,15-12-0152,62197-301-001,15-07-7754,4082286,WAV1199
190291423,25-33,M73-82,GALLEY G4,62197-301-001,22-01-0388,62197-301-001,21-11-0694,3820822,SAV519
190630479,25-00,B737-8,AFTGALLY,62197-301-001,16-08-0256,62197-301-001,16-06-0229,3977163,PAV11758
190482123,33-00,M73-82,22DEF,9651-35-0002,51731,9651-35-0002,18175,4101921,ARC168967
42202811,25-32,M73-82,405AFT,62197-301-001,22-05-0078,62197-301-001,16-11-0288,3887331,PAV10725
41337349,25-00,B737-8,AFTGALLY,62197-301-001,21-11-0689,62197-301-001,15-10-8020,3747150,KAV1024033
190283931,33-21,M73-82,CABIN,9651-35-0005,47170,9651-35-0005,15707,3920628,ARC151948
190232746,25-33,B737-8,GALLEY 4,62197-301-001,21-02-0110,72184025,N12021272044839,3962524,1426540
190110871,23-00,B737-8,FL DK,5145-1-82,16115,5145-1-82,12434,4110628,PAV13615
190346292,33-00,M73-82,LH,72605363-1,0625,72605363-1,4743,3996502,354667293
190104356,38-00,B737-8,AFT RH,14330-230,20568,14330-230,25694,3722260,0001071812
190162819,25-00,B737-8,AFTGALLY,8201-11-0000,02-11-18326,8201-11-0000-01,23-03-0633,3416417,S23/2226H-1
41454782,38-00,B737-8,CABIN,15800-029-3,5799,15800-029-3,9472,3612640,0001040099
190120975,25-37,B737-8,FWD,8201-11-0000,08-08-25855,8201-11-0000-01,21-11-0264,4110796,PAV13636
42196258,25-35,M73-82,GALLEY G4,8201-11-0000-01,17-12-40029,8201-11-0000,08-05-25477,3800853,PAV9630
102477677,23-42,B737-8,FWD CAB,285W0024-1B,D18235,285W0024-1B,F24159,3795871,ARC140354
191470049,33-21,B737-8,8ABC,9651-35-0002,24898,9651-35-0002,38918,4231009,179485
55431385,25-00,M73-82,G1,62197-301-001,22-01-0409,62197-301-001,19-07-0270,3786355,PAV9364
190029290,25-31,B737-8,AFTGALLY,72184025,3063,72184025,N12061885044863,4065893,WAV1177
55593973,25-00,B737-8,FWDGALLY,72184025,N09070388044559,72184025,N09070384044555,3834342,PAV10172
191400844,38-00,B737-8,LAV D,14330-230,1981,14330-230,25041,4179493,0000078966
55494810,12-10,M73-82,AFT GALLEY,8201-11-0000-01,22-03-0047,8201-11-0000,08-08-25860,3912210,1379018
190662478,34-11,B737-8,F/O,0851HT1,432985,0851HT2,465224,3774333,9512
41143985,33-21,B737-8,12DEF,9651-35-0005,31170,9651-35-0005,23068,3758717,ARC136083
191460877,25-00,B737-8,AFTGALLY,72184025,N10100896044738,62197-301-001,16-12-0317,4142931,WAV1423
191506025,25-41,B737-8,FWD,SC4L500301-5,173574847-009,SC4L500301-5,175184261-003,4143559,E6178748
55004521,23-00,B737-8,FL DK,5145-1-82,12811,5145-1-82,13849,4139204,PAV14006
55698942,26-00,B737-8,AFT,473597-5,SJB8046,473597-5,SJA4412,3950558,R551321-63819
190203225,25-00,B737-8,AFTGALLY,62197-301-001,16-06-0226,72184025,4348,4086608,KAV0326063
190546949,23-00,B737-8,FL DK,5145-1-82,18215,5145-1-82,10563,3946751,PAV11268
53857378,23-42,B737-8,FWD,285W0024-1B,D19920,285W0024-1B,D13002,4011086,161134
55649730,33-00,B737-8,#4 LH,9651-35-0002,22906,9651-35-0002,43519,3767124,ARC137253
55587192,25-31,B737-8,AFTGALLY,62197-301-001,18-01-1107,62197-301-001,15-12-0154,3992930,WAV925-UKCAA
55585540,72-21,B737-8,NO.1 #10,,,340-001-038-0,DM121129,3884620,R25052903
55585540,72-21,B737-8,#1,340-001-038-0,DM127814,,,9545249,
190419995,33-00,M73-82,31DEF,9651-35-0005,57645,9651-35-0005,30540,4173661,ARC174170
41612030,33-20,B737-8,24 ABC,9651-35-0003,9029,9651-35-0003,5498,3597886,ARC120653
190886477,25-31,B737-8,AFT,8201-11-0000,08-02-24839,8201-11-0000-01,17-12-40069,4030213,KAV1225043
55461808,73-11,M73-82,#2,2085M31G03,PAT24F37,2085M31G03,PSDMD172,3820693,RF31290-1
55461808,73-11,M73-82,#2,2085M31G03,PSDMJ723,2085M31G03,PSDMF799,3820696,RF43977-1
55461808,73-11,M73-82,#2,2085M31G03,PAT63E23,2085M31G03,PAT8A442,3820690,RF30412-1
55461808,73-11,M73-82,#2,2085M31G03,PSDMJ268,2085M31G03,PAT4C100,3820678,RF40852-1
55461808,73-11,M73-82,#2,2085M31G03,PSDMJ270,2085M31G03,PAT3C239,3820683,RF53033-1
55461808,73-11,M73-82,#2,2085M31G03,PSDMJ271,2085M31G03,PSDMD165,3820699,RF31288-1
55461808,73-11,M73-82,#2,2085M31G03,PAT05T93,2085M31G03,PAT3C325,3820674,RF31229-1
55461808,73-11,M73-82,#2,2085M31G03,PAT22F52,2085M31G03,PAT8C160,3820691,RF11781-1
55551926,33-00,B737-8,RH,72605363-1,4883,72605363-1,5502,4032230,145354
55268833,27-36,B737-8,FIN,0851HT1,276189,0851HT2,481416,4096844,408932795
55612341,33-00,B737-8,CABIN,9651-35-0002,19023,9651-35-0002,35029,3886826,148737
26184038,25-00,B737-8,FWDGALLY,8201-11-0000,05-11-21445,8201-11-0000-01,21-01-0231,3788768,KAV0125041
55679152,33-21,B737-8,19DEF,9651-35-0002,31410,9651-35-0002,79502,3815820,70108
55144154,25-00,B737-8,FWDGALLY,72184025,4033,72184025,3054,3618250,1112439
191251274,33-42,M73-82,LH,72605363-1,6429,72605363-1,1559,4189787,356596794
55567551,25-00,B737-8,FWD,8201-11-0000,03-09-19335,8201-11-0000-01,16-10-38129,3561388,1056585
191065918,23-00,B737-8,#2,5145-1-82,16293,5145-1-82,12663,4136049,PAV13979
55601178,33-00,B737-8,12DEF,9651-35-0005,16710,9651-35-0005,37526,3752308,20079097-1000
55356351,72-00,M73-82,#1,2085M31G03,PAT1G127,2085M31G03,PAT6A876,3965189,RF87487-1
55356351,72-00,M73-82,#1,2085M31G03,PAT1G149,2085M31G03,PSDMF606,3964950,RG29502-1
55356351,72-00,M73-82,#1,2085M31G03,PAT1G150,2085M31G03,PAT43T47,3965206,RF81667-1
55356351,72-00,M73-82,#1,2085M31G03,PAT1G124,2085M31G03,PAT0B401,3965201,RE87840-1
55356351,72-00,M73-82,#1,2085M31G03,PAT1G126,2085M31G03,PAT56R85,3965210,RG29240-1
55356351,72-00,M73-82,#1,2085M31G03,PAT1G144,2085M31G03,PAT1C687,3965208,RG30561-1
55356351,72-00,M73-82,#1,2085M31G03,PAT1G146,2085M31G03,PAT8C673,3965220,RG29214-1
55356351,72-00,M73-82,#1,2085M31G03,PAT1G145,2085M31G03,PAT3C503,3965216,RE17565-1
55356351,72-00,M73-82,#1,2085M31G03,PAT1G128,2085M31G03,PAT96C93,3964965,RD81659-1
55356351,72-00,M73-82,#1,2085M31G03,PAT1G153,2085M31G03,PAT7A565,3965225,RF84670-1
55356351,72-00,M73-82,#1,2085M31G03,PAT1G131,2085M31G03,PAT68E11,3965230,RG29525-1
55356351,72-00,M73-82,#1,2085M31G03,PAT1G132,2085M31G03,PAT1C720,3965188,RF87477-1
55356351,72-00,M73-82,#1,2085M31G03,PAT1G148,2085M31G03,PAT4C376,3964956,RG29570-1
55356351,72-00,M73-82,#1,2085M31G03,PAT1G147,2085M31G03,PAT72J10,3964958,RG29557-1
55356351,72-00,M73-82,#1,2085M31G03,PAT1G151,2085M31G03,PAT2C880,3964962,RF78505-1
55356351,72-00,M73-82,#1,2085M31G03,PAT1G152,2085M31G03,PAT9E614,3965110,RF78535-1
55356351,72-00,M73-82,#1,2085M31G03,PAT1G125,2085M31G03,PAT83C86,3964946,RD00501-1
55356351,72-00,M73-82,#1,2085M31G03,PAT1G133,2085M31G03,PAT1C267,3965221,RF31217-1
191496476,36-00,B737-8,#2,107484-7,8178,107484-7,19891,4110259,355730937
55120604,33-42,B737-8,RH,45-0351-4,5724,45-0351-4,7294,4058414,PAV12923
190628450,25-00,B737-8,AFTGALLY,8201-11-0000-01,10-07-29062,8201-11-0000,04-10-20488,3857841,KAV0425050
191215979,33-21,M73-82,05ABC,9651-35-0002,70002,9651-35-0002,65466,4042855,20155219
55479640,25-00,M73-82,G1,8201-11-0000,07-09-24216,8201-11-0000,08-05-25473,3592873,1087328
190455491,25-00,M73-82,GALLEY G4,62197-301-001,16-11-0295,62197-301-001,17-08-0400,3984011,KAV1025010
55313672,33-00,M73-82,CABIN,9651-35-0002,63314,9651-35-0002,17667,3880223,ARC148204
55530647,25-31,B737-8,AFTGALLY,72184025,N10020042044628,72184025,N10040450044695,3897544,WAV532
104395064,72-00,,#1,340-001-036-0,DM160761,340-001-036-0,PF494485,3918753,GEAMS1151
104395064,72-00,,#1,340-001-036-0,DM160714,340-001-038-0,DM169977,3938076,080639001
104395064,72-00,,#1,340-001-036-0,DM160780,340-001-038-0,DM155787,3914904,206000
104395064,72-00,,#1,340-001-036-0,DM160796,340-001-036-0,PF478436,3918749,GEAMS1151
104395064,72-00,,#1,340-001-036-0,DM160486,340-001-038-0,DM137352,3919323,R2504290
104395064,72-00,,#1,340-001-036-0,DM160516,340-001-038-0,DM122441,3882542,R25052722000
191387689,26-00,B737-8,FWD,473597-5,SJA5365,473597-5,SJA9838,4159253,13758148
6179228,38-32,B737-8,LAV E,15800-029-3,14193,15800-029-3,5548,2096995,101380
190362877,25-00,M73-82,FWDGALLY,62197-301-001,16-10-0274,62197-301-001,19-06-0031,4096343,PAV13503
55302391,25-31,M73-82,FWD,8201-11-0000,04-02-19764,8201-11-0000,08-02-24836,4108603,PAV13611
55249695,25-31,B737-8,AFTGALLY,8201-11-0000,08-05-25466,8201-11-0000,05-10-21301,3831454,KAV0325033
55456180,33-21,M73-82,24ABC,9651-35-0002,63113,9651-35-0002,66019,3976549,20116080
190284238,25-00,M73-82,G1,8201-11-0000,08-05-25473,8201-11-0000-01,21-11-0266,3795529,PAV9546
102479229,38-31,32S,50MG1,14330-230,ZSK647,14330-230,19980,3784099,0001094596
190197145,33-21,B737-8,9DEF,9651-35-0003,11933,9651-35-0003,20151,3959125,2410-1.000
190635845,36-00,B737-8,#2,107484-7,13623,107484-7,10153,3872918,25.410
190086051,36-00,B737-8,#1,107484-7,16786,107484-7,6769,3795583,170013
26063157,25-00,B737-8,FWDGALLY,72184025,N12061898044876,72184025,4337,3674787,1164653
190349793,33-21,M73-82,5ABC,9651-35-0002,18643,9651-35-0002,33729,3861021,ARC146193
190701132,25-00,B737-8,AFTGALLY,8201-11-0000,04-08-20249,8201-11-0000,07-12-24524,3941018,KAV0825001
190590560,25-31,B737-8,AFTGALLY,62197-301-001,19-07-1209,62197-301-001,18-01-1098,3989654,KAV1025065
55308260,33-42,M73-82,LH,72605363-1,4820,72605363-1,2787,3998341,4701554
55147743,26-16,B737-8,FWD,473597-5,36705,473597-5,SJA2862,3868993,62765
191530386,33-21,B737-8,30ABC,9651-35-0005,23968,9651-35-0005,24934,4210462,177681
190602074,33-00,B737-8,LH,72605363-1,4131,72605363-1,2791,3947561,353951903
41997117,33-00,B737-8,30 DEF,9651-35-0005,27653,9651-35-0005,64059,4010570,38278
104413053,36-00,B737-8,#2,107484-7,10818,107484-7,18185,3929820,354014242
55709250,33-20,B737-8,RH,9651-35-0003,6550,9651-35-0003,14651,3986400,20121821
40274887,23-00,B737-8,CABIN,285W0024-1B,F23930,285W0024-23B,F64273,4144575,MEH-E
190404348,38-00,M73-82,LAV U,SC4L500301-5,11304577-005,SC4L500301-5,174677614-005,4070895,6089370
55620184,27-31,B737-8,RH STAB,0851HT1,331510,0851HT2,462584,3715772,407211949
191169565,25-00,M73-82,101,8201-11-0000-01,23-03-0347,8201-11-0000,07-02-23329,4012828,KAV1225007
190608388,23-51,B737-8,F/O,5145-1-82,11937,5145-1-82,17887,4089565,PAV13378
190640741,25-00,B737-8,#3,62197-301-001,17-01-0353,62197-301-001,18-07-0601,3774229,PAV9174
55574541,25-30,B737-8,AFTGALLY,62197-301-001,21-02-0102,62197-301-001,17-08-0409,3852082,WAV437
190862463,33-00,B737-8,CAB,9651-35-0002,35370,9651-35-0002,35553,4116632,ARC169883
41595019,38-00,B737-8,LAV D,14330-230,9538,14330-230,25557,4197664,090983
104235614,33-00,M73-82,CABIN,9651-35-0003,20151,9651-35-0003,18304,3907771,20103683
55612670,25-30,B737-8,AFTGALLY,62197-301-001,19-07-0261,72184025,4331,3852081,WAV424
41966131,33-21,B737-8,9 DEF,9651-35-0003,5473,9651-35-0003,19002,3763558,136909
55170356,34-11,B737-8,ALT,0851HT1,379477,0851HT2,475310,3991267,408470480
55508793,33-00,B737-8,RH,72605363-1,1210,72605363-1,0736,3822572,2625083
190636866,33-21,B737-8,21ABC,9651-35-0002,17506,9651-35-0002,26875,3860969,146185
190281699,38-00,M73-82,LAV A,SC4L500301-5,170829654-001,SC4L500301-5,173662864-006,3941302,E-5900492
190343773,38-00,M73-82,LAV FWD,SC4L500301-5,173662855-006,SC4L500301-5,175636572-007,4207309,6260952
55121536,36-00,B737-8,#2,107484-7,11632,107484-7,16632,3975193,4317395
190385427,33-00,M73-82,LH,72605363-1,6741,72605363-1,3592,4197658,356623012
190385427,33-00,M73-82,LH INBD,72500410-2,15070,72500410-2,1122,4203618,6752757
190385427,33-00,M73-82,LH OUTBD,72500410-1,15860,72500410-1,15030,4157612,356216762
190589481,33-00,B737-8,23 ABC,9651-35-0003,6466,9651-35-0003,10627,3990189,159229
42125638,33-00,M73-82,CABIN,9651-35-0005,61162,9651-35-0005,33746,3920589,ARC151868
55186779,25-00,B737-8,FWDGALLY,62197-301-001,16-01-0178,62197-301-001,23-09-0121,4005916,SAV699
55385169,33-21,M73-82,21 ABC,9651-35-0002,22049,9651-35-0002,48913,3790874,2008635
190714016,33-00,B737-8,12ABC,9651-35-0005,29745,9651-35-0005,47689,3830257,20091564
55501418,33-42,M73-82,RH,72605363-1,4223,72605363-1,5547,3731362,7775
53856699,25-00,B737-8,FWDGALLY,62197-301-001,16-12-0316,62197-301-001,17-06-0367,4067624,PAV13080
55679478,25-00,B737-8,AFTGALLY,62197-301-001,19-07-0269,62197-301-001,21-02-0152,3818932,1295747
55056837,33-00,B737-8,21ABC,9651-35-0002,39218,9651-35-0002,70898,3758402,20079921
190638644,25-00,B737-8,AFT,62197-301-001,18-06-0102,62197-301-001,17-01-0329,3916771,PAV10982
190426263,25-30,M73-82,GALLEY G4,62197-301-001,18-07-0593,62197-301-001,14-09-7025,4157659,JN11970
55700623,33-42,B737-8,RH,45-0351-4,6536,45-0351-4,6801,3913457,PAV10957
190334462,33-00,M73-82,CABIN,9651-35-0002,53935,9651-35-0002,64042,4002423,20131350
190507910,23-00,B737-8,FL DK,5145-1-82,12060,5145-1-82,18196,4091678,PAV13397
191048724,25-37,B737-8,AFT,8201-11-0000,04-02-19751,8201-11-0000-01,17-08-39188,4128364,PAV13833
41157147,33-00,B737-8,LH,72605363-1,1654,72605363-1,4864,3815288,352572794
190434332,33-00,M73-82,RH,9651-35-0002,51459,9651-35-0002,56277,3991084,20123535
190358576,30-30,M73-82,CAPT,0851HT1,404002,0851HT2,480972,4093959,408919685
191475844,33-00,B737-8,RH,45-0351-4,6454,45-0351-4,6374,4204715,PAV14754
190330890,33-21,M73-82,15 DEF,9651-35-0005,58463,9651-35-0005,51096,4004370,20132420
190739457,25-00,B737-8,FWDGALLY,8201-11-0000,07-08-24022,8201-11-0000-01,23-04-0138,3429369,S23/2386H-1
103572574,72-00,,#2,340-001-038-0,PA212804,340-001-038-0,PF424651,3831242,R25022802001
103572574,72-00,,#2,340-001-038-0,DD286027,340-001-038-0,DC770815,3879552,R25051622
103572574,72-00,,#2,340-001-038-0,DM011818,340-001-038-0,PA212172,3870839,0307001
190603429,23-00,B737-8,F/O,5145-1-82,12431,5145-1-82,17632,3851009,PAV10356
190541209,33-00,B737-8,12DEF,9651-35-0004,14030,9651-35-0004,14131,3855343,145306
190249932,25-00,B737-8,GALLEY G4,62197-301-001,23-09-0127,62197-301-001,15-11-0141,4028435,PAV12386
190459540,25-35,M73-82,002 AFT GALLEY,62197-301-001,15-10-8015,62197-301-001,19-07-0273,3858319,KAV0425026
55583371,25-00,B737-8,CABIN,8201-11-0000-01,18-05-0282,8201-11-0000,08-05-25461,3745319,1228027
190456757,38-00,M73-82,AFT RH,SC4L500301-5,173519530-007,SC4L500301-5,175167915-007,4143482,E6178748
190312403,33-00,M73-82,RH,9651-35-0005,31062,9651-35-0005,20835,3907436,150583
42017907,23-00,B737-8,FWD,285W0024-1B,F28272,285W0024-1B,F35151,3854430,145134
55546607,33-21,B737-8,18DEF,9651-35-0002,24544,9651-35-0002,24684,3760172,79055
190407046,25-00,M73-82,AFT GALLEY,8201-11-0000,06-11-22803,8201-11-0000-01,17-06-38806,4051701,KAV0126017
190296359,33-00,M73-82,LH,72605363-1,5072,72605363-1,4994,3881718,3300356
190506817,25-00,B737-8,FWDGALLY,8201-11-0000-01,09-10-27621,8201-11-0000,04-12-20655,3773354,PAV9147
190514826,38-32,B737-8,LAV E,14330-230,37384,14330-230,40005,3390766,57323
191520164,34-11,B737-8,LH,0851HT1,401990,0851HT2,481333,4092512,408928903
190081607,33-00,B737-8,RH,45-0351-4,7247,45-0351-4,4861,4039113,PAV12649
55313583,33-21,M73-82,2ABC,9651-35-0005,66634,9651-35-0005,22875,3802708,ARC140642
191405272,25-00,B737-8,AFTGALLY,8201-11-0000-01,10-07-29007,8201-11-0000,07-08-24015,3688948,1179140
190591056,25-00,B737-8,FWDGALLY,62197-301-001,16-12-0303,62197-301-001,14-09-7017,4041544,SAV753
40134220,25-00,B737-8,FL DK,5145-1-82,11153,5145-1-82,15671,3891394,PAV10773
55490107,25-00,M73-82,GALLEY G4,62197-301-001,17-01-0362,62197-301-001,23-07-0416,3799429,1276941
191399101,33-42,B737-8,RH,72605363-1,0534,72605363-1,6517,4104844,355605507
55561919,33-20,B737-8,9ABC,9651-35-0003,7174,9651-35-0003,19941,4008337,20136829
190374024,33-21,M73-82,12ABC,9651-35-0005,63876,9651-35-0005,18236,4210465,177557
190292088,30-00,M73-82,ALT,0851HT1,402481,0851HT2,474612,3964413,3380
55293593,33-21,M73-82,CABIN,9651-35-0002,65628,9651-35-0002,74416,3899039,04643731
55251164,25-35,B737-8,AFTGALLY,72184025,N09030222044449,72184025,N12031138044844,3747672,1234896
41796283,33-21,M73-82,16DEF,9651-35-0005,49283,9651-35-0005,18473,3844864,ARC144350
190903068,25-00,B737-8,AFT,8201-11-0000-01,16-01-37100,8201-11-0000,03-03-18854,4091785,KAV0226017
190493692,25-32,M73-82,GALLEY G4,8201-11-0000,02-11-18326,8201-11-0000,02-10-18260,3836323,KAV0325035
55442325,38-00,M73-82,LAV A,SC4L500301-5,11248034,SC4L500301-5,172442901-004,3956212,04815294
25692391,25-00,B737-8,FWD,8201-11-0000,04-11-20574,8201-11-0000,08-08-25864,3716504,1206129
191254312,33-00,M73-82,CABIN,9651-35-0005,59172,9651-35-0005,17498,4157022,ARC172992
55503481,25-00,B737-8,AFT RH,62197-301-001,23-05-0411,72184025,4147,3843810,1317714
55373962,33-00,M73-82,29DEF,9651-35-0005,61265,9651-35-0005,50582,4190187,ARC175456
190584422,25-00,B737-8,AFTGALLY,8201-11-0000,03-01-18691,8201-11-0000,04-07-20162,3858887,PAV10437
191402618,33-00,B737-8,CABIN,9651-35-0004,12618,9651-35-0004,22704,4228938,47002308-01
40354146,23-00,B737-8,CABIN,285W0024-1B,F24147,285W0024-1B,F27339,3762598,136727
190451373,25-32,M73-82,GALLEY 4,8201-11-0000-01,21-02-0366,8201-11-0000,05-09-21498,3880388,KAV0625001
55586573,25-00,B737-8,AFTGALLY,8201-11-0000,04-08-20259,8201-11-0000,08-02-24844,3240781,L-3240781
55497836,33-00,M73-82,28 DEF,9651-35-0005,**50734**,9651-35-0005,58964,3815775,20090616
55132220,38-00,B737-8,FWD,14330-230,ZSK390,14330-230,7151,3867294,1119947
190575969,25-00,B737-8,FWDGALLY,8201-11-0000,04-11-20576,8201-11-0000,02-09-18204,4062767,PAV12980
42256830,33-42,B737-8,RH,45-0351-4,4703,45-0351-4,3740,3971475,1433063
190578801,25-00,B737-8,AFTGALLY,8201-11-0000,03-02-18705,8201-11-0000-01,21-01-0230,4066411,KAV0126059
35086806,25-00,B737-8,AFT,72184025,3010,72184025,N10020408044658,3991786,SAV673
191071721,25-31,B737-8,AFT,72184025,N09030237044464,62197-301-001,26-02-0597,4222938,WAV1658
41615675,25-00,B737-8,FWDGALLY,8201-11-0000-01,18-06-0213,8201-11-0000-01,19-07-0777,3740810,KAV1124015
55541866,26-16,B737-8,AFT,473597-5,SJA4807,473597-5,SJA6873,3935220,63591
190374728,25-00,M73-82,G1,62197-301-001,23-04-0112,62197-301-001,19-07-1227,4134612,KAV0526048
55100411,25-00,B737-8,FWDGALLY,8201-11-0000,04-02-19767,8201-11-0000-01,16-12-38300,4008295,PAV12245
190120497,33-00,B737-8,10 ABC,9651-35-0003,11755,9651-35-0003,10592,4084593,7508
55702129,33-21,B737-8,CABIN,9651-35-0005,33345,9651-35-0005,33061,3920631,ARC152080
106580428,38-32,B737-8,AFT RH,14330-230,22129,14330-230,8580,4128518,56736
55196438,25-00,B737-8,FWD,72184025,4029,72184025,4051,3624839,1118433
190654374,38-11,B737-8,FWD,SC4L500301-5,170345528-002,SC4L500301-4,1604507,4058228,E-6074532
191157269,34-11,M73-82,ALT,0851HT1,405695,0851HT2,465223,3780235,407470771
190513303,33-00,B737-8,9DEF,9651-35-0004,18713,9651-35-0004,20711,3146707,51955
190495523,38-00,M73-82,AFT RH,SC4L500301-5,11451883-009,SC4L500301-5,173389310-003,3893206,E-5833782
190534955,33-21,B737-8,23DEF,9651-35-0002,47727,9651-35-0002,19353,3880245,148253
55656289,25-33,B737-8,AFTGALLY,8201-11-0000,04-12-20657,8201-11-0000,04-12-20662,3744062,1231398
190444249,25-00,M73-82,GALLEY G1,62197-301-001,19-06-0027,62197-301-001,16-01-0186,4110358,WAV1332
35028944,25-00,B737-8,AFTGALLY,72184025,N10100885044727,72184025,N10010153044609,4008492,SAV711
191461345,33-00,B737-8,15DEF,9651-35-0005,31033,9651-35-0005,29383,4149344,172614
55022649,26-00,B737-8,AFT,473597-5,37387,473597-5,SJE0909,3902393,407337662
190034017,23-51,B737-8,FL DK,5145-1-82,14965,5145-1-82,23819,4132370,PAV13910
191319334,33-21,B737-8,#19,9651-35-0002,33468,9651-35-0002,34349,4160173,173717
55299437,25-00,M73-82,GALLEY G1,62197-301-001,22-01-0397,62197-301-001,23-06-0209,3807244,PAV9730
55461691,33-00,M73-82,CABIN,9651-35-0005,47689,9651-35-0005,21208,3752532,135643
191269917,33-00,M73-82,6ABC,9651-35-0002,35676,9651-35-0002,53519,4049960,164941
190518450,25-00,B737-8,102,62197-301-001,18-01-0445,62197-301-001,23-08-0258,3883523,1352933
55705764,25-00,B737-8,FWDGALLY,8201-11-0000-01,22-02-0635,8201-11-0000,07-10-24302,3774384,PAV9180
190942396,27-00,B737-8,FIN,0851HT1,279342,0851HT2,485005,4173093,409231609
190459871,33-21,M73-82,20DEF,9651-35-0002,53011,9651-35-0002,74420,3892531,04631946
191216519,25-00,M73-82,GALLEY G4,62197-301-001,18-01-0440,62197-301-001,16-11-0288,4213889,WAV1617
190230875,25-00,B737-8,FWDGALLY,62197-301-001,16-10-0264,62197-301-001,17-08-0405,3852638,WAV2302913
190544550,33-00,B737-8,#18 RH,9651-35-0002,19420,9651-35-0002,31148,4121804,170482
55506942,25-00,B737-8,FWDGALLY,8201-11-0000,02-10-18260,8201-11-0000-01,21-06-0255,3721667,1214029
190148631,25-33,B737-8,AFTGALLY,72184025,4044,72184025,4048,3954265,PAV11464
55472475,33-21,M73-82,CAB,,,9651-35-0005,51749,3958830,55692
190238624,23-42,B737-8,CABIN,285W0024-1B,F27339,285W0024-1M,F40399,3944240,ARC154439
191455031,25-31,B737-8,AFT LH,62197-301-001,14-09-7023,72184025,N10120148044747,4114467,SA12006
55344138,33-00,M73-82,09ABC,9651-35-0003,20183,9651-35-0003,7528,3746623,135140
55176640,25-00,B737-8,AFTGALLY,8201-11-0000-01,16-12-38375,8201-11-0000-01,23-03-0714,4094699,KAV0226055
190715626,25-00,B737-8,AFTGALLY,8201-11-0000-01,16-06-37695,8201-11-0000,06-11-22825,3953590,KAV0925005
191353193,33-00,B737-8,CABIN,9651-35-0005,32589,9651-35-0005,31848,4096651,ARC168744
55201017,25-31,B737-8,FWD GALLEY,62197-301-001,17-01-0353,62197-301-001,19-07-0259,3977132,WAV872
190494108,33-00,M73-82,CABIN,9651-35-0005,50043,9651-35-0005,59172,3905582,20103111
190315033,25-32,M73-82,GALLEY 4,62197-301-001,16-01-0178,62197-301-001,18-07-0610,3933338,1397680
190450472,25-32,M73-82,AFTGALLY,62197-301-001,15-10-8004,62197-301-001,21-11-0695,3979786,WAV886
191356989,33-00,B737-8,18DEF,9651-35-0002,74434,9651-35-0002,18283,4209144,ARC177631
191128149,25-00,M73-82,GALLEY G4,62197-301-001,18-01-1110,62197-301-001,21-11-0683,4180275,PAV14422
190606064,33-20,B737-8,24 ABC,9651-35-0003,5392,9651-35-0003,10268,3925193,ARC152339
191430196,33-00,B737-8,25DEF,9651-35-0004,9077,9651-35-0004,6728,3830109,ARC143720
42125799,33-21,M73-82,5ABC,9651-35-0002,76564,9651-35-0002,17770,4019514,ARC162397
190532463,25-32,B737-8,AFTGALLY,72184025,N09120057044580,72184025,4146,3866409,PAV10512
35046945,33-00,B737-8,RH,72605363-1,4489,72605363-1,5583,3955446,354297006
55259491,25-00,B737-8,FWD,8201-11-0000,05-02-20904,8201-11-0000-01,15-11-36856,4108598,PAV13609
190593900,25-00,B737-8,FWDGALLY,62197-301-001,16-12-0309,62197-301-001,21-11-0215,4026499,WAV1030
191089571,38-11,M73-82,LAV A,SC4L500301-5,11140768,SC4L500301-5,175167866-003,4135151,E-6173310
55684432,33-21,B737-8,9DEF,9651-35-0003,5740,9651-35-0003,18478,3783485,20083451
55222155,25-00,B737-8,FWDGALLY,8201-11-0000-01,18-10-0450,8201-11-0000-01,15-12-37022,3929830,1394707
107267016,36-00,B737-8,#2,107484-7,17227,107484-7,13524,4182177,6330743
191319074,33-00,B737-8,15 RH,9651-35-0005,31598,9651-35-0005,58445,4130216,20203083-1
55676253,33-00,B737-8,30ABC,9651-35-0005,31848,9651-35-0005,65009,4060421,20162262
190602504,33-42,B737-8,LH,72605363-1,7491,72605363-1,0030,4144950,355961057
14085946,25-35,B737-8,AFTGALLY,72184025,4249,72184025,N09060320044544,3925042,WAV647
190655805,33-00,B737-8,25 ABC,9651-35-0004,12404,9651-35-0004,18422,3918223,20105200
35045862,25-37,B737-8,FWD,8201-11-0000-01,17-12-40029,8201-11-0000-01,21-11-0986,3745317,KAV1124017
55639275,25-00,B737-8,CAPT,5145-1-82,17418,5145-1-82,12018,3921426,PAV11034
190577085,25-00,B737-8,AFTGALLY,62197-301-001,17-12-0465,72184025,4253,3874016,WAV499
190190618,33-00,B737-8,31 ABC,9651-35-0005,36545,9651-35-0005,45124,4219446,ARC178615
55022189,26-00,B737-8,FWD,473597-5,40765,473597-5,37956,3747046,R548051-60756
190757545,38-31,32S,LAV A,14330-230,22571,14330-230,14959,4128521,0001196828
190081478,34-00,B737-8,AUX,0851HT1,348782,0851HT2,466353,3784103,407499381
190298320,38-00,M73-82,FWD GALLEY,62197-301-001,16-06-0223,62197-301-001,21-11-0694,4046376,KAV0126094
190399745,33-00,M73-82,CABIN,9651-35-0005,21352,9651-35-0005,23242,4190174,ARC175496
191387350,33-00,B737-8,RH,72605363-1,1174,72605363-1,1694,4150079,356252363
35005626,33-21,B737-8,22ABC,9651-35-0002,29673,9651-35-0002,17681,3826269,ARC142753
42106310,38-11,M73-82,LAV U,SC4L500301-5,170714891-005,SC4L500301-5,175167866-004,4135152,E-6173310
190529834,23-00,B737-8,FWD,285W0024-1B,D18819,285W0024-23B,F64498,4186913,05338
55605468,38-00,B737-8,LAV E,SC4L500301-5,171187515-005,SC4L500301-5,171187516-003,3641353,401043
41796336,25-00,M73-82,AFT GALLEY,62197-301-001,23-09-0229,62197-301-001,17-12-0453,3887298,PAV10723
190522141,33-00,B737-8,CAB,9651-35-0005,23164,9651-35-0005,64062,3860011,20096897-1.000
55539302,25-00,B737-8,FWDGALLY,72184025,4317,72184025,4105,3983340,KAV1025044
190375580,38-00,M73-82,LAV V,SC4L500301-5,170292066-005,SC4L500301-5,174737226-002,4070518,6089876
41927551,33-00,B737-8,RH,45-0351-4,3130,45-0351-4,7289,4041893,PAV12654
55247016,27-31,B737-8,FIN,0851HT1,263549,0851HT2,467264,3795333,407560132
190338313,33-00,M73-82,LH,72605363-1,5927,72605363-1,3336,4207353,6716860
55573656,33-21,B737-8,19ABC,9651-35-0002,17901,9651-35-0002,53686,3766748,1290-1.000
191308355,33-42,B737-8,RH,72605363-1,0869,72605363-1,0652,4205024,356739243
55603224,33-00,B737-8,31DEF,9651-35-0005,25550,9651-35-0005,61445,3933116,20106760
55603224,33-00,B737-8,CABIN,9651-35-0004,6670,9651-35-0004,18483,3920578,ARC152139
190211106,23-42,B737-8,CABIN,285W0024-1B,D09298,285W0024-1M,F40862,3736239,134466
41245592,25-00,B737-8,FWDGALLY,62197-301-001,23-03-0696,62197-301-001,16-12-0309,4042497,WAV1084
55611401,26-16,B737-8,AFT,473597-5,SJA3130,473597-5,SJA7026,3792836,61479
190612354,25-00,B737-8,AFTGALLY,8201-11-0000,02-10-18235,8201-11-0000-01,17-12-39594,3854244,1325974
190137153,25-30,B737-8,AFT CAB,72184025,N11060388044792,72184025,4035,3986151,PAV11888
190111584,25-33,B737-8,AFTGALLY,72184025,N12061885044863,72184025,4040,4124532,WAV1377
190536098,33-00,B737-8,LH,9651-35-0002,35039,9651-35-0002,30138,3949631,ARC155184
191423967,26-00,B737-8,AFT,473597-5,SJA4559,473597-5,SJB5722,4215905,R554360-66743
190545979,33-42,B737-8,RH,72605363-1,3459,72605363-1,5972,3959206,354249272
190592290,25-31,B737-8,AFTGALLY,62197-301-001,16-02-0194,62197-301-001,16-08-0254,3841849,1315378
42166720,33-21,M73-82,#6 LH,9651-35-0002,49299,9651-35-0002,68967,4053644,ARC165229
190566655,25-00,B737-8,AFTGALLY,62197-301-001,19-06-0020,62197-301-001,16-01-0174,3947863,WAV747
41664018,25-35,B737-8,AFTGALLY,8201-11-0000,05-08-21363,8201-11-0000,07-01-23102,3802997,PAV9649
190616752,23-51,B737-8,CAPT,5145-1-82,13472,5145-1-82,15296,3946796,PAV11333
191388482,25-00,B737-8,AFTGALLY,62197-301-001,17-12-0468,62197-301-001,21-02-0161,4213890,WAV1614
55331184,33-00,M73-82,31 DEF,,,9651-35-0005,58385,4015905,20140341
191525873,25-00,B737-8,#4,72184025,4340,72184025,4128,4051089,KAV0126038
190300409,38-11,M73-82,AFT RH,SC4L500301-5,11304699-009,SC4L500301-5,173651767-008,3931315,E-5886428
190573983,33-00,B737-8,31 ABC,9651-35-0005,17380,9651-35-0005,47207,4157020,ARC172865
190573983,33-00,B737-8,30DEF,9651-35-0005,49532,9651-35-0005,51961,4157456,ARC173099
191422574,33-00,B737-8,CAB,9651-35-0005,64832,9651-35-0005,22980,4116703,ARC170135
55709648,33-42,B737-8,RH,72605363-1,3458,72605363-1,0912,4053969,355354014
55089309,23-00,B737-8,FL DK,5145-1-82,19685,5145-1-88,130308,3925386,PAV11079
41772131,25-37,B737-8,AFTGALLY,8201-11-0000-01,17-11-39499,8201-11-0000,04-08-20259,3583903,1076653
190022557,33-00,B737-8,24ABC,9651-35-0003,11532,9651-35-0003,20127,4053226,20159011
40723199,33-00,B737-8,CABIN,9651-35-0005,58377,9651-35-0005,56051,3783454,20083334
55332772,25-00,M73-82,GALLEY G1,8201-11-0000-01,22-02-0640,8201-11-0000,04-02-19767,4094623,KAV0226047
190327157,72-00,M73-82,#2,2085M31G03,PAT7H143,2085M31G03,PAT0G762,3985571,RG65521-1
55309760,25-00,M73-82,G1,62197-301-001,22-11-0534,62197-301-001,18-07-0588,3786240,1265846
191334325,33-00,B737-8,4DEF,9651-35-0002,65701,9651-35-0002,55000,4230998,179492
41796382,33-21,M73-82,CAB,9651-35-0002,50350,9651-35-0002,54995,3892893,ARC149359
41796382,33-21,M73-82,CAB,9651-35-0002,50342,9651-35-0002,74407,3897504,04640200
190771010,33-40,B737-8,RH,45-0351-4,4363,45-0351-4,5083,3828170,PAV10086
190580103,25-30,B737-8,FWDGALLY,8201-11-0000-01,17-08-39196,8201-11-0000,06-11-22818,3768419,PAV9049
41987155,25-00,B737-8,AFTGALLY,62197-301-001,16-12-0314,72184025,4065,3913392,PAV10956
55470733,33-21,M73-82,12DEF,9651-35-0005,62788,9651-35-0005,48929,3909344,20103222
55470733,33-21,M73-82,23ABC,,,9651-35-0002,74821,3909339,20104512
41557181,34-10,B737-8,F/O,0851HT1,375707,0851HT2,454490,3561714,509788
190625484,72-00,B737-8,#1,340-001-036-0,DM146267,340-001-038-0,DM139575,3985525,6001
190519544,33-00,B737-8,AFT,9651-35-0005,23152,9651-35-0005,16700,3741004,134658
190034698,33-00,B737-8,6 DEF,9651-35-0002,39721,9651-35-0002,62161,4060416,20162282
55583279,33-42,B737-8,LH,72605363-1,3717,72605363-1,2591,3860579,3154932
190567948,25-33,B737-8,AFT GALLEY,72184025,N10121132044767,72184025,N09030236044463,4045036,PAV12730
55524188,25-00,B737-8,FWD,62197-301-001,15-06-7748,62197-301-001,21-02-0165,3883540,1352831
190403475,33-00,M73-82,31 DEF,9651-35-0005,17543,9651-35-0005,50646,4148455,172274
190401101,25-00,M73-82,GALLEY G1,8201-11-0000-01,23-07-0427,8201-11-0000,07-09-24233,3947984,PAV11363
190672272,26-00,B737-8,AFT,473597-5,SJA3096,473597-5,SJB1133,3994103,00012978442
190031636,33-42,B737-8,RH,45-0351-4,6630,45-0351-4,7209,4112681,PAV13652
190074224,38-32,B737-8,LAV D,14330-230,25210,14330-230,7826,3889978,1131665
107320935,36-00,B737-8,#1,3214552-5,7898,3214552-6,20466,4223189,356775546
107320935,36-00,B737-8,#1,107484-7,12022,107484-7,13623,4204062,6751102
190409095,25-00,M73-82,G1,62197-301-001,21-02-0129,62197-301-001,14-12-7221,4134166,SAV901
190623452,33-00,B737-8,LH,72605363-1,0030,72605363-1,4774,4030661,355101123
55456425,73-00,M73-82,#2,2085M31G03,PSDNE385,2085M31G03,PAT40R96,3988033,RG64124-1
190046137,33-00,B737-8,RH,45-0351-4,5126,45-0351-4,3707,3880037,3880037
35009000,26-16,B737-8,AFT,473597-5,SJB0856,473597-5,45236,3747617,60102
191319555,33-21,B737-8,15DEF,9651-35-0005,21275,9651-35-0005,43400,4145144,171980
190083951,33-21,B737-8,CABIN,9651-35-0005,44679,9651-35-0005,18238,3890637,148670
190620291,33-20,B737-8,11DEF,9651-35-0005,43400,9651-35-0005,50550,4110000,20185153
55438704,25-00,M73-82,GALLEY 4,62197-301-001,21-02-0104,62197-301-001,21-02-0308,3830811,1307202
55585543,72-21,B737-8,NO.1 #21,,,340-001-038-0,DM162196,3877123,R25051508
55585543,72-21,B737-8,#1,340-001-038-0,DM010975,,,9545255,
191454537,33-42,B737-8,RH,45-0351-4,7209,45-0351-4,3488,4070527,PAV13091
55334009,38-00,M73-82,FWD GALLEY,62197-301-001,16-12-0308,62197-301-001,22-11-0538,3746963,KAV1124024-UKCAA
41917479,38-00,B737-8,AFT,62197-301-001,16-10-0277,62197-301-001,21-11-0713,3831060,1307494
190631260,33-21,B737-8,12ABC,9651-35-0005,17883,9651-35-0005,33823,3826338,ARC142631
190601737,34-00,B737-8,F/O,0851HT1,449542,0851HT2,466997,3799793,407594839
191500817,25-31,B737-8,RH AFT,62197-301-001,15-12-0156,62197-301-001,18-01-1108,4094534,WAV1282
55628908,33-42,B737-8,LH,72605363-1,2791,72605363-1,0781,3792502,352169303
190359135,33-21,M73-82,27ABC,9651-35-0004,23758,9651-35-0004,8152,4032018,163372
190289295,33-00,M73-82,CABIN,9651-35-0002,18788,9651-35-0002,33913,3907493,150442
190469789,33-00,M73-82,CABIN,9651-35-0002,50170,9651-35-0002,30434,4019648,ARC161914
55264607,26-16,B737-8,AFT,473597-5,56172,473597-5,37332,3951046,63814
55542151,26-00,B737-8,AFT,473597-5,SJA4966,473597-5,45549,3942882,12745630
190464566,72-00,M73-82,#1,2085M31G03,PAT44T04,2085M31G03,PAT5G464,3985570,RG66870-1
190464566,72-00,M73-82,#1,2085M31G03,PSDMD740,2085M31G03,PAT0G768,3985572,RG65524-1
40792339,34-00,B737-8,RH,0851HT1,407365,0851HT2,474393,3972780,3158
191491561,25-00,B737-8,AFTGALLY,8201-11-0000-01,23-08-0269,8201-11-0000-01,10-07-29062,4202662,KAV0726010
55692559,23-51,B737-8,F/O,5145-1-82,14455,5145-1-88,28841,3803054,PAV9652
190082188,25-00,B737-8,FWD,72184025,N09070385044556,72184025,N12031140044846,3852072,WAV438
190375307,33-00,M73-82,22 ABC,9651-35-0002,71161,9651-35-0002,53257,4072951,ARC166745
190359178,34-11,M73-82,F/O,0851HT1,433520,0851HT2,475521,3979311,408416648
191315324,25-00,B737-8,FWDGALLY,62197-301-001,23-05-0228,62197-301-001,17-06-0375,4025881,PAV12437
190903310,25-00,B737-8,CABIN,8201-11-0000,04-10-20488,8201-11-0000,05-01-20766,4146482,PAV14099
55527021,25-00,B737-8,AFT,62197-301-001,18-01-1113,62197-301-001,15-12-0147,3897543,WAV534
55526725,25-00,B737-8,AFTGALLY,8201-11-0000-01,19-07-0786,8201-11-0000-01,22-03-0049,3887266,PAV10734
103656804,36-11,B737-8,#2,107484-7,17578,107484-7,19303,3835130,2975
190594114,26-16,B737-8,AFT,473597-5,SJA6981,473597-5,SJB1051,3935189,12730871
41882904,23-00,M73-82,FWD CABIN,285W0024-1B,F25913,285W0024-1M,F50893,3747492,135751
190117801,25-00,B737-8,FWD,72184025,N12021272044839,72184025,N10090450044704,3595772,1087844
190678954,33-00,B737-8,25DEF,9651-35-0004,6935,9651-35-0004,24435,3830461,20092747
40341672,38-00,B737-8,CABIN,15800-029-3,10060,15800-029-3,1937,3052392,850538
190791359,25-00,B737-8,AFTGALLY,8201-11-0000,07-12-24519,8201-11-0000,05-10-21299,3901568,PAV10833-UKCAA
190385699,33-21,M73-82,5ABC,9651-35-0002,34349,9651-35-0002,66277,4134504,20203101
980009346,25-00,B737-8,FWDGALLY,62197-301-001,17-01-0341,62197-301-001,17-12-0417,4145901,
55461950,25-32,M73-82,FWD GALLEY,62197-301-001,21-11-0709,62197-301-001,17-07-0384,3807329,KAV0225052
55067690,33-00,B737-8,RH,45-0351-4,6971,45-0351-4,3624,3721683,KST1024008
55382619,33-00,M73-82,CABIN,9651-35-0005,47171,9651-35-0005,21010,3877521,147377
191271879,33-21,M73-82,CABIN,9651-35-0002,82244,9651-35-0002,51903,4031769,163126
55669588,25-00,B737-8,FWDGALLY,8201-11-0000,07-10-24290,8201-11-0000,04-11-20592,3575244,1064954
190309027,33-21,M73-82,15ABC,9651-35-0005,63215,9651-35-0005,66928,4001998,20127202
41856776,33-21,M73-82,23 ABC,9651-35-0002,63017,9651-35-0002,32575,3903235,149848
190595492,33-00,B737-8,22DEF,9651-35-0002,34691,9651-35-0002,22354,3886834,148743
190413967,23-00,M73-82,AFT CAB,285W0024-1B,D16816,285W0024-1M,F56436,3924452,152782
190163887,25-00,B737-8,FWD CAB,8201-11-0000-01,17-12-39599,8201-11-0000-01,15-06-36280,3819140,KAV0225070
190114594,26-00,B737-8,AFT,473597-5,41501,473597-5,SJA0265,3953309,12805544
55108462,25-00,B737-8,FWD,8201-11-0000-01,10-07-29038,8201-11-0000,07-10-24296,3747238,KAV1124054
55674514,25-35,B737-8,FWDGALLY,62197-301-001,16-02-0208,62197-301-001,21-11-0694,3779992,1259217
190481200,33-20,M73-82,9DEF,9651-35-0003,16162,9651-35-0003,15654,3979052,ARC157562
191457265,33-21,B737-8,2 DEF,9651-35-0004,6486,9651-35-0004,21322,4190073,20242657
55332452,33-00,M73-82,CABIN,9651-35-0005,62748,9651-35-0005,21281,4110269,ARC169705
190090048,23-00,B737-8,AFT,285W0024-1B,F25777,285W0024-1B,F25962,3951483,155036
190582274,25-00,B737-8,FWDGALLY,72184025,4033,72184025,4037,3802196,1279342
191509706,25-00,B737-8,AFTGALLY,8201-11-0000,08-02-24841,8201-11-0000,08-02-24825,4189391,S26/2693 S-1
55228708,25-00,B737-8,#4,8201-11-0000,07-12-24538,8201-11-0000,07-08-24030,3818906,KAV0225023
55459014,25-00,M73-82,GALLEY G1,8201-11-0000-01,10-07-29030,8201-11-0000,03-09-19329,3996087,KAV1125001
41160106,33-00,B737-8,23 ABC,9651-35-0002,34801,9651-35-0002,65980,3765620,20082106
42082433,38-00,M73-82,FWD GALLEY,62197-301-001,23-05-0223,62197-301-001,16-06-0222,3791964,1270572
190788212,25-00,B737-8,AFT GALLEY,8201-11-0000-01,16-11-38223,8201-11-0000-01,15-10-36716,3800150,1277717
55594324,33-00,B737-8,6DEF,9651-35-0002,49538,9651-35-0002,67697,3791744,20086531
35037462,25-00,B737-8,LH,8201-11-0000,07-12-24537,8201-11-0000-01,17-01-38345,4025777,KAV1225031
40924875,33-42,B737-8,RH,45-0351-4,4865,45-0351-6,8214,3843119,1316535
190105781,25-37,B737-8,102,8201-11-0000-01,16-12-38302,8201-11-0000-01,21-08-0162,3842079,1315957
55630955,33-21,B737-8,5ABC,9651-35-0002,62985,9651-35-0002,66993,3933110,20107169
55309263,33-00,M73-82,RH INBD,72500410-4,9782,72500410-4,13516,3792670,352144157
55309263,33-00,M73-82,RH,72605363-1,4424,72605363-1,5550,3805667,352352989
190665411,23-00,B737-8,CABIN,285W0024-1B,F37585,285W0024-1B,F24235,3867618,146753
55454153,25-00,M73-82,GALLEY G4,62197-301-001,16-02-0211,62197-301-001,16-01-0187,4063555,WAV1157
55642969,23-51,B737-8,OBS,5145-1-82,11761,5145-1-82,12659,3791153,2801
190530203,33-21,B737-8,2 ABC,9651-35-0005,32590,9651-35-0005,49294,3975479,20118046
190532924,33-21,B737-8,15DEF,9651-35-0005,30824,9651-35-0005,48851,3590220,20056159
55623391,33-21,B737-8,24 LH,9651-35-0003,15041,9651-35-0003,9503,3740805,ARC134699
190775446,72-21,B737-8,#1,340-001-036-0,PF459411,340-001-038-0,DM150524,3922793,809001
40275121,25-00,B737-8,FWDGALLY,62197-301-001,15-08-7819,62197-301-001,23-06-0210,4213946,WAV1607
191047965,25-36,B737-8,#3,8201-11-0000-01,17-11-39505,8201-11-0000-01,17-12-40063,4207461,PAV14830
55676483,38-00,B737-8,AFTGALLY,62197-301-001,16-06-0222,62197-301-001,15-10-8011,4103866,WAV1317
190862214,26-00,B737-8,AFT,473597-5,24266,473597-5,SJA7109,3988985,12978409
55056835,33-00,B737-8,CAB,9651-35-0003,11555,9651-35-0003,20180,3716244,20074458
191411144,33-21,B737-8,31ABC,9651-35-0005,29427,9651-35-0005,32964,4228906,179298
55195212,23-42,B737-8,CABIN,285W0024-1B,D05946,285W0024-1B,D14908,3788852,139134
55406250,33-00,M73-82,RH,9651-35-0003,15412,9651-35-0003,9833,3867459,146422
55286730,38-00,M73-82,LAV V,SC4L500301-5,171187509-004,SC4L500301-5,172211398-002,3770917,637681
55456936,33-21,M73-82,31ABC,9651-35-0005,33612,9651-35-0005,51405,4179276,ARC174588
55022648,26-00,B737-8,AFT,473597-5,37362,473597-5,SJE0908,3902392,407337662
190034206,23-00,B737-8,FWD,285W0024-1B,F36777,285W0024-23M,F63154,4131778,05303149
102214877,36-11,B737-8,#2,107484-7,8734,107484-7,20543,3755194,8013008
41410367,23-00,B737-8,CABIN,285W0024-1B,F38846,285W0024-1M,F46382,3979622,ARC157919
980014986,25-35,B737-8,AFT,8201-11-0000,04-01-19623,8201-11-0000,07-12-24543,4176968,KAV0526127
190376199,38-00,M73-82,LAV A,SC4L500301-5,171282143-007,SC4L500301-4,1606795,4060721,E-6074532
41702942,33-00,B737-8,18ABC,9651-35-0002,40943,9651-35-0002,45386,3814702,20090035
190203245,23-00,B737-8,AFT CAB,285W0024-1B,D17606,285W0024-1M,F59079,4095955,05216500
41931171,25-37,B737-8,AFTGALLY,8201-11-0000-01,10-07-28998,8201-11-0000-01,17-12-39605,3930348,KAV0725036
190541402,25-00,B737-8,AFT GALLEY,72184025,4338,72184025,3023,3829219,PAV10090
190440749,38-11,M73-82,FWD,SC4L500301-5,11303952-007,SC4L500301-5,173163656-003,3869762,E-5789143
191407103,33-00,B737-8,23DEF,9651-35-0003,16247,9651-35-0003,7546,4179336,ARC174926
55525199,26-16,B737-8,AFT,473597-5,SJA3013,473597-5,SJE1344,3908307,408095
53863192,38-32,B737-8,FWD,14330-230,36550,14330-230,ZSK428,3979177,1157580
55612340,26-00,B737-8,AFT,473597-5,SJA6537,473597-5,45975,3887084,63012
55222589,25-31,B737-8,AFT GALLEY,8201-11-0000-01,16-11-38221,8201-11-0000-01,23-06-0156,3452352,S23/2869H-1
55602054,25-00,B737-8,FWDGALLY,62197-301-001,17-01-0364,62197-301-001,23-04-0106,3806079,1283490
41612424,33-21,B737-8,4 DEF,9651-35-0002,34974,9651-35-0002,18825,3920771,ARC151
42213143,33-21,M73-82,CAB,9651-35-0002,51245,9651-35-0002,25075,4160175,173777
190468476,25-00,M73-82,GALLEY G4,8201-11-0000-01,16-11-38230,8201-11-0000,02-09-18196,3979161,KAV1025031
190099124,23-44,B737-8,CABIN,285W0024-1B,D22026,285W0024-1M,F56107,3916267,151501
55480313,25-00,M73-82,GALLEY G1,62197-301-001,21-11-0693,62197-301-001,22-10-0366,3754354,1240051
191481440,33-00,B737-8,18 DEF,9651-35-0002,54989,9651-35-0002,53824,4157093,ARC172968
103735724,33-24,M73-82,CABIN,9651-35-0005,33316,9651-35-0005,32481,3890655,148914
40189919,34-00,B737-8,F/O,0851HT1,379289,0851HT2,467810,3814338,407648555
40242108,36-00,B737-8,#2,107484-7,12796,107484-7,13324,3795349,352133613
190533004,23-00,B737-8,AFT CAB,285W0024-1B,F53022,285W0024-1B,F25836,3867644,146654
190705644,33-21,B737-8,24ABC,9651-35-0003,10627,9651-35-0003,5323,3816424,141814
42189153,25-00,M73-82,FWD GALLEY,8201-11-0000,07-08-24030,8201-11-0000-01,15-12-37026,3640662,1135826
42152171,25-32,M73-82,GALLEY G4,62197-301-001,23-05-0231,62197-301-001,18-01-1110,4149993,WAV1441
190093526,33-42,B737-8,RH,45-0351-4,3686,45-0351-4,6971,4074031,PAV13175
190063174,25-33,B737-8,FWDGALLY,62197-301-001,17-08-0405,72184025,N12061892044870,3862358,1334215
190465006,33-00,M73-82,12ABC,9651-35-0005,39852,9651-35-0005,32579,4116634,ARC169830
35004944,33-00,B737-8,18DEF,9651-35-0002,23458,9651-35-0002,24894,3907431,150464
55509939,33-00,B737-8,25ABC,9651-35-0004,12252,9651-35-0004,8026,3758765,136211
191348287,38-00,B737-8,LAV A,14330-230,37253,14330-230,ZSK202,4167470,0000072789
191428604,33-00,B737-8,8 DEF,9651-35-0002,33694,9651-35-0002,65007,4072589,20167334
55536527,25-31,B737-8,FWDGALLY,62197-301-001,15-03-7402,62197-301-001,14-09-7012,3810256,1286768
55511923,33-21,B737-8,18ABC,9651-35-0002,55041,9651-35-0002,24384,4067830,ARC166066
190100164,23-51,B737-8,FL DK,5145-1-82,24982,5145-1-82,15196,4080654,PAV13275
190318776,25-32,M73-82,G1,62197-301-001,15-11-0130,62197-301-001,17-07-0381,3858385,1330202
190579333,23-00,B737-8,FWD CAB,285W0024-1B,D21578,285W0024-1M,F56296,4005595,160652
55527975,23-00,B737-8,AFT CAB,285W0024-1B,D13305,285W0024-1B,F36187,3857304,ARC145838
55709406,38-32,B737-8,AFT RH,14330-230,5079006,14330-230,29269,3782764,001092365
190224198,25-00,B737-8,CABIN,8201-11-0000-01,09-10-27613,8201-11-0000-01,16-07-37782,3630784,1125427
55505472,33-21,B737-8,#15 RH,9651-35-0005,32094,9651-35-0005,28551,3855435,145162
55637045,25-35,B737-8,GALLEY G1,62197-301-001,15-03-7399,62197-301-001,17-12-0411,3758753,PAV8950
42050464,38-32,B737-8,LAV A,14330-230,ZSK616,14330-230,36651,3789409,01093361
190302419,25-32,M73-82,GALLEY 4,62197-301-001,14-07-6899,62197-301-001,23-08-0261,3947861,WAV749
191535460,26-16,B737-8,AFT,473597-5,SJA0615,473597-5,23579A,4203817,00013933974
55232428,25-31,B737-8,AFTGALLY,72184025,4128,72184025,4340,4214248,WAV1569
55027357,23-50,B737-8,#3,5145-1-82,14118,5145-1-82,14935,3858834,PAV10426
55222001,25-00,B737-8,AFT CAB,8201-11-0000-01,16-12-38298,8201-11-0000-01,22-02-0643,3932218,PAV11152
190141445,25-00,B737-8,CABIN,72184025,3043,72184025,4429,3925168,WAV637
191120080,33-21,M73-82,CAB,9651-35-0005,48410,9651-35-0005,16474,4183985,175036
35058669,33-00,B737-8,28DEF,9651-35-0005,52914,9651-35-0005,71756,3835930,3382
190276024,33-00,M73-82,10DEF,9651-35-0003,18304,9651-35-0003,5740,3826273,ARC142723
55229963,23-31,B737-8,CABIN,285W0024-1B,F62279,285W0024-1M,F40782,3951481,154693
190449105,25-00,M73-82,AFT GALLEY,62197-301-001,25-05-0008,62197-301-001,17-12-0470,4177157,WAV1482
190538185,36-11,B737-8,#1,107484-7,17705,107484-7,20563,3830187,552554492
55059286,25-00,B737-8,CABIN,8201-11-0000,05-10-21303,8201-11-0000-01,19-01-0492,3768588,PAV9061
190288668,33-00,M73-82,CABIN,9651-35-0005,15709,9651-35-0005,17423,3813471,ARC141328
42172356,25-32,M73-82,GALLEY 4,8201-11-0000-01,21-11-0164,8201-11-0000-01,15-12-37020,3631513,1125929
190323548,25-35,M73-82,GALLEY G4,62197-301-001,19-07-0268,62197-301-001,14-07-6899,3967672,1430757
190238250,33-00,B737-8,RH,45-0351-4,6356,45-0351-4,4851,3935751,PAV11180
40367612,25-00,B737-8,FWD,8201-11-0000-01,15-10-36730,8201-11-0000,05-11-21444,3980649,KAV1025030
190608341,26-00,B737-8,AFT,473597-5,SJA0920,473597-5,SJB0843,4054288,-13308050
26120781,33-00,B737-8,RH,45-0351-4,5509,45-0351-4,6971,3793342,1272239
190986337,25-00,B737-8,AFT RH,72184025,4001,72184025,N10030463044661,4062759,PAV12983
191312206,25-00,B737-8,AFTGALLY,72184025,4243,L13471-12MRYAN,9852089,4141614,PAV14043
55605282,33-00,B737-8,9 DEF,9651-35-0003,8025,9651-35-0003,15276,3736237,ARC134318
55638463,25-00,B737-8,FWDGALLY,62197-301-001,17-12-0412,62197-301-001,22-01-0389,3855865,WAV445
190173750,34-11,B737-8,RH,0851HT1,405383,0851HT2,475235,3979320,408422369
55070965,25-32,B737-8,FWDGALLY,72184025,N10100880044722,62197-301-001,21-11-0692,3746946,KAV1124037
55640718,38-11,B737-8,LAV E,SC4L500301-5,171187504-005,SC4L500301-5,171187504-005,4057154,E-5364200
41606460,33-00,B737-8,6DEF,9651-35-0002,50170,9651-35-0002,24891,4049795,164696
55441066,33-00,M73-82,9ABC,9651-35-0003,14918,9651-35-0003,18719,3352361,02994218
190239128,26-16,B737-8,AFT,473597-5,33607,473597-5,SJA4411,3930539,0000012706258
55691956,33-21,B737-8,22DEF,9651-35-0002,27514,9651-35-0002,74821,3944002,20109491
55463765,25-00,M73-82,FWD GALLEY,62197-301-001,23-06-0214,62197-301-001,16-02-0205,3855926,WAV443
190669931,25-00,B737-8,AFTGALLY,8201-11-0000,07-08-24014,8201-11-0000-01,19-06-0275,3953588,KAV0925003
190313816,25-35,M73-82,GALLEY 1 FWD,62197-301-001,23-04-0048,62197-301-001,22-05-0078,3962536,1426557
190722060,36-11,B737-8,#1,107484-7,16081,107484-7,12824,3918134,3719017
55388231,33-21,M73-82,23DEF,9651-35-0002,54335,9651-35-0002,19033,4206405,ARC176973
55662606,25-31,B737-8,GALLEY G4,72184025,2009,62197-301-001,21-02-0126,4025847,PAV12436
191505507,25-30,B737-8,AFTGALLY,8201-11-0000-01,17-11-39501,8201-11-0000-01,09-10-27606,4006383,KAV1125036
55454067,33-20,M73-82,19 DEF,9651-35-0002,69967,9651-35-0002,61163,4061335,20162281
190208696,36-11,B737-8,#2,107484-7,18522,107484-7,17548,3947183,3769629
55565201,36-00,B737-8,#1,107484-7,18060,107484-7,8967,3755306,70560
40189515,25-00,B737-8,GALLEY 4,72184025,4345,2607825-2,BH0231,3773145,552425156
190330038,25-00,M73-82,FWD GALLEY,62197-301-001,25-05-0361,62197-301-001,18-01-1106,3990285,PAV11926
190593694,25-00,B737-8,AFT,8201-11-0000,08-02-24827,8201-11-0000,08-02-24828,3532307,1025278
42182566,25-00,M73-82,FWD,62197-301-001,16-07-0236,62197-301-001,17-07-0388,3977133,WAV871
191353341,33-21,B737-8,6DEF,9651-35-0002,33168,9651-35-0002,65528,4072016,20166566
42131286,33-00,M73-82,22ABC,9651-35-0002,23458,9651-35-0002,21086,3964418,ARC156517
190234066,25-00,B737-8,AFTGALLY,8201-11-0000-01,15-12-37013,8201-11-0000,04-12-20645,3240862,L-3240862
191394868,33-21,B737-8,10DEF,9651-35-0004,6166,9651-35-0004,17641,4043412,ARC164126
40177672,38-32,B737-8,AFT LH,15800-358,36455,15800-358,20430,3819338,1108626
40177672,38-32,B737-8,LAV D,14330-230,18509,14330-230,LHTVV978,3897254,19935520
190716841,33-20,B737-8,CABIN,9651-35-0004,14027,9651-35-0004,18503,4053507,ARC165534
190581780,33-00,B737-8,31DEF,9651-35-0005,16533,9651-35-0005,51738,4072992,ARC166804
55313715,33-00,M73-82,CABIN,9651-35-0004,19311,9651-35-0004,21777,3316145,02884773
55287808,33-00,M73-82,CABIN,9651-35-0002,48950,9651-35-0002,35028,3979048,ARC158037
190709371,33-00,B737-8,25DEF,9651-35-0004,12726,9651-35-0004,14329,3990338,159124
190322440,72-00,M73-82,#2,2085M31G03,PAT6G266,2085M31G03,PAT1G369,3970512,RG62670-1
190322440,72-00,M73-82,#2,2085M31G03,PAT6G579,2085M31G03,PSDMH916,3970530,RF73997-1
190322440,72-00,M73-82,#2,2085M31G03,PAT6G269,2085M31G03,PAT4G314,3970515,RG60950-1
190322440,72-00,M73-82,#2,2085M31G03,PAT6G568,2085M31G03,PAT76J96,3970534,RF00052-1
190322440,72-00,M73-82,#2,2085M31G03,PAT6G270,2085M31G03,PAT1G364,3970540,RG62667-1
190322440,72-00,M73-82,#2,2085M31G03,PAT6G241,2085M31G03,PAT8C578,3970520,RE99999-1
190322440,72-00,M73-82,#2,2085M31G03,PAT6G265,2085M31G03,PSDMD800,3970522,RG51820-1
190322440,72-00,M73-82,#2,2085M31G03,PAT6G267,2085M31G03,PAT0C339,3970527,RF04253-1
190322440,72-00,M73-82,#2,2085M31G03,PAT6G580,2085M31G03,PAT8E391,3970524,RG54221-1
190322440,72-00,M73-82,#2,2085M31G03,PAT6G268,2085M31G03,PAT21F50,3970518,RF81257-1
190322440,72-00,M73-82,#2,2085M31G03,PAT6G567,2085M31G03,PAT9A866,3970528,RG54849-1
190322440,72-00,M73-82,#2,2085M31G03,PAT6G263,2085M31G03,PSDMH914,3970511,RF74042-1
190322440,72-00,M73-82,#2,2085M31G03,PAT6G759,2085M31G03,PAT1G329,3970536,RG62666-1
190322440,72-00,M73-82,#2,2085M31G03,PAT6G261,2085M31G03,PSDMH921,3970504,RF74001-1
190322440,72-00,M73-82,#2,2085M31G03,PAT6G760,2085M31G03,PAT62J71,3970532,RG54272-1
190322440,72-00,M73-82,#2,2085M31G03,PAT6G242,2085M31G03,PAT4G315,3970505,RG60949-1
190322440,72-00,M73-82,#2,2085M31G03,PAT6G262,2085M31G03,PSDMD196,3970507,RF86733-1
190322440,72-00,M73-82,#2,2085M31G03,PAT6G264,2085M31G03,PSDMF688,3970514,RF77413-1
55396863,33-21,M73-82,11 RH,9651-35-0004,17605,9651-35-0004,11643,3604802,121516
190461766,33-21,M73-82,10ABC,9651-35-0003,18575,9651-35-0003,15521,3843108,20093974-1.000
190461766,33-21,M73-82,5DEF,9651-35-0002,67084,9651-35-0002,30060,3879769,20100045
190461766,33-21,M73-82,22ABC,9651-35-0002,67074,9651-35-0002,53691,3880199,20099585
190043583,23-00,B737-8,FL DK,5145-1-82,13472,5145-1-82,13741,4136068,PAV13978
191385606,25-00,B737-8,FWDGALLY,72184025,N09120056044579,62197-301-001,21-03-0010,4180247,KAV0626019
55550177,33-21,B737-8,CABIN,9651-35-0002,55046,9651-35-0002,63022,4145577,20216655
190778408,38-00,B737-8,AFTGALLY,72184025,2019,72184025,N09030227044454,3728492,1219413
190143360,26-00,B737-8,FWD,473597-5,23537,473597-5,SJA4568,3878986,62891
42126074,25-32,M73-82,FWD,62197-301-001,21-11-0219,62197-301-001,21-11-0723,4012741,KAV1225052
980010560,25-00,M73-82,GALLEY G4,8201-11-0000,07-10-24282,8201-11-0000-01,17-02-38421,4158793,
106951807,72-00,,#1,340-001-038-0,PC425416,340-001-038-0,DM106982,4175135,R260506
106951807,72-00,,#1,340-001-038-0,PC587020,340-001-038-0,DM149824,4175650,R2605062
190406356,25-00,M73-82,FWD GALLEY,8201-11-0000,07-09-24234,8201-11-0000,07-09-24225,3985042,KAV0925028
190258657,33-00,B737-8,RH,45-0351-4,1946,45-0351-4,5193,3988208,PAV11910
191011765,25-00,B737-8,CABIN,72184025,4300,72184025,4162,4084500,WAV1200
55583903,38-00,B737-8,LAV E,SC4L500301-5,1218649C,SC4L500301-5,172211394-005,3745901,552679
55115484,25-32,B737-8,FWDGALLY,62197-301-001,17-07-0391,72184025,4075,3749354,1236799
190511464,25-00,B737-8,AFTGALLY,62197-301-001,19-04-0544,62197-301-001,16-06-0225,3851392,KAV0225041
190409331,33-21,M73-82,9 ABC,9651-35-0003,15342,9651-35-0003,9691,4121919,170374
55702969,25-00,B737-8,AFTGALLY,8201-11-0000-01,16-06-37691,8201-11-0000,04-01-19625,3824116,PAV10017
980008834,72-21,B737-8,#1,340-001-036-0,DM129550,340-001-038-0,DM117922,4132302,
191258749,25-00,M73-82,AFT GALLEY,62197-301-001,17-01-0339,62197-301-001,23-08-0330,4070378,SAV808-UK
191515330,25-31,B737-8,FWDGALLY,62197-301-001,18-01-1110,62197-301-001,17-07-0384,4214018,WAV1609
55377449,38-00,M73-82,LAV D,SC4L500301-5,170213885-007,SC4L500301-5,173163665-004,3907783,E-5850033
190289158,25-00,M73-82,GALLEY 4,62197-301-001,16-12-0304,62197-301-001,21-02-0154,3842087,WAV397
41987568,26-00,B737-8,AFT,473597-5,SJB0891,473597-5,SJA7324,3766708,60875
190310793,33-00,M73-82,CABIN,9651-35-0002,56576,9651-35-0002,49376,3869381,ARC147031
190730157,33-00,B737-8,23ABC,9651-35-0002,23028,9651-35-0002,44959,3976094,20113364
190064691,26-16,B737-8,AFT,473597-5,24555A,473597-5,67637,4153678,13726833
190301807,25-30,M73-82,GALLEY G4,62197-301-001,15-12-0156,62197-301-001,14-12-7215,3867829,1338090
190567768,25-00,B737-8,AFTGALLY,72184025,4201,72184025,3050,3986159,PAV11889
190330015,25-00,M73-82,FWD,8201-11-0000,07-10-24285,8201-11-0000-01,21-06-0270,3835624,PAV10178
55487443,33-00,M73-82,7 ABC,9651-35-0002,62189,9651-35-0002,24496,3799452,ARC139476
190566399,23-00,B737-8,AFT,285W0024-1B,F49710,285W0024-1B,F63417,4022607,10931
55610558,33-20,B737-8,21DEF,9651-35-0002,54180,9651-35-0002,23098,3770487,137838
190703914,33-00,B737-8,7DEF,9651-35-0002,25666,9651-35-0002,24890,3950818,25.652
190673919,23-40,B737-8,CABIN,285W0024-1B,D21410,285W0024-1B,D22239,4117250,169903
41579973,33-21,B737-8,25ABC,9651-35-0004,6213,9651-35-0004,19273,3733308,20077658
190447291,25-32,M73-82,GALLEY 4,8201-11-0000-01,10-02-28215,8201-11-0000-01,09-02-26573,4147702,KAV0226036
55694175,72-00,B737-8,#1,340-001-038-0,PA002122,340-001-038-0,DE806231,4215764,R26072811001
55694175,72-00,B737-8,#1,340-001-039-0,DB187137,340-001-038-0,DM167137,4215682,R26072809001
104781329,33-42,B737-8,RH,72605363-1,5770,72605363-1,0277,3956073,354296230
190987723,25-00,B737-8,AFT,62197-301-001,17-01-0358,62197-301-001,16-11-0283,4226063,WAV1586
42146510,25-30,M73-82,GALLEY G4,62197-301-001,17-11-0435,62197-301-001,17-12-0414,3763991,1401
190333627,25-32,M73-82,FWD GALLEY,8201-11-0000-01,22-02-0654,8201-11-0000-01,23-06-0152,3452462,S23/2802H-1
55652987,23-00,B737-8,F/O,5145-1-82,13984,5145-1-82,15196,3807443,PAV9736
190574941,23-00,B737-8,AFT,285W0024-1B,F53016,285W0024-1M,F51229,3986436,158588
190225068,25-00,B737-8,AFT,62197-301-001,17-12-0457,72184025,4019,3925347,PAV11096
55359691,25-00,M73-82,GALLEY G4,8201-11-0000-01,21-01-0236,8201-11-0000,08-02-24826,3245614,AV0750
191420486,72-00,B737-8,#2,340-001-038-0,DM042524,340-001-036-0,PF525469,4232538,52-00
191420486,72-00,B737-8,#2,340-001-038-0,DD863226,340-001-036-0,PF526132,4232541,50_00
190669843,25-00,B737-8,FWDGALLY,62197-301-001,23-04-0050,62197-301-001,23-05-0340,4030335,KAV1225054
190311278,33-21,M73-82,#26 RH,9651-35-0004,19216,9651-35-0004,24410,3926046,20106396
191382523,26-16,B737-8,AFT,473597-5,SJA9772,473597-5,SJA9898,4230404,R554272-66629
190160780,26-00,B737-8,AFT,473597-5,45579,473597-5,48180,3911926,63360
191048633,23-42,B737-8,CABIN,285W0024-1B,F60089,285W0024-23B,F64023,4172019,EASA0017429
190546485,25-00,B737-8,FWD GALLEY,62197-301-001,17-11-0441,62197-301-001,18-06-0114,3903307,1370013
190232503,33-00,B737-8,#2,45-0351-4,5710,45-0351-6,8262,3896700,1363058
191354869,36-00,B737-8,#1,107484-7,20654,107484-7,9805,4219427,356566664
55563032,25-35,B737-8,FWDGALLY,72184025,N10090461044715,72184025,N09070388044559,3687131,1180084
190015928,25-33,B737-8,FWDGALLY,62197-301-001,21-11-0225,72184025,N09070398044569,3639918,1127005
190508170,25-00,B737-8,FWDGALLY,62197-301-001,14-09-7012,72184025,N10020406044656,4072523,WAV1195
190554722,25-36,B737-8,AFTGALLY,8201-11-0000,08-02-24820,8201-11-0000,07-10-24304,3926104,KAV0725031
190701768,25-00,B737-8,AFTGALLY,8201-11-0000,07-02-23329,8201-11-0000,08-07-25654,3977183,PAV11762
190284637,25-00,M73-82,FWD,62197-301-001,19-07-0269,62197-301-001,14-09-7020,3851375,KAV0225046
190204490,26-00,B737-8,AFT,473597-5,23599A,473597-5,SJA9783,4202961,13917973
190368191,73-00,M73-82,#1,2085M31G03,PSDMF495,2085M31G03,PSDNK222,3957681,TCA25A-00705
190368191,73-00,M73-82,#1,2085M31G03,PAT25E49,2085M31G03,PSDNK224,3957685,TCA25A-00707
190368191,73-00,M73-82,#1,2085M31G03,PSDMF333,2085M31G03,PSDNK219,3957677,TCA25A-00702
190368191,73-00,M73-82,#1,2085M31G03,PAT13J84,2085M31G03,PSDNJ948,3955206,NAB25A-02017
190368191,73-00,M73-82,#1,2085M31G03,PAT19R18,2085M31G03,PSDNK226,3957689,TCA25A-00709
190368191,73-00,M73-82,#1,2085M31G03,PAT92C68,2085M31G03,PSDNK221,3957679,TCA25A-00704
190368191,73-00,M73-82,#1,2085M31G03,PAT14A88,2085M31G03,PSDNK220,3957678,TCA25A-00703
190368191,73-00,M73-82,#1,2085M31G03,PSDMD274,2085M31G03,PSDNJ953,3955226,NAB25A-02022
190368191,73-00,M73-82,#1,2085M31G03,PAT21F61,2085M31G03,PSDNK225,3957686,TCA25A-00708
190368191,73-00,M73-82,#1,2085M31G03,PSDKR263,2085M31G03,PSDNK218,3957672,TCA25A-00701
190368191,73-00,M73-82,#1,2085M31G03,PAT09R13,2085M31G03,PSDNK223,3957683,TCA25A-00706
190368191,73-00,M73-82,#1,2085M31G03,PAT15R35,2085M31G03,PSDNJ952,3955223,NAB25A-02021
190368191,73-00,M73-82,#1,2085M31G03,PAT38F81,2085M31G03,PSDNJ947,3955203,NAB25A-02016
190368191,73-00,M73-82,#1,2085M31G03,PAT85C98,2085M31G03,PSDNJ951,3955222,NAB25A-02020
190368191,73-00,M73-82,#1,2085M31G03,PAT19F68,2085M31G03,PSDNJ946,3955200,NAB25A-02015
190368191,73-00,M73-82,#1,2085M31G03,PAT14T92,2085M31G03,PAT45J78,3949545,RE98050-1
190368191,73-00,M73-82,#1,2085M31G03,PAT17E77,2085M31G03,PSDNJ949,3955212,NAB25A-02018
190368191,73-00,M73-82,#1,2085M31G03,PAT04F93,2085M31G03,PSDNJ945,3955196,NAB25A-02014
55456648,33-00,M73-82,CAB,9651-35-0002,48158,9651-35-0002,62983,3829162,411-1.000
191272014,33-00,M73-82,26DEF,9651-35-0004,15966,9651-35-0004,6749,3949944,ARC154964
55115103,25-31,B737-8,AFTGALLY,62197-301-001,22-01-0396,72184025,N10040454044699,3761398,SAV414
55404218,33-00,M73-82,CAB,9651-35-0002,71276,9651-35-0002,19773,3818869,ARC142142
55441736,25-31,M73-82,AFTGALLEYAFT,62197-301-001,19-07-0273,62197-301-001,19-07-1229,3818871,KAV0225039
55672690,25-31,B737-8,AFTGALLY,62197-301-001,21-02-0165,62197-301-001,25-04-0412,4124605,WAV1369
190034466,23-00,B737-8,FL DK,5145-1-82,19825,5145-1-82,12854,4139198,PAV14002
190625713,38-00,B737-8,LAV A,14330-230,39285,14330-230,19340,4082433,1192783
191069830,25-00,B737-8,FWD,62197-301-001,19-04-0028,62197-301-001,17-01-0356,4199216,WAV1559
55159382,33-00,B737-8,RH,45-0351-4,6935,45-0351-4,5509,3753778,1238818
190030873,38-00,B737-8,AFTGALLY,72184025,4423,72184025,N10100892044734,3781705,WAV199
41983314,25-00,B737-8,FWDGALLY,8201-11-0000-01,17-07-39065,8201-11-0000-01,21-01-0271,3735181,PAV8620
55204088,26-00,B737-8,AFT,473597-5,45614,473597-5,48886,3796672,61527
105247488,33-00,B737-8,25 RH,9651-35-0004,18162,9651-35-0004,12013,4001719,60043
190729617,25-31,B737-8,FWDGALLY,72184025,N11070864044806,72184025,N12021006044829,4081245,KAV0326047
55723225,33-21,B737-8,18 RH,9651-35-0002,54990,9651-35-0002,30166,3794355,138660
191428907,33-20,B737-8,18 DEF,9651-35-0002,46972,9651-35-0002,24986,4096572,ARC168624
55603092,33-00,B737-8,30 ABC,9651-35-0005,16146,9651-35-0005,47520,3920567,ARC152018
55603092,33-00,B737-8,LH,9651-35-0005,25497,9651-35-0005,46592,3883347,20100249
55513377,34-11,B737-8,CAPT,0851HT1,402265,0851HT2,458900,3631773,42762
190449537,25-31,M73-82,001 FWD GALLEY,62197-301-001,17-01-0337,62197-301-001,18-01-1111,4177059,PAV14414
191126157,33-00,M73-82,14,9651-35-0005,49490,9651-35-0005,18235,4173828,ARC173939
55381060,25-32,M73-82,001 FWD GALLEY,62197-301-001,16-02-0215,62197-301-001,16-08-0250,3851047,1323939
55305985,23-00,M73-82,AFT CAB,285W0024-1B,F52034,285W0024-1B,F53016,3740345,135012
190566711,25-32,B737-8,AFTGALLY,62197-301-001,17-12-0468,62197-301-001,22-11-0538,3946671,1410527
190318431,25-00,M73-82,GALLEY 4,62197-301-001,22-12-0122,62197-301-001,19-04-0538,3858710,KAV0425025
190574105,33-42,B737-8,RH,45-0351-4,3480,45-0351-4,5547,4027003,PAV12452
190402345,33-21,M73-82,CABIN,9651-35-0005,60635,9651-35-0005,16999,4210607,ARC177638
42123080,73-00,M73-82,#1,2085M31G03,PAT0H764,2085M31G03,PAT4C418,3849577,RF64952-1
42123080,73-00,M73-82,#1,2085M31G03,PAT0H762,2085M31G03,PAT4C475,3851612,RF66928-1
42062268,33-00,B737-8,LH,72605363-1,4521,72605363-1,5298,3826872,352548928
190637890,25-00,B737-8,AFTGALLY,72184025,4245,72184025,4158,3848476,WAV419
191000818,33-42,B737-8,RH,45-0351-4,6455,45-0351-4,4805,4174214,PAV14385
55277164,38-00,B737-8,CABIN,15800-029-3,5474,15800-029-3,5457,3696756,65890
55530878,33-21,B737-8,23 DEF,9651-35-0003,15070,9651-35-0003,15108,3736460,ARC134336
55698603,25-00,B737-8,G1,72184025,N10090453044707,72184025,N11060381044785,4044780,WAV1095
191334099,38-11,B737-8,LAV A,SC4L500301-5,174849925-010,SC4L500301-5,175486089-008,4187051,E-6233138
190594545,33-00,B737-8,AFT CAB,9501-13-0001,5204,9501-13-0001,5195,4197490,176190
190594545,33-00,B737-8,27DEF,9651-35-0005,49701,9651-35-0005,33829,4197399,ARC176023
190594545,33-00,B737-8,21ABC,,,9651-35-0002,17133,4197405,ARC175950
191350917,33-00,B737-8,31 DEF,9651-35-0005,20892,9651-35-0005,48341,3995272,20123851
191400052,33-00,B737-8,8 DEF,9651-35-0002,25444,9651-35-0002,54357,4117269,ARC170038
190912096,23-00,B737-8,FL DK,5145-1-82,16188,5145-1-82,13741,4011330,PAV12312
42050269,33-20,B737-8,29ABC,9651-35-0005,31748,9651-35-0005,24158,3763407,136779
190595055,26-23,B737-8,AFT,473597-5,SJB1059,473597-5,SJA3137,3806906,R549386-61788
190154740,23-00,B737-8,CABIN,285W0024-1B,F28251,285W0024-1M,F50564,3844853,ARC144859
105398207,36-11,B737-8,#2,107484-7,19188,107484-7,18627,3961768,4361683
190705804,33-00,B737-8,18ABC,9651-35-0002,35253,9651-35-0002,67166,3947519,20111059
191318291,25-31,B737-8,AFTGALLY,62197-301-001,21-08-0085,62197-301-001,17-07-0388,4134162,SAV903
191484602,33-00,B737-8,18DEF,9651-35-0002,35789,9651-35-0002,25186,4173826,ARC174317
190579405,26-00,B737-8,AFT,473597-5,SJA4914,473597-5,SJA7051,4031912,13201081
55065267,25-00,B737-8,AFTGALLY,72184025,N10020396044646,72184025,N10100893044735,3954751,PAV11470
55463848,25-32,M73-82,GALLEY G4,62197-301-001,21-11-0704,62197-301-001,25-04-0275,3874975,S25/1761H-1
190053585,23-42,B737-8,FWD,285W0024-1B,F51431,285W0024-1B,D12573,4122164,170428
190884132,25-35,B737-8,GALLEY G1,62197-301-001,14-12-7218,62197-301-001,23-07-0183,4078211,KAV0326025
55452262,25-00,M73-82,GALLEY G4,8201-11-0000-01,21-08-0162,8201-11-0000,05-08-21350,3589589,1082988
190323904,33-21,M73-82,LH,9651-35-0003,9834,9651-35-0003,15070,4016596,20138246
190774793,23-00,B737-8,FL DK,5145-1-82,19574,5145-1-82,13684,3841506,PAV10244
55448956,33-20,M73-82,CABIN,9651-35-0005,70634,9651-35-0005,32155,4026631,ARC162572
190453675,25-00,M73-82,GALLEY 4,62197-301-001,22-02-0449,62197-301-001,17-01-0327,4005244,1781
55058494,33-42,B737-8,RH,45-0351-4,6549,45-0351-4,3700,4110827,PAV13644
190471996,25-00,M73-82,GALLEY G4,62197-301-001,18-07-0589,62197-301-001,16-01-0190,4118957,KAV0426012
190625367,33-21,B737-8,3 RH,9651-35-0001,7088,9651-35-0001,12045,3923660,20105877-1.000
55462746,33-21,M73-82,#23 RH,9651-35-0002,24257,9651-35-0002,25335,3792403,ARC139745
55527025,33-00,B737-8,15 DEF,9651-35-0005,36959,9651-35-0005,50920,3925182,116380
55527025,33-00,B737-8,30 DEF,9651-35-0005,23254,9651-35-0005,52139,3935281,20106753
53865538,33-42,B737-8,RH,45-0351-4,3740,45-0351-4,5814,4008268,PAV12253
190706121,25-31,B737-8,#4,72184025,4223,72184025,4155,3886979,1356334
190143976,25-00,B737-8,AFTGALLY,72184025,N10100885044727,72184025,3003,3773156,1255122
102474872,36-00,B737-8,#1,107484-7,14272,107484-7,12416,3810099,352222228
190196405,33-00,B737-8,27ABC,9651-35-0005,38207,9651-35-0005,51853,4228901,179283
191336278,33-21,B737-8,32 R/H,9651-35-0005,58012,9651-35-0005,24573,4173842,ARC174196
190480460,25-32,M73-82,FWD GALLEY,8201-11-0000-01,15-12-37026,8201-11-0000,08-08-25850,3689000,1180034
55300976,33-21,M73-82,CABIN,9651-35-0002,64948,9651-35-0002,69463,3897768,04640199
190481919,25-00,M73-82,GALLEY 4,62197-301-001,23-05-0406,62197-301-001,22-10-0359,3969472,PAV11680
190040744,38-00,B737-8,FWD,14330-230,30556,14330-230,35251,3646575,0001049979
190772645,34-00,B737-8,CAPT,0851HT1,404567,0851HT1,442784,3391296,405628631
190561416,25-31,B737-8,AFTGALLY,8201-11-0000-01,10-07-29054,8201-11-0000,04-11-20584,3951646,PAV11432
190105410,25-00,B737-8,AFT,72184025,N10120142044741,72184025,4229,4084512,WAV1220
190259542,23-42,B737-8,AFTGALLY,285W0024-1B,F51063,285W0024-1M,F56676,4053475,ARC165566
190497663,33-21,M73-82,12DEF,9651-35-0005,53187,9651-35-0005,32480,4011323,ARC161424
103288780,36-00,B737-8,#2,107484-7,9893,107484-7,13569,3855418,352899095
55539950,33-00,B737-8,21DEF,9651-35-0002,18516,9651-35-0002,76564,4117384,ARC170194
190709366,25-00,B737-8,AFTGALLY,62197-301-001,17-12-0472,62197-301-001,22-05-0077,4007981,WAV995
190306536,33-21,M73-82,ROW 8 R,9651-35-0002,65612,9651-35-0002,72186,3889360,2010322
104344865,36-00,B737-8,#2,107484-7,17765,107484-7,16146,3929814,353974072
190768254,25-35,32S,FWD,8201-11-0000-01,11-02-29740,8201-11-0000-01,16-08-37955,4080686,PAV13268
190788113,23-51,B737-8,FL DK,5145-1-82,15133,5145-1-82,19280,3871408,PAV10578
191512447,33-00,B737-8,LH,72605363-1,2948,72605363-1,4883,4153808,356217483
190505057,25-00,B737-8,FWDGALLY,8201-11-0000-01,09-02-26590,8201-11-0000,07-09-24226,3768687,PAV9080
190488641,33-21,M73-82,#10,9651-35-0003,15536,9651-35-0003,18687,4179281,20238329-01
190391558,25-35,M73-82,AFT,8201-11-0000-01,25-06-0077,8201-11-0000-01,09-02-26586,4026355,KAV1225042
190508718,33-00,B737-8,RH,45-0351-4,5667,45-0351-4,2247,4108619,PAV13607
55692068,33-20,B737-8,4DEF,9651-35-0002,18517,9651-35-0002,24545,3941405,8441
55286032,33-00,M73-82,31 DEF,9651-35-0005,66837,9651-35-0005,17954,3911133,ARC150841
190187008,23-00,B737-8,FL DK,5145-1-82,18370,5145-1-88,25753,3909687,PAV10920
190052537,38-00,B737-8,CABIN,14330-230,20672,14330-230,ZSK341,4153667,0000074083
55603911,25-00,B737-8,FWD,8201-11-0000-01,19-05-0632,8201-11-0000-01,09-05-26935,3688023,1181427
55241217,33-00,B737-8,29DEF,9651-35-0005,38301,9651-35-0005,31633,3741259,ARC134893
190421258,33-00,M73-82,19 ABC,9651-35-0002,22906,9651-35-0002,53965,4234245,179559
190421258,33-00,M73-82,25ABC,9651-35-0003,15428,9651-35-0003,8832,4084422,ARC167587
190045173,23-51,B737-8,FL DK,5145-1-82,19683,5145-1-82,24983,3764329,PAV9014
20292562,33-00,B737-8,5DEF,9651-35-0002,29950,9651-35-0002,30433,3982548,20116187
55404221,33-00,M73-82,CAB,9651-35-0002,71278,9651-35-0002,79498,3815819,70108
190542097,33-21,B737-8,CABIN,9651-35-0002,18753,9651-35-0002,29594,3887505,20100912
190574484,25-00,B737-8,FWDGALLY,72184025,4442,72184025,4210,4060620,WAV1140
55073668,33-00,B737-8,RH,45-0351-4,6971,45-0351-4,5647,3887310,PAV10732
107227480,36-11,B737-8,#1,107492-6,18036,107492-6,16743,4205291,356587175
107227480,36-11,B737-8,#1,107484-7,11381,107484-7,20632,4042896,18987Y14
107227480,36-11,B737-8,#1,3214552-5,10760,3214552-6,18783,4204142,595902
42049257,33-20,B737-8,CAB,9651-35-0005,25749,9651-35-0005,62755,3764064,2116
55397088,25-00,M73-82,GALLEY G4,62197-301-001,22-02-0451,62197-301-001,15-11-0120,3834099,1308749
190502035,33-21,M73-82,5ABC,9651-35-0002,58661,9651-35-0002,17890,3975291,157168
106965915,72-00,,#1,340-001-038-0,DM106982,340-001-038-0,DM175890,4169521,R2604211
106965915,72-00,,#1,340-001-038-0,DM149824,340-001-038-0,DM173090,4174332,R2605211
106965915,72-00,,#1,340-001-038-0,DE053465,340-001-038-0,DM166215,4174225,260514
106965915,72-00,,#1,340-001-038-0,PA551223-R,340-001-038-0,DM174947,4174253,R260521
55153231,23-51,B737-8,CAPT,5145-1-82,15674,5145-1-82,24182,4213657,PAV14853
55166191,25-31,B737-8,AFT CAB,8201-11-0000,07-08-24168,8201-11-0000,04-06-20088,3431140,AV1069
190405918,33-00,M73-82,CABIN,9651-35-0005,18243,9651-35-0005,29376,4049778,164684
190405918,33-00,M73-82,CABIN,9651-35-0005,51185,9651-35-0005,18899,4043571,163927
190441982,25-00,M73-82,CAB,62197-301-001,23-05-0409,62197-301-001,21-02-0089,4073053,S26785S1
106359879,33-00,M73-82,8ABC,9651-35-0002,66277,9651-35-0002,35043,4104315,ARC169361
106359879,33-00,M73-82,31DEF,9651-35-0005,58445,9651-35-0005,50354,4091616,ARC168343
190432934,25-00,M73-82,GALLEY G4,62197-301-001,16-10-0271,62197-301-001,22-12-0122,4102550,WAV1306
55610796,23-51,B737-8,OBS,5145-1-82,17077,5145-1-82,17963,3774211,PAV9169
41887406,33-00,M73-82,LH,72605363-1,4810,72605363-1,0410,3764472,351840163
190517639,25-00,B737-8,FWDGALLY,8201-11-0000,07-12-24538,8201-11-0000-01,23-08-0469,3889172,KAV0625005
190440948,33-00,M73-82,RH,9651-35-0002,53694,9651-35-0002,53072,3902028,20102645
190620844,25-31,B737-8,FWDGALLY,8201-11-0000,08-02-24825,8201-11-0000-01,22-01-0892,3181133,S22/0335H-1
55362223,25-00,M73-82,GALLEY 4,62197-301-001,22-10-0007,62197-301-001,18-01-1100,3770843,KAV1224038
190635461,26-00,B737-8,AFT,473597-5,SJA4513,473597-5,46105,4202165,13917763
55405571,38-00,M73-82,AFT RH,SC4L500301-5,11304596-008,SC4L500301-5,174600283-001,4060273,E-6074911
190200543,34-11,B737-8,CAPT,0851HT1,397376,0851HT2,466974,3787820,407535784
191448690,25-31,B737-8,FWDGALLY,8201-11-0000-01,17-12-39607,8201-11-0000,04-08-20257,3780354,PAV9248
55248357,26-16,B737-8,FWD,473597-5,23797,473597-5,SJA3267,3836994,61794
55338479,25-00,M73-82,AFT,8201-11-0000-01,22-03-0164,8201-11-0000-01,17-11-39496,4055111,PAV12913
55525850,26-00,B737-8,AFT,473597-5,SJA5188,473597-5,SJA7060,3804971,61645
41859828,33-00,M73-82,LH,72605363-1,6517,72605363-1,4745,4039739,5208196
191507285,33-00,B737-8,4DEF,9651-35-0002,25334,9651-35-0002,24655,4157058,ARC172750
55418585,23-00,M73-82,FWD CAB,285W0024-1B,F24616,285W0024-23M,F59608,4116258,ARC170510
55716886,23-00,B737-8,FWD,285W0024-1B,F38846,285W0024-1B,D22838,3924453,152432
41358595,25-31,B737-8,AFT,8201-11-0000-01,10-07-29014,8201-11-0000-01,17-07-39062,3887275,PAV10735
55373812,25-00,M73-82,GALLEY 4B,62197-301-001,23-08-0261,62197-301-001,17-01-0326,4145909,KAV0526026
55212686,30-31,B737-8,FIN,0851HT1,290210,0851HT2,465238,3848071,804300
55077999,72-00,B737-8,#2,340-001-038-0,DD459973,340-001-038-0,DC977156,3798980,R25011823001
55077999,72-00,B737-8,#2,340-001-038-0,DD459921,340-001-038-0,PA249707,3754987,R24110613
55077999,72-00,B737-8,#2,340-001-038-0,DD460462,340-001-038-0,DM150584,3805646,R25020107001
55077999,72-00,B737-8,#2,340-001-038-0,DC768662-2,340-001-038-0,DM144644,3805658,R25020108001
55077999,72-00,B737-8,#2,340-001-038-0,DD459001,340-001-038-0,DM117474,3746948,R24110605001
55077999,72-00,B737-8,#2,340-001-038-0,DC609602-B,340-001-036-0,PF467633,3805341,1149017
55077999,72-00,B737-8,#2,340-001-038-0,DD455003,340-001-038-0,DM134816,3754971,R24110604
55077999,72-00,B737-8,#2,340-001-038-0,DM159553,340-001-036-0,PF458823,3804939,1145549
190061653,23-42,B737-8,CABIN,285W0024-1B,F25355,285W0024-1B,D05825,3954575,ARC155601
55551658,33-21,B737-8,5 ABC,9651-35-0002,54274,9651-35-0002,83841,3950786,78149
191337788,25-31,B737-8,AFTGALLY,72184025,N09030227044454,72184025,4418,3925081,WAV648
190684043,33-00,B737-8,LH OUTBD,72500410-1,3543,72500410-1,1445,4030880,88107
190684043,33-00,B737-8,LH INBD,72500410-2,1491,72500410-2,10329,4030113,5052534
190684043,33-00,B737-8,LH,72605363-1,1174,72605363-1,5622,4026623,355114724
190771567,27-31,B737-8,RH,0851HT1,303551,0851HT1,436842,3308566,405238723
190643997,33-00,B737-8,RH,45-0351-4,5126,45-0351-6,10954,4115791,PAV13672
55273158,25-31,B737-8,AFTGALLY,72184025,N09050461044513,62197-301-001,23-06-0214,4001293,WAV964
55314763,25-32,M73-82,GALLEY G4,62197-301-001,14-09-7018,62197-301-001,17-12-0454,3788749,WAV228
55390756,33-00,M73-82,CABIN,9651-35-0005,49537,9651-35-0005,33347,4043879,164617
191362675,33-00,B737-8,CABIN,9651-35-0005,36662,9651-35-0005,47469,4077924,20170376-1
191264247,33-20,M73-82,7DEF,9651-35-0002,48897,9651-35-0002,69961,4053570,ARC165192
190482503,25-32,M73-82,6475MM,62197-301-001,23-05-0230,62197-301-001,16-02-0209,4117162,PAV13705
190515148,33-21,B737-8,CABIN,9651-35-0005,21344,9651-35-0005,66710,3913507,20104208-1.000
190502048,25-35,M73-82,GALLEY G4,8201-11-0000-01,09-10-27606,8201-11-0000-01,17-12-40029,3920672,KAV0725019
190468130,33-00,M73-82,RH,9651-35-0005,21649,9651-35-0005,25551,4157025,ARC172944
190440655,25-00,M73-82,G1,62197-301-001,16-01-0169,62197-301-001,19-04-0548,3851796,KAV0325025
190486239,25-30,M73-82,GALLEY G4,62197-301-001,16-02-0207,62197-301-001,22-01-0408,4021587,KAV1025060
190027088,38-32,B737-8,CABIN,14330-230,16015,14330-230,22637,4110430,1193071
190579665,38-11,B737-8,RH AFT,SC4L500301-5,172816794-001,SC4L500301-4,1606781,4060708,E-6074532
191319758,25-00,B737-8,AFTGALLY,8201-11-0000,07-08-24182,8201-11-0000-01,15-12-37013,4091797,KAV0226028
190434553,33-00,M73-82,20DEF,9651-35-0002,30686,9651-35-0002,40059,4019655,ARC162312
55174880,25-00,B737-8,FWDGALLY,72184025,4272,72184025,4427,3664654,1131319
191271312,38-00,M73-82,GALLEY G1,62197-301-001,14-09-7016,62197-301-001,14-07-6905,4015513,WAV1010
190224100,38-10,B737-8,FWDGALLY,72184025,N10020033044619,62197-301-001,21-02-0086,3801597,1279033
190152634,25-00,B737-8,AFT,72184025,N09120066044589,72184025,3033,3870552,PAV10557
190638277,25-31,B737-8,AFTGALLY,8201-11-0000,04-10-20494,8201-11-0000-01,23-04-0016,3429352,S23/2383H-1
55471907,33-00,M73-82,10DEF,9651-35-0003,14141,9651-35-0003,5116,3975236,157039
190397556,33-00,M73-82,27ABC,9651-35-0004,16256,9651-35-0004,18180,4166976,ARC173307
40286111,38-32,B737-8,LAV A,14330-230,35986,14330-230,37322,4048285,1184777
190632080,26-16,B737-8,FL DK,473955-1,7321,473955-1,3186,3906628,12583351
190632080,26-16,B737-8,AFT,473597-5,SJA1807,473597-5,SJA6590,3887092,63013
101927020,38-00,B737-8,AFTGALLY,72184025,4083,72184025,N10040447044692,3727025,1216433
101927020,38-00,B737-8,FWDGALLY,72184025,4039,72184025,N09030604044471,3687002,1171856
101927020,38-00,B737-8,AFTGALLY,72184025,4417,72184025,4117,3691782,1184634
55022612,23-44,B737-8,FWD,285W0024-1B,F25840,285W0024-1M,F43667,3844952,4455
41466095,33-21,B737-8,11ABC,9651-35-0005,18409,9651-35-0005,18895,4210521,177640
55597572,33-42,B737-8,LH,72605363-1,2858,72605363-1,5558,4057348,355414556
190274935,25-31,B737-8,FWDGALLY,72184025,4333,72184025,4415,3930149,PAV11130
55437180,25-00,M73-82,FWD,8201-11-0000-01,21-06-0263,8201-11-0000-01,23-07-0176,3456739,S23/2965H-1
190396399,25-00,M73-82,001 FWD GALLEY,8201-11-0000,07-12-24537,8201-11-0000-01,14-07-35012,4108610,PAV13610
190535891,33-00,B737-8,30DEF,9651-35-0005,16762,9651-35-0005,18544,3934627,ARC153490
55220545,23-00,B737-8,FL DK,5145-1-82,10820,5145-1-88,26978,4116540,PAV13684
190689684,38-00,B737-8,FWD,72184025,4067,72184025,4417,3783262,WAV204
40711914,23-42,B737-8,FWD CAB,285W0024-1B,F47816,285W0024-1B,F24283,3920279,151805
191060100,26-16,B737-8,FWD,473597-5,38097,473597-5,SJA4177,3955566,12831479
190247676,38-32,B737-8,AFT LH,14330-230,8013,14330-230,5609,3743959,1075766
191442140,33-00,B737-8,CABIN,9651-35-0005,30840,9651-35-0005,57997,4148294,20217300-1
190088338,26-00,B737-8,AFT,473597-5,21758A,473597-5,27503A,3898448,R550807
35084981,25-00,B737-8,AFTGALLY,8201-11-0000,06-11-22816,8201-11-0000-01,17-12-40028,3985666,KAV1025018
55408590,38-00,M73-82,LAV A,SC4L500301-5,11309564-005,SC4L500301-5,172694178-002,3806065,E-5694383
191519382,33-42,B737-8,LH,72605363-1,3028,72605363-1,2366,4121588,355984268
55247035,38-32,B737-8,CABIN,14330-230,20928,14330-230,ZSK231,3802559,0001098516
190544441,25-00,B737-8,FWDGALLY,62197-301-001,23-08-0289,62197-301-001,16-12-0317,4102425,WAV1305
190376044,25-00,M73-82,AFTGALLY,62197-301-001,14-09-7023,62197-301-001,25-04-0411,4040919,WAV1067
55440546,25-00,M73-82,G1,62197-301-001,15-08-7820,62197-301-001,19-07-0258,3827711,1304027
191507058,33-00,B737-8,25 DEF,9651-35-0004,11924,9651-35-0004,11856,4121797,170249
55613098,26-16,B737-8,AFT,473597-5,SJB1173,473597-5,24266A,4177199,13790888
42140290,34-11,M73-82,CAPT,0851HT1,429794,0851HT2,465168,3780994,472138
190147300,26-16,B737-8,AFT,473597-5,26628A,473597-5,40706,4219661,R554387-66746
190567237,25-00,B737-8,FWDGALLY,8201-11-0000-01,14-07-35020,8201-11-0000,04-11-20576,3836324,KAV0325036
55067238,23-51,B737-8,FL DK,5145-1-82,18017,5145-1-82,14642,3773602,PAV9157
191360097,38-00,B737-8,AFTGALLY,62197-301-001,16-02-0196,62197-301-001,15-10-8005,4128867,KAV0526012
55359710,34-11,M73-82,F/O,0851HT1,400967,0851HT2,461303,3661737,406960413
190573623,33-00,B737-8,25DEF,9651-35-0004,**6321**,9651-35-0004,11521,3975251,157560
42178420,72-00,M73-82,#1,2085M31G03,PAT03T74,2085M31G03,PAT22F54,3767479,RE99503-1
42178420,72-00,M73-82,#1,2085M31G03,PAT07R45,2085M31G03,PAT99E27,3767468,RE99526-1
42178420,72-00,M73-82,#1,2085M31G03,PAT99J66,2085M31G03,PSDNF352,3758991,JMB24A-06892
42178420,72-00,M73-82,#1,2085M31G03,PAT11T54,2085M31G03,PAT09F45,3762123,RE97894-1
191403675,25-00,B737-8,AFTGALLY,62197-301-001,22-02-0468,62197-301-001,17-12-0411,4189449,SAV937-UK
102594000,38-32,B737-8,AFT RH,14330-230,20932,14330-230,ZSK631,3706086,1064773
55525752,25-00,B737-8,AFTGALLY,62197-301-001,21-02-0124,72184025,N11060391044795,3731206,1220632
191533962,33-20,B737-8,4ABC,9651-35-0002,54981,9651-35-0002,25444,4134282,ARC171340
55259192,25-37,B737-8,AFT,8201-11-0000-01,21-06-0261,8201-11-0000-01,16-02-37195,4026360,KAV1225040
191043413,33-00,B737-8,AFT CAB,9651-35-0005,31982,9651-35-0005,18721,4203353,ARC176724
55564011,25-00,B737-8,FWDGALLY,8201-11-0000-01,14-09-35275,8201-11-0000,05-09-21488,3768693,PAV9081
190219879,26-10,B737-8,FWD,473597-5,38029,473597-5,45828,3914813,R551011-63426
191423351,27-00,B737-8,LH STAB,0851HT1,345316,0851HT2,485233,4189274,409285943
55539555,25-00,B737-8,AFTGALLY,62197-301-001,22-05-0087,72184025,4258,4025091,KAV1225008
55526503,25-35,B737-8,FWDGALLY,8201-11-0000,07-02-23325,8201-11-0000-01,18-10-0452,3598467,1094139
191465401,12-13,B737-8,FWDGALLY,8201-11-0000-01,19-05-0651,8201-11-0000-01,09-12-28000,3857839,KAV0425049
190273804,25-31,B737-8,AFT RH,72184025,4273,72184025,N12031144044850,3925174,WAV639
55257381,33-00,B737-8,31ABC,9651-35-0005,32634,9651-35-0005,38314,3936870,25.658
190416281,25-00,M73-82,GALLEY 4,62197-301-001,18-01-0436,62197-301-001,15-11-0136,4186473,WAV1519
55349579,34-11,M73-82,ALT,0851HT1,404399,0851HT2,473918,3946829,408273130
25596141,34-00,B737-8,F/O,0851HT1,404092,0851HT1,444426,3406213,405709577
41411447,33-42,B737-8,RH,45-0351-4,5667,45-0351-4,5967,4000421,PAV12091
55184248,26-16,B737-8,FWD,473597-5,42726,473597-5,SJE1342,3908225,408095
103508072,72-00,,#1,340-001-036-0,DM169838,340-001-036-0,PF494494,3875324,51158
103508072,72-00,,#1,340-001-036-0,DM169891,340-001-036-0,PF490433,3875327,51158
103508072,72-00,,#1,340-001-036-0,DM169258,340-001-038-0,DD460041,3848537,R25031218001
103508072,72-00,,#1,340-001-036-0,DM169842,340-001-038-0,DM020208,3849417,R25031222
190631876,33-21,B737-8,22 ABC,9651-35-0002,52997,9651-35-0002,71302,3905565,3119
190050675,36-00,B737-8,#2,107484-7,16631,107484-7,11976,3795355,352203372
190000006,38-00,B737-8,AFT,72184025,N09060318044542,72184025,4044,4090696,WAV1267
55683155,26-16,B737-8,AFT,473597-5,SJA2380,473597-5,25038A,4059909,-13328242
190651418,33-00,B737-8,23DEF,9651-35-0002,30974,9651-35-0002,49691,3973875,20116502
55192835,36-11,B737-8,#2,107484-7,18384,107484-7,13751,3848482,352734361
41629780,33-00,B737-8,27 RH,9651-35-0005,50798,9651-35-0005,60692,3783492,20083452
190440977,25-00,M73-82,GALLEY G4,62197-301-001,21-02-0162,62197-301-001,19-06-0028,3934664,PAV11170
55413613,25-32,M73-82,AFT,8201-11-0000,07-10-24285,8201-11-0000-01,21-01-0268,3860228,1331403
41933277,25-31,B737-8,AFT,62197-301-001,15-03-7407,62197-301-001,21-02-0148,3807316,KAV0225055
55585539,72-21,B737-8,NO.1 #22,,,340-001-038-0,DD282585,3879519,R25051609
55585539,72-21,B737-8,#1,340-001-038-0,DC002510,,,9545250,
190526096,25-00,B737-8,AFTGALLY,62197-301-001,23-04-0046,72184025,4145,3829038,KAV1224011
190150148,23-00,B737-8,FWD,285W0024-1B,F28309,285W0024-23B,F64222,4125158,4125158
190431829,25-00,M73-82,AFT GALLEY,62197-301-001,23-03-0698,62197-301-001,21-02-0099,4102422,WAV1310
20292618,33-00,B737-8,5DEF,9651-35-0002,50316,9651-35-0002,64557,3986476,20120928
55004152,26-16,B737-8,AFT,473597-5,56253,473597-5,SJA9830,4124155,13600993
55345790,33-00,M73-82,CABIN,9651-35-0001,7647,9651-35-0001,6049,3816479,141649
55345790,33-00,M73-82,10DEF,9651-35-0003,10586,9651-35-0003,10299,3700619,ARC130652
191393799,26-00,B737-8,AFT,473597-5,SJA4311,473597-5,36783,3937007,12740612
190343863,25-00,M73-82,FWD CAB,8201-11-0000,04-12-20663,8201-11-0000,06-11-22816,4094336,KAV0226049
190241339,25-30,B737-8,FWDGALLY,72184025,2008,62197-301-001,22-01-0388,3872408,WAV498
190361261,25-00,M73-82,GALLEY G4,62197-301-001,23-06-0207,62197-301-001,23-08-0289,4121483,KAV0426064
191414587,33-21,B737-8,15ABC,9651-35-0005,21210,9651-35-0005,18716,4104319,ARC169326
55736419,30-00,B737-8,CAPT,0851HT1,380095,0851HT1,452650,3540712,406380706
190581288,33-21,B737-8,23DEF,9651-35-0002,35382,9651-35-0002,53931,3940982,ARC154204
191238902,25-32,M73-82,AFT,8201-11-0000-01,10-07-29057,8201-11-0000,07-08-24017,4176384,KAV0626032
55674167,25-37,B737-8,FWDGALLY,8201-11-0000,04-02-19753,8201-11-0000-01,15-11-36875,3745320,1228356
41221235,38-00,B737-8,FWD,14330-230,17614,14330-230,29357,3913338,1141047
191499814,25-00,B737-8,FWDGALLY,8201-11-0000-01,19-05-0147,8201-11-0000-01,19-05-0651,4121207,KAV0326080
190541656,33-00,B737-8,28DEF,9601-58-0000,23622,9601-58-0000,22263,3811574,ARC141579
190541656,33-00,B737-8,ROW 17,9601-58-0000,24769,9601-58-0000,31788,3794348,139147
190541656,33-00,B737-8,30 DEF,9651-35-0005,58386,9651-35-0005,59155,3835931,3976
190567026,25-31,B737-8,AFTGALLY,62197-301-001,14-07-6911,62197-301-001,16-10-0271,4009402,PAV12264
190314198,25-32,M73-82,G1,8201-11-0000,07-10-24303,8201-11-0000-01,09-03-26646,3985656,KAV1025016
55293284,33-00,M73-82,31DEF,,,9651-35-0005,17198,3845009,ARC144554
190087907,25-00,B737-8,FWD,8201-11-0000-01,16-02-37208,8201-11-0000-01,19-05-0592,3880391,KAV0425023
190680615,25-33,B737-8,GALLEY G4,62197-301-001,19-04-0549,62197-301-001,21-02-0310,3977153,WAV875
190571281,33-21,B737-8,09DEF,9651-35-0003,9041,9651-35-0003,20868,3933271,20106092
55232319,72-21,B737-8,#2,340-001-038-0,PC383116,340-001-038-0,DM163194,4059661,R25112505001
55232319,72-21,B737-8,#2,340-001-038-0,PC587068,340-001-036-0,PF525675,4150778,GEAMS1166962
191272683,25-35,M73-82,AFT,8201-11-0000,07-08-24183,8201-11-0000,03-09-19331,4066986,PAV13070
41615683,25-00,B737-8,FWDGALLY,8201-11-0000-01,19-07-0777,8201-11-0000,07-02-23328,3740762,JMB24A-06401
191452850,33-21,B737-8,CABIN,9651-35-0005,34309,9651-35-0005,18204,4183983,175193
20177903,23-42,B737-8,CABIN,285W0024-1B,D21242,285W0024-1B,D21751,3861378,145992
190493796,25-00,M73-82,GALLEY G1,62197-301-001,14-09-7016,62197-301-001,23-03-0521,3977162,PAV11755
190342552,25-00,M73-82,AFT RH,62197-301-001,16-11-0292,62197-301-001,18-07-0602,3903346,1370065
55666508,33-21,B737-8,26ABC,9651-35-0004,6683,9651-35-0004,6203,4049189,ARC164489
55558107,33-20,B737-8,29DEF,9651-35-0005,16824,9651-35-0005,32799,4061317,ARC165773
55355062,25-00,M73-82,G1,62197-301-001,23-08-0178,62197-301-001,16-02-0200,3916775,PAV10979
190352272,33-21,M73-82,16 ABC,9651-35-0005,50404,9651-35-0005,16156,4121733,ARC170586
41982785,33-20,B737-8,8ABC,9651-35-0003,5179,9651-35-0003,14710,3898994,20101878
191311928,33-00,B737-8,31ABC,9651-35-0005,24805,9651-35-0005,35034,4184190,ARC175217
55445530,25-00,M73-82,GALLEY G4,62197-301-001,22-02-0464,62197-301-001,21-02-0166,4091699,SAV851
191209671,23-00,M73-82,AFT,285W0024-1B,F63446,285W0024-23B,F64499,4186957,05344
55374449,33-00,M73-82,CAB,9651-35-0005,62783,9651-35-0005,68403,3791740,04341769
190182860,33-20,B737-8,18ABC,9651-35-0002,34416,9651-35-0002,39147,4203344,ARC176730
55412531,33-21,M73-82,33 ABC,9651-35-0005,50230,9651-35-0005,18371,3799489,ARC139117
190287757,33-00,M73-82,CABIN,9651-35-0005,67215,9651-35-0005,21227,3958827,56136
41943527,25-00,B737-8,AFTGALLY,8201-11-0000,05-11-21454,8201-11-0000,06-11-22809,3575216,1066111
35046657,23-42,B737-8,FWD,285W0024-1B,D15153,285W0024-1B,F33321,4037606,163855
55585542,72-21,B737-8,NO.1 #11,,,340-001-038-0,DM119691,3884617,R25052924
55585542,72-21,B737-8,#1,340-001-038-0,DM135242,,,9545252,
190148684,25-00,B737-8,AFT CAB,72184025,3047,72184025,4012,4000372,SAV694
190069575,23-42,B737-8,AFT,476W2220-9N,D10709,285W0024-23B,F64220,4144639,MEH-E
190069575,23-42,B737-8,AFT,,,476W2220-9P,F53396,4143338,03848
55052997,25-00,B737-8,FWD,62197-301-001,18-07-2029,62197-301-001,22-11-0532,3773592,PAV9161
55596649,25-00,B737-8,AFT,8201-11-0000,04-09-20356,8201-11-0000,05-11-21450,3822694,PAV9984
55394953,33-21,M73-82,CABIN,9651-35-0002,44773,9651-35-0002,35314,3808760,8708
191314517,26-00,B737-8,AFT,473597-5,SJA6534,473597-5,24799A,4129521,13609289
190698952,26-16,B737-8,AFT,473597-5,SJB0868,473597-5,37741,3951067,12783054
191320481,25-00,B737-8,AFT GALLEY,62197-301-001,22-02-0470,62197-301-001,21-02-0299,4222924,WAV1650
55607823,25-00,B737-8,AFT,SC4L500301-5,173574840-006,SC4L500301-5,173163659-005,3908072,RA177
190493687,25-32,M73-82,GALLEY G4,8201-11-0000-01,10-02-28235,8201-11-0000,02-11-18326,3568401,1062037
190189945,26-00,B737-8,FWD,473597-5,12807A,473597-5,20936A,4202453,13911653
190189945,26-00,B737-8,FWD,473597-5,23644A,473597-5,SJA0920,4119003,00013572655
190494491,33-42,M73-82,RH,72605363-1,5846,72605363-1,5770,3925464,3881819
55387366,25-00,M73-82,FWD G1,62197-301-001,21-11-0701,62197-301-001,22-02-0454,4016289,KAV1025063
190521836,23-42,B737-8,AFT CAB,285W0024-1B,F25196,285W0024-1B,F25905,3861395,146206
190018648,33-21,B737-8,#30 LH,9651-35-0005,33067,9651-35-0005,24887,3700613,ARC130656
190252025,25-33,B737-8,7055MM,72184025,4178,72184025,4361,3792372,1271401
55111153,25-00,B737-8,AFTGALLY,8201-11-0000-01,21-01-0232,8201-11-0000,06-11-22816,3589583,1083170
35050567,25-00,B737-8,AFTGALLY,62197-301-001,18-01-1104,62197-301-001,15-12-0155,3813218,KAV0225078
190191665,34-00,B737-8,ALT,0851HT1,378751,0851HT2,464596,3730074,407280882
190386842,25-00,M73-82,FWD,8201-11-0000,02-09-18206,8201-11-0000,07-08-24183,4134642,PAV13948
190487557,33-21,M73-82,20ABC,9651-35-0002,17348,9651-35-0002,39254,4179331,ARC174951
105147345,72-00,M73-82,#1,2085M31G03,PAT24T33,2085M31G03,PSDNK780,4001453,JMB25A-02683
980010078,25-00,B737-8,FWDGALLY,62197-301-001,17-12-0417,62197-301-001,22-10-0360,4145877,
190078985,33-42,B737-8,RH,45-0351-4,6688,45-0351-6,10954,4069199,PAV13089
190433092,33-21,M73-82,#21,9651-35-0002,70924,9651-35-0002,26115,4110262,ARC169566
190555275,33-00,B737-8,CABIN,9651-35-0002,29569,9651-35-0002,35553,4005082,ARC160808
190773959,36-11,B737-8,#2,107484-7,11904,107484-7,19218,3956236,1118Y02
41808725,34-00,M73-82,CAPT,0851HT1,426694,0851HT2,464699,3767531,0000000000011923617
55472410,33-21,M73-82,7 ABC,9651-35-0002,72119,9651-35-0002,40343,4019483,ARC161739
190397825,25-32,M73-82,GALLEY 4,8201-11-0000,04-10-20502,8201-11-0000-01,09-05-26955,4091791,KAV0226020
41579976,33-21,B737-8,25ABC,9651-35-0004,19273,9651-35-0004,22655,3806606,ARC140800
191453324,33-21,B737-8,30 ABC,9651-35-0005,32995,9651-35-0005,32689,4173741,ARC173923
55692618,33-20,B737-8,CABIN,9651-35-0003,7449,9651-35-0003,11545,3467979,20006801
55569335,33-21,B737-8,32 L/H,9651-35-0005,31125,9651-35-0005,48983,3782606,20083747
55288637,25-00,M73-82,FWD GALLEY,62197-301-001,19-07-1212,62197-301-001,21-11-0731,3791077,PAV9460
190443479,25-00,M73-82,AFT LH,62197-301-001,19-07-1221,62197-301-001,23-05-0340,3868547,SAV582
55470284,33-21,M73-82,23ABC,9651-35-0002,64557,9651-35-0002,53312,3949646,ARC155192
190659520,33-21,B737-8,CABIN,9651-35-0005,50800,9651-35-0005,51738,4116718,ARC170047
55302198,33-21,M73-82,CABIN,9651-35-0004,18203,9651-35-0004,8173,4189981,ARC175482
55353842,25-00,M73-82,7050MM1,8201-11-0000,02-11-18423,8201-11-0000-01,17-12-40027,3980411,KAV1025002
190534575,33-00,B737-8,RH,72605363-1,0720,72605363-1,3778,3861675,353154772
190281433,33-42,M73-82,LH,72605363-1,5972,72605363-1,1373,3909324,3641647
40310386,25-00,B737-8,FWD,8201-11-0000,04-02-19755,8201-11-0000-01,09-10-27614,3816691,PAV9893
55590069,26-16,B737-8,AFT,473597-5,SJA4550,473597-5,37969,3792816,61477
55590069,26-16,B737-8,AFT,473597-5,SJA4663,473597-5,37970,3793024,R548655
55424211,34-00,M73-82,ALT,0851HT1,420630,0851HT2,465303,3760420,407391204
190047662,25-00,B737-8,#3,8201-11-0000,07-12-24537,8201-11-0000,07-09-24215,3979150,KAV0925013
191216974,38-00,M73-82,LAV FWD,,,SC4L500301-5,175786546-009,4228206,6284433
105615012,33-21,B737-8,CABIN,9651-35-0004,10823,9651-35-0004,14295,3964287,ARC156485
190508344,25-31,B737-8,AFTGALLY,62197-301-001,19-04-0546,62197-301-001,14-07-6910,4090663,WAV1255
190617422,33-21,B737-8,11ABC,9651-35-0004,15350,9651-35-0004,23162,4112041,20191480
190617846,26-00,B737-8,AFT,473597-5,SJA0280,473597-5,SJA9817,4123315,13600981
42025135,25-30,B737-8,AFT,72184025,3006,72184025,4373,3791349,PAV9472
55401908,34-11,M73-82,ALT,0851HT1,432525,0851HT2,454925,3856464,12321304
190343116,38-00,M73-82,AFT LH,SC4L500301-5,11143876,SC4L500301-5,173651769-003,3932547,E-5886426
190236814,25-00,B737-8,#4,8201-11-0000-01,19-10-0175,8201-11-0000,07-08-24176,3653976,1147330
980011684,25-30,B737-8,AFT,8201-11-0000-01,17-12-40063,8201-11-0000-01,10-07-29007,4091794,
55315000,33-20,M73-82,PAX CAB,9651-35-0002,66014,9651-35-0002,70884,3857218,20096516
191046451,26-00,B737-8,AFT,473597-5,53150,473597-5,23802A,4204487,13927059
55257967,33-00,B737-8,33 ABC,9651-35-0000,5747,9651-35-0000,4929,3911337,150737
55257967,33-00,B737-8,21ABC,9651-35-0002,39256,9651-35-0002,16806,3942231,ARC154043
55684828,25-00,B737-8,AFTGALLY,62197-301-001,17-11-0442,62197-301-001,23-05-0234,3807314,KAV0225048
190623159,25-35,B737-8,AFT RH,62197-301-001,19-06-0030,62197-301-001,17-12-0460,4007803,KAV1225021
42074755,33-21,M73-82,CABIN,9651-35-0005,71734,9651-35-0005,49279,3738272,6581
102456128,72-00,,#2,,,340-001-036-0,PF442493,3805031,1149019
102456128,72-00,,#2,,,340-001-036-0,PF459355,3804972,1145994
102456128,72-00,,#2,,,340-001-038-0,DE188418,3798158,3000
102456128,72-00,,#2,,,340-001-036-0,PF459320,3805033,1149019
102456128,72-00,,#2,340-001-038-0,DB996509,,,9490410,
102456128,72-00,,#2,340-001-038-0,DM002201,,,9490411,
102456128,72-00,,#2,340-001-038-0,DM020532,,,9490412,
102456128,72-00,,#2,340-001-038-0,DM002081,,,9490413,
190622282,33-00,B737-8,CAB,9651-35-0002,53691,9651-35-0002,17577,3844934,ARC144562
190451598,38-00,M73-82,LAV A,SC4L500301-5,172694178-002,SC4L500301-5,173574861-002,3945878,E-5907843
190607103,25-00,B737-8,FWDGALLY,62197-301-001,17-12-0416,62197-301-001,17-12-0467,3840968,1314821
190579479,33-21,B737-8,22,9651-35-0002,26116,9651-35-0002,33154,4110256,169633
190514195,33-21,B737-8,CABIN,9651-35-0005,16362,9651-35-0005,17424,3857325,ARC145719
55363602,33-20,M73-82,19DEF,9651-35-0002,21757,9651-35-0002,52472,3856694,20095061
190110385,33-21,B737-8,07 ABC,9651-35-0002,54158,9651-35-0002,18813,4005101,ARC160601
55548681,33-21,B737-8,23ABC,9651-35-0003,6669,9651-35-0003,11555,3792399,ARC139722
191467963,25-00,B737-8,AFT LH,8201-11-0000-01,19-05-0647,8201-11-0000,02-10-18261,3930282,KAV0725035
190321952,33-42,M73-82,RH,72605363-1,6254,72605363-1,0726,3907346,353622559
190321952,33-42,M73-82,RH INBD,72500410-4,13456,72500410-4,5967,3813725,352469094
190321952,33-42,M73-82,RH OUTBD,72500410-3,13367,72500410-3,12192,3802778,352261684
190111283,38-13,B737-8,FWDGALLY,62197-301-001,17-11-0447,62197-301-001,23-08-0125,4050222,SAV770-UK
191181483,25-31,M73-82,GALLEY G4,8201-11-0000-01,17-11-39505,8201-11-0000-01,10-02-28223,4051488,KAV0126014
190451617,25-30,M73-82,GALLEY 4,8201-11-0000-01,21-01-0243,8201-11-0000-01,22-02-0623,3745313,KAV1124005
55521357,33-21,B737-8,20ABC,9651-35-0002,33045,9651-35-0002,53622,3750227,2007770-1000
190907300,38-00,B737-8,LAV A,14330-230,ZSK601,14330-230,ZSK695,4141475,0000071289
190237595,25-31,B737-8,AFTGALLY,8201-11-0000,04-02-19765,8201-11-0000-01,09-12-27981,3788763,KAV0125054
55700537,72-00,B737-8,#1,340-001-028-0,DM008034,340-001-038-0,PA550879,3923195,R25072222001
55700537,72-00,B737-8,#1,340-001-036-0,DM170005,340-001-036-0,PF442494,3905469,1155059-1
55700537,72-00,B737-8,#1,340-001-028-0,DM008316,340-001-036-0,PF467465,3904277,1155062
55700537,72-00,B737-8,#1,340-001-028-0,DM008036,340-001-036-0,PF490451,3904286,1155062-1
55700537,72-00,B737-8,#1,340-001-038-0,DM033773,340-001-038-0,PA571753,3923233,R25072225001
55700537,72-00,B737-8,#1,340-001-038-0,DM135817,340-001-038-0,PA550891,3928983,R25072223001
55700537,72-00,B737-8,#1,340-001-038-0,DM168400,340-001-038-0,DD286027,3916291,R25070229000
55700537,72-00,B737-8,#1,340-001-028-0,DM007857,340-001-038-0,DD871671,3910216,W328427
55700537,72-00,B737-8,#1,340-001-026-0,DM007947,340-001-036-0,PF490360,3905468,1154546-1
55700537,72-00,B737-8,#1,340-001-038-0,DM041013,340-001-038-0,PA571756,3928971,R25072220001
55700537,72-00,B737-8,#1,340-001-026-0,DM008116,340-001-038-0,PA550878,3923200,R25072228001
55700537,72-00,B737-8,#1,340-001-028-0,DM007891,340-001-036-0,PF458411,3807965,1145550-1
55700537,72-00,B737-8,#1,340-001-028-0,DM008073,340-001-038-0,PA584814,3928975,R25072315001
55700537,72-00,B737-8,#1,340-001-026-0,DM008057,340-001-038-0,DM162156,3877125,R25051518
55700537,72-00,B737-8,#1,340-001-028-0,DM003964,340-001-038-0,HC279497,3877128,R25051524
55700537,72-00,B737-8,#1,340-001-026-0,DM008002,340-001-038-0,HC279466,3877132,R25051517
55700537,72-00,B737-8,#1,340-001-028-0,DM008377,340-001-036-0,PF478495,3905472,1155060-1
55700537,72-00,B737-8,#1,340-001-038-0,DD868863,340-001-038-0,PA571763,3923192,R25072227001
55700537,72-00,B737-8,#1,340-001-036-0,DM170054,340-001-038-0,DM126433,3910217,W328444
55700537,72-00,B737-8,#1,340-001-038-0,DM053261,340-001-038-0,DC061444,3800350,R25011822
55700537,72-00,B737-8,#1,340-001-026-0,DM007876,340-001-038-0,DM174891,3928968,R25072324001
55700537,72-00,B737-8,#1,340-001-028-0,DM008052,340-001-038-0,DM173220,3928981,R25072325001
55700537,72-00,B737-8,#1,340-001-028-0,DM007905,340-001-036-0,PF494493,3905474,1155060
55700537,72-00,B737-8,#1,340-001-038-0,DM123917,340-001-038-0,PA573341,3928977,R25072329001
41719431,38-00,B737-8,LAV D,14330-230,5332,14330-230,1981,3698783,0001066565
55331655,25-00,M73-82,GALLEY G4,8201-11-0000,06-11-22821,8201-11-0000,07-08-24016,4066996,PAV13073
102637255,36-00,B737-8,#2,107484-7,17444,107484-7,8256,3804557,352362877
55538958,25-00,B737-8,AFTGALLY,62197-301-001,21-02-0161,72184025,4164,3755608,SAV411
55164295,38-00,B737-8,FWD GALLEY,62197-301-001,19-07-0259,72184025,4380,4050206,SAV772-UK
190103942,23-00,B737-8,AFT CAB,285W0024-1B,D23775,285W0024-1B,F24096,3934918,552782391
40388648,25-00,B737-8,AFT,8201-11-0000,07-08-24016,8201-11-0000-01,15-03-35925,3852116,PAV10385
55555776,33-00,B737-8,22ABC,9651-35-0002,22457,9651-35-0002,18377,3770480,137901
55698723,26-16,B737-8,AFT,473597-5,SJB1011,473597-5,40754,3940539,R551195
55374046,38-10,M73-82,FWD,62197-301-001,18-01-1098,62197-301-001,14-09-7025,4214234,WAV1595
55784998,25-00,B737-8,AFT GALLEY,72184025,N12021003044826,62197-301-001,22-05-0081,3774599,PAV9182
190404316,25-00,M73-82,GALLEY 4,62197-301-001,16-12-0319,62197-301-001,19-01-0478,4090619,WAV1263
106279755,73-11,M73-82,#1,2085M31G03,PSDNE635,2085M31G03,PAT56T74,4095263,RH42364-1
106279755,73-11,M73-82,#1,2085M31G03,PSDNE981,2085M31G03,PSDMA626,4026003,RH00589-1
106279755,73-11,M73-82,#1,2085M31G03,PSDNE634,2085M31G03,PAT3H174,4095271,RH49969-1
106279755,73-11,M73-82,#1,2085M31G03,PSDNE636,2085M31G03,PAT2C850,4077581,RH45584-1
106279755,73-11,M73-82,#1,2085M31G03,PSDMF430,2085M31G03,PSDNG048,4063628,RG87913-1
106279755,73-11,M73-82,#1,2085M31G03,PAT37T22,2085M31G03,PSDNF788,4095307,RH54078-1
106279755,73-11,M73-82,#1,2085M31G03,PSDNE987,2085M31G03,PAT56R83,4095300,RH54050-1
106279755,73-11,M73-82,#1,2085M31G03,PAT47T69,2085M31G03,PSDMD219,4095316,RH54776-1
106279755,73-11,M73-82,#1,2085M31G03,PSDNE988,2085M31G03,PAT31E32,4095310,RH54268-1
106279755,73-11,M73-82,#1,2085M31G03,PSDNE403,2085M31G03,PAT21C89,4096105,RH55091-2
106279755,73-11,M73-82,#1,2085M31G03,PSDNE734,2085M31G03,PAT59F71,4096116,RH58048-1
106279755,73-11,M73-82,#1,2085M31G03,PSDNE986,2085M31G03,PSDNG914,4096114,RH58753-2
106279755,73-11,M73-82,#1,2085M31G03,PSDNE984,2085M31G03,PSDNG929,4096112,RH58745-1
106279755,73-11,M73-82,#1,2085M31G03,PSDNE980,2085M31G03,PAT6H827,4096121,RH52315-2
106279755,73-11,M73-82,#1,2085M31G03,PSDNE985,2085M31G03,PAT5A045,4096119,RH58618-1
106279755,73-11,M73-82,#1,2085M31G03,PSDNE633,2085M31G03,PAT1G192,4077596,RH40399-1
106279755,73-11,M73-82,#1,2085M31G03,PSDNE983,2085M31G03,PAT94J43,4096126,RH58615-1
106279755,73-11,M73-82,#1,2085M31G03,PSDNE982,2085M31G03,PSDNG925,4096129,RH58744-1
42148733,33-00,M73-82,30 ABC,9651-35-0005,50407,9651-35-0005,58967,4001957,20129588
55412240,25-00,M73-82,GALLEY G4,8201-11-0000-01,11-02-29740,8201-11-0000,04-09-20358,4216779,PAV14920
191427015,25-00,B737-8,FWD,72184025,4091,72184025,4158,4134597,KAV0526015
55601823,33-00,B737-8,27DEF,9651-35-0005,17424,9651-35-0005,23237,3795863,140116
55067198,34-11,B737-8,RH,0851HT1,298165,0851HT2,462984,3752139,407358492
190674632,33-00,B737-8,24ABC,9651-35-0003,16247,9651-35-0003,9776,4067833,ARC166144
55612979,26-00,B737-8,AFT,473597-5,SJA7102,473597-5,SJA0399,4224708,R554395-66819
190461571,33-00,M73-82,7 ABC,9651-35-0002,24496,9651-35-0002,68978,3897511,04640199
42251152,25-00,B737-8,FWD,8201-11-0000-01,15-08-36563,8201-11-0000-01,15-11-36858,3575329,1068330
190368737,33-21,M73-82,ROW 29 LH,9651-35-0005,70769,9651-35-0005,43455,3964351,ARC156245
55410812,25-00,M73-82,-403,8201-11-0000-01,21-01-0275,8201-11-0000,07-02-23325,3802598,PAV9643
55308424,25-00,M73-82,001 FWD GALLEY,62197-301-001,21-02-0135,62197-301-001,21-02-0150,4006356,KAV1125048
190438535,25-00,M73-82,FWD GALLEY,62197-301-001,21-11-0222,62197-301-001,14-12-7222,4226868,WAV1628
55143676,33-42,B737-8,RH,45-0351-4,4780,45-0351-4,6934,3791959,1270716
190286458,33-00,M73-82,CABIN,9651-35-0005,33698,9651-35-0005,70233,3962563,20113372-1.000
191451093,26-00,B737-8,FWD,473597-5,SJB0756,473597-5,SJA6805,3969330,012898867
35071646,25-31,B737-8,FWDGALLY,62197-301-001,16-07-0240,62197-301-001,18-01-1110,4214208,WAV1598
190584923,33-21,B737-8,19DEF,9651-35-0002,53338,9651-35-0002,17134,3903237,149832
55314709,33-21,M73-82,CABIN,9651-35-0005,67322,9651-35-0005,32158,3770484,137896
55314709,33-21,M73-82,CABIN,9651-35-0001,11960,9651-35-0001,2802,3783356,138488
55313510,38-11,M73-82,AFT LH,SC4L500301-5,170421180-003,,,9544642,
55688082,26-16,B737-8,AFT,473597-5,SJB1133,473597-5,SJA5514,3955459,R551333
190630038,36-00,B737-8,#2,107484-7,18739,107484-7,20563,3999538,354785187
190711417,33-00,B737-8,LH,72605363-1,0770,72605363-1,6254,4049947,355270418
190449234,38-00,M73-82,LAV A,SC4L500301-4,**11304500-009**,SC4L500301-4,1606255,4060407,E-6074532
190367745,33-21,M73-82,CABIN,9651-35-0005,23073,9651-35-0005,51843,3903711,20102753
190338666,33-21,M73-82,6ABC,9651-35-0002,16946,9651-35-0002,34423,4218986,ARC178539
42138553,33-00,M73-82,ROW 6  RH,9651-35-0002,67400,9651-35-0002,65750,3923856,20105879-1.000
41887091,33-21,M73-82,CABIN,9651-35-0005,37119,9651-35-0005,17778,3736800,134230
41730614,25-00,B737-8,FWDGALLY,72184025,4298,72184025,N10020034044620,3689744,1183383
190500864,25-00,M73-82,AFT,8201-11-0000,05-11-21445,8201-11-0000-01,15-11-36870,4078283,PAV13214
55539599,25-00,B737-8,AFTGALLY,72184025,4258,72184025,N11060388044792,4027993,SAV733-UK CAA
55063558,23-42,B737-8,FWD,285W0024-1B,F52408,285W0024-1B,D16770,4031837,163076
55534594,33-00,B737-8,11 DEF,9651-35-0004,10790,9651-35-0004,24588,3915758,20105111
55534594,33-00,B737-8,20DEF,9651-35-0002,22065,9651-35-0002,73333,3905655,20103686
190506593,33-00,B737-8,10ABC,9651-35-0004,6931,9651-35-0004,12791,3736462,ARC134476
190707169,25-31,B737-8,AFT,72184025,4399,72184025,N09060320044544,3891544,1360901
55202749,25-00,B737-8,FWD,72184025,4127,72184025,N09040567044508,3884745,1354264
190130706,25-35,B737-8,AFTGALLY,8201-11-0000,07-12-24544,8201-11-0000-01,18-01-0415,4006401,KAV1125033
191423960,26-00,B737-8,AFT,473597-5,SJA4563,473597-5,35712,4176702,R554073-66699
190055346,34-00,B737-8,RH,0851HT1,349649,0851HT1,465274,3779951,407470773
190297538,33-00,M73-82,14DEF,9651-35-0005,49282,9651-35-0005,50163,4031819,162835
190363034,25-00,M73-82,FWD,62197-301-001,23-04-0112,62197-301-001,17-07-0395,4075493,SAV821
191456165,33-00,B737-8,29ABC,9651-35-0005,23234,9651-35-0005,32068,4218875,ARC178578
190595202,38-00,B737-8,FWD,SC4L500301-5,11534910-009,SC4L500301-5,173389305-001,3893238,E-5833787
190908662,23-00,B737-8,FL DK,5145-1-82,19518,5145-1-88,29036,4209901,PAV14837
55694178,25-31,B737-8,AFTGALLY,8201-11-0000-01,21-04-0067,8201-11-0000-01,14-07-35020,4030258,KAV1225056
190246411,25-35,B737-8,FWDGALLY,72184025,4010,62197-301-001,16-02-0214,3991557,AV1747
191420405,33-00,B737-8,10 RH,9651-35-0004,19085,9651-35-0004,17601,4166933,ARC173374
41925318,25-00,B737-8,FWDGALLY,72184025,3063,72184025,4136,4018032,WAV1020
55503694,33-00,B737-8,CABIN,9651-35-0005,17922,9651-35-0005,52970,3929491,20106434
190488253,25-32,M73-82,GALLEY 3,8201-11-0000,07-09-24234,8201-11-0000,04-12-20654,4039175,KAV1225074
190455819,38-11,M73-82,AFT,SC4L500301-5,170415955-006,SC4L500301-5,175184263-001,4148522,6188927
55313493,33-21,M73-82,2ABC,9651-35-0005,66718,9651-35-0005,67166,3899238,20102647
104699757,72-00,,#2,340-001-036-0,DM127761,340-001-038-0,DM164949,3916282,R25062003001
104699757,72-00,,#2,340-001-038-0,DM001806,340-001-038-0,DD455018,3916288,R25052918001
104699757,72-00,,#2,340-001-038-0,DM002029,340-001-038-0,DM137719,3938151,5080635000
104699757,72-00,,#2,340-001-036-0,DM128008,340-001-038-0,DE180063,3807640,R25012310001
191745722,25-00,B737-8,FWDGALLY,8201-11-0000,07-09-24217,8201-11-0000,02-10-18233,4094331,KAV0226035
190464484,33-20,M73-82,03 DEF,9651-35-0005,68056,9651-35-0005,31320,3964299,ARC156544
55594123,25-00,B737-8,AFTGALLY,62197-301-001,18-01-1115,62197-301-001,15-08-7818,3793175,SAV455
53863853,33-42,B737-8,RH,45-0351-4,4403,45-0351-4,1993,4059629,PAV12936
190120859,25-00,B737-8,AFTGALLY,8201-11-0000-01,16-07-37787,8201-11-0000-01,23-04-0017,3429353,S23/2383H-1
190412325,33-20,M73-82,CAB,9651-35-0005,20956,9651-35-0005,37999,4218863,ARC178514
55724191,34-00,B737-8,LH,0851HT1,342471,0851HT2,480146,4082301,408880255
55233491,34-11,B737-8,CAPT,0851HT1,377756,0851HT2,461299,3706165,407171973
42115257,25-00,M73-82,AFTGALLY,62197-301-001,23-09-0087,62197-301-001,15-10-8007,3829756,PAV10104
190677350,33-00,B737-8,7ABC,9651-35-0002,24656,9651-35-0002,69916,3897765,04640199
190996974,25-31,B737-8,AFT,72184025,N09070385044556,72184025,N10020404044654,4160358,KAV0526114
190526590,33-00,B737-8,19DEF,9651-35-0002,17512,9651-35-0002,41018,3830459,2009008
190003938,38-00,B737-8,LAV A,14330-230,21283,14330-230,ZSK507,3743953,0001064698
191334795,25-00,B737-8,AFT,62197-301-001,23-05-0235,62197-301-001,16-12-0315,4097952,PAV13487
55669846,33-42,B737-8,LH,72605363-1,2712,72605363-1,5846,3960063,354329689
55259413,25-00,B737-8,FWD GALLEY,62197-301-001,22-12-0121,62197-301-001,17-08-0396,4102134,S26/1329
190235392,33-00,B737-8,RH,45-0351-4,3707,45-0351-4,3562,3845601,PAV10307
190551413,25-00,B737-8,AFTGALLY,8201-11-0000,05-10-21312,8201-11-0000-01,16-07-37787,4151640,PAV14142
35052047,30-00,B737-8,ALT,0851HT1,375334,0851HT2,468881,3828943,7725528
190630451,33-00,B737-8,LH,72605363-1,6066,72605363-1,6254,3919892,3806121
55513246,33-21,B737-8,20 DEF,9651-35-0002,17681,9651-35-0002,18077,3802701,ARC140464
191357013,23-00,B737-8,F/O,5145-1-82,16086,5145-1-82,17320,4173353,PAV14337
190736436,33-21,B737-8,15 DEF,9651-35-0005,62850,9651-35-0005,66965,3908714,20104205-1000
107332878,36-00,B737-8,#2,107492-6,9319,107492-6,16787,4205912,6690837
107332878,36-00,B737-8,#2,3214552-5,10284,3214552-5,9626,4219416,356712343
107332878,36-00,B737-8,#2,3214446-4,8572,3214446-4,12481,4195921,356502228
107332878,36-00,B737-8,#2,107484-7,12158,107484-7,19438,4149194,356176924
190261662,25-00,B737-8,FWDGALLY,72184025,N10120145044744,72184025,4275,4004188,SAV697
190056232,72-00,B737-8,#1,340-001-028-0,DE810590,340-001-038-0,PA817020,4137511,R2604171
190056232,72-00,B737-8,#1,340-001-038-0,DM134739,340-001-038-0,DM124013,4019477,R25110712001
190056232,72-00,B737-8,#1,340-001-038-0,DM032900,340-001-038-0,DM154412,4132343,R26030229001
190056232,72-00,B737-8,#1,340-001-028-0,DE818945,340-001-036-0,PF544320,4139852,11660631
190056232,72-00,B737-8,#1,340-001-028-0,PA373992,340-001-038-0,DM124236,4019479,R25110714001
190056232,72-00,B737-8,#1,340-001-038-0,DM008100,340-001-038-0,DC061399,4134220,R26030408001
35087047,33-00,B737-8,5ABC,,,9651-35-0002,53724,4064496,2279
190454200,25-32,M73-82,GALLEY G4,8201-11-0000-01,21-01-0304,8201-11-0000-01,11-02-29740,4184339,PAV14522
190557111,33-00,B737-8,32 R/H,9651-35-0005,17440,9651-35-0005,49670,4157540,172986
190035103,33-42,B737-8,RH,45-0351-4,6540,45-0351-4,7210,4096855,PAV13517
55373744,33-00,M73-82,22ABC,9651-35-0002,50714,9651-35-0002,22337,4157544,173016
40437227,25-00,B737-8,AFT,72184025,2000,62197-301-001,23-05-0406,4077852,SAV824-UK
40301918,23-51,B737-8,FL DK,5145-1-82,8689,5145-1-88,25711,3861455,PAV10474
190600358,25-36,B737-8,FWDGALLY,8201-11-0000-01,19-06-0289,8201-11-0000,07-08-24025,3665925,1133933
191334782,25-00,B737-8,AFT,62197-301-001,15-12-0165,62197-301-001,23-05-0235,4110334,KAV0426027
55542106,33-00,B737-8,24 DEF,9651-35-0003,5116,9651-35-0003,20238,3933266,20106397
190120876,23-00,B737-8,FL DK,5145-1-82,18343,5145-1-82,19361,4095233,PAV13485
41772149,25-31,B737-8,FWDGALLY,62197-301-001,17-11-0440,72184025,4108,3667927,1161324
190077392,33-21,B737-8,24 ABC,9651-35-0003,18442,9651-35-0003,12004,3964333,ARC156519
55362231,25-00,M73-82,GALLEY 4,62197-301-001,18-01-1100,62197-301-001,23-05-0227,3779593,1258812
190109794,25-00,B737-8,AFT LH,62197-301-001,19-07-1223,62197-301-001,22-05-0080,4000361,SAV696
40211526,33-21,B737-8,18RH,9651-35-0002,51519,9651-35-0002,18643,3880261,148135
190177624,25-31,B737-8,AFT,72184025,4203,72184025,4372,3605448,1101485
190364395,33-21,M73-82,#9 LH,9651-35-0003,9083,9651-35-0003,10509,3692358,ARC129521
190206759,23-00,B737-8,FL DK,5145-1-82,13850,5145-1-82,13415,3970400,PAV11695
55050420,33-21,B737-8,CABIN,9651-35-0005,17426,9651-35-0005,76226,3745965,72110
14086019,25-31,B737-8,FWD,72184025,4369,72184025,4104,4131766,WAV1388
191388610,25-00,B737-8,AFTGALLY,72184025,4344,L13471-12MRYAN,1070330,4181601,PAV14484
55349543,33-00,M73-82,ROW 5  RH,9651-35-0002,58619,9651-35-0002,18771,4043882,164564
190451243,33-00,M73-82,24ABC,9651-35-0002,35253,9651-35-0002,19069,4145149,171915
191319102,26-00,B737-8,AFT,473597-5,SJA5150,473597-5,SJA4807,3964793,0012878061
40747973,33-00,B737-8,19DEF,9651-35-0002,53931,9651-35-0002,55043,3907571,150175
190622594,33-21,B737-8,17DEF,9651-35-0002,26804,9651-35-0002,34949,3880254,ARC148087
55131111,25-00,B737-8,FWD,8201-11-0000-01,18-10-0450,8201-11-0000-01,19-01-0510,4008718,PAV12254
55368529,33-42,M73-82,RH,72605363-1,4902,72605363-1,2894,4083509,355665296
190197897,23-00,B737-8,FL DK,5145-1-82,13741,5145-1-82,16111,4110468,PAV13614
190234222,72-21,B737-8,#1,340-001-036-0,DM181718,340-001-038-0,DM164450,4043786,R25120504001
190234222,72-21,B737-8,#1,340-001-036-0,DM183213,340-001-038-0,DM164716,4045150,R25120523001
190234222,72-21,B737-8,#1,340-001-036-0,DM183211,340-001-038-0,DM164461,4043797,R25120424001
190234222,72-21,B737-8,#1,340-001-036-0,DM183304,340-001-038-0,DM164272,4043561,R25120502001
55358908,33-00,M73-82,11ABC,9651-35-0004,59579,9651-35-0004,12235,3869304,ARC146938
190886298,33-42,B737-8,RH,45-0351-4,4778,45-0351-6,11442,4188651,PAV14510
190175218,25-00,B737-8,AFTGALLY,72184025,4245,72184025,N11060380044784,3830835,1307229
55163899,23-42,B737-8,AFT,285W0024-1B,D21547,285W0024-1M,F46561,3807096,ARC140904
190080020,25-00,B737-8,AFTGALLY,72184025,N10121136044771,72184025,4087,4063907,KAV0126069
42143136,33-00,M73-82,31 DEF,9651-35-0005,70791,9651-35-0005,23151,3941136,ARC154027
190070186,25-35,B737-8,AFT,72184025,N10040453044698,72184025,N10120160044759,4018057,WAV1021
191393763,25-31,B737-8,AFT,62197-301-001,18-01-0438,62197-301-001,23-08-0287,4160413,KAV0526120
191464760,23-00,B737-8,CABIN,285W0024-1B,D12805,285W0024-23B,F64321,4144645,MEH-E
190316641,25-32,M73-82,GALLEY G4,8201-11-0000-01,11-02-29735,8201-11-0000-01,16-12-38292,3690428,1183849
55248614,23-51,B737-8,CAPT,5145-1-82,12102,5145-1-88,28404,4137679,PAV13998
190109607,38-00,B737-8,FWD,14330-230,ZSK248,14330-230,11485,3979134,1166068
190426391,33-00,M73-82,2ABC,9651-35-0005,67166,9651-35-0005,38125,4157032,ARC172956
190190368,23-00,B737-8,CAPT,5145-1-82,13850,5145-1-82,18343,4167855,PAV14291
55269163,38-00,B737-8,LAV E,SC4L500301-5,171187514-009,SC4L500301-5,174677614-001,4070464,E6089369
55552682,38-00,B737-8,FWD,SC4L500301-5,171072814-001,SC4L500301-5,172972827-005,3844766,E-5748672
190545368,36-00,B737-8,#1,107484-7,18121,107484-7,9346,4185515,355755017
55564468,33-21,B737-8,1LH,9651-35-0005,43455,9651-35-0005,21334,3934653,ARC153328
190622076,38-11,B737-8,FWD,SC4L500301-5,171187509-005,SC4L500301-5,172972826-007,3838455,E-5745474
26093153,38-00,B737-8,FWD,15800-029-3,2607,15800-029-3,5383,2490221,
190164292,25-37,B737-8,FWD,8201-11-0000-01,21-08-0150,8201-11-0000-01,19-06-0291,3851522,PAV10377
190543224,23-00,B737-8,AFT,285W0024-1B,F37561,285W0024-1B,FSN00607,4011072,9614
55242304,23-00,B737-8,FL DK,5145-1-82,11236,5145-1-82,8555,4117502,PAV13701
190095554,25-00,B737-8,FWD,72184025,4287,72184025,N10120161044760,4031972,PAV12536
25730456,33-21,B737-8,22ABC,9651-35-0002,30166,9651-35-0002,64306,3758941,20082076
191314765,33-21,B737-8,#22 LH,9651-35-0002,46529,9651-35-0002,24541,4216776,20266610-01
190487861,33-00,M73-82,LH,72605363-1,1214,72605363-1,6429,4217801,356814241
190387028,38-00,M73-82,AFT RH,SC4L500301-5,IFS01,SC4L500301-5,175167864-004,4135149,E-6173310
104667309,25-33,B737-8,CABIN,72184025,N09050470044522,72184025,N12031143044849,3754353,KAV1124063
190530066,27-00,B737-8,FIN,0851HT1,327338,0851HT2,465222,3780232,407468409
190396138,25-00,M73-82,GALLEY 4,8201-11-0000,07-10-24303,8201-11-0000,05-08-21364,4039193,KAV0126001
190787833,25-00,B737-8,FWD,62197-301-001,17-12-0472,62197-301-001,21-02-0167,3942150,PAV11146
55459382,38-00,M73-82,FWD,SC4L500301-5,899587,SC4L500301-4,1606762,4060695,E-6074532
190129536,25-00,B737-8,AIRPLANE,8201-11-0000-01,11-02-29748,8201-11-0000-01,10-07-29009,3579871,1071903
40960125,38-32,B737-8,CABIN,15800-029-3,7947,15800-029-3,11063,3853320,0001118599
41959617,25-31,B737-8,AFTGALLY,8201-11-0000,07-08-24180,8201-11-0000-01,23-09-0238,4030269,KAV1225058
190718678,38-00,B737-8,AFT RH,14330-230,117,14330-230,20386,3906602,0001136309
190455586,25-00,M73-82,GALLEY G4,62197-301-001,15-10-8016,62197-301-001,17-01-0360,3969475,PAV11674
41461335,23-21,B737-8,FL DK,5145-1-82,14587,5145-1-82,12411,4165568,PAV14262
190479219,25-31,M73-82,G1,62197-301-001,22-12-0119,62197-301-001,18-06-0115,3912310,1378700
190447058,25-00,M73-82,101,8201-11-0000,07-02-23329,8201-11-0000-01,18-06-0144,4149526,PAV14139
42089836,25-00,M73-82,GALLEY 3,8201-11-0000,02-11-18330,8201-11-0000-01,21-01-0250,3934434,PAV11172
55430628,33-21,M73-82,CABIN,9651-35-0002,64644,9651-35-0002,66459,3783155,20083647
41958469,33-00,B737-8,RH,72605363-1,0069,72605363-1,0626,4119098,355951819
41958469,33-00,B737-8,RH INBD,72500410-4,7236,72500410-4,14960,4110404,355831597
191499820,33-21,B737-8,#7 LH,9651-35-0002,39099,9651-35-0002,66160,4178920,20229472-1
41529324,33-42,B737-8,RH,45-0351-4,5848,45-0351-4,6355,3795555,PAV9532
190312921,38-11,M73-82,AFT,SC4L500301-5,172694167-003,SC4L500301-5,173519316-002,3907089,E-5849924
191338146,25-31,B737-8,AFTGALLY,62197-301-001,17-12-0466,62197-301-001,21-08-0077,4130017,KAV0526020
190072681,23-00,B737-8,FL DK,5145-1-82,12434,5145-1-82,13724,4072010,PAV13118
190236817,25-00,B737-8,#4,8201-11-0000,07-08-24176,8201-11-0000-01,23-06-0149,3452488,S23/2802H-1
190605038,23-00,B737-8,FWD CAB,285W0024-1B,F35950,285W0024-1B,F62279,3991528,ARC158997
105025947,72-00,M73-82,#2,2085M31G03,PSDNF449,2085M31G03,PAT04F46,3959353,RG51814-1
105025947,72-00,M73-82,#2,2085M31G03,PSDNF455,2085M31G03,PAT64J10,3985622,RG71962-1
105025947,72-00,M73-82,#2,2085M31G03,PAT05F22,2085M31G03,PAT96C18,3985620,WHU2508782
105025947,72-00,M73-82,#2,2085M31G03,PSDNF454,2085M31G03,PSDMF268,3959350,RG43422-1
105025947,72-00,M73-82,#2,2085M31G03,PAT47A93,2085M31G03,PSDNF725,3985597,RG67805-1
105025947,72-00,M73-82,#2,2085M31G03,PAT55F83,2085M31G03,PAT08F65,3963053,RE91333-1
105025947,72-00,M73-82,#2,2085M31G03,PSDNF448,2085M31G03,PAT9E158,3959355,RG45066-1
105025947,72-00,M73-82,#2,2085M31G03,PAT63E22,2085M31G03,PAT0G791,3985607,RG65526-1
105025947,72-00,M73-82,#2,2085M31G03,PAT96C17,2085M31G03,PAT5G376,3985605,RG66868-1
105025947,72-00,M73-82,#2,2085M31G03,PAT51A75,2085M31G03,PAT88T30,3985604,RG65601-1
105025947,72-00,M73-82,#2,2085M31G03,PSDNF452,2085M31G03,PAT0G785,3985600,RG65582-1
105025947,72-00,M73-82,#2,2085M31G03,PSDMJ039,2085M31G03,PAT8E433,3959361,RG54212-1
105025947,72-00,M73-82,#2,2085M31G03,PAT9E158,2085M31G03,PAT2E007,3959364,RG54268-1
105025947,72-00,M73-82,#2,2085M31G03,PAT86C45,2085M31G03,PAT4A895,3985612,RG66326-1
105025947,72-00,M73-82,#2,2085M31G03,PAT00F65,2085M31G03,PAT8E438,3959354,RG54203-1
105025947,72-00,M73-82,#2,2085M31G03,PSDNF453,2085M31G03,PAT65E42,3985615,RG63720-1
105025947,72-00,M73-82,#2,2085M31G03,PSDNF450,2085M31G03,PAT8E440,3959357,RG54217-1
105025947,72-00,M73-82,#2,2085M31G03,PSDNF451,2085M31G03,PAT7E514,3959351,RG32516-1
55122988,33-42,B737-8,RH,45-0351-4,4861,45-0351-4,4703,4021393,PAV12381
190295369,25-33,M73-82,GALLEY G4,62197-301-001,23-10-0072,62197-301-001,17-06-0378,3856329,1328235
190464811,34-00,M73-82,ALT,0851HT1,426141,0851HT2,457544,3911476,12607540
41337716,33-00,B737-8,25DEF,9651-35-0004,14329,9651-35-0004,12154,3794465,ARC138507
190075184,25-00,B737-8,FWD,72184025,4359,72184025,N10100880044722,3946072,1409574
190410686,25-35,M73-82,AFT GALLEY,8201-11-0000-01,22-01-0894,8201-11-0000-01,21-01-0246,4207458,PAV14745
190398064,33-42,M73-82,RH,72605363-1,5770,72605363-1,6230,3926493,353891259
191513021,25-35,B737-8,AFT RH,62197-301-001,19-07-1223,62197-301-001,18-01-0432,4180236,KAV0526103
55612051,25-00,B737-8,AFTGALLY,62197-301-001,16-01-0174,62197-301-001,22-10-0368,3849173,WAV425
41337556,33-42,B737-8,RH,45-0351-4,5151,45-0351-6,11442,3996738,PAV12040
55532592,38-30,B737-8,LAV E,14330-230,20695,14330-230,ZSK518,3763100,0001079414
55537635,25-00,B737-8,AFTGALLY,8201-11-0000-01,10-07-29007,8201-11-0000,04-10-20504,3530422,1019787
35095513,33-42,B737-8,RH,72605363-1,2955,72605363-1,5226,4026225,354959021
55114504,25-00,B737-8,AFT RH,8201-11-0000,04-02-19747,8201-11-0000-01,09-02-26572,3632724,1127046
191433359,25-00,B737-8,FWDGALLY,72184025,4292,72184025,4109,3848475,WAV423
55674085,38-00,B737-8,AFT RH,SC4L500301-5,170118760-009,SC4L500301-5,172159924-007,3740088,E-5549874
190300517,33-20,M73-82,23ABC,9651-35-0002,53974,9651-35-0002,32452,4031816,163177
55139817,33-42,B737-8,RH,45-0351-4,7187,45-0351-4,4176,3749023,PAV8843
42108404,33-00,M73-82,20DEF,9651-35-0002,54341,9651-35-0002,41483,3942200,ARC153947
190010955,25-00,B737-8,FWD,8201-11-0000-01,19-07-0779,8201-11-0000,07-08-24022,4094639,KAV0226048
42090323,25-00,M73-82,AFTGALLY,62197-301-001,17-12-0473,62197-301-001,22-12-0354,4042991,SAV767
190426388,33-00,M73-82,5ABC,9651-35-0002,71305,9651-35-0002,74428,4167505,20229473
191509390,33-21,B737-8,15DEF,9651-35-0005,18100,9651-35-0005,21281,4207667,177322
55345958,25-00,M73-82,G1,62197-301-001,23-08-0260,62197-301-001,16-01-0169,3818418,PAV9916
55714343,38-00,B737-8,FWDGALLY,62197-301-001,17-01-0359,72184025,N11060387044791,3836330,KAV0425004
55462047,33-21,M73-82,16DEF,9651-35-0005,16697,9651-35-0005,61884,3622847,20061187-1.000
190597733,38-32,B737-8,AFT LH,14330-230,R5165775,14330-230,17614,3958777,1155447
55354985,33-21,M73-82,23 ABC,9651-35-0002,57491,9651-35-0002,24670,3916461,151222
190319889,38-00,M73-82,FWD,SC4L500301-5,171187523-001,SC4L500301-4,1602337,4053975,E-60745
190126826,25-31,B737-8,G1,72184025,N10090447044701,72184025,3050,4109849,SAV858
191418858,33-00,B737-8,18 ABC,,,9651-35-0002,53958,4128854,170904
55472180,25-00,M73-82,GALLEY 4,62197-301-001,16-02-0199,62197-301-001,15-12-0167,4029265,WAV1056
55520206,26-16,B737-8,AFT,473597-5,SJA1075,473597-5,SJA7314,3997043,R552315
55615969,33-21,B737-8,5DEF,9651-35-0002,34695,9651-35-0002,17579,3975242,157538
190632460,33-00,B737-8,28 DEF,9651-35-0005,58630,9651-35-0005,16971,3890659,148904
42066066,33-42,M73-82,LH,72605363-1,6317,72605363-1,2788,3682862,3682862
55443874,25-00,M73-82,FWD GALLEY,8201-11-0000-01,19-05-0632,8201-11-0000-01,22-02-0654,3979082,KAV1025006
41426994,34-11,B737-8,RH,0851HT1,329665,0851HT1,441902,3386263,583808
190635217,25-31,B737-8,AFTGALLY,62197-301-001,22-02-0463,62197-301-001,17-12-0466,4159563,WAV1453
191305010,33-00,B737-8,28 ABC,9651-35-0005,24284,9651-35-0005,16390,3941120,ARC153752
55674277,23-42,B737-8,FWD CAB,285W0024-1B,F27337,285W0024-1B,D21241,3781934,138072
55360732,25-00,M73-82,FWD,62197-301-001,17-01-0358,62197-301-001,14-12-7227,4005342,PAV12191
42196641,25-00,M73-82,G1,8201-11-0000-01,22-02-0637,8201-11-0000-01,21-01-0243,4002966,KAV1125016
103339856,36-11,B737-8,#2,107484-7,10153,107484-7,12182,3813384,352491471
190438417,25-00,M73-82,GALLEY 4,8201-11-0000-01,23-07-0429,8201-11-0000-01,19-07-0777,3783123,KAV0125049
190150950,33-42,B737-8,RH,45-0351-4,3645,45-0351-4,6630,4157951,PAV14221
55443011,25-00,M73-82,GALLEY G4,8201-11-0000,05-08-21350,8201-11-0000-01,16-08-37949,3845065,PAV10297
190554785,33-00,B737-8,CABIN,9651-35-0005,33661,9651-35-0005,16320,3975315,157174
190305157,25-32,M73-82,FWD GALLEY,8201-11-0000-01,22-03-0159,8201-11-0000-01,19-07-0767,3830721,KAV0325032
190722557,25-00,B737-8,FWDGALLY,62197-301-001,17-01-0338,62197-301-001,23-09-0094,3937764,WAV690
55307763,25-00,M73-82,G1,8201-11-0000-01,19-05-0593,8201-11-0000-01,18-01-0423,3800149,1277270
55196374,38-32,B737-8,AFT LH,14330-230,ZSK523,14330-230,25649,3906577,0001137800
55127156,23-42,B737-8,CABIN,285W0024-1B,F24554,285W0024-1B,D09298,3842061,ARC144299
42128726,33-00,M73-82,LH,72605363-1,5037,72605363-1,1188,3681624,350816882
106802477,72-00,B737-8,#2,CFM56-7BE,961788,CFM56-7B,892125,4149263,9500222594-0280
55733001,38-32,B737-8,CABIN,14330-230,20591,14330-230,41322,3995916,70489
55490146,33-00,M73-82,CABIN,9651-35-0005,33506,9651-35-0005,66252,3810740,20089410
53856741,25-00,B737-8,AFT,8201-11-0000-01,16-11-38228,8201-11-0000-01,10-07-29002,4072345,PAV13117
55394794,33-00,M73-82,21DEF,9651-35-0002,70712,9651-35-0002,79513,3815817,70108
55459374,25-00,M73-82,GALLEY 1,8201-11-0000-01,10-02-28232,8201-11-0000-01,22-01-0890,3181124,S22/0335H-1
190497035,25-00,M73-82,GALLEY G4,62197-301-001,23-04-0107,62197-301-001,22-11-0531,3889273,1357875
41983597,33-21,B737-8,29 ABC,9651-35-0005,30928,9651-35-0005,68285,3783493,20083063
190380455,33-00,M73-82,18DEF,9651-35-0002,53877,9651-35-0002,52101,4128848,170976
191499975,26-10,B737-8,FWD,473597-5,33633,473597-5,SJB1054,3963303,00012871175
41434988,25-31,B737-8,AFTGALLY,62197-301-001,17-01-0335,62197-301-001,21-02-0105,3807312,KAV0225047
190245535,23-51,B737-8,#1,5145-1-82,16316,5145-1-82,14426,4024941,PAV12424
55430618,25-00,M73-82,GALLEY G4,62197-301-001,22-02-0464,62197-301-001,14-07-6898,3770773,KAV1224039
55138797,25-31,B737-8,FWD,72184025,4378,72184025,N10100891044733,3872776,KAV0525044
190433420,25-35,M73-82,F/A AFT R/H,62197-301-001,16-11-0287,62197-301-001,16-08-0254,4179494,PAV14441
190088029,26-16,B737-8,FWD,473597-5,34373,473597-5,53154,3903406,R550843-63262
190612860,72-21,B737-8,#2,340-001-036-0,DM116890,340-001-038-0,PA212157,3764491,R24110714001
190612860,72-21,B737-8,#2,340-001-036-0,DM113903,340-001-038-0,DM157727,3861699,R25042101
190612860,72-21,B737-8,#2,340-001-036-0,DM116901,340-001-036-0,PF467650,3805112,1149017
190612860,72-21,B737-8,#2,340-001-036-0,DM116551,340-001-038-0,BC369561,3807638,3000
190612860,72-21,B737-8,#2,340-001-036-0,DM116626,340-001-038-0,DM156149,3865460,R25041704001
190612860,72-21,B737-8,#2,340-001-036-0,DM186572,340-001-028-0,PA374040,3810408,R250214
55567695,33-42,B737-8,RH,45-0351-4,5107,45-0351-4,3112,3793346,1272317
190098743,38-00,B737-8,CABIN,14330-230,ZSK198,14330-230,26306,3889993,1129534
42071640,33-00,M73-82,6DEF,9651-35-0002,51228,9651-35-0002,24351,4091558,ARC168254
55165623,33-00,B737-8,CAB,9651-35-0003,10187,9651-35-0003,15375,4128849,170829
55165623,33-00,B737-8,CAB,9651-35-0002,39581,9651-35-0002,54022,4121866,170448
42188346,33-00,M73-82,25 ABC,9651-35-0003,21502,9651-35-0003,5251,4110252,ARC169637
190259146,38-00,B737-8,FWD,14330-230,R5131748,14330-230,17421,3867306,1125048
55309541,33-21,M73-82,23 ABC,9651-35-0002,53908,9651-35-0002,70724,3791748,20086694
191130021,33-21,M73-82,31 ABC,9651-35-0005,57944,9651-35-0005,28559,4231956,179447
190322687,38-00,M73-82,FWD GALLEY,62197-301-001,19-04-0028,62197-301-001,15-08-7816,3989652,KAV1125004
55710341,38-00,B737-8,AFT,62197-301-001,15-11-0128,62197-301-001,25-03-0475,3869542,S25/1556H-1
55565723,33-00,B737-8,#12 RH,9651-35-0005,21201,9651-35-0005,33344,4061274,ARC165865
190903836,25-00,B737-8,FWD,72184025,N12031138044844,72184025,N09060320044544,4140457,KAV0526035
104441554,72-00,,#1,340-001-036-0,DM135846,340-001-038-0,DM169943,3938079,5080643001
104441554,72-00,,#1,340-001-036-0,DM135837,340-001-038-0,DE193784,3824941,31423000
190044275,23-00,B737-8,CAPT,5145-1-82,9275,5145-1-82,18339,4005522,T340402E
190182589,23-00,B737-8,CABIN,285W0024-1B,D16926,285W0024-23B,F64504,4186953,05342
105863884,38-32,B737-8,FWD,14330-230,ENW01,14330-230,10578,3995917,1169871
105863884,38-32,B737-8,FWD,15801-160,12482,15801-160,15482,3759441,496299
55446018,25-32,M73-82,GALLEY G4,62197-301-001,25-04-0277,62197-301-001,23-05-0407,4082288,WAV1226
190684024,33-21,B737-8,18DEF,9651-35-0002,30118,9651-35-0002,18924,4001661,60322
190235555,33-00,B737-8,RH,45-0351-4,7209,45-0351-4,3700,4012949,PAV12314
190538593,33-00,B737-8,24DEF,9651-35-0003,5313,9651-35-0003,4960,3704304,131411
190494107,33-00,M73-82,CAB,9651-35-0002,62190,9651-35-0002,17049,3907472,150222
55106028,33-00,B737-8,17 DEF,9651-35-0002,35092,9651-35-0002,71885,3792470,353-1.000
55392171,33-00,M73-82,27DEF,9651-35-0004,19300,9651-35-0004,22112,3707111,20073933-1.000
190216281,33-00,B737-8,RH,45-0351-4,7272,45-0351-4,5708,4144190,PAV14057
190627169,26-16,B737-8,AFT,473597-5,SJA4214,473597-5,65803,4009854,13098209
106626865,36-00,B737-8,#1,107484-7,13524,107484-7,10845,4046163,355156965
35060090,33-42,B737-8,LH,72605363-1,2858,72605363-1,2712,3986850,354546367
55208644,33-00,B737-8,CABIN,9651-35-0003,11505,9651-35-0003,7218,3841993,ARC144056
190040342,30-00,B737-8,FIN,0851HT1,297790,0851HT2,480982,4084364,408891324
190064770,25-31,B737-8,AFT,72184025,N09070401044572,72184025,N09070388044559,4134007,WAV1399
190658438,23-00,B737-8,CABIN,285W0024-1B,D21750,285W0024-1M,F42024,4202720,ARC176630
190194479,23-00,B737-8,FWD,285W0024-1B,F53631,285W0024-1B,F63807,4105919,MEH-E-2026-02676
190350138,33-00,M73-82,31 DEF,9651-35-0005,50423,9651-35-0005,80416,4114658,82060
190558583,34-00,B737-8,ALT,0851HT1,360485,0851HT1,441426,3387498,405606753
190138681,33-20,B737-8,21ABC,9651-35-0002,40886,9651-35-0002,33685,4072930,ARC167043
190394412,25-30,M73-82,GALLEY,8201-11-0000-01,21-11-0952,8201-11-0000-01,16-12-38285,4181614,PAV14486
55446005,25-00,M73-82,GALLEY 4B,8201-11-0000-01,15-07-36319,8201-11-0000,04-09-20366,3930289,KAV0725038
55623372,25-00,B737-8,AFTGALLY,72184025,N10121144044779,72184025,2013,3747108,PAV8809-UKCAA
190599338,38-11,B737-8,AFT RH,SC4L500301-5,173531025-007,SC4L500301-5,173988909-003,3971333,E-5953786
55771633,25-35,32S,105,8201-11-0000-01,15-08-36565,8201-11-0000-01,22-03-0052,3872859,1342653
55108671,33-00,B737-8,RH,45-0351-4,5670,45-0351-4,4861,3773600,1255268
55701041,23-51,B737-8,CAPT,5145-1-82,14454,5145-1-88,28980,3974047,339464
190689646,33-21,B737-8,30 ABC,9651-35-0005,32964,9651-35-0005,32039,3986335,ARC158246
55378071,33-42,M73-82,RH,72605363-1,5435,72605363-1,6317,3789528,352056959
55378071,33-42,M73-82,RH,72500415-2,6492,72500415-2,2873,3704435,351127363
55225806,34-00,B737-8,F/O,0851HT1,405288,0851HT2,475811,3979324,408422357
190285879,33-42,M73-82,LH,72605363-1,4981,72605363-1,2712,3890031,353406886
42184629,25-32,M73-82,002 AFT GALLEY,8201-11-0000-01,23-08-0470,8201-11-0000-01,15-07-36324,4072203,KAV0226008
190267765,25-33,B737-8,AFT CAB,8201-11-0000,04-11-20583,8201-11-0000,04-12-20656,3745314,KAV1124007
190308319,25-00,M73-82,GALLEY G1,62197-301-001,17-08-0396,62197-301-001,17-11-0448,3917347,KAV0625037
55691962,26-16,B737-8,AFT,473597-5,SJA6805,473597-5,47768,3946892,R551395-63751
190226266,23-00,B737-8,CAPT,5145-1-82,18271,,,9587490,
190226266,23-00,B737-8,F/O,,,5145-1-82,23819,3941150,PAV11228
190792421,23-42,B737-8,CABIN,285W0024-1B,F26884,285W0024-1M,F52797,3877668,ARC147506
190625704,25-33,B737-8,FWDGALLY,62197-301-001,21-02-0097,72184025,4065,4072112,KAV0326007
40234220,25-00,B737-8,FWDGALLY,8201-11-0000,07-09-24243,8201-11-0000,04-12-20650,3717793,1207858
190195296,38-00,B737-8,LAV E,14330-230,18517,14330-230,27105,3878736,1128146
191355191,38-32,B737-8,LAV D,14330-230,ZSK500,14330-230,10360,3969133,1164716
190309228,25-00,M73-82,G1,62197-301-001,21-11-0725,62197-301-001,21-02-0138,3887329,PAV10724
190912345,23-51,B737-8,FL DK,5145-1-82,13852,5145-1-82,17108,4087699,PAV13361
55377250,38-11,M73-82,AFT LH,SC4L500301-5,170379723-007,SC4L500301-5,174515292-003,4032979,6046651
190068380,25-00,B737-8,GALLEY 4,72184025,N10030465044663,72184025,4173,4128852,KAV0426075
55587233,33-00,B737-8,06ABC,9651-35-0002,32564,9651-35-0002,63514,4008045,20134770
191319972,33-00,B737-8,CABIN,9651-35-0003,6484,9651-35-0003,8920,4223174,178941
102059263,36-11,B737-8,#1,3214552-6,11560,3214552-5,7682,3779522,350909564
102059263,36-11,B737-8,#1,107484-7,12711,107484-7,10147,3779636,351461191
55699209,33-00,B737-8,RH,45-0351-4,6454,45-0351-4,4806,3905787,PAV10861
55567276,33-00,B737-8,31DEF,9651-35-0005,28198,9651-35-0005,67143,3768555,2905
41961333,34-11,B737-8,RH,0851HT1,349769,0851HT2,474409,3955574,408327565
190185823,72-00,B737-8,#1,340-001-038-0,DE806085,340-001-038-0,DM169612,4071735,2000
190185823,72-00,B737-8,#1,340-001-038-0,DD871474-H,340-001-038-0,DM168969,4063323,5001
190185823,72-00,B737-8,#1,340-001-038-0,DE804045,340-001-038-0,DM170909,4071722,20000
190185823,72-00,B737-8,#1,340-001-038-0,DM035227,340-001-038-0,DM169199,4063321,4001
105749094,72-00,B737-8,#1,340-001-038-0,DC975932,340-001-038-0,PC588795,3960819,R25090340001
105749094,72-00,B737-8,#1,340-001-038-0,DC977129,340-001-036-0,PF526189,3990259,GEAMS1157997
105749094,72-00,B737-8,#1,340-001-038-0,DC061399,340-001-038-0,DC973212,4038301,4001
105749094,72-00,B737-8,#1,340-001-039-0,DA932556-M,340-001-039-0,BB409195,4017620,11001
105749094,72-00,B737-8,#1,340-001-038-0,DC975971,340-001-036-0,PF478371,3893453,GEAMS1154109
105749094,72-00,B737-8,#1,340-001-038-0,DC974636,340-001-038-0,PF424701,3978633,R25081818001
105749094,72-00,B737-8,#1,340-001-036-0,DM186254,340-001-036-0,PF497237,4026258,GEAMS1162801
105749094,72-00,B737-8,#1,340-001-038-0,DC977163,340-001-038-0,PA242622,3970648,R25091502000
105749094,72-00,B737-8,#1,340-001-038-0,DC977105,340-001-038-0,PA647000,3922797,103001
105749094,72-00,B737-8,#1,340-001-038-0,DC977337,340-001-038-0,DM001526,4038275,18001
105749094,72-00,B737-8,#1,340-001-038-0,DC977605,340-001-038-0,PF459411,3967429,2426001
105749094,72-00,B737-8,#1,340-001-036-0,DM186303,340-001-036-0,PF505280,4036612,1163696
105749094,72-00,B737-8,#1,340-001-036-0,DM186127,340-001-038-0,DM007276,4038302,4001
105749094,72-00,B737-8,#1,340-001-038-0,DC977335,340-001-038-0,PF061746,3996534,2001
105749094,72-00,B737-8,#1,340-001-036-0,DM186412,340-001-036-0,PF505240,4036908,1163682
105749094,72-00,B737-8,#1,340-001-038-0,DC976698,340-001-036-0,PF520260,3988976,58899
105749094,72-00,B737-8,#1,340-001-038-0,DC972944,340-001-038-0,PA235927,3980270,R25092315000
105749094,72-00,B737-8,#1,340-001-038-0,DC772772,340-001-038-0,BC397656,4034000,3006001
105749094,72-00,B737-8,#1,340-001-038-0,DC977212,340-001-038-0,PA550880,3943205,R25072407001
105749094,72-00,B737-8,#1,340-001-036-0,DM186170,340-001-038-0,BC387672,4033977,3010001
105749094,72-00,B737-8,#1,340-001-038-0,DC977086,340-001-038-0,DE181203,4038160,221001
105749094,72-00,B737-8,#1,340-001-036-0,DM186121,340-001-038-0,DC976123,4017571,12001
105749094,72-00,B737-8,#1,340-001-038-0,DC976700,340-001-036-0,PF499448,3991250,1159176-1
105749094,72-00,B737-8,#1,340-001-038-0,DC977372,340-001-038-0,BC394244,4040612,R25110716001
191217236,33-00,M73-82,31DEF,9651-35-0005,65165,9651-35-0005,16476,4222137,178775
191217236,33-00,M73-82,5DEF,,,9651-35-0002,38701,4231012,179422
191217236,33-00,M73-82,5DEF,9651-35-0002,71962,,,9718966,
191089459,33-00,M73-82,RH,72605363-1,3556,72605363-1,4774,4104515,355650173
190415655,38-00,M73-82,G1,62197-301-001,18-01-1108,62197-301-001,21-08-0084,4069802,WAV1180
55634176,25-00,B737-8,FWDGALLY,62197-301-001,17-08-0408,72184025,N10100880044722,3792591,1271999
55700639,23-42,B737-8,AFT CABIN,285W0024-1B,F38850,285W0024-1B,D13070,3969196,ARC156989
190689645,33-21,B737-8,19DEF,9651-35-0002,33694,9651-35-0002,18726,4032055,ARC162671
55556133,25-00,B737-8,AFTGALLY,62197-301-001,14-12-7226,62197-301-001,23-09-0331,3791340,PAV9473
190532162,33-00,B737-8,2 LH,9651-35-0005,64871,9651-35-0005,49124,3903228,149917
190540211,33-00,B737-8,24DEF,9651-35-0003,9074,9651-35-0003,8752,3916386,151560
55305962,33-00,M73-82,16 ABC,9651-35-0005,60776,9651-35-0005,62745,3766746,2084-1.000
190557101,33-00,B737-8,22ABC,9651-35-0002,55424,9651-35-0002,18516,4157092,ARC172816
104945473,72-00,M73-82,#2,2085M31G03,PSDMD361,2085M31G03,PAT64E57,3974340,RG63424-1
104945473,72-00,M73-82,#2,2085M31G03,PAT08F23,2085M31G03,PAT10J48,3974288,RG63503-1
104945473,72-00,M73-82,#2,2085M31G03,PAT82C28,2085M31G03,PAT4G356,3974348,RG63631-1
104945473,72-00,M73-82,#2,2085M31G03,PAT90E53,2085M31G03,PAT61J54,3974296,RG63454-1
104945473,72-00,M73-82,#2,2085M31G03,PAT09F23,2085M31G03,PAT1G326,3974350,RG62660-1
104945473,72-00,M73-82,#2,2085M31G03,PAT03T82,2085M31G03,PAT2C964,3949676,RF54587-1
104945473,72-00,M73-82,#2,2085M31G03,PAT84E47,2085M31G03,PAT7A701,3949552,RF14429-1
104945473,72-00,M73-82,#2,2085M31G03,PAT51E73,2085M31G03,PAT80F60,3974304,RG63463-1
104945473,72-00,M73-82,#2,2085M31G03,PAT88E28,2085M31G03,PAT00E67,3974301,RG63521-1
104945473,72-00,M73-82,#2,2085M31G03,PAT06T52,2085M31G03,PAT1C763,3949546,RF00001-1
104945473,72-00,M73-82,#2,2085M31G03,PAT94R23,2085M31G03,PAT79T45,3949544,RE02901-1
104945473,72-00,M73-82,#2,2085M31G03,PAT00E53,2085M31G03,PAT47E19,3974343,RG63435-1
104945473,72-00,M73-82,#2,2085M31G03,PSDNE494,2085M31G03,PAT1G328,3974337,RG62664-1
104945473,72-00,M73-82,#2,2085M31G03,PAT09J91,2085M31G03,PAT85T00,3949548,RF09940-1
104945473,72-00,M73-82,#2,2085M31G03,PAT00E59,2085M31G03,PAT2B415,3949547,RF04263-1
104945473,72-00,M73-82,#2,2085M31G03,PAT88E33,2085M31G03,PSDMF628,3949557,RF16901-1
104945473,72-00,M73-82,#2,2085M31G03,PAT06F46,2085M31G03,PAT6A847,3949563,RF25609-1
104945473,72-00,M73-82,#2,2085M31G03,PAT26F79,2085M31G03,PAT6A853,3949560,RF25608-1
190433487,25-00,M73-82,AFT,62197-301-001,23-10-0071,62197-301-001,16-12-0316,4141494,KAV0326055
191259124,33-21,M73-82,6ABC,9651-35-0002,54022,9651-35-0002,16507,4091619,ARC168289
190544174,38-11,B737-8,FWD,SC4L500301-5,172972827-005,SC4L500301-4,1606794,4060719,E-6074532
55249701,38-32,B737-8,FWD,14330-230,37846,14330-230,34272,3921955,1143019
190007314,25-00,B737-8,AFT,72184025,N10120152044751,72184025,N12021003044826,3790911,WAV245
190637996,25-00,B737-8,AFTGALLY,72184025,4318,72184025,N09040557044498,3973955,WAV867
190396599,33-00,M73-82,PAX CAB,9651-35-0005,52239,9651-35-0005,66393,4184099,20232965
190379457,25-00,M73-82,AFT GALLEY,62197-301-001,16-12-0307,62197-301-001,16-12-0305,3977208,PAV11749
190575244,33-00,B737-8,31ABC,9651-35-0005,31304,9651-35-0005,52243,3990059,0376
190105047,25-00,B737-8,FWD,8201-11-0000-01,19-07-0767,8201-11-0000-01,19-05-0641,3917272,KAV0625032
190466701,33-21,M73-82,9ABC,9651-35-0003,21482,9651-35-0003,11171,3634082,ARC124474
190466701,33-21,M73-82,8ABC,9651-35-0002,76668,9651-35-0002,40890,3920630,ARC151711
40884518,25-00,B737-8,FWDGALLY,8201-11-0000-01,21-06-0270,8201-11-0000,02-11-18316,3768489,KAV1224034
190548686,25-00,B737-8,FWDGALLY,8201-11-0000,07-10-24283,8201-11-0000-01,21-06-0261,4117368,KAV0426073
191403909,25-00,B737-8,FWDGALLY,62197-301-001,16-08-0254,72184025,N12031137044843,4063546,WAV1159
190544698,33-00,B737-8,31ABC,9651-35-0005,47673,9651-35-0005,18899,4116628,ARC169945
190330337,25-00,M73-82,FWD GALLEY,62197-301-001,15-10-8005,62197-301-001,19-07-0257,4096858,PAV13510
191451348,33-21,B737-8,CAB,9651-35-0002,23095,9651-35-0002,24698,4179314,ARC174662
190317571,34-00,M73-82,CAPT,0851HT1,427770,0851HT2,468480,3816283,407680789
42063502,33-00,B737-8,33 LH,9651-35-0000,7379,9651-35-0000,3898,3867367,146686
42063502,33-00,B737-8,#11 LH,9651-35-0004,5945,9651-35-0004,7746,3638803,24713
42063502,33-00,B737-8,#20 LH,9651-35-0002,22354,9651-35-0002,52476,3868901,20098419-1.000
55009759,26-00,B737-8,FWD,473597-5,49523,473597-5,SJA1589,3911927,63363
190349634,25-32,M73-82,GALLEY 4,8201-11-0000,03-03-18865,8201-11-0000-01,17-12-39601,3812327,PAV9828
42142836,27-00,M73-82,LH STAB,0851HT1,405088,0851HT2,469830,3864367,7894359
55608598,33-00,B737-8,RH,45-0351-4,1993,45-0351-6,8138,3878974,1348596
55487716,33-21,M73-82,17 DEF,9651-35-0002,48736,9651-35-0002,35440,3836461,43461
55662123,25-31,B737-8,FWDGALLY,62197-301-001,15-12-0152,62197-301-001,23-05-0002,4020717,AV1786
190698918,38-30,B737-8,CABIN,15800-029-3,9465,15800-029-3,1158,4020028,1176949
55127147,33-21,B737-8,CABIN,9651-35-0002,39314,9651-35-0002,29673,3855260,145032
190639288,33-21,B737-8,21DEF,9651-35-0002,33685,9651-35-0002,40449,3990135,159149
190274663,33-00,B737-8,RH,45-0351-4,6084,45-0351-4,5151,3885361,1354499
55359464,33-42,M73-82,RH,72605363-1,2637,72605363-1,0021,3807775,352479260
190292015,25-32,M73-82,GALLEY G4,62197-301-001,14-12-7227,62197-301-001,18-01-0431,3969194,1431988
190537126,33-21,B737-8,22DEF,9651-35-0002,53746,9651-35-0002,69952,3869393,ARC146781
190444928,33-00,M73-82,CABIN,9651-35-0002,49691,9651-35-0002,35257,3941065,ARC154226
190305139,33-00,M73-82,ROW 27,9651-35-0004,6158,9651-35-0004,11944,3767296,ARC137205
55121552,33-42,B737-8,RH,45-0351-4,5193,45-0351-4,5967,3961812,PAV11593
40723155,33-21,B737-8,27DEF,9651-35-0005,31343,9651-35-0005,33340,3930882,153230
190428335,25-32,M73-82,GALLEY 4,8201-11-0000,06-01-21687,8201-11-0000,07-08-24176,4202749,KAV0726001
190050411,26-16,B737-8,AFT,473597-5,56611,473597-5,SJA5620,3747006,R548271
190789267,25-00,B737-8,FWD GALLEY,72184025,N11060383044787,62197-301-001,16-06-0227,3954034,PAV11455
55113578,33-00,B737-8,RH,45-0351-4,6102,45-0351-4,3529,4096344,PAV13506
104314079,36-00,B737-8,#2,107484-7,18121,107484-7,17227,3835097,0486
190196053,38-00,B737-8,LAV D,14330-230,ENJ02,14330-230,5079006,3969108,1159396
55000570,80-00,B737-7,#2,107484-7,8942,107484-7,20622,4021071,8703
55000570,80-00,B737-7,#2,3214552-6,12213,3214552-6,16864,4012862,4967886
190437754,33-00,M73-82,22ABC,9651-35-0002,18895,9651-35-0002,32463,3869417,ARC146898
41577096,33-00,B737-8,LH,72605363-1,3388,72605363-1,1835,3990094,25.894
190299880,23-00,M73-82,AFT,285W0024-1B,D12570,285W0024-1B,F60970,3898107,05439
190244977,33-00,B737-8,RH,45-0351-4,3700,45-0351-4,4212,4044494,PAV12722
190402346,33-21,M73-82,31DEF,9651-35-0005,12474,9651-35-0005,31763,4217397,ARC178182
190480837,25-00,M73-82,GALLEY G4,8201-11-0000,08-07-25658,8201-11-0000-01,21-11-0992,3819117,KAV0225003
190214236,25-31,B737-8,FWDGALLY,62197-301-001,21-11-0698,62197-301-001,15-03-7395,3919360,1386180
190656006,23-00,B737-8,F/O,5145-1-82,15648,5145-1-82,10956,3951659,PAV11419
190062198,23-00,B737-8,FL DK,5145-1-82,17108,5145-1-82,11564,4053659,PAV12886
190052884,38-00,B737-8,AFT RH,14330-230,19814,14330-230,37674,3856660,0001117937
190286517,23-42,M73-82,FWD CAB,285W0024-1B,F24167,285W0024-23M,F56623,3975659,ARC157239
190426183,33-00,M73-82,20ABC,9651-35-0002,19033,9651-35-0002,67936,4170032,20232924
190044828,34-00,B737-8,RH,0851HT1,402651,0851HT1,435092,3959927,12855483
42028679,25-00,B737-8,AFTGALLY,62197-301-001,16-11-0291,72184025,3039,3847908,1320931
190420859,25-00,M73-82,FWDGALLY,62197-301-001,17-07-0384,62197-301-001,23-08-0329,4163411,KAV0626020
41796273,25-00,M73-82,G1,62197-301-001,19-01-0479,62197-301-001,25-05-0178,3902035,25/2243
191528559,38-11,B737-8,LAV A,SC4L500301-5,175167865-006,SC4L500301-5,175486104-003,4187211,E-6232211
191389659,33-21,B737-8,CABIN,9651-35-0004,18443,9651-35-0004,14421,3986300,158098
190715277,26-00,B737-8,AFT,473597-5,SJA6199,473597-5,SJA3410,4081353,13403531
190715277,26-00,B737-8,AFT,473597-5,SJA6441,473597-5,SJB1104,4091519,13456153
190715277,26-00,B737-8,AFT,473597-5,SJA6386,473597-5,SJA0086,4077707,13409934
55566039,26-00,B737-8,AFT,473597-5,SJA4661,473597-5,67638,4130528,13626036
190268269,25-00,B737-8,GALLEY 4,62197-301-001,18-03-0519,62197-301-001,21-03-0019,3845096,WAV410
40384529,25-35,B737-8,AFTGALLY,8201-11-0000-01,15-11-36859,8201-11-0000-01,15-07-36317,3779915,PAV9229
25733639,25-00,B737-8,AFT,72184025,N11070864044806,72184025,4260,3860920,WAV470
190224521,25-00,B737-8,7050MM4,72184025,4178,72184025,N11060390044794,4084338,WAV1249
55431669,33-00,M73-82,19 ABC,9651-35-0002,53725,9651-35-0002,22906,3792397,ARC139422
190427891,33-21,M73-82,CABIN,9651-35-0005,66802,9651-35-0005,44659,4116638,ARC169856
190427891,33-21,M73-82,23DEF,9651-35-0002,34946,9651-35-0002,78412,4134505,20207339
190114775,33-42,B737-8,RH,45-0351-4,3700,45-0351-6,11056,3856971,PAV10420
190534352,33-21,B737-8,CAB,9651-35-0003,7211,9651-35-0003,6576,3890624,149072
190514355,26-00,B737-8,AFT,473597-5,36289,473597-5,SJA6293,3916777,63422
190221546,23-51,B737-8,#3,5145-1-82,9596,5145-1-82,18271,3954175,PAV11446
190545238,36-00,B737-8,#2,107484-7,17250,107484-7,4581,4206544,356702899
190294189,33-00,M73-82,33 ABC,9651-35-0005,57640,9651-35-0005,31570,3770420,137905
190212434,38-00,B737-8,CABIN,15800-029-3,6345,15800-029-3,5548,3958059,1154999
190432553,33-00,M73-82,8ABC,9651-35-0002,54073,9651-35-0002,18264,4087342,20179572
190675025,33-21,B737-8,07DEF,9651-35-0002,26804,9651-35-0002,65565,3966478,20116074
190674700,33-21,B737-8,6DEF,9651-35-0002,23458,9651-35-0002,50170,4043883,164582
191356970,33-21,B737-8,19DEF,9651-35-0002,30440,9651-35-0002,74422,4203208,20261727
42187926,33-42,M73-82,LH,72605363-1,4874,72605363-1,2653,4069479,355525756
191506653,38-32,B737-8,LAV D,14330-230,FEG02,14330-230,36548,3788962,1094574
191318263,33-21,B737-8,23DEF,9651-35-0003,5484,9651-35-0003,11492,4110233,169314
190564887,25-31,B737-8,AFTGALLY,8201-11-0000-01,17-06-38806,8201-11-0000,03-01-18691,3920280,PAV11018
190559048,26-00,B737-8,FWD,473597-5,SJA7051,473597-5,SJA7036,4000379,13033971
190903458,25-00,B737-8,#4,8201-11-0000-01,22-03-0164,8201-11-0000-01,09-12-28004,3975950,PAV11741
191358282,33-00,B737-8,19DEF,9651-35-0002,34598,9651-35-0002,32571,4061283,
190124100,25-35,B737-8,FORWARD,72184025,2004,72184025,N11070871044813,3776884,KAV0125018
55661635,25-30,B737-8,AFTGALLY,8201-11-0000,05-01-20777,8201-11-0000-01,15-07-36321,3880413,KAV0425020
190282131,33-00,M73-82,CAB,9651-35-0003,17191,9651-35-0003,4945,3877513,147683
190837253,33-00,B737-8,RH,45-0351-4,6355,45-0351-4,7272,4188746,PAV14572
55242065,25-00,B737-8,AFT RH,8201-11-0000,03-02-18703,8201-11-0000,04-10-20496,4121151,KAV0326087
190521156,33-20,B737-8,#24 LH,9651-35-0003,10796,9651-35-0003,11525,3855426,145190
55387601,25-00,M73-82,GALLEY G4,62197-301-001,16-12-0323,62197-301-001,16-02-0207,3979005,WAV885
191384638,36-11,B737-8,#1,107484-7,16072,107484-7,19140,4181219,6355095
55232318,72-00,B737-8,#2,340-001-038-0,PC491997,340-001-036-0,PF497232,4151915,GEAMS1164858
55232318,72-00,B737-8,#2,340-001-038-0,PC554453,340-001-038-0,PA000852,4071215,11001
55232318,72-00,B737-8,#2,340-001-038-0,PC578546,340-001-036-0,PF520220,4150780,GEAMS1166962-1
55232318,72-00,B737-8,#2,340-001-038-0,PC569617,340-001-036-0,PF525581,4151809,GEAMS1169365
41489454,26-00,B737-8,AFT,473597-5,48143,473597-5,25117A,3752434,351457209
190005897,23-51,B737-8,FL DK,5145-1-82,17753,5145-1-82,17402,3847905,T335358
41221377,33-21,B737-8,CAB,9651-35-0005,17207,9651-35-0005,31215,4001732,60318
190654800,23-42,B737-8,AFT CAB,285W0024-1B,F24478,285W0024-1B,D22147,4221366,178574
42185876,25-00,M73-82,AFT GALLEY,62197-301-001,18-01-0424,62197-301-001,16-01-0191,4180240,KAV0526071
55481432,25-00,M73-82,GALLEY 3,8201-11-0000-01,14-07-35015,8201-11-0000-01,16-10-38125,3791119,PAV9456
190037334,25-00,B737-8,#3,8201-11-0000-01,15-11-36874,8201-11-0000,04-09-20356,3851312,PAV10363
190094470,25-31,B737-8,G1,62197-301-001,23-06-0206,62197-301-001,16-11-0292,3942136,1405789
55639816,33-42,B737-8,UPR,72500410-2,7169,72500410-2,1508,3716388,351272250
55639816,33-42,B737-8,LH,72605363-1,0781,72605363-1,5550,3752022,351612487
190212272,25-00,B737-8,FWD,8201-11-0000-01,11-02-29760,8201-11-0000-01,09-03-26651,3819122,KAV0225010
42104494,25-35,M73-82,FWD GALLEY,62197-301-001,18-01-0442,62197-301-001,15-10-8015,3974015,WAV869
190786121,33-42,B737-8,RH,45-0351-4,2246,45-0351-4,7155,3803891,1280736
190285081,38-10,M73-82,G1,62197-301-001,15-07-7804,62197-301-001,21-11-0718,3988654,WAV914
191356468,23-00,B737-8,FWD CAB,285W0024-1B,D14549,285W0024-1B,F36420,4227410,4032347
42133270,38-00,M73-82,GALLEY G1,62197-301-001,23-08-0264,62197-301-001,19-06-0027,4109881,SAV873
55426128,25-30,M73-82,001 FWD GALLEY,62197-301-001,23-06-0203,62197-301-001,16-02-0215,3839491,SAV552
55727705,34-11,B737-8,ALT,0851HT1,408979,0851HT2,474631,3964802,40839384
190034446,25-31,B737-8,FWD,72184025,N09050467044519,L13471-12MRYAN,9924403,4031977,PAV12521
190655452,72-21,B737-8,#1,340-001-036-0,DM137806,340-001-038-0,DM174798,3879812,R25051919
190655452,72-21,B737-8,#1,340-001-036-0,DM135705,340-001-038-0,DM149771,3909881,R25061711
190655452,72-21,B737-8,#1,340-001-036-0,DM137890,340-001-038-0,DM167754,4056038,10001
190655452,72-21,B737-8,#1,340-001-036-0,DM138041,340-001-038-0,DE927521,4071226,68001
55199030,33-00,B737-8,RH,45-0351-4,6934,45-0351-4,6374,3828866,PAV10088
190548657,72-21,B737-8,#1,340-001-036-0,DM129073,340-001-038-0,DD868776,3963505,R25090311001
190573333,38-11,B737-8,LAV D,SC4L500301-5,QBA01,SC4L500301-5,174737232-005,4067846,E-6088572
191407584,33-00,B737-8,28 RH,9651-35-0005,48749,9651-35-0005,50781,4116636,ARC169673
42143450,33-21,M73-82,16ABC,9651-35-0005,66719,9651-35-0005,23067,4005104,ARC160804
191403300,25-00,B737-8,FWD,8201-11-0000-01,21-11-0788,8201-13-0000,06-01-21671,2812687,AV0281
55363217,25-00,M73-82,AFT GALLEY,62197-301-001,17-12-0470,62197-301-001,17-01-0364,3829032,WAV356
42204477,33-21,M73-82,26ABC,9651-35-0004,19253,9651-35-0004,12704,4091594,ARC168301
106913643,33-00,B737-8,20 ABC,9651-35-0002,17659,9651-35-0002,52937,4160174,173768
190348182,38-11,M73-82,AFT LH,SC4L500301-5,170466370-005,SC4L500301-5,173662855-010,3932587,E-5886426
42034359,33-00,B737-8,11ABC,9651-35-0004,19097,9651-35-0004,23129,3639163,20063753
190481829,33-21,M73-82,10DEF,9651-35-0003,20127,9651-35-0003,12095,3949773,ARC155124
980013540,26-16,B737-8,AFT,473597-5,SJB8022,473597-5,SJA4757,3951655,
190119633,26-00,B737-8,FWD,473597-5,36831,473597-5,45933,3892598,63109
55605792,38-10,B737-8,LAV A,SC4L500301-5,11295750-003,SC4L500301-5,172694178-004,3805788,E-5694382
191507097,25-00,B737-8,FWD GALLEY,62197-301-001,18-07-0591,62197-301-001,14-07-6901,4146273,PAV14102
190034970,25-00,B737-8,FWDGALLY,72184025,N10020390044640,72184025,N10100898044740,4062064,WAV1153
191453454,71-00,B737-8,#1,340-001-038-0,DM088994,340-001-038-0,DM174197,4174453,R2605212
191453454,71-00,B737-8,#1,340-001-038-0,DE053438,340-001-036-0,PF529627,4203809,GEAMS1172646-11
191453454,71-00,B737-8,#1,340-001-038-0,DM089343,340-001-038-0,DM129005,4169875,R2605143
191453454,71-00,B737-8,#1,340-001-036-0,PF525377,340-001-036-0,PF529629,4203812,GEAMS1172646-10
190178582,25-00,B737-8,FWD,72184025,N09030612044479,72184025,4201,3786435,PAV9380
55388094,33-21,M73-82,27ABC,9651-35-0004,12166,9651-35-0004,12322,4179441,ARC174719
55388094,33-21,M73-82,27ABC,9651-35-0004,59579,,,,
190660059,25-30,B737-8,AFTGALLY,62197-301-001,16-02-0201,62197-301-001,21-02-0094,3967725,1430826
190397490,25-00,M73-82,GALLEY G4,8201-11-0000,08-05-25467,8201-11-0000,04-10-20488,4187067,PAV14507
190564360,30-31,B737-8,RH STAB,0851HT1,363433,0851HT2,471833,3907101,408088235
55096160,36-00,B737-8,#2,107484-7,12104,107484-7,10845,4199197,356681084
55591000,25-00,B737-8,GALLEY G4,62197-301-001,16-08-0254,72184025,4028,3755902,1240861
41859868,33-42,M73-82,RH,72605363-1,0030,72605363-1,2955,4077754,355536093
190406899,25-00,M73-82,002 AFT GALLEY,8201-11-0000-01,23-08-0471,8201-11-0000,08-02-24820,4009425,PAV12262
55249040,38-00,B737-8,AFT RH,14330-230,8432,14330-230,21075,4066566,0001191824
190660109,33-20,B737-8,9ABC,9651-35-0003,10154,9651-35-0003,19773,3967325,20112422
190586088,33-00,B737-8,29ABC,9651-35-0005,21089,9651-35-0005,56022,3881699,20100251
55558078,38-32,B737-8,LAV E,14330-230,37945,14330-230,38907,3995914,1169616
107272755,36-00,B737-8,#1,107484-7,19104,107484-7,17662,4183861,6489640
190736242,27-00,B737-8,RH STAB,0851HT1,362086,0851HT2,465155,3780960,476333
190658495,38-00,B737-8,LAV D,SC4L500301-5,11534890-003,SC4L500301-5,174853090-009,4091737,E-6113760
3225485,38-00,B737-8,CABIN,15800-029-3,2624,15800-029-3,3407,1107552,
55623046,25-31,B737-8,FWD,8201-11-0000,08-07-25641,8201-11-0000,03-09-19332,3818912,KAV0225072
55611686,25-00,B737-8,AFT GALLEY,72184025,4019,72184025,4328,3906418,PAV10868
190141082,38-32,B737-8,LAV E,14330-230,1044,14330-230,37789,3866286,1122142
55403297,38-00,M73-82,FWD,SC4L500301-5,170088887-007,SC4L500301-5,172442905-003,3792475,E5664897
190016082,33-00,B737-8,RH,45-0351-4,4805,45-0351-4,4363,3861239,1332756
55360211,25-32,M73-82,GALLEY G4,62197-301-001,22-01-0404,62197-301-001,22-05-0089,3851417,1324375
42182747,33-00,M73-82,25DEF,9651-35-0003,5757,9651-35-0003,11766,3931106,152693
35096296,25-31,B737-8,FWDGALLY,62197-301-001,19-06-0028,62197-301-001,22-01-0399,4049100,KAV1225081
190673036,25-00,B737-8,AFT,8201-11-0000,08-02-24826,8201-11-0000-01,11-02-29760,4002964,KAV1125009
190513752,26-13,B737-8,FWD,473597-5,26969,473597-5,SJA3181,3867578,62679
190192700,25-00,B737-8,AFTGALLY,62197-301-001,16-10-0277,62197-301-001,18-01-0431,4187414,PAV14567
42106352,33-21,M73-82,31ABC,9651-35-0005,18388,9651-35-0005,49369,4207275,20267595
55301346,23-00,M73-82,FWD,285W0024-1B,F53016,285W0024-23M,F59677,3857300,ARC145602
190658792,33-21,B737-8,22DEF,9651-35-0002,34536,9651-35-0002,35092,3830046,ARC142832
190276246,23-00,M73-82,AFT CAB,285W0024-1B,F38846,285W0024-1M,F51276,3877717,ARC147497
191417254,26-16,B737-8,AFT,473597-5,SJA0013,473597-5,34373,3960884,63960
55639601,25-31,B737-8,AFTGALLY,8201-11-0000,04-10-20488,8201-11-0000-01,18-06-2069,3851026,KAV0325034
190360803,21-00,M73-82,AFTGALLY,8201-11-0000-01,09-03-26638,8201-11-0000-01,21-04-0057,3872792,KAV0525048
190084478,33-00,B737-8,RH,45-0351-4,7158,45-0351-4,1993,3916748,1383105
190583758,25-31,B737-8,FWDGALLY,62197-301-001,22-02-0445,62197-301-001,18-03-0517,3957760,1422089
55131253,25-00,B737-8,FWDGALLY,8201-11-0000-01,09-03-26654,8201-11-0000,04-10-20490,4086651,PAV13280
191356991,33-00,B737-8,15 DEF,9651-35-0005,50765,9651-35-0005,36957,4173653,ARC174242
55643970,36-11,B737-8,#1,107484-7,17581,107484-7,11904,4007129,4703560
190323508,25-00,M73-82,GALLEY G4,62197-301-001,22-01-0392,62197-301-001,19-07-0268,3912294,1378853
55382939,25-32,M73-82,FWD GALLEY,8201-11-0000-01,23-07-0111,8201-11-0000-01,17-12-40029,4060621,PAV12960
190200049,25-00,B737-8,FWDGALLY,8201-11-0000,05-11-21453,8201-11-0000-01,18-05-0282,3868943,PAV10550
191345618,23-00,B737-8,CAPT,5145-1-82,18344,5145-1-82,15672,4165598,PAV14264
35087443,25-00,B737-8,FWD,72184025,4378,72184025,4435,4004181,SAV701
190511611,25-00,B737-8,FWDGALLY,8201-11-0000,06-12-22978,8201-11-0000,07-12-24538,3851015,KAV0425041
190501706,33-21,M73-82,23ABC,9651-35-0002,65565,9651-35-0002,69990,3937859,20108281
40880778,31-00,B737-8,CAPT,0851HT1,433960,0851HT2,468506,3817360,12167766
190040580,25-00,B737-8,AFT 1,72184025,4347,62197-301-001,16-06-0230,3790910,1269792
190314628,38-00,M73-82,LAV A,SC4L500301-5,11248042,SC4L500301-5,174515312-003,4032942,6046649
41936577,33-42,B737-8,LH,72605363-1,5548,72605363-1,4131,3822575,560898
190449278,33-21,M73-82,CAB,9651-35-0005,46289,9651-35-0005,23521,4190190,ARC175773
40284075,25-35,B737-8,CABIN,8201-11-0000-01,18-05-0275,8201-11-0000-01,21-01-0236,3865727,KAV0525023
190899566,25-00,B737-8,G1,72184025,N09070388044559,72184025,N10090447044701,4076293,WAV1206
55478615,38-00,M73-82,LAV U,SC4L500301-5,170537808-003,SC4L500301-5,172972828-008,3841377,E-5745471
190115627,38-00,B737-8,AFT  RH,14330-230,18711,14330-230,39854,4036871,1182190
55501115,25-00,M73-82,GALLEY 1 FWD,62197-301-001,23-04-0047,62197-301-001,15-08-7813,3790960,PAV9462
14061107,38-32,B737-8,CABIN,15800-029-3,1173,15800-029-3,8641,2170897,104568
190294602,25-32,M73-82,FWD GALLEY,8201-11-0000-01,21-01-0269,8201-11-0000-01,21-01-0278,3770932,1253240
55559294,33-20,B737-8,15ABC,9651-35-0005,33768,9651-35-0005,23734,3793937,ARC138963
190000514,33-00,B737-8,RH,45-0351-4,9104,45-0351-4,5969,4001267,PAV12100
41866753,25-00,M73-82,FWDGALLY,62197-301-001,16-01-0188,62197-301-001,22-11-0531,3807352,PAV9744
55108531,38-00,B737-8,LAV D,14330-230,ENC01,14330-230,ZSK572,3692048,1063250
190022098,25-00,B737-8,FWD CAB,8201-11-0000-01,17-12-40066,8201-11-0000,05-10-21301,4118938,KAV0326004
190652147,23-00,B737-8,F/O,5145-1-82,11196,5145-1-82,17200,4130838,PAV13894
55448480,25-32,M73-82,AFT GALLEY,8201-11-0000,07-12-24540,8201-11-0000-01,23-06-0158,3452381,S23/2869H-1
41630003,33-21,B737-8,25ABC,9651-35-0004,6413,9651-35-0004,14029,3799487,ARC139030
55563396,33-00,B737-8,18ABC,9651-35-0002,24503,9651-35-0002,21928,3780371,ARC137996
190294924,33-21,M73-82,31 R/H,9651-35-0005,45234,9651-35-0005,23073,3916369,151684
191393976,33-21,B737-8,CABIN,9651-35-0005,48660,9651-35-0005,16429,4173939,ARC174400
42159653,25-00,M73-82,FWD,62197-301-001,23-10-0076,62197-301-001,18-07-0585,4160207,KAV0526119
107169556,72-00,B737-8,#1,340-001-038-0,DD461777,340-001-036-0,PF505157,4165571,1170361
107169556,72-00,B737-8,#1,340-001-036-0,DM191077,340-001-036-0,PF541048,4139364,
107169556,72-00,B737-8,#1,340-001-038-0,PA393341,340-001-038-0,DM190911,4169746,R2605121
107169556,72-00,B737-8,#1,340-001-036-0,DM190923,340-001-036-0,DM192013,4139876,1169368
190563962,33-00,B737-8,CAB,9651-35-0002,18274,9651-35-0002,57454,4015973,201403
55444702,33-20,M73-82,10ABC,9651-35-0003,17788,9651-35-0003,7103,4019680,ARC162433
41958720,25-31,B737-8,AFT,8201-11-0000-01,15-07-36316,8201-11-0000,04-12-20653,4030200,KAV1225064
190014584,25-00,B737-8,FWDGALLY,72184025,4065,72184025,4228,4146458,KAV0426049
55447832,33-21,M73-82,CAB,9651-35-0005,32081,9651-35-0005,18171,4053563,ARC165089
190779649,25-00,B737-8,FWD GALLEY,62197-301-001,17-11-0447,62197-301-001,22-02-0450,3936895,PAV11184
191417459,33-00,B737-8,RH,45-0351-4,7289,45-0351-6,8643,4091743,PAV13389
55061513,26-16,B737-8,FWD,473597-5,27443,473597-5,24921A,3908406,R550829-63303
55562345,23-00,B737-8,FL DK,5145-1-82,17887,5145-1-88,26394,4069280,PAV13093
190034699,33-00,B737-8,30 DEF,9651-35-0005,38125,9651-35-0005,17473,4053616,ARC165482
55027563,25-00,B737-8,FL DK,5145-1-82,12545,5145-1-82,12581,3817914,PAV9900
190672394,33-00,B737-8,24DEF,9651-35-0003,10627,9651-35-0003,6534,4053615,ARC165115
190530663,25-00,B737-8,FWDGALLY,62197-301-001,21-11-0687,62197-301-001,16-02-0198,4159574,WAV1455
55278748,25-30,M73-82,FWD GALLEY,8201-11-0000-01,19-07-0772,8201-11-0000,07-09-24234,3702137,1195936
190290019,33-21,M73-82,19DEF,9651-35-0002,53118,9651-35-0002,69961,3931100,153031
190313779,33-21,M73-82,31ABC,9651-35-0005,52268,9651-35-0005,58386,3902227,20103117
190446779,25-00,M73-82,FWD GALLEY,8201-11-0000-01,09-10-27624,8201-11-0000-01,22-01-0881,3963072,KAV0925021
106269584,36-00,B737-8,#1,63292146-1,5453,63292146-1,10010,4095131,355642357
106269584,36-00,B737-8,#1,107492-6,19921,107492-6,19028,4094343,5616849
106269584,36-00,B737-8,#1,3214552-6,12266,3214552-6,13893,4097780,355291803
106269584,36-00,B737-8,#1,107484-7,19302,107484-7,17359,4095043,5616150
41641526,36-00,B737-8,#2,107484-7,18137,107484-7,8986,3764444,351838602
35032624,25-00,B737-8,FWDGALLY,72184025,N11060387044791,72184025,N11070859044801,3845098,WAV407
191167960,25-00,M73-82,AFT,62197-301-001,19-07-1228,62197-301-001,19-04-0542,4136598,SAV906
55671770,36-00,B737-8,#1,107484-7,10990,107484-7,13214,4180543,356291130
190396382,38-00,M73-82,AFT LH,SC4L500301-5,173519316-007,SC4L500301-5,175486113-008,4189418,E-6232220
190309752,25-32,M73-82,GALLEY G4,62197-301-001,16-01-0168,62197-301-001,15-10-8008,3954038,PAV11445
190606927,33-00,B737-8,#12 LH,9651-35-0005,21354,9651-35-0005,21022,3949638,ARC154599
190362802,33-21,M73-82,29DEF,9651-35-0005,61164,9651-35-0005,31304,4078823,7397
55604462,33-21,B737-8,12ABC,9651-35-0005,18206,9651-35-0005,33061,3740751,ARC134644
55293896,33-21,M73-82,22DEF,9651-35-0002,30810,9651-35-0002,17609,3916367,151622
55720277,36-11,B737-8,#1,107484-7,12414,107484-7,18709,3752379,351726054
42212527,25-33,M73-82,AFT GALLEY,62197-301-001,17-01-0356,62197-301-001,16-07-0239,4136164,SAV900
190073644,72-00,B737-8,#2,340-001-038-0,DD871026,340-001-036-0,PF529759,4177160,1171251
190073644,72-00,B737-8,#2,340-001-038-0,DB623494,340-001-036-0,PF529458,4177151,1171251
35049259,33-00,B737-8,6DEF,9651-35-0002,35524,9651-35-0002,71164,3790872,2008635
190272806,05,B737-8,#1,3214446-4,17639,3214446-4,10377,4138462,26.309
190272806,05,B737-8,#1,107484-7,17513,107484-7,18709,4143001,356015966
190093945,23-51,B737-8,OBS,5145-1-82,17269,5145-1-82,11023,3878969,1348399
25839380,25-00,B737-8,FWDGALLY,72184025,4427,72184025,N12021002044825,3925088,WAV645
55444701,33-20,M73-82,8ABC,9651-35-0002,66517,9651-35-0002,25666,3979061,ARC157786
41784093,38-00,M73-82,AFT,62197-301-001,21-02-0308,62197-301-001,19-07-1228,3805311,1282518
42033672,38-00,B737-8,AFT RH,14330-230,7292,14330-230,ZSK630,3788963,1094691
190670138,33-21,B737-8,CAB,9651-35-0004,18703,9651-35-0004,17525,4061547,ARC165930
190464528,33-00,M73-82,2DEF,9651-35-0005,61600,9651-35-0005,16149,3964411,ARC156594
41569899,33-00,B737-8,20ABC,9651-35-0002,24602,9651-35-0002,24876,3855380,145291
55489621,33-00,M73-82,31 ABC,9651-35-0005,66936,9651-35-0005,51622,3794540,ARC1386
191441044,26-00,B737-8,FWD,473597-5,SJA5589,473597-5,20354A,4196281,13899108
191311695,26-00,B737-8,AFT,473597-5,SJA2937,473597-5,33785,4186477,13832941
42121413,33-21,M73-82,8DEF,9651-35-0002,56277,9651-35-0002,22638,3958879,55895
190550216,33-00,B737-8,7 DEF,9651-35-0002,24795,9651-35-0002,74403,3947410,20111038
190091098,25-00,B737-8,FWDGALLY,72184025,N09120059044582,62197-301-001,16-10-0281,4020651,AV1787
55778337,25-00,B737-8,FWDGALLY,72184025,N09060317044541,72184025,4135,3678040,1170383
190449952,25-32,M73-82,GALLEY G4,62197-301-001,16-11-0300,62197-301-001,19-01-0482,3917353,KAV0625016
55453290,33-00,M73-82,9DEF,9651-35-0003,17239,9651-35-0003,7212,3885410,ARC148374
190437356,33-21,M73-82,#16 RH,9651-35-0005,58717,9651-35-0005,69594,3946874,20109493
190450985,33-00,M73-82,31DEF,9651-35-0005,52783,9651-35-0005,66236,4112045,20192273
55639620,33-00,B737-8,#10 LH,9651-35-0003,8876,9651-35-0003,11517,3794528,ARC138708
55639620,33-00,B737-8,8ABC,9651-35-0002,51519,9651-35-0002,30426,3941068,ARC154163
190541168,23-00,B737-8,OBS,5145-1-82,15671,5145-1-82,12431,3872619,336409E
191318280,25-00,B737-8,AFTGALLY,62197-301-001,16-02-0199,62197-301-001,23-07-0418,4131777,WAV1390
41426812,25-31,B737-8,FWD,62197-301-001,21-02-0142,62197-301-001,17-11-0433,3754349,SAV408
40310297,25-00,B737-8,FWDGALLY,72184025,4024,72184025,4083,3783265,WAV208
55397170,38-11,M73-82,LAV A,SC4L500301-5,170583882-010,SC4L500301-5,173056405-005,3841562,E-5748668
55615615,30-00,B737-8,CAPT,0851HT1,400635,0851HT2,475531,3976291,16651
190287601,72-00,M73-82,#1,2085M31G03,PAT3H256,2085M31G03,PAT7C525,3963056,RF84544-1
190287601,72-00,M73-82,#1,2085M31G03,PAT3H275,2085M31G03,PAT2C887,3963054,RF78514-1
190287601,72-00,M73-82,#1,2085M31G03,PAT3H264,2085M31G03,PAT54F39,3949679,RF62991-1
190287601,72-00,M73-82,#1,2085M31G03,PAT3H265,2085M31G03,PSDNE639,3985562,RG67719-1
190287601,72-00,M73-82,#1,2085M31G03,PAT3H273,2085M31G03,PAT3C587,3963055,RF57669-1
5543004,38-00,M73-82,FWD,SC4L500301-5,171260753-005,SC4L500301-5,173163656-001,3868091,E-5789142
55596197,26-00,B737-8,AFT,473597-5,SJA4411,473597-5,48977,3897722,R550798-63
55628950,25-00,B737-8,AFTGALLY,62197-301-001,21-02-0177,62197-301-001,18-01-0429,3841846,1315391
35053887,33-00,B737-8,22ABC,9651-35-0002,54914,9651-35-0002,32542,3836504,3555
191316380,33-00,B737-8,18DEF,9651-35-0002,18706,9651-35-0002,39306,4190189,ARC175431
190308728,33-20,M73-82,#26 RH,9651-35-0004,16667,9651-35-0004,14003,3881616,148149
55555736,72-21,B737-8,#2,340-001-038-0,DE179294-2,340-001-038-0,DM136795,4210830,R26071315001
190135190,25-00,B737-8,GALLEY G1,72184025,4147,72184025,N10090458044712,3994088,WAV929
190738864,33-00,B737-8,RH,45-0351-4,3740,45-0351-4,3533,3896684,1362163
55589885,38-00,B737-8,LAV E,SC4L500301-5,889871,SC4L500301-5,173056405-003,3841563,E-5748665
190607495,71-00,B737-8,#2,340-001-036-0,DM166411,340-001-038-0,DM168606,3830730,R25030611000
190607495,71-00,B737-8,#2,340-001-036-0,DM166295,340-001-038-0,DD870964,3831223,R25030613001
190607495,71-00,B737-8,#2,340-001-036-0,DM164949,340-001-038-0,PA229130,3828066,R25030615001
190607495,71-00,B737-8,#2,340-001-036-0,DM166665,340-001-038-0,PF424701,3828053,R25030609001
42013245,25-31,B737-8,AFT,72184025,4216,72184025,4110,3932898,WAV674
190209360,25-00,B737-8,AFTGALLY,62197-301-001,17-12-0413,62197-301-001,19-04-0542,4117169,PAV13700
55068740,33-00,B737-8,RH,45-0351-4,4042,45-0351-4,2246,3812519,PAV9817
55141425,26-16,B737-8,FWD,473597-5,24992,473597-5,48862,3755190,60811
190789752,71-00,B737-8,#1,340-001-036-0,PC752086,340-001-036-0,PF439940,3774533,GEAMS1146556-1
190789752,71-00,B737-8,#1,340-001-037-0,BB226041-K,340-001-036-0,PF439942,3774419,GEAMS1146556-1
190789752,71-00,B737-8,#1,340-001-037-0,DB188422-8,340-001-036-0,PF440069,3774429,1140555
190789752,71-00,B737-8,#1,340-001-038-0,DM126433,340-001-036-0,PF442532,3774405,1146560-1
190789752,71-00,B737-8,#1,340-001-037-0,BB227510-G,340-001-036-0,PF439997,3774528,1146556
190789752,71-00,B737-8,#1,340-001-038-0,PC194318,340-001-036-0,PF424523,3774411,1146558
190789752,71-00,B737-8,#1,340-001-039-0,BB227582-B,340-001-038-0,PA242218,3761320,R241111
190789752,71-00,B737-8,#1,340-001-038-0,PC304719,340-001-036-0,PF439943,3774407,1146560
190489165,33-00,M73-82,21ABC,9651-35-0002,53654,9651-35-0002,68971,4077914,20170374-1
190645636,33-21,B737-8,CAB,9651-35-0003,6576,9651-35-0003,20324,3860059,20097239
190240156,36-00,B737-8,#2,107484-7,12044,107484-7,20630,4039320,794740Y14
191235676,25-00,M73-82,G1,62197-301-001,23-05-0231,62197-301-001,16-10-0263,4009418,PAV12282
190464689,25-00,M73-82,GALLEY G4,62197-301-001,21-11-0214,62197-301-001,16-06-0229,4006336,WAV987
55127538,30-00,B737-8,CAPT,0851HT1,420117,0851HT2,457628,3614848,406757121
190028565,33-21,B737-8,18RH,9651-35-0002,17028,9651-35-0002,51519,3792416,39695
190028565,33-21,B737-8,24ABC,9651-35-0003,15035,9651-35-0003,10167,3792400,ARC139547
42021777,25-00,B737-8,FWDGALLY,8201-11-0000,04-02-19748,8201-11-0000-01,17-11-39510,3932221,PAV11150
190304155,33-00,M73-82,22DEF,9651-35-0002,74535,9651-35-0002,53062,3941141,ARC153539
40723189,25-31,B737-8,AFTGALLY,62197-301-001,23-04-0113,62197-301-001,17-08-0396,3935670,WAV677
190538764,34-00,B737-8,ALT,0851HT1,374605,0851HT2,475300,3976894,408413993
190352323,25-00,M73-82,AFT GALLEY,62197-301-001,16-11-0296,62197-301-001,16-02-0194,4143895,WAV1428
42119253,73-00,M73-82,#1,2085M31G03,PAT46R08,2085M31G03,PSDNE326,3999579,RG81220-1
42119253,73-00,M73-82,#1,2085M31G03,PAT57E76,2085M31G03,PAT7G708,3999570,RG81155-1
42119253,73-00,M73-82,#1,2085M31G03,PAT64J07,2085M31G03,PSDMD296,3999587,RF58794-1
42119253,73-00,M73-82,#1,2085M31G03,PAT24E62,2085M31G03,PAT7G703,3999575,RG81126-1
42119253,73-00,M73-82,#1,2085M31G03,PAT08F25,2085M31G03,PAT01J62,3999571,RG82564-1
42119253,73-00,M73-82,#1,2085M31G03,PAT99J68,2085M31G03,PAT07T30,3999591,RG75209-1
42119253,73-00,M73-82,#1,2085M31G03,PAT13J92,2085M31G03,PAT11R70,3999594,RG75216-1
42119253,73-00,M73-82,#1,2085M31G03,PAT11R71,2085M31G03,PSDNE574,3985565,RG67699-1
42119253,73-00,M73-82,#1,2085M31G03,PAT23F10,2085M31G03,PAT8C426,3949686,RF75829-1
42119253,73-00,M73-82,#1,2085M31G03,PAT54J49,2085M31G03,PAT0G978,3988111,RG65558-1
42119253,73-00,M73-82,#1,2085M31G03,PAT46R67,2085M31G03,PAT8G002,3999584,RG81180-1
42119253,73-00,M73-82,#1,2085M31G03,PAT13F87,2085M31G03,PAT7G995,3999566,RG81181-1
42119253,73-00,M73-82,#1,2085M31G03,PAT11R68,2085M31G03,PAT07E64,3992017,RF73823-1
42119253,73-00,M73-82,#1,2085M31G03,PAT01J21,2085M31G03,PAT55J32,3949683,RF73321-1
42119253,73-00,M73-82,#1,2085M31G03,PAT21C65,2085M31G03,PAT5G472,3988091,RG66865-1
42119253,73-00,M73-82,#1,2085M31G03,PAT15A28,2085M31G03,PAT2C818,3999418,RG58723-1
42119253,73-00,M73-82,#1,2085M31G03,PAT31T21,2085M31G03,PAT4A892,3988103,RG66329-1
42119253,73-00,M73-82,#1,2085M31G03,PAT19R14,2085M31G03,PAT4A947,3988083,RG66331-1
191169935,25-00,M73-82,GALLEY G4,8201-11-0000-01,19-03-0817,8201-11-0000-01,09-12-27984,4192400,PAV14592
41489610,33-42,B737-8,RH,45-0351-4,6499,45-0351-4,7187,3805296,1282400
190595776,26-00,B737-8,AFT,473597-5,SJA4376,473597-5,48896,3827528,R549669
191356728,25-00,B737-8,AFTGALLY,8201-11-0000-01,17-12-40021,8201-11-0000-01,23-06-0150,3452499,S23/2802H-1
42156003,25-32,M73-82,GALLEY 4B,62197-301-001,16-08-0250,62197-301-001,18-01-0434,3791115,PAV9443
42128778,72-00,M73-82,#2,2085M31G03,PAT46T19,2085M31G03,PSDNG533,3820766,NAB25A-00372
42128778,72-00,M73-82,#2,2085M31G03,PAT07T33,2085M31G03,PSDNG912,3820773,NAB25A-00568
190588945,26-16,B737-8,AFT,473597-5,SJA9783,473597-5,SJA7112,4091951,0013461030
190396935,25-00,M73-82,GALLEY G4,62197-301-001,16-07-0234,62197-301-001,23-09-0094,4214244,WAV1557
190617102,25-31,B737-8,AFTGALLY,72184025,4009,72184025,4390,3839589,WAV387
191454472,25-35,B737-8,AFT RH,62197-301-001,22-01-0402,62197-301-001,16-10-0263,4091389,WAV1269
190330238,33-21,M73-82,#11 RH,9651-35-0004,18288,9651-35-0004,12013,4067819,ARC166387
191535688,33-21,B737-8,30ABC,9651-35-0005,18243,9651-35-0005,17655,4217191,ARC178051
55381710,33-00,M73-82,19ABC,9651-35-0002,66019,9651-35-0002,26680,3930953,152908
190114072,38-00,B737-8,FWDGALLY,72184025,4162,72184025,4191,3949541,WAV769
190027793,26-16,B737-8,FWD,473597-5,24921,473597-5,SJA4964,3821822,R549775-62130
190087216,33-00,B737-8,CABIN,9651-35-0005,58468,9651-35-0005,50172,4203315,ARC176790
35039405,26-16,B737-8,AFT,473597-5,SJA5596,473597-5,32649,3795689,R548863
190102430,26-16,B737-8,FWD,473597-5,41570,473597-5,SJF1092,3908176,408095
42034432,33-00,B737-8,6ABC,9651-35-0002,19212,9651-35-0002,24692,4096662,ARC168947
190733383,33-00,B737-8,26DEF,9651-35-0005,8670,9651-14-0005,18152,3857882,20096684
190733383,33-00,B737-8,9 DEF,9651-35-0003,10501,9651-35-0003,7211,3911172,ARC1508
190733383,33-00,B737-8,4 DEF,9651-35-0002,35260,9651-35-0002,34974,3916366,151544
190733383,33-00,B737-8,10 DEF,9651-35-0004,12730,9651-35-0004,22369,3817199,20091170-1
55010107,33-20,B737-8,12 ABC,9651-35-0005,21089,9651-35-0005,30989,3990450,159145
190559787,25-00,B737-8,AFT,8201-11-0000-01,17-02-38425,8201-11-0000,05-09-21491,3806236,PAV9706
190169729,23-00,B737-8,FL DK,5145-1-82,20576,5145-1-82,18467,3925427,PAV11073
191387375,25-00,B737-8,G1,8201-11-0000-01,15-07-36320,8201-11-0000,03-09-19332,4078349,KAV0226045
191006451,25-00,B737-8,AFT,8201-11-0000,04-02-19744,8201-11-0000-01,22-02-0637,4083593,PAV13299
190888895,36-11,B737-8,#1,107484-7,11949,107484-7,20629,4039322,794740Y14
191375062,38-00,B737-8,LAV A,14330-230,36547,14330-230,11484,4206800,96001
190326967,38-00,M73-82,AFT,SC4L500301-5,173056431-003,SC4L500301-5,173651760-009,3921942,5875209
40424771,25-00,B737-8,FWDGALLY,72184025,4382,72184025,4399,3925074,WAV649
107383065,36-00,B737-8,#1,107484-7,13216,107484-7,12136,4229060,6643615
107383065,36-00,B737-8,#1,3214446-4,12480,3214446-4,18238,4196810,356489929
190610643,23-00,B737-8,LH,72605363-1,3556,72605363-1,2858,4012818,354891204
55521878,38-11,B737-8,AFT LH,SC4L500301-5,11304596-004,SC4L500301-5,172694183-005,3799734,E-5680955
191348694,33-00,B737-8,RH32,9651-35-0005,49509,9651-35-0005,61121,4222622,47001299
190614583,33-21,B737-8,27ABC,9651-35-0005,31847,9651-35-0005,46888,3884303,20100244
190204483,26-16,B737-8,FWD,473597-5,30297,473597-5,SJB0816,3989012,
190728240,25-31,B737-8,FWD,72184025,N11060381044785,72184025,N10100885044727,3905781,PAV10867
190357696,25-35,M73-82,GALLEY G4,8201-11-0000,05-10-21303,8201-11-0000-01,22-02-0655,3979071,KAV1025017
190607353,25-00,B737-8,AFTGALLY,72184025,4253,72184025,N09040562044503,3807236,1284673
190781524,23-51,B737-8,F/O,5145-1-82,17147,5145-1-82,16044,3851474,PAV10378
190581246,25-00,B737-8,AFTGALLY,8201-11-0000-01,17-06-38805,8201-11-0000-01,15-12-37019,3768422,PAV9058
41396891,25-31,B737-8,AFT,72184025,3023,72184025,4041,3687077,1180251
190487396,33-00,M73-82,6ABC,9651-35-0002,48730,9651-35-0002,53966,4179436,ARC174686
55433930,33-00,M73-82,31ABC,9651-35-0005,61445,9651-35-0005,24400,3893223,149363
55310482,25-32,M73-82,FWD,62197-301-001,17-06-0377,62197-301-001,18-01-1098,4143896,WAV1429
191535719,33-00,B737-8,21ABC,9651-35-0002,17104,9651-35-0002,29990,4219014,ARC178651
55577859,23-51,B737-8,FL DK,5145-1-82,24182,5145-1-82,10530,4167725,PAV14288
190609998,26-16,B737-8,AFT,473597-5,SJB1051,473597-5,23559A,3905066,R550857
190672105,33-21,B737-8,30 R/H,9651-35-0005,60226,9651-35-0005,31217,4110236,169651
40857958,33-00,B737-8,CABIN,9651-35-0002,50352,9651-35-0002,48495,3780062,20083746
190259414,25-31,B737-8,AFT,72184025,N09120066044589,72184025,N10020033044619,3828895,PAV10097
41601313,38-00,B737-8,FWD,SC4L500301-5,173531025-003,AR9472-3W1D492,1411938,3945433,04765298
55106406,25-30,B737-8,FWDGALLY,72184025,N09060317044541,72184025,N09120071044594,3746969,KAV1024045
55697967,33-00,B737-8,2DEF,9651-35-0004,10562,9651-35-0004,18497,3716186,2007276
191512144,33-00,B737-8,22ABC,9651-35-0002,35316,9651-35-0002,53872,4190163,ARC175417
190675040,33-00,B737-8,LH,72605363-1,2949,72605363-1,2722,3956068,354296826
190464447,33-42,M73-82,RH,72605363-1,4768,72605363-1,5710,3970257,354372720
55264585,23-00,B737-8,OBS,5145-1-82,12857,5145-1-82,16291,4167686,PAV14282
55682820,33-21,B737-8,20 DEF,9651-35-0002,69462,9651-35-0002,32777,4091453,ARC168215
190621060,25-37,B737-8,AFTGALLY,8201-11-0000,05-09-21489,8201-11-0000,08-08-25866,3856952,PAV10413
100023804,72-00,,#2,2085M31G03,PAT62F86,2085M31G03,PSDNE884,3768636,JMB24A-06569
100023804,72-00,,#2,2085M31G03,PSDMD176,2085M31G03,PSDNE885,3768595,JMB24A-06570
100023804,72-00,,#2,2085M31G03,PSDMD169,2085M31G03,PSDNE881,3768631,JMB24A-06566
100023804,72-00,,#2,2085M31G03,PSDMD178,2085M31G03,PSDNE893,3768616,JMB24A-06578
100023804,72-00,,#2,2085M31G03,PSDMD173,2085M31G03,PSDNE880,3768629,JMB24A-06565
100023804,72-00,,#2,2085M31G03,PSDMD172,2085M31G03,PSDNE886,3768597,JMB24A-06571
100023804,72-00,,#2,2085M31G03,PAT00F71,2085M31G03,PSDNE879,3768626,JMB24A-06564
100023804,72-00,,#2,2085M31G03,PSDMD171,2085M31G03,PSDNF353,3758883,JMB24A-06893
100023804,72-00,,#2,2085M31G03,PSDMD165,2085M31G03,PSDNE882,3768633,JMB24A-06567
100023804,72-00,,#2,2085M31G03,PSDMD167,2085M31G03,PSDNE888,3768601,JMB24A-06573
100023804,72-00,,#2,2085M31G03,PSDMD170,2085M31G03,PSDNE889,3768604,JMB24A-06574
100023804,72-00,,#2,2085M31G03,PSDMD177,2085M31G03,PSDNE876,3768621,JMB24A-06573
100023804,72-00,,#2,2085M31G03,PAT10F11,2085M31G03,PSDNE890,3768608,JMB24A-06575
100023804,72-00,,#2,2085M31G03,PSDMD168,2085M31G03,PSDNE887,3768599,JMB24A-06572
100023804,72-00,,#2,2085M31G03,PAT81E93,2085M31G03,PSDNE883,3768634,JMB24A-06568
100023804,72-00,,#2,2085M31G03,PSDMD166,2085M31G03,PSDNE878,3768625,JMB24A-06563
100023804,72-00,,#2,2085M31G03,PAT66E80,2085M31G03,PSDNE892,3768614,JMB24A-06577
100023804,72-00,,#2,2085M31G03,PDSMA615,2085M31G03,PSDNE877,3768622,JMB24A-06562
190879060,23-51,B737-8,FL DK,5145-1-82,14118,5145-1-82,18192,4056297,PAV12920
55133829,33-42,B737-8,RH,45-0351-4,6630,45-0351-6,8553,3798573,1276187
55561398,23-42,B737-8,CABIN,285W0024-1B,F47367,285W0024-1B,F26407,4173910,ARC174423
55673501,33-21,B737-8,18 DEF,9651-35-0002,16078,9651-35-0002,31024,3849741,20095060
191322058,25-00,B737-8,FWD,62197-301-001,14-12-7222,62197-301-001,23-09-0091,4186442,WAV1524
55705285,33-21,B737-8,4ABC,,,9651-35-0002,70725,3788462,5919
190407001,33-00,M73-82,RH,72605363-1,7823,72605363-1,0462,4125248,5929867
55228805,33-00,B737-8,RH,45-0351-4,1558,45-0351-6,9035,3848456,1322023
190231517,25-00,B737-8,FWD GALLEY,62197-301-001,15-12-0145,62197-301-001,22-02-0471,3979395,1439756
190703515,33-00,B737-8,LH,72605363-1,5583,72605363-1,2581,3938141,354077991
190703515,33-00,B737-8,LWR FWD,72500410-1,8951,72500410-1,6547,3847077,352877028
190703515,33-00,B737-8,UPR,72500410-2,11213,72500410-2,1658,3939257,354078276
190899904,36-00,B737-8,#2,107484-7,13214,107484-7,16730,4120678,355996949
55408327,34-12,M73-82,F/O,0851HT1,457599,0851HT2,466285,3795332,407560106
55285604,33-00,M73-82,RH,72605363-1,5710,72605363-1,5226,3878733,353276506
190614821,33-00,B737-8,27ABC,9651-35-0005,33746,9651-35-0005,31336,3872036,147034
40256854,25-00,B737-8,FWD,8201-11-0000-01,17-07-39060,8201-11-0000-01,09-10-27598,3768682,PAV9085
35087381,25-00,B737-8,LAV A,SC4L500301-5,842620,SC4L500301-5,174853089-005,4088469,E-6113287
55485697,33-00,M73-82,6 R/H,9651-35-0002,69961,9651-35-0002,19032,3903105,149839
190339441,33-21,M73-82,10DEF,9651-35-0003,8752,9651-35-0003,7219,3671408,ARC127659
190388382,25-32,M73-82,AFT,8201-11-0000-01,17-12-40030,8201-11-0000,07-08-24183,3957765,PAV11505
55695704,33-21,B737-8,18ABC,9651-35-0002,24961,9651-35-0002,32554,4157061,ARC172705
40367513,25-00,B737-8,AFT LH,72184025,N09120057044580,72184025,N10120148044747,3890526,KAV0625010
55704305,25-00,B737-8,AFTGALLY,8201-11-0000-01,14-12-35643,8201-11-0000-01,23-05-0145,3442678,S23/2591H-1
190424670,25-00,M73-82,002 AFT GALLEY,8201-11-0000-01,22-03-0158,8201-11-0000,04-08-20249,4039214,KAV1225076
190316732,33-21,M73-82,16DEF,9651-35-0005,69367,9651-35-0005,47781,3836486,43263
191535793,33-21,B737-8,CABIN,9651-35-0005,16389,9651-35-0005,67762,4222149,178687
190155294,30-00,B737-8,CAPT,0851HT1,407169,0851HT2,479043,4043863,408724964
190526383,33-21,B737-8,#28 RH,9651-35-0005,18155,9651-35-0005,59882,3867473,146436
190739136,26-00,B737-8,AFT,473597-5,SJB0774,473597-5,27443A,3937002,12738909
55509877,33-21,B737-8,9ABC,9651-35-0003,10167,9651-35-0003,7758,3599969,120786
191453015,36-00,B737-8,#1,107484-7,18038,107484-7,8171,4136005,5438604
55467228,33-21,M73-82,CAB,9651-35-0003,15521,9651-35-0003,19771,3622353,20061498-1.000
191512174,38-32,B737-8,LAV E,14330-230,37269,14330-230,25210,4153542,0000074228
190548881,33-00,B737-8,28ABC,9651-35-0005,49635,9651-35-0005,39852,4140589,ARC171585
41390900,25-00,B737-8,AFT,72184025,3033,72184025,3035,4051082,KAV0126042
41414294,33-42,B737-8,RH,45-0351-4,5814,45-0351-4,3458,3975917,PAV11738
55519891,26-00,B737-8,AFT,473597-5,SJA7263,473597-5,SJB6887,3944200,12766656
190405505,25-32,M73-82,GALLEY G1,62197-301-001,21-02-0137,62197-301-001,14-09-7016,4008174,PAV12248
190101377,34-00,B737-8,F/O,0851HT1,382523,0851HT2,454473,3553189,406464278
191042765,23-00,B737-8,FL DK,5145-1-82,13778,5145-1-82,10968,4202671,PAV14718
190367747,33-00,M73-82,CAB,9651-35-0005,51399,9651-35-0005,29089,3903115,149910
55575646,33-00,B737-8,6DEF,9651-35-0002,24551,9651-35-0002,48202,3958872,56061
191304520,25-33,B737-8,FWD,72184025,N10040449044694,72184025,4228,4186427,WAV1525
107150432,72-00,,#1,340-001-036-0,DM127999,340-001-038-0,DM048296,4169829,R2605021
107150432,72-00,,#1,340-001-036-0,DM128028,340-001-038-0,DM157883,4169514,R260423
107150432,72-00,,#1,340-001-036-0,DM128126,340-001-038-0,DM176343,4190789,R26052208001
107150432,72-00,,#1,340-001-036-0,DM128085,340-001-038-0,DM176659,4190521,R26052206001
107150432,72-00,,#1,340-001-036-0,DM128004,340-001-038-0,DM175727,4190515,R26052220001
107150432,72-00,,#1,340-001-036-0,DM128043,340-001-038-0,DM176613,4190792,R26052216001
107150432,72-00,,#1,340-001-036-0,DM128012,340-001-038-0,DM176308,4190885,R26052221001
107150432,72-00,,#1,340-001-036-0,DM128128,340-001-038-0,DM132897,4192267,R26060306000
107150432,72-00,,#1,340-001-036-0,DM127948,340-001-038-0,DM175656,4190497,R26052215001
107150432,72-00,,#1,340-001-036-0,DM127950,340-001-038-0,DM135229,4192239,R26060307000
55240709,23-42,B737-8,CABIN,285W0024-1B,D04392,285W0024-1B,F25293,3986389,158620
55419955,25-00,M73-82,GALLEY G4,62197-301-001,18-06-0110,62197-301-001,21-11-0713,3770969,KAV0125002
190501781,33-21,M73-82,11DEF,9651-35-0004,19091,9651-35-0004,5742,3949766,ARC154782
55444536,25-32,M73-82,G1,62197-301-001,19-01-0481,62197-301-001,14-09-7016,4041576,SAV756
190619290,33-21,B737-8,CAB,9651-35-0005,30825,9651-35-0005,47698,4218882,ARC178659
55289955,25-31,M73-82,GALLEY G4,62197-301-001,23-05-0291,62197-301-001,21-02-0138,3988639,WAV910
190434512,33-21,M73-82,8DEF,9651-35-0002,53913,9651-35-0002,71793,4011276,20138255
55632504,25-30,B737-8,FWDGALLY,72184025,N09040567044508,62197-301-001,15-11-0140,3746979,KAV1024042
55203459,25-00,B737-8,AFT GALLEY,8201-11-0000,07-08-24171,8201-11-0000-01,15-08-36563,3780378,PAV9243
190307538,25-00,M73-82,FWD,62197-301-001,21-02-0167,62197-301-001,15-10-8012,3839484,SAV553
55164746,23-00,B737-8,FWD,285W0024-1B,F29428,285W0024-1B,F37738,3807022,ARC141202
190631102,33-40,B737-8,RH,45-0351-4,6939,45-0351-2,0691,3831141,1307563
191149034,33-00,M73-82,RH,72605363-1,5679,72605363-1,5846,4222775,356949576
191406111,23-31,B737-8,AFT CAB,285W0024-1B,F27102,285W0024-1M,F39925,4166912,2565548-3982846
55027414,23-42,B737-8,FWD,285W0024-1B,F24283,285W0024-1M,F43660,3877718,ARC147504
190303372,25-32,M73-82,GALLEY G4,8201-11-0000-01,17-12-40035,8201-11-0000-01,09-02-26583,4057165,KAV0925033
190021702,25-00,B737-8,AFTGALLY,8201-11-0000-01,09-12-28000,8201-11-0000,07-10-24288,3240864,L-3240864
55249054,38-00,B737-8,FWD,14330-230,091121,14330-230,37846,4141477,0000071787
191519400,33-20,B737-8,29ABC,9651-35-0005,17771,9651-35-0005,50353,4121722,ARC170719
190414483,33-21,M73-82,11ABC,9651-35-0004,6204,9651-35-0004,18506,3464605,20036614
55705098,33-21,B737-8,2 ABC,9651-35-0005,32051,9651-35-0005,32581,3826270,ARC142867
35032904,33-42,B737-8,LH,72605363-1,0726,72605363-1,4864,3882752,353299540
55430066,27-00,M73-82,RH STAB,0851HT1,404670,0851HT2,480030,4072562,408840380
40388374,33-42,B737-8,RH,45-0351-4,5543,45-0351-4,6630,3810245,1286979
101919659,25-00,B737-8,AFTGALLY,62197-301-001,21-08-0079,72184025,N09060315044539,3697393,1189005
101919659,25-00,B737-8,FWDGALLY,62197-301-001,18-07-0610,72184025,4215,3746985,KAV1124002
190070416,25-00,B737-8,FWD,8201-11-0000-01,09-02-26583,8201-11-0000-01,09-12-27990,3398397,KAV0423063
190466376,33-00,M73-82,30 RH,9651-35-0005,61623,9651-35-0005,50342,3911343,151049
55597657,33-21,B737-8,23ABC,9651-35-0003,7277,9651-35-0003,9605,3975346,157458
55303137,33-21,M73-82,CABIN,9651-35-0005,61598,9651-35-0005,63973,4194402,20255229-01
191398843,26-16,B737-8,AFT,473597-5,SJA5082,473597-5,44345,4091393,13460845
191308364,33-20,B737-8,2 RH,9651-35-0004,10804,9651-35-0004,8594,4185501,ARC175402
191308364,33-20,B737-8,10ABC,9651-35-0004,21802,9651-35-0004,5793,4207460,177084
55736988,23-41,B737-8,AFT CAB,285W0024-1B,F26016,285W0024-23B,F64218,4150718,1625041-2.3
190494819,25-00,M73-82,GALLEY G4,62197-301-001,22-11-0531,62197-301-001,22-02-0453,4145937,KAV0426079
190314523,33-21,M73-82,CABIN,9651-35-0005,49640,9651-35-0005,59830,3992844,20124577
40821762,38-32,B737-8,LAV D,14330-230,37322,14330-230,852,3958770,1154992
190216836,23-42,B737-8,CABIN,285W0024-1B,F29228,285W0024-1M,F41142,3850942,144914
190675769,33-42,B737-8,RH,45-0351-4,4212,45-0351-4,3475,4034452,PAV12573
190285653,25-00,M73-82,GALLEY G4,8201-11-0000-01,19-07-0779,8201-11-0000-01,15-03-35921,3745310,KAV1124008
55004687,26-16,B737-8,AFT,473597-5,26792A,473597-5,SJB8604,4180985,13825
190550674,25-00,B737-8,FWDGALLY,8201-11-0000,04-12-20654,8201-11-0000-01,22-03-0152,3985664,KAV1025034
191372646,33-00,B737-8,25DEF,9651-35-0004,11792,9651-35-0004,6498,3795866,139877
190414676,33-21,M73-82,CABIN,9651-35-0005,35034,9651-35-0005,23189,415166,ARC1720
190632244,33-42,B737-8,LH,72605363-1,0632,72605363-1,5548,3708964,351198741
55603217,33-21,B737-8,CABIN,9651-35-0005,38314,9651-35-0005,66722,3930411,20106336-1.000
190049181,25-31,B737-8,AFT 2,72184025,4192,72184025,4242,4053102,1501509
105177647,72-00,M73-82,#2,2085M31G03,PAT4A434,2085M31G03,PAT98F46,4001487,RG82566-1
105177647,72-00,M73-82,#2,2085M31G03,PAT82F73,2085M31G03,PAT7G690,4001500,RG84451-1
105177647,72-00,M73-82,#2,2085M31G03,PAT8A590,2085M31G03,PSDMH336,4001512,RG79258-1
105177647,72-00,M73-82,#2,2085M31G03,PAT3C652,2085M31G03,PAT0G603,4001496,RG84506-1
55278524,25-32,M73-82,GALLEY,8201-11-0000-01,17-12-39595,8201-11-0000-01,09-10-27608,3698686,1191902
190327866,25-00,M73-82,G1,62197-301-001,17-11-0434,62197-301-001,19-04-0549,3992142,SAV679
14085534,25-31,B737-8,AFT,72184025,N10120160044759,72184025,4147,3940818,WAV706
190216460,33-00,B737-8,31 DEF,9651-35-0005,48567,9651-35-0005,50507,3962567,20110595-1.000
41997250,33-21,B737-8,#22 LH,9651-35-0002,22993,9651-35-0002,70929,4000861,20123844
55662531,25-37,B737-8,AFTGALLY,8201-11-0000-01,17-07-39066,8201-11-0000,07-10-24309,4002967,KAV1025041
190151711,23-00,B737-8,CABIN,285W0024-1B,D22264,285W0024-23M,F61549,3995619,04925174
55394760,25-00,M73-82,GALLEY 4,62197-301-001,23-05-0292,62197-301-001,23-05-0406,3802205,1279353
190719783,33-20,B737-8,9DEF,9651-35-0003,18629,9651-35-0003,11653,3949650,ARC154924
55119008,23-00,B737-8,F/O,5145-1-82,12754,5145-1-88,27439,3899065,PSM10821-UKCAA
980010977,23-42,B737-8,CABIN,285W0024-1B,F27393,285W0024-23M,F60020,4179139,ARC174558
55472767,33-00,M73-82,25ABC,9651-35-0003,20868,9651-35-0003,6727,3597890,ARC120593
55673455,38-00,B737-8,FWD,62197-301-001,16-10-0267,72184025,N12021005044828,3810550,WAV308
55283288,33-21,M73-82,12 ABC,9651-35-0004,18788,9651-35-0004,18507,4028369,20148631
190403043,33-21,M73-82,CAB,9651-35-0002,71512,9651-35-0002,38979,4219421,ARC178541
191331211,25-00,B737-8,AFT,72184025,N09040561044502,62197-301-001,18-06-0102,4213939,WAV1594
190206756,23-50,B737-8,FL DK,5145-1-82,15692,5145-1-82,15960,3970416,PAV11696
190258505,23-00,B737-8,CPT,5145-1-82,16268,5145-1-88,29081,3985012,PAV11859
55479398,33-00,M73-82,CAB,9651-35-0005,50384,9651-35-0005,23159,3731087,ARC133290
191506105,26-00,B737-8,AFT,473597-5,SJA9898,473597-5,SJA5605,4180650,13827512
102305853,33-00,B737-8,RH,45-0351-4,7155,45-0351-4,6688,3786442,PAV9371
55652433,25-33,B737-8,AFT,72184025,4072,72184025,2020,3713907,SAV352
55705023,36-10,B737-8,#2,107484-7,12677,107484-7,18514,3781749,908624
41982314,23-00,B737-8,AFT,285W0024-1B,D22385,285W0024-23M,F60266,3920275,151851
41681277,25-00,B737-8,AFTGALLY,8201-11-0000-01,21-01-0250,8201-11-0000-01,09-05-26924,3718896,1209974
190311126,33-00,M73-82,RH,72605363-1,5226,72605363-1,5548,3964576,4373564
55405129,33-00,M73-82,25DEF,9651-35-0003,5005,9651-35-0003,18175,4053099,20159782
41958494,36-11,B737-8,#1,107484-7,13599,107484-7,5200,4025973,354960345
41958494,36-11,B737-8,#1,3214446-4,16641,3214446-4,9226,4132539,355903799
106074986,36-00,B737-8,#1,107484-7,19497,107484-7,19867,4022155,354703748
190354247,33-00,M73-82,CABIN,9651-35-0002,53338,9651-35-0002,48791,3880192,20099368
190269905,23-00,B737-8,FL DK,5145-1-82,18429,5145-1-88,27389,4170051,PAV14305
42099067,25-32,M73-82,GALLEY G4,62197-301-001,14-09-7017,62197-301-001,15-10-8016,3999492,WAV951
42159304,38-11,M73-82,AFT LH,SC4L500301-5,11485016-002,SC4L500301-4,1606266,4060414,E-6074532
191065997,25-00,B737-8,CABIN,8201-11-0000-01,21-01-0236,8201-11-0000-01,21-11-0981,4119026,KAV0326012
191187723,25-00,M73-82,AFT GALLEY,62197-301-001,21-02-0099,62197-301-001,15-10-8019,4213884,WAV1623
190689318,38-00,B737-8,AFT,62197-301-001,21-10-0785,72184025,N10120149044748,3790908,WAV246
190560231,23-00,B737-8,FWD CAB,285W0024-1B,F30755,285W0024-1B,D17022,3954560,ARC155414
190364775,25-32,M73-82,GALLEY G4,62197-301-001,21-02-0164,62197-301-001,18-07-0593,4210928,SA12631
40177268,25-30,B737-8,AFTGALLY,72184025,4228,72184025,4249,4060618,WAV1057
40274761,33-00,B737-8,22ABC,9651-35-0002,35347,9651-35-0002,39104,4104379,ARC169266
191065023,25-31,B737-8,FWD,8201-11-0000-01,21-04-0059,8201-11-0000-01,09-03-26655,4202665,KAV0726017
190714003,33-21,B737-8,26ABC,9651-35-0004,11165,9651-35-0004,6683,3826296,ARC142840
190455570,33-20,M73-82,25DEF,9651-35-0003,13160,9651-35-0003,5294,3941111,53823
980004192,25-00,B737-8,FWD,62197-301-001,16-12-0311,62197-301-001,21-02-0102,3898430,1364130
55358931,33-21,M73-82,CABIN,9651-35-0004,18495,9651-35-0004,14422,3986348,158091
42159838,25-37,M73-82,FWD,8201-11-0000-01,17-12-39595,8201-11-0000-01,21-01-0256,3988164,KAV1025028
190457448,33-42,M73-82,LH,72605363-1,0622,72605363-1,2706,4202213,356683699
40298239,25-00,B737-8,FWDGALLY,72184025,N10121141044776,72184025,4162,3925102,WAV644
190201610,34-11,B737-8,RH,0851HT1,313574,0851HT1,452114,3531543,406329633
55371033,33-21,M73-82,31 ABC,9651-35-0005,70044,9651-35-0005,66026,4068278,201647
55381144,25-32,M73-82,GALLEY G4,62197-301-001,16-06-0217,62197-301-001,17-11-0441,3966577,PAV11656
190665782,25-31,B737-8,FWD,72184025,4274,72184025,4402,3611813,1098453
190545101,25-00,B737-8,AFTGALLY,8201-11-0000,08-05-25455,8201-11-0000-01,18-05-0270,4094667,KAV0226054
191452925,33-21,B737-8,#9,9651-35-0002,24601,9651-35-0002,17580,4207671,177420
55485651,33-00,M73-82,6 R/H,9651-35-0002,74821,9651-35-0002,69961,3886833,148706
190066096,25-00,B737-8,FWD,8201-11-0000-01,22-03-0051,8201-11-0000,08-07-25657,3841175,KAV0425036
55462020,33-00,M73-82,16DEF,9651-35-0005,66191,9651-35-0005,16697,3767274,ARC137582
55610716,25-00,B737-8,AFTGALLY,62197-301-001,21-11-0699,62197-301-001,16-08-0260,3776181,1256811
190531476,26-16,B737-8,AFT,473597-5,SJB0736,473597-5,SJE0903,3749027,407341918
190530067,27-00,B737-8,FIN,0851HT1,425463,0851HT2,481402,4096841,408932792
190028370,12-13,B737-8,RH,45-0351-4,3700,45-0351-6,11340,3889219,1357786
190218097,23-51,B737-8,FL DK,5145-1-82,17318,5145-1-82,11781,3946761,PAV11264
190669179,33-21,B737-8,28ABC,9651-35-0005,50379,9651-35-0005,32553,4049785,ARC164675
190738652,33-21,B737-8,ROW32LH,9651-35-0005,33574,9651-35-0005,58998,3938051,20108892
190565834,25-00,B737-8,AFTGALLY,8201-11-0000,07-02-23319,8201-11-0000-01,17-08-39186,4006489,KAV1125050
41750059,33-21,B737-8,15DEF,9651-35-0005,24619,9651-35-0005,31215,3806531,20088704
55362612,33-21,M73-82,26 DEF,9651-35-0004,18495,9651-35-0004,11994,4197369,ARC176005
190040044,25-37,B737-8,FWD,8201-11-0000,03-03-18865,8201-11-0000-01,19-03-0818,4117144,PAV13713
191304062,26-00,B737-8,AFT,473597-5,SJA3195,473597-5,SJA5030,4153682,13726170
55299783,38-00,M73-82,AFT,SC4L500301-5,170379723-008,SC4L500301-5,173662855-008,3932578,E-5886426
190572870,33-21,B737-8,#21 LH,9651-35-0002,18206,9651-35-0002,58661,4001958,20131366
55248613,25-00,B737-8,AFT,8201-11-0000-01,19-05-0648,8201-11-0000-01,22-03-0152,4110803,PAV13640
41434928,36-00,B737-8,#1,107484-7,9375,107484-7,12632,3753527,351448760
55269209,26-00,B737-8,FWD,473597-5,39196,473597-5,65559,4058819,13317072
55165903,33-00,B737-8,5DEF,9651-35-0002,35015,9651-35-0002,52390,4157056,ARC172887
980006143,25-35,B737-8,CABIN,8201-11-0000-01,21-01-0235,8201-11-0000,04-01-19667,4069275,
190033129,25-00,B737-8,AFTGALLY,72184025,4443,72184025,4108,4142933,WAV1419
102743285,36-00,B737-8,#2,107484-7,10825,107484-7,9375,3785184,352078515
55612851,33-20,B737-8,18ABC,9651-35-0002,74422,9651-35-0002,18491,4179323,ARC174877
55035517,25-00,B737-8,FORWARD,72184025,N11070871044813,72184025,4058,4084509,WAV1238
55476052,33-21,M73-82,24DEF,9651-35-0002,71796,9651-35-0002,26690,3875341,ARC147613
190635611,33-21,B737-8,24 DEF,9651-35-0003,18440,9651-35-0003,19640,3829769,2413
55589903,33-00,B737-8,2 DEF,9651-35-0004,8663,9651-35-0004,12028,3795814,140322
41986957,33-21,B737-8,23ABC,9651-35-0002,30502,9651-35-0002,32504,3783168,20084419
55436897,38-11,M73-82,AFT LH,SC4L500301-5,173056426-003,SC4L500301-5,174737220-004,4070313,6088636
191362596,25-00,B737-8,AFT,72184025,N09030223044450,72184025,N11070873044815,4085192,KAV0326057
55509603,26-16,B737-8,AFT,473597-5,SJA6820,473597-5,27428A,3827757,R25021919021
55328014,33-21,M73-82,12DEF,9651-35-0004,6482,9651-35-0004,21992,3561229,20052833
41882885,38-10,M73-82,G1,62197-301-001,23-05-0234,62197-301-001,21-11-0223,3777046,1257787
55653070,26-00,B737-8,AFT,473597-5,SJA7066,473597-5,52915,3815960,
190135490,33-00,B737-8,RH,45-0351-4,4484,45-0351-4,3518,4072317,PAV13115
